case_id,scenario,seed,point_id,total_cost_usd,quantity_weighted_mean_delivery_time_h
D1,pilot_baseline,20260906,1,24842445.19812098,660.4667559181308
D1,pilot_baseline,20260906,2,24848650.87177561,660.0019607945736
D1,pilot_baseline,20260906,3,24883568.201326527,658.6343352527729
D1,pilot_baseline,20260906,4,24888497.304555107,653.2299622158317
D1,pilot_baseline,20260906,5,24952312.852573715,653.0169489543077
D1,pilot_baseline,20260906,6,24988661.712288722,651.8252915182069
D1,pilot_baseline,20260906,7,25015801.614312228,651.7410650440858
D1,pilot_baseline,20260906,8,25027305.75699999,648.6471827837831
D1,pilot_baseline,20260906,9,25048405.284625843,647.9674761935964
D1,pilot_baseline,20260906,10,25145924.420690563,647.4400488001354
D1,pilot_baseline,20260906,11,25150426.31195558,646.7272102563984
D1,pilot_baseline,20260906,12,25154848.34343224,646.6180078702163
D1,pilot_baseline,20260906,13,25188914.647872046,646.3377804512452
D1,pilot_baseline,20260906,14,25199644.344163164,645.1663163603041
D1,pilot_baseline,20260906,15,25225807.3685105,644.9990615099886
D1,pilot_baseline,20260906,16,25235562.131221257,644.0806653495912
D1,pilot_baseline,20260906,17,25265622.552143905,643.663892986668
D1,pilot_baseline,20260906,18,25328875.70402395,641.6593479719946
D1,pilot_baseline,20260906,19,25347784.00330648,641.6503052642785
D1,pilot_baseline,20260906,20,25382374.25321296,641.1780168299465
D1,pilot_baseline,20260906,21,25406501.118695565,641.1564961377708
D1,pilot_baseline,20260906,22,25413860.21512293,640.8729296946593
D1,pilot_baseline,20260906,23,25428318.67171302,639.5562269976799
D1,pilot_baseline,20260906,24,25466791.631174527,639.23369680844
D1,pilot_baseline,20260906,25,25496271.231104188,638.9750733223315
D1,pilot_baseline,20260906,26,25528977.60741526,637.2316774242043
D1,pilot_baseline,20260906,27,25585741.09869602,636.280724362476
D1,pilot_baseline,20260906,28,25682307.22827803,635.3666007365327
D1,pilot_baseline,20260906,29,25725192.068091244,634.1608453701832
D1,pilot_baseline,20260906,30,25818989.951902088,633.8079642605746
D1,pilot_baseline,20260906,31,25856661.762419228,633.510879734796
D1,pilot_baseline,20260906,32,25901222.197184246,632.582684116353
D1,pilot_baseline,20260906,33,25911130.396912266,632.5420664255878
D1,pilot_baseline,20260906,34,25975975.35893859,631.6242363557697
D1,pilot_baseline,20260906,35,25998172.60153971,631.2515582168876
D1,pilot_baseline,20260907,1,25515584.528721776,637.2205203095821
D1,pilot_baseline,20260907,2,25620902.531485274,635.5733909367095
D1,pilot_baseline,20260907,3,25623247.38542823,635.1519240875718
D1,pilot_baseline,20260907,4,25657061.830689576,634.0006210006823
D1,pilot_baseline,20260907,5,25706562.99155427,633.899031074905
D1,pilot_baseline,20260907,6,25714056.7532288,633.215569767905
D1,pilot_baseline,20260907,7,25749933.094815228,633.154105845488
D1,pilot_baseline,20260907,8,25770731.185936656,631.7839823708351
D1,pilot_baseline,20260907,9,25791075.857666016,631.7374406694797
D1,pilot_baseline,20260907,10,25808551.542048603,631.5903011304222
D1,pilot_baseline,20260907,11,25861031.111345444,631.5218828871377
D1,pilot_baseline,20260907,12,25865253.891941797,629.8700540283422
D1,pilot_baseline,20260907,13,25878216.912805896,629.7755001901951
D1,pilot_baseline,20260907,14,25910296.26820939,629.1493882830247
D1,pilot_baseline,20260907,15,25956831.96966935,628.7640578669642
D1,pilot_baseline,20260907,16,25968386.719464336,628.0829014497755
D1,pilot_baseline,20260907,17,26045315.289891113,627.9440771909673
D1,pilot_baseline,20260907,18,26077676.990641564,625.7509840262627
D1,pilot_baseline,20260907,19,26135342.25658021,625.3264300953057
D1,pilot_baseline,20260907,20,26170097.21344345,624.8175497032934
D1,pilot_baseline,20260907,21,26224929.613859504,624.384011503617
D1,pilot_baseline,20260907,22,26253169.346764177,623.2196006854163
D1,pilot_baseline,20260907,23,26383436.3174519,622.4211651481015
D1,pilot_baseline,20260907,24,26433508.648432508,621.8179393911123
D1,pilot_baseline,20260907,25,26496816.95811369,621.7517947671583
D1,pilot_baseline,20260907,26,26532732.01100971,621.7254501031407
D1,pilot_baseline,20260907,27,26558303.62036694,621.3333777254197
D1,pilot_baseline,20260907,28,26578512.6989591,621.112912229917
D1,pilot_baseline,20260907,29,26615105.99959738,620.8929751749603
D1,pilot_baseline,20260908,1,25569653.57766146,643.2490537541479
D1,pilot_baseline,20260908,2,25585600.162476636,642.6693062086963
D1,pilot_baseline,20260908,3,25590714.27888235,641.8297374504839
D1,pilot_baseline,20260908,4,25599234.620449055,641.1274200900903
D1,pilot_baseline,20260908,5,25664151.79630316,640.6178010864054
D1,pilot_baseline,20260908,6,25675346.828891296,639.4914318113738
D1,pilot_baseline,20260908,7,25700093.927073404,638.5788825481712
D1,pilot_baseline,20260908,8,25701362.297984626,638.5094480043022
D1,pilot_baseline,20260908,9,25715790.77828963,637.9845397205809
D1,pilot_baseline,20260908,10,25758214.409107592,637.7287885941262
D1,pilot_baseline,20260908,11,25806342.485517405,636.7115435234059
D1,pilot_baseline,20260908,12,25815241.134053946,636.7113405020044
D1,pilot_baseline,20260908,13,25824004.52562045,635.9725901452422
D1,pilot_baseline,20260908,14,25866704.958671384,635.3606375096465
D1,pilot_baseline,20260908,15,25866924.654443823,635.2928970797474
D1,pilot_baseline,20260908,16,25896193.51172176,634.7939321993465
D1,pilot_baseline,20260908,17,25927974.267856654,634.4700537560285
D1,pilot_baseline,20260908,18,25959247.415870894,632.124489188383
D1,pilot_baseline,20260908,19,26158042.43756334,630.8455056081859
D1,pilot_baseline,20260908,20,26297868.328916032,630.2243950326952
D1,pilot_baseline,20260908,21,26300243.748966,629.9853612920809
D1,pilot_baseline,20260908,22,26319453.82146737,629.9132421937734
D1,pilot_baseline,20260908,23,26337897.37820761,629.7112994179522
D1,pilot_baseline,20260908,24,26373147.501373306,629.3261007057918
D1,pilot_baseline,20260908,25,26487901.591862988,629.0580670168874
D1,pilot_baseline,20260909,1,25186500.8418719,648.7589091170166
D1,pilot_baseline,20260909,2,25295805.67524192,648.666203342206
D1,pilot_baseline,20260909,3,25332939.933975033,645.593111149567
D1,pilot_baseline,20260909,4,25351431.39267285,645.512151568296
D1,pilot_baseline,20260909,5,25444977.56000669,642.9897936939889
D1,pilot_baseline,20260909,6,25488035.879195068,641.7552418295371
D1,pilot_baseline,20260909,7,25628744.62548679,640.338302574162
D1,pilot_baseline,20260909,8,25726772.029235654,639.3758180594139
D1,pilot_baseline,20260909,9,25753240.881821677,638.2552034083086
D1,pilot_baseline,20260909,10,25806591.63403712,638.1298648587618
D1,pilot_baseline,20260909,11,25816288.117910914,637.459398566509
D1,pilot_baseline,20260909,12,25868169.478535615,636.3045775157976
D1,pilot_baseline,20260909,13,25880298.037390098,634.2379506333701
D1,pilot_baseline,20260909,14,26027449.19222768,633.8813330854091
D1,pilot_baseline,20260909,15,26062513.577219535,633.3742687731949
D1,pilot_baseline,20260909,16,26093314.62754559,632.4381684971136
D1,pilot_baseline,20260909,17,26109803.782246135,632.3757292903705
D1,pilot_baseline,20260909,18,26127833.087367702,632.3499690495411
D1,pilot_baseline,20260909,19,26166871.210726663,632.1632792467772
D1,pilot_baseline,20260909,20,26265034.51877553,631.7567943638668
D1,pilot_baseline,20260909,21,26295979.5753254,631.3154137070624
D1,pilot_baseline,20260909,22,26341335.38386176,631.0239602248188
D1,pilot_baseline,20260909,23,26356328.206610635,630.5950551057432
D1,pilot_baseline,20260910,1,25543194.307037503,636.1502187915288
D1,pilot_baseline,20260910,2,25553597.79702551,635.927436946215
D1,pilot_baseline,20260910,3,25594301.142557595,635.0943767766494
D1,pilot_baseline,20260910,4,25595603.752489034,634.240919292238
D1,pilot_baseline,20260910,5,25598324.328409843,634.1194362680767
D1,pilot_baseline,20260910,6,25642640.8365964,633.811750401531
D1,pilot_baseline,20260910,7,25646327.53211014,633.3991652461439
D1,pilot_baseline,20260910,8,25675199.67529814,633.1586648938659
D1,pilot_baseline,20260910,9,25678166.14762445,632.9859612908238
D1,pilot_baseline,20260910,10,25705122.2138276,632.7574207709341
D1,pilot_baseline,20260910,11,25710043.09525872,632.3504087610308
D1,pilot_baseline,20260910,12,25717788.63417224,631.8707999042517
D1,pilot_baseline,20260910,13,25719501.830180798,631.8336063253263
D1,pilot_baseline,20260910,14,25725544.99823288,631.411519419499
D1,pilot_baseline,20260910,15,25751508.477882527,631.0989283197708
D1,pilot_baseline,20260910,16,25768993.027129825,631.032942338149
D1,pilot_baseline,20260910,17,25806140.285817236,630.8919140112657
D1,pilot_baseline,20260910,18,25808318.345368013,630.6778599882159
D1,pilot_baseline,20260910,19,25834455.093100745,629.2733599892481
D1,pilot_baseline,20260910,20,25859368.590736073,628.9719720164038
D1,pilot_baseline,20260910,21,25900869.62881985,628.5775930246496
D1,pilot_baseline,20260910,22,25921599.591465797,628.4200679700799
D1,pilot_baseline,20260910,23,25928953.6534971,628.1352480697936
D1,pilot_baseline,20260910,24,25939186.943665594,627.8859066825698
D1,pilot_baseline,20260910,25,25943225.59049013,627.6887883535592
D1,pilot_baseline,20260910,26,25974529.57037899,627.3268927952392
D1,pilot_baseline,20260910,27,25996714.00648878,626.8158269891264
D1,pilot_baseline,20260910,28,26019800.670100495,626.7465547417428
D1,pilot_baseline,20260910,29,26041658.91395786,626.5563781795345
D1,pilot_baseline,20260910,30,26042153.22670304,626.1420040627064
D1,pilot_baseline,20260910,31,26061004.669380616,625.5516359389645
D1,pilot_baseline,20260910,32,26103114.054816194,625.5276258900418
D1,pilot_baseline,20260910,33,26118682.75787815,625.2616115718986
D1,pilot_baseline,20260910,34,26132006.14756985,624.9904691821175
D1,pilot_baseline,20260910,35,26160898.492347013,624.739398357382
D1,pilot_baseline,20260910,36,26187037.532719918,624.7090004472288
D1,pilot_baseline,20260910,37,26198951.237348758,624.5223369323317
D1,pilot_baseline,20260910,38,26212181.638554037,624.2282350635643
D1,pilot_baseline,20260910,39,26250688.339329865,623.8233025041261
D1,pilot_baseline,20260910,40,26258844.765750214,623.3423736769988
D1,pilot_baseline,20260910,41,26301766.80735034,623.0216401700635
D1,pilot_baseline,20260910,42,26304386.470322747,623.0096050964462
D1,pilot_baseline,20260910,43,26352152.514588222,622.1081927874935
D1,pilot_baseline,20260910,44,26376937.71531788,621.9535636825186
D1,pilot_baseline,20260910,45,26486097.13701124,621.4380841491148
D1,pilot_baseline,20260910,46,26627159.790792927,620.5607815634917
D1,pilot_baseline,20260911,1,25452940.511781923,638.9422297340157
D1,pilot_baseline,20260911,2,25521753.453229576,638.2814219906166
D1,pilot_baseline,20260911,3,25550932.09455942,637.8247952168063
D1,pilot_baseline,20260911,4,25583781.97178784,637.0302675463153
D1,pilot_baseline,20260911,5,25605716.17837789,636.9542960810268
D1,pilot_baseline,20260911,6,25616231.421673365,636.8742920218441
D1,pilot_baseline,20260911,7,25620358.679046754,636.0685278128616
D1,pilot_baseline,20260911,8,25648448.124826983,635.6815092324551
D1,pilot_baseline,20260911,9,25653123.60463834,635.5012637291155
D1,pilot_baseline,20260911,10,25658425.090352144,635.1157002602989
D1,pilot_baseline,20260911,11,25677204.374347933,635.0829135684136
D1,pilot_baseline,20260911,12,25682643.37723832,634.9153754807761
D1,pilot_baseline,20260911,13,25688616.650376193,634.6452151906564
D1,pilot_baseline,20260911,14,25703541.40021563,634.4208666147356
D1,pilot_baseline,20260911,15,25709667.123967614,633.9097143143409
D1,pilot_baseline,20260911,16,25732496.827466566,633.1104074992705
D1,pilot_baseline,20260911,17,25794232.431939688,632.3911969640288
D1,pilot_baseline,20260911,18,25801410.235765472,632.1328226291049
D1,pilot_baseline,20260911,19,25859638.97260895,632.0434742401817
D1,pilot_baseline,20260911,20,25877252.383324165,631.569528749631
D1,pilot_baseline,20260911,21,25882036.163126793,631.4062376480973
D1,pilot_baseline,20260911,22,25888875.929197337,631.352478299272
D1,pilot_baseline,20260911,23,25892344.822915625,630.921930672695
D1,pilot_baseline,20260911,24,25911530.091693122,630.8441388826525
D1,pilot_baseline,20260911,25,25926144.992315553,630.8190385438957
D1,pilot_baseline,20260911,26,25931354.973455988,630.8144959821427
D1,pilot_baseline,20260911,27,25932965.174951654,629.7254661182445
D1,pilot_baseline,20260911,28,25971450.162077703,629.605439429792
D1,pilot_baseline,20260911,29,25977524.118726984,628.7852652853054
D1,pilot_baseline,20260911,30,26021303.990828425,628.6795616370722
D1,pilot_baseline,20260911,31,26041967.564053077,628.0105068508527
D1,pilot_baseline,20260911,32,26046021.50326532,627.956716059946
D1,pilot_baseline,20260911,33,26085468.176780522,627.7955907371883
D1,pilot_baseline,20260911,34,26091121.09258288,627.172243064992
D1,pilot_baseline,20260911,35,26094510.06666396,626.8844005062749
D1,pilot_baseline,20260911,36,26219021.957933735,626.8089972612214
D1,pilot_baseline,20260911,37,26227528.66297718,626.0584977481992
D1,pilot_baseline,20260911,38,26321489.098261315,625.2348010408822
D1,pilot_baseline,20260911,39,26363755.057348873,624.965866943694
D1,pilot_baseline,20260911,40,26403862.73718207,624.8222293280704
D1,pilot_baseline,20260911,41,26685608.64502754,624.39263151076
D1,pilot_baseline,20260912,1,25232421.79304781,644.8722060697754
D1,pilot_baseline,20260912,2,25245563.86645435,640.9869864564172
D1,pilot_baseline,20260912,3,25296118.36958161,638.6596958843554
D1,pilot_baseline,20260912,4,25353868.040414687,638.2170411906886
D1,pilot_baseline,20260912,5,25373170.16865519,637.603351320569
D1,pilot_baseline,20260912,6,25412396.694947865,637.3121527390931
D1,pilot_baseline,20260912,7,25423521.02363151,637.2648125806578
D1,pilot_baseline,20260912,8,25456374.23878965,636.9003595121578
D1,pilot_baseline,20260912,9,25461760.841661215,636.8820774962544
D1,pilot_baseline,20260912,10,25468005.484867007,636.5931779135104
D1,pilot_baseline,20260912,11,25477489.42523127,636.0770864938119
D1,pilot_baseline,20260912,12,25497276.206754316,635.6778320291311
D1,pilot_baseline,20260912,13,25508184.76637093,635.6563762272409
D1,pilot_baseline,20260912,14,25511794.069225244,635.385771678844
D1,pilot_baseline,20260912,15,25512405.61914239,635.1958254120451
D1,pilot_baseline,20260912,16,25520009.66088834,635.0912322279218
D1,pilot_baseline,20260912,17,25530175.039977346,634.3162187577074
D1,pilot_baseline,20260912,18,25534679.101430047,634.2467667372729
D1,pilot_baseline,20260912,19,25587673.487320356,634.1905147805985
D1,pilot_baseline,20260912,20,25589599.156443063,633.6585786905
D1,pilot_baseline,20260912,21,25606115.69696911,633.477243524744
D1,pilot_baseline,20260912,22,25608682.029926307,633.3881903918789
D1,pilot_baseline,20260912,23,25632437.050621632,633.1062400407546
D1,pilot_baseline,20260912,24,25637883.522405136,632.4363962140179
D1,pilot_baseline,20260912,25,25677210.57674277,632.3940335074105
D1,pilot_baseline,20260912,26,25690957.30946771,631.1828970683052
D1,pilot_baseline,20260912,27,25702106.96553333,631.1226613497582
D1,pilot_baseline,20260912,28,25730764.36837456,630.9079053726175
D1,pilot_baseline,20260912,29,25742052.779472794,630.2527356495924
D1,pilot_baseline,20260912,30,25781620.233055748,630.1124616298766
D1,pilot_baseline,20260912,31,25812509.71700343,629.3405611577682
D1,pilot_baseline,20260912,32,25814149.475949068,629.3334545117166
D1,pilot_baseline,20260912,33,25870622.926614717,628.9388904683203
D1,pilot_baseline,20260912,34,25878452.421356156,628.8285340779732
D1,pilot_baseline,20260912,35,25887881.881216742,627.5799754051783
D1,pilot_baseline,20260912,36,26071141.217871428,626.7443542432873
D1,pilot_baseline,20260913,1,25677113.651315615,641.8739652243304
D1,pilot_baseline,20260913,2,25741948.735790946,639.6417416504653
D1,pilot_baseline,20260913,3,25815535.42347362,637.2409730020661
D1,pilot_baseline,20260913,4,25832874.26834858,636.8302006110644
D1,pilot_baseline,20260913,5,25918380.02907975,635.9713385016503
D1,pilot_baseline,20260913,6,25943980.94111524,635.2132156711289
D1,pilot_baseline,20260913,7,25945355.188194927,634.7239446167398
D1,pilot_baseline,20260913,8,26016764.499461357,633.7633232747618
D1,pilot_baseline,20260913,9,26082035.107870404,633.7457583201142
D1,pilot_baseline,20260913,10,26143375.879960954,633.7041293035408
D1,pilot_baseline,20260913,11,26148996.749371164,631.2225314780912
D1,pilot_baseline,20260913,12,26149343.239089154,631.2209396591026
D1,pilot_baseline,20260913,13,26187891.2863478,630.5949272910727
D1,pilot_baseline,20260913,14,26334894.632491756,630.2245088884248
D1,pilot_baseline,20260913,15,26389964.99082485,628.5960554010862
D1,pilot_baseline,20260914,1,25641665.444374107,639.3164058208616
D1,pilot_baseline,20260914,2,25724761.045536876,637.9155216672841
D1,pilot_baseline,20260914,3,25731952.53023847,635.4375863076849
D1,pilot_baseline,20260914,4,25791218.577747047,635.3887287238376
D1,pilot_baseline,20260914,5,25841394.901847813,634.8240904626854
D1,pilot_baseline,20260914,6,25856230.28756758,634.3563113059744
D1,pilot_baseline,20260914,7,25858925.036822375,633.5194718357737
D1,pilot_baseline,20260914,8,25872479.74753276,632.7826195322596
D1,pilot_baseline,20260914,9,25931820.645270005,632.6559848506517
D1,pilot_baseline,20260914,10,25955538.66035601,632.4588608684553
D1,pilot_baseline,20260914,11,25960742.378286704,631.8037790154199
D1,pilot_baseline,20260914,12,25992541.35987777,630.6866821870829
D1,pilot_baseline,20260914,13,26022956.444789205,629.3579646600288
D1,pilot_baseline,20260914,14,26042800.931291144,629.2667964989087
D1,pilot_baseline,20260914,15,26047003.349094756,628.9615403381049
D1,pilot_baseline,20260914,16,26066711.142920315,628.4835682682882
D1,pilot_baseline,20260914,17,26139206.712648883,628.4105607292986
D1,pilot_baseline,20260914,18,26144355.57658307,628.0369904582989
D1,pilot_baseline,20260914,19,26181421.18317733,626.696364271017
D1,pilot_baseline,20260914,20,26208390.971822597,626.0530068618955
D1,pilot_baseline,20260914,21,26251656.720121853,624.604337114224
D1,pilot_baseline,20260914,22,26359008.466065962,623.2766008450466
D1,pilot_baseline,20260914,23,26400033.251309406,623.0759643335538
D1,pilot_baseline,20260914,24,26479701.57275516,622.4755309273198
D1,pilot_baseline,20260914,25,26565207.834589176,620.4554428150458
D1,pilot_baseline,20260915,1,25546508.438125897,641.6682396177019
D1,pilot_baseline,20260915,2,25548174.027015716,639.4843874360017
D1,pilot_baseline,20260915,3,25583265.246239167,638.378189647724
D1,pilot_baseline,20260915,4,25591905.002230182,637.2498503592373
D1,pilot_baseline,20260915,5,25638643.021946546,635.7426071527607
D1,pilot_baseline,20260915,6,25691237.16619974,634.8948853507796
D1,pilot_baseline,20260915,7,25725866.38477326,633.5294423879636
D1,pilot_baseline,20260915,8,25767533.542703822,631.8335527230702
D1,pilot_baseline,20260915,9,25911037.8127414,630.3340094163707
D1,pilot_baseline,20260915,10,25939090.578551874,629.9401797330644
D1,pilot_baseline,20260915,11,25970411.015060477,629.3971479546166
D1,pilot_baseline,20260915,12,25990461.501505096,628.6671949535269
D1,pilot_baseline,20260915,13,26017163.24744846,627.7422077028143
D1,pilot_baseline,20260915,14,26037861.649797305,627.0251849911382
D1,pilot_baseline,20260915,15,26140801.864670314,624.3270286459999
D1,pilot_baseline,20260915,16,26233293.24761584,624.2908541248804
D1,pilot_baseline,20260915,17,26248158.17034864,623.3646103950789
D1,pilot_baseline,20260915,18,26275898.518873133,622.3822629291874
D1,pilot_baseline,20260915,19,26330726.298515372,621.8672247275412
D1,pilot_baseline,20260915,20,26392117.21652725,621.5701665620029
D1,pilot_baseline,20260915,21,26415846.09966147,620.5479820542768
D1,pilot_baseline,20260915,22,26444285.805538926,620.2367866632407
D1,pilot_baseline,20260915,23,26449549.724924035,620.0092005356732
D1,pilot_baseline,20260915,24,26469059.059917103,619.6854423631269
D1,pilot_baseline,20260915,25,26478502.06672025,619.3641697795872
D1,pilot_baseline,20260915,26,26530623.826993868,619.3612708983297
D1,pilot_baseline,20260915,27,26544322.097125288,618.1737686731917
D1,pilot_baseline,20260915,28,26571173.55595367,617.897496926095
D1,pilot_baseline,20260915,29,26591906.179263618,617.5779448683761
D1,pilot_baseline,20260915,30,26653399.489870492,617.1121999235975
D1,pilot_baseline,20260915,31,26720476.696201835,616.6216548441273
D1,pilot_baseline,20260915,32,26772109.384655178,615.6406286172274
D1,pilot_baseline,20260916,1,25224257.32314798,643.9620247169289
D1,pilot_baseline,20260916,2,25259436.414711647,643.262574300841
D1,pilot_baseline,20260916,3,25262083.169189945,643.179273356162
D1,pilot_baseline,20260916,4,25283076.642090704,641.4862975415458
D1,pilot_baseline,20260916,5,25329938.796260674,640.7272631890303
D1,pilot_baseline,20260916,6,25404739.803603634,639.0615320644649
D1,pilot_baseline,20260916,7,25424360.160568565,638.7335791625172
D1,pilot_baseline,20260916,8,25470562.262803257,637.4521925850048
D1,pilot_baseline,20260916,9,25517624.743841536,637.2825477621068
D1,pilot_baseline,20260916,10,25522344.608799003,637.2649529959575
D1,pilot_baseline,20260916,11,25540302.797305122,636.2646187223376
D1,pilot_baseline,20260916,12,25571807.6013829,635.4107870308264
D1,pilot_baseline,20260916,13,25650113.52104336,633.8518833017393
D1,pilot_baseline,20260916,14,25663468.798091285,633.5185135999088
D1,pilot_baseline,20260916,15,25717183.312521294,633.1430247375855
D1,pilot_baseline,20260916,16,25718006.070057243,633.0375307892954
D1,pilot_baseline,20260916,17,25736936.43931471,632.6490733036276
D1,pilot_baseline,20260916,18,25765592.69604083,632.3343877563547
D1,pilot_baseline,20260916,19,25797096.581005905,631.8732107575103
D1,pilot_baseline,20260916,20,25811510.361707777,631.6745597730478
D1,pilot_baseline,20260916,21,25816374.419025227,630.7826301288442
D1,pilot_baseline,20260916,22,25905746.518740088,629.69900671479
D1,pilot_baseline,20260916,23,25924608.542887248,629.3197978621702
D1,pilot_baseline,20260916,24,25947417.79725011,629.2365391623985
D1,pilot_baseline,20260916,25,25996731.05548243,628.7209051914167
D1,pilot_baseline,20260916,26,26009368.47166175,627.5916912464411
D1,pilot_baseline,20260916,27,26110363.473348066,627.539911267944
D1,pilot_baseline,20260916,28,26135690.81098775,626.3434869371217
D1,pilot_baseline,20260916,29,26243222.46508418,625.6292437624636
D1,pilot_baseline,20260916,30,26336794.199422516,625.1349055846833
D1,pilot_baseline,20260917,1,25323906.030142374,647.6589865097285
D1,pilot_baseline,20260917,2,25375487.61541241,645.0838417311365
D1,pilot_baseline,20260917,3,25391473.664917167,643.3906671028036
D1,pilot_baseline,20260917,4,25404769.51977209,640.2249648172635
D1,pilot_baseline,20260917,5,25498640.030231208,640.0595849633328
D1,pilot_baseline,20260917,6,25516554.212096434,639.5410471987911
D1,pilot_baseline,20260917,7,25528186.753814027,638.8111544409797
D1,pilot_baseline,20260917,8,25542402.17899768,637.9651231772291
D1,pilot_baseline,20260917,9,25565563.709388882,637.4607628596923
D1,pilot_baseline,20260917,10,25597149.207072448,636.8364055246668
D1,pilot_baseline,20260917,11,25627381.82794508,636.0637542789007
D1,pilot_baseline,20260917,12,25663088.35708208,635.0466584065722
D1,pilot_baseline,20260917,13,25702296.356706318,634.8384811132414
D1,pilot_baseline,20260917,14,25714567.739497192,634.5672735505808
D1,pilot_baseline,20260917,15,25747522.014574062,634.4080424998729
D1,pilot_baseline,20260917,16,25771054.18199981,633.8233358203951
D1,pilot_baseline,20260917,17,25792427.518270683,633.3889759211851
D1,pilot_baseline,20260917,18,25801708.401400544,632.7519602096695
D1,pilot_baseline,20260917,19,25847626.903512876,632.595956505499
D1,pilot_baseline,20260917,20,25855665.263499256,631.2812110387557
D1,pilot_baseline,20260917,21,25897891.834741842,630.9002258573302
D1,pilot_baseline,20260917,22,25922747.97662566,630.4440181114427
D1,pilot_baseline,20260917,23,25959410.083832674,629.8362895683293
D1,pilot_baseline,20260917,24,26030425.935684327,628.6051507021965
D1,pilot_baseline,20260917,25,26079962.95358165,627.7587399617862
D1,pilot_baseline,20260917,26,26101308.66713637,627.6092645276401
D1,pilot_baseline,20260917,27,26110489.947020583,627.5597368300334
D1,pilot_baseline,20260917,28,26127025.00164085,626.9876315451799
D1,pilot_baseline,20260917,29,26246091.688902173,626.8386358562379
D1,pilot_baseline,20260917,30,26246575.41334154,624.7825049819822
D1,pilot_baseline,20260917,31,26269494.778895844,624.6304701063306
D1,pilot_baseline,20260917,32,26327717.399040814,623.1969666843478
D1,pilot_baseline,20260918,1,25439066.657839645,639.3375230372843
D1,pilot_baseline,20260918,2,25558934.30386637,638.5325325063026
D1,pilot_baseline,20260918,3,25594461.872836437,638.4979894290741
D1,pilot_baseline,20260918,4,25596497.341210578,638.4505540929713
D1,pilot_baseline,20260918,5,25613136.29110713,637.8237628906111
D1,pilot_baseline,20260918,6,25630325.812718693,637.3202236641132
D1,pilot_baseline,20260918,7,25650828.82046929,636.9066960741326
D1,pilot_baseline,20260918,8,25661582.70294674,636.3470151814324
D1,pilot_baseline,20260918,9,25667301.76259176,636.2655343544279
D1,pilot_baseline,20260918,10,25704283.983893923,635.8264195749649
D1,pilot_baseline,20260918,11,25744335.641109567,635.1069250972351
D1,pilot_baseline,20260918,12,25745140.047972485,633.4647765648988
D1,pilot_baseline,20260918,13,25771784.28088523,632.8437338498122
D1,pilot_baseline,20260918,14,25822068.03717313,632.512214415559
D1,pilot_baseline,20260918,15,25828637.26260522,631.911596594025
D1,pilot_baseline,20260918,16,25877573.539101206,630.4965625781168
D1,pilot_baseline,20260918,17,25924092.658719577,630.2150672080566
D1,pilot_baseline,20260918,18,25930539.174440317,629.9956976248351
D1,pilot_baseline,20260918,19,25955085.99376309,629.6935988784751
D1,pilot_baseline,20260918,20,25972443.247597925,629.0102841021884
D1,pilot_baseline,20260918,21,25979886.97572184,628.8298682597244
D1,pilot_baseline,20260918,22,25994488.173771095,628.6584582279866
D1,pilot_baseline,20260918,23,25999534.819486976,628.5935995301936
D1,pilot_baseline,20260918,24,26007851.464247253,628.5442031147404
D1,pilot_baseline,20260918,25,26040595.13521354,627.2256214737456
D1,pilot_baseline,20260918,26,26041799.34337699,626.9725586875247
D1,pilot_baseline,20260918,27,26076849.52134899,626.7197493737148
D1,pilot_baseline,20260918,28,26084420.891115505,626.5842386250191
D1,pilot_baseline,20260918,29,26103129.739972156,626.2342686064846
D1,pilot_baseline,20260918,30,26107609.59230003,626.1987733814216
D1,pilot_baseline,20260918,31,26110012.508305017,625.9429041982536
D1,pilot_baseline,20260918,32,26152026.33572184,625.6740433438995
D1,pilot_baseline,20260918,33,26152972.19443838,625.5234589117487
D1,pilot_baseline,20260918,34,26158028.77951523,625.0870866227893
D1,pilot_baseline,20260918,35,26193355.18357342,624.957173423683
D1,pilot_baseline,20260918,36,26228304.611324165,623.8556147986967
D1,pilot_baseline,20260918,37,26232525.467941087,623.8035699753569
D1,pilot_baseline,20260918,38,26247778.033877306,623.2193982297009
D1,pilot_baseline,20260918,39,26268673.190851644,622.8767365769627
D1,pilot_baseline,20260918,40,26329105.7553544,622.4414703722043
D1,pilot_baseline,20260918,41,26331248.578893136,622.1003244271112
D1,pilot_baseline,20260918,42,26563045.84895343,620.2759784168749
D1,pilot_baseline,20260919,1,25535165.286814276,639.0252421048277
D1,pilot_baseline,20260919,2,25546960.59438624,635.3437262823032
D1,pilot_baseline,20260919,3,25650402.99238624,633.8808350561414
D1,pilot_baseline,20260919,4,25664818.41504202,633.5147057557721
D1,pilot_baseline,20260919,5,25692118.8197834,631.4931516567245
D1,pilot_baseline,20260919,6,25720094.793925118,631.2203110411389
D1,pilot_baseline,20260919,7,25768595.227908093,630.9886691460429
D1,pilot_baseline,20260919,8,25787608.990992732,630.6391894535649
D1,pilot_baseline,20260919,9,25802339.734882653,630.2314664657414
D1,pilot_baseline,20260919,10,25803203.91030607,629.3660663701088
D1,pilot_baseline,20260919,11,25846232.231168162,629.0724324911059
D1,pilot_baseline,20260919,12,25857258.972807407,628.9213561793625
D1,pilot_baseline,20260919,13,25862706.932600424,628.9000338295732
D1,pilot_baseline,20260919,14,25869293.52808094,628.753567408335
D1,pilot_baseline,20260919,15,25886865.302254815,628.4312324491389
D1,pilot_baseline,20260919,16,25897557.139185477,628.3422799180878
D1,pilot_baseline,20260919,17,25903782.44236409,627.6840220810772
D1,pilot_baseline,20260919,18,25931529.082742684,627.5862004893377
D1,pilot_baseline,20260919,19,25947772.611799456,627.1956124114544
D1,pilot_baseline,20260919,20,25960495.03648061,627.1248792493246
D1,pilot_baseline,20260919,21,25960787.670548104,626.3455665972414
D1,pilot_baseline,20260919,22,25983177.346789252,626.3118013667607
D1,pilot_baseline,20260919,23,25997748.121965338,626.1687929646013
D1,pilot_baseline,20260919,24,25997923.600412298,626.0923877941717
D1,pilot_baseline,20260919,25,26012100.002830815,625.5983008306623
D1,pilot_baseline,20260919,26,26035957.91802891,625.3908509426325
D1,pilot_baseline,20260919,27,26047000.380012766,624.6409284071755
D1,pilot_baseline,20260919,28,26078454.04174026,624.6269236616813
D1,pilot_baseline,20260919,29,26088108.51695721,624.3071479515643
D1,pilot_baseline,20260919,30,26106149.48305315,624.1270090013602
D1,pilot_baseline,20260919,31,26141080.43551318,623.4929835591001
D1,pilot_baseline,20260919,32,26166187.815320842,622.7309224621099
D1,pilot_baseline,20260919,33,26181550.811070465,622.6004955759352
D1,pilot_baseline,20260919,34,26207714.111823913,622.1477503571793
D1,pilot_baseline,20260919,35,26230472.702329084,622.1421780482056
D1,pilot_baseline,20260919,36,26233073.149938818,621.8821146802418
D1,pilot_baseline,20260919,37,26286310.200127587,620.976794992271
D1,pilot_baseline,20260919,38,26309731.3301426,620.748467188563
D1,pilot_baseline,20260920,1,25320529.721365545,645.8130853199035
D1,pilot_baseline,20260920,2,25332519.41646077,644.9103283596188
D1,pilot_baseline,20260920,3,25352298.748791788,643.833496650026
D1,pilot_baseline,20260920,4,25412199.497721646,643.1880128443081
D1,pilot_baseline,20260920,5,25423608.098721597,641.6821138507967
D1,pilot_baseline,20260920,6,25445641.911983274,641.6302334484351
D1,pilot_baseline,20260920,7,25489041.783847872,641.4405167634861
D1,pilot_baseline,20260920,8,25514469.45828815,640.2310309596539
D1,pilot_baseline,20260920,9,25575607.25538219,636.291047996839
D1,pilot_baseline,20260920,10,25692357.69887235,635.0842473539492
D1,pilot_baseline,20260920,11,25780151.97525545,633.490879811863
D1,pilot_baseline,20260920,12,25806821.992924023,632.6645387852752
D1,pilot_baseline,20260920,13,25826099.320965346,632.427271601745
D1,pilot_baseline,20260920,14,25900750.792613868,632.4091046830546
D1,pilot_baseline,20260920,15,25929640.93410472,631.6311555096523
D1,pilot_baseline,20260920,16,25953421.447442275,631.5063439246078
D1,pilot_baseline,20260920,17,25957317.388629436,631.5040062651963
D1,pilot_baseline,20260920,18,25976291.169071414,630.4517895858581
D1,pilot_baseline,20260920,19,25988333.921152208,629.7247298762834
D1,pilot_baseline,20260920,20,26018999.156321924,629.1639335927192
D1,pilot_baseline,20260920,21,26060801.342539195,629.1390873390781
D1,pilot_baseline,20260920,22,26076491.44376612,628.8765171179325
D1,pilot_baseline,20260920,23,26094120.379449725,628.680821532335
D1,pilot_baseline,20260920,24,26147011.496369623,627.0311459777286
D1,pilot_baseline,20260920,25,26197294.065205578,627.0306930912741
D1,pilot_baseline,20260920,26,26226308.309078697,625.8715992701982
D1,pilot_baseline,20260920,27,26245128.654627725,625.4211348938
D1,pilot_baseline,20260920,28,26274734.536546204,625.3666378941573
D1,pilot_baseline,20260920,29,26311435.96192102,624.8572711702907
D1,pilot_baseline,20260920,30,26348491.81221562,623.3904813000314
D1,pilot_baseline,20260920,31,26363788.028747834,622.9831909866182
D1,pilot_baseline,20260920,32,26537995.489915565,622.3257658006755
D1,pilot_baseline,20260920,33,26548840.032395475,622.0569124172507
D1,pilot_baseline,20260920,34,26689559.690831885,620.4134857169181
D1,pilot_baseline,20260921,1,25593553.10810194,638.0505081964764
D1,pilot_baseline,20260921,2,25608253.86374567,636.7484177325744
D1,pilot_baseline,20260921,3,25628794.235229712,635.7745595911415
D1,pilot_baseline,20260921,4,25655815.778350126,634.8993021575341
D1,pilot_baseline,20260921,5,25666944.452787966,634.1095741866246
D1,pilot_baseline,20260921,6,25736312.01297158,633.7659902868346
D1,pilot_baseline,20260921,7,25739434.994592916,632.1827323206975
D1,pilot_baseline,20260921,8,25804923.526994612,631.2895189076404
D1,pilot_baseline,20260921,9,25813203.827997237,630.6436385568015
D1,pilot_baseline,20260921,10,25830181.644958813,630.524349971757
D1,pilot_baseline,20260921,11,25849550.61586979,630.2357676360147
D1,pilot_baseline,20260921,12,25861003.178373147,630.0089839635175
D1,pilot_baseline,20260921,13,25875569.362512104,629.8846809153739
D1,pilot_baseline,20260921,14,25897464.667531107,629.3945700279712
D1,pilot_baseline,20260921,15,25906021.2425329,628.9131871605873
D1,pilot_baseline,20260921,16,25933972.291087884,628.5888519244577
D1,pilot_baseline,20260921,17,25941050.575634014,628.5868087949868
D1,pilot_baseline,20260921,18,25956713.596557315,628.3993163773151
D1,pilot_baseline,20260921,19,25980913.383698553,628.1911941904326
D1,pilot_baseline,20260921,20,25995095.619312186,628.1765193378457
D1,pilot_baseline,20260921,21,26009338.731947154,627.3788120201377
D1,pilot_baseline,20260921,22,26025924.225117084,626.5123835681596
D1,pilot_baseline,20260921,23,26044717.361427817,625.5199432816236
D1,pilot_baseline,20260921,24,26133603.879982315,624.6869084553487
D1,pilot_baseline,20260921,25,26164826.763605215,624.6103503495652
D1,pilot_baseline,20260921,26,26204518.59734997,623.7987060838724
D1,pilot_baseline,20260921,27,26258167.194258075,623.3058198912405
D1,pilot_baseline,20260921,28,26293162.159019753,622.5504277446438
D1,pilot_baseline,20260921,29,26331465.630615726,621.7266284343323
D1,pilot_baseline,20260921,30,26494158.176261406,621.2529400389718
D1,pilot_baseline,20260922,1,25234968.73262493,646.3661740568311
D1,pilot_baseline,20260922,2,25261301.582684394,644.4500570632828
D1,pilot_baseline,20260922,3,25271558.0072847,644.43196121641
D1,pilot_baseline,20260922,4,25288130.753308605,643.8578211937521
D1,pilot_baseline,20260922,5,25325907.264441237,642.9316730449799
D1,pilot_baseline,20260922,6,25361306.253043223,641.5725605967763
D1,pilot_baseline,20260922,7,25372255.74201613,641.5387006620809
D1,pilot_baseline,20260922,8,25372845.81259229,641.2002728805272
D1,pilot_baseline,20260922,9,25399918.821736563,640.9609736899863
D1,pilot_baseline,20260922,10,25414462.350720644,640.4134645846144
D1,pilot_baseline,20260922,11,25434978.38237117,640.4055404332452
D1,pilot_baseline,20260922,12,25446087.66366829,639.8281161736116
D1,pilot_baseline,20260922,13,25475905.103421595,639.5201555423287
D1,pilot_baseline,20260922,14,25478585.273914915,639.1004382000049
D1,pilot_baseline,20260922,15,25481531.804213863,639.0690560616704
D1,pilot_baseline,20260922,16,25519644.105008274,638.6416288992422
D1,pilot_baseline,20260922,17,25526637.31727602,638.4392355990365
D1,pilot_baseline,20260922,18,25544873.55917215,638.4070375748461
D1,pilot_baseline,20260922,19,25547779.639786232,638.1059255239098
D1,pilot_baseline,20260922,20,25574456.68314259,638.0623928877088
D1,pilot_baseline,20260922,21,25599455.982145075,636.2994755233669
D1,pilot_baseline,20260922,22,25654769.91902031,636.089988525972
D1,pilot_baseline,20260922,23,25689612.605071347,635.9929799291992
D1,pilot_baseline,20260922,24,25689671.58035521,635.9209864338617
D1,pilot_baseline,20260922,25,25689844.059368063,635.5096030450328
D1,pilot_baseline,20260922,26,25699626.73537154,635.065138317055
D1,pilot_baseline,20260922,27,25707735.800777867,634.5026871604183
D1,pilot_baseline,20260922,28,25750524.982042313,633.321772225644
D1,pilot_baseline,20260922,29,25805505.32891177,632.5973409201738
D1,pilot_baseline,20260922,30,25859650.87345287,632.2962030184791
D1,pilot_baseline,20260922,31,25877269.61606455,632.2210659844135
D1,pilot_baseline,20260922,32,25901553.037306122,631.2246748509215
D1,pilot_baseline,20260922,33,25931141.660602458,630.845631793723
D1,pilot_baseline,20260922,34,25935233.45337409,630.8250630943546
D1,pilot_baseline,20260922,35,25959995.180544812,629.8998549025188
D1,pilot_baseline,20260922,36,25991772.160231166,629.5038370542268
D1,pilot_baseline,20260922,37,26049983.838110983,629.3449586888821
D1,pilot_baseline,20260922,38,26056233.71415843,628.9827245046368
D1,pilot_baseline,20260922,39,26077144.59469715,628.2787860268077
D1,pilot_baseline,20260922,40,26145262.28143644,627.481665638027
D1,pilot_baseline,20260922,41,26287791.88504662,626.4514838209875
D1,pilot_baseline,20260922,42,26388456.584783763,625.1420091598114
D1,pilot_baseline,20260923,1,25183901.81765151,644.1530559632971
D1,pilot_baseline,20260923,2,25195300.396754384,644.1155008779716
D1,pilot_baseline,20260923,3,25247070.940768193,643.639920359932
D1,pilot_baseline,20260923,4,25247663.655500207,643.0382410463534
D1,pilot_baseline,20260923,5,25257251.47692852,642.9033025053299
D1,pilot_baseline,20260923,6,25270126.254086334,642.1747869184802
D1,pilot_baseline,20260923,7,25272264.993002344,641.7452312468929
D1,pilot_baseline,20260923,8,25277326.945285127,641.7284499374732
D1,pilot_baseline,20260923,9,25311754.94752618,641.5863436240427
D1,pilot_baseline,20260923,10,25313615.41520862,641.4088422638623
D1,pilot_baseline,20260923,11,25319476.461015645,641.1051390451919
D1,pilot_baseline,20260923,12,25338491.64143267,640.4831173217914
D1,pilot_baseline,20260923,13,25366989.55077805,640.4649999323547
D1,pilot_baseline,20260923,14,25371248.326776683,640.3076483193449
D1,pilot_baseline,20260923,15,25394178.891545177,639.8844047045123
D1,pilot_baseline,20260923,16,25399658.85810671,639.8058393081258
D1,pilot_baseline,20260923,17,25425886.441648453,639.4157591319025
D1,pilot_baseline,20260923,18,25441037.2788487,638.7448377666641
D1,pilot_baseline,20260923,19,25448803.743347812,638.6995722912586
D1,pilot_baseline,20260923,20,25459145.798376635,638.6502269276473
D1,pilot_baseline,20260923,21,25470212.05162327,638.1139823059827
D1,pilot_baseline,20260923,22,25479129.73513795,637.2596558564484
D1,pilot_baseline,20260923,23,25499179.74770753,637.2594746574058
D1,pilot_baseline,20260923,24,25524103.32804938,636.8878704415046
D1,pilot_baseline,20260923,25,25535844.373741806,636.4673320647407
D1,pilot_baseline,20260923,26,25553742.421773266,636.3032915742285
D1,pilot_baseline,20260923,27,25562167.98731805,635.2176798272276
D1,pilot_baseline,20260923,28,25649033.299818426,634.637021845826
D1,pilot_baseline,20260923,29,25690785.76470841,634.451161061759
D1,pilot_baseline,20260923,30,25696342.688447468,634.2740036360308
D1,pilot_baseline,20260923,31,25701005.000392918,633.3388967913046
D1,pilot_baseline,20260923,32,25726748.207111396,633.0866912656778
D1,pilot_baseline,20260923,33,25744577.58454062,633.0636842159666
D1,pilot_baseline,20260923,34,25756433.7863972,633.0149140999097
D1,pilot_baseline,20260923,35,25804775.60843015,632.773194535449
D1,pilot_baseline,20260923,36,25808830.71779076,632.1662053839483
D1,pilot_baseline,20260923,37,25822143.727572806,631.4532431111815
D1,pilot_baseline,20260923,38,25853919.86830888,630.4054938741673
D1,pilot_baseline,20260923,39,26038047.67176661,629.1674619902507
D1,pilot_baseline,20260923,40,26100336.483825278,627.507329158215
D1,pilot_baseline,20260924,1,25394621.600913357,643.3684031560016
D1,pilot_baseline,20260924,2,25402504.593428686,642.3430440283615
D1,pilot_baseline,20260924,3,25477160.74681939,641.2396351517569
D1,pilot_baseline,20260924,4,25519860.842778966,638.7014453758611
D1,pilot_baseline,20260924,5,25570305.213174373,637.38838809404
D1,pilot_baseline,20260924,6,25578002.982373152,637.012345923545
D1,pilot_baseline,20260924,7,25621400.735943433,635.9872563248358
D1,pilot_baseline,20260924,8,25628311.57278793,635.9699909154806
D1,pilot_baseline,20260924,9,25649345.49532244,635.4824238773416
D1,pilot_baseline,20260924,10,25651359.412305374,634.4137233504348
D1,pilot_baseline,20260924,11,25667216.377880264,633.23236239796
D1,pilot_baseline,20260924,12,25787480.480191648,633.0424533973567
D1,pilot_baseline,20260924,13,25789759.229910176,632.9952041944279
D1,pilot_baseline,20260924,14,25798058.8077736,632.4111945371626
D1,pilot_baseline,20260924,15,25819146.07020503,632.2818186384354
D1,pilot_baseline,20260924,16,25851027.30308785,631.923740976876
D1,pilot_baseline,20260924,17,25856955.127591662,631.5050906828717
D1,pilot_baseline,20260924,18,25866816.45957945,631.2325261514387
D1,pilot_baseline,20260924,19,25880095.68104978,629.9396656359679
D1,pilot_baseline,20260924,20,25935726.31772592,629.4264668666765
D1,pilot_baseline,20260924,21,25937837.502456956,629.2646538842492
D1,pilot_baseline,20260924,22,25949437.21079511,628.8939724740341
D1,pilot_baseline,20260924,23,25960397.976188622,628.4344310075724
D1,pilot_baseline,20260924,24,26022561.642365273,627.5930846739038
D1,pilot_baseline,20260924,25,26055592.542292733,627.3863733394069
D1,pilot_baseline,20260924,26,26068156.539118186,627.3025330665939
D1,pilot_baseline,20260924,27,26081106.899012733,625.891488411863
D1,pilot_baseline,20260924,28,26170637.58194855,625.6568461625299
D1,pilot_baseline,20260924,29,26196762.395157773,624.9657742464981
D1,pilot_baseline,20260924,30,26223546.20094115,624.669063521113
D1,pilot_baseline,20260924,31,26301989.451168556,624.1858127790252
D1,pilot_baseline,20260924,32,26425114.487613235,622.6056029608883
D1,pilot_baseline,20260924,33,26438568.814116746,622.4143702737733
D1,pilot_baseline,20260925,1,25475960.521740958,636.8898286244781
D1,pilot_baseline,20260925,2,25509846.903514605,636.0346836885634
D1,pilot_baseline,20260925,3,25656594.5173773,634.916180038541
D1,pilot_baseline,20260925,4,25663112.98227913,634.5386977891881
D1,pilot_baseline,20260925,5,25689670.673209067,633.3042187539322
D1,pilot_baseline,20260925,6,25752228.694571134,633.1753809039622
D1,pilot_baseline,20260925,7,25787468.345811248,631.1092875184271
D1,pilot_baseline,20260925,8,25845139.259729378,631.0809644336053
D1,pilot_baseline,20260925,9,25848205.049712684,631.079328440737
D1,pilot_baseline,20260925,10,25852911.269922465,629.8664686607788
D1,pilot_baseline,20260925,11,25876779.566169858,629.4752171481899
D1,pilot_baseline,20260925,12,25931064.0386568,628.0637893153105
D1,pilot_baseline,20260925,13,25975475.912166137,627.6806676844184
D1,pilot_baseline,20260925,14,26005328.419173308,627.5548781060321
D1,pilot_baseline,20260925,15,26014196.35949434,626.8437698488551
D1,pilot_baseline,20260925,16,26034479.761337467,626.7666502890861
D1,pilot_baseline,20260925,17,26039459.963232927,626.6519074763096
D1,pilot_baseline,20260925,18,26064574.664573647,626.0909052500132
D1,pilot_baseline,20260925,19,26076034.232504383,626.0480586733406
D1,pilot_baseline,20260925,20,26079200.548070394,625.8867643146722
D1,pilot_baseline,20260925,21,26079230.74352991,625.8700371685536
D1,pilot_baseline,20260925,22,26099387.80083846,625.3861936027852
D1,pilot_baseline,20260925,23,26115635.47876587,625.0336409457065
D1,pilot_baseline,20260925,24,26181561.9512034,624.0764708813913
D1,pilot_baseline,20260925,25,26203887.159399107,623.7535194615406
D1,pilot_baseline,20260925,26,26210870.582578044,623.7299525954143
D1,pilot_baseline,20260925,27,26222571.314852472,623.6546396756605
D1,pilot_baseline,20260925,28,26227436.36457129,622.9422774610679
D1,pilot_baseline,20260925,29,26263266.61698149,622.2918215456365
D1,pilot_baseline,20260925,30,26326037.801424354,621.7441651433633
D1,pilot_baseline,20260925,31,26368960.530778196,621.4155184502372
D1,pilot_baseline,20260925,32,26372686.286862228,620.773580174368
D1,pilot_baseline,20260925,33,26389990.185705308,620.6939774268258
D1,pilot_baseline,20260925,34,26398415.777893074,620.4481500402061
D1,pilot_baseline,20260925,35,26412051.673197955,619.9291129020464
D1,pilot_baseline,20260926,1,25366926.301028013,640.8583903634482
D1,pilot_baseline,20260926,2,25432791.27313407,638.2414929595327
D1,pilot_baseline,20260926,3,25461253.148537613,637.6781308795967
D1,pilot_baseline,20260926,4,25477108.9769142,636.5382900550981
D1,pilot_baseline,20260926,5,25553824.702285953,636.1988759094163
D1,pilot_baseline,20260926,6,25557408.376786586,635.9034203434461
D1,pilot_baseline,20260926,7,25586809.816567097,635.0672353120714
D1,pilot_baseline,20260926,8,25617679.761354025,634.6036882851121
D1,pilot_baseline,20260926,9,25636559.929083187,633.8874669051602
D1,pilot_baseline,20260926,10,25724570.651664708,632.7746494386706
D1,pilot_baseline,20260926,11,25745206.033248894,631.7367544008049
D1,pilot_baseline,20260926,12,25788303.655771594,631.0844034613224
D1,pilot_baseline,20260926,13,25825544.765328005,630.1900814138913
D1,pilot_baseline,20260926,14,25858761.600235432,629.6754215243017
D1,pilot_baseline,20260926,15,25892381.25552608,628.5728736299801
D1,pilot_baseline,20260926,16,25964852.668052573,628.3161304370599
D1,pilot_baseline,20260926,17,25970535.39905631,628.1470907957598
D1,pilot_baseline,20260926,18,25974518.573540967,627.9846595878342
D1,pilot_baseline,20260926,19,26026956.54241488,627.0396238052468
D1,pilot_baseline,20260926,20,26059103.338793237,626.402628017496
D1,pilot_baseline,20260926,21,26089314.173237134,625.9447778437981
D1,pilot_baseline,20260926,22,26121391.496080235,625.771061622611
D1,pilot_baseline,20260926,23,26146241.54454614,625.5110925191758
D1,pilot_baseline,20260926,24,26165056.403478593,625.1414514282725
D1,pilot_baseline,20260926,25,26168437.19112799,624.7294940689799
D1,pilot_baseline,20260926,26,26196764.133969158,624.2357278165274
D1,pilot_baseline,20260926,27,26232007.031190492,623.9923343122362
D1,pilot_baseline,20260926,28,26264896.493192837,623.2562291041393
D1,pilot_baseline,20260926,29,26272685.212261524,622.6326844882426
D1,pilot_baseline,20260926,30,26367535.15252536,621.55561392907
D1,pilot_baseline,20260926,31,26461175.860475134,620.9698082921404
D1,pilot_baseline,20260926,32,26462131.13778864,620.8968614879144
D1,pilot_baseline,20260926,33,26511504.159440715,619.8972063148808
D1,pilot_baseline,20260926,34,26544374.394544657,619.7029206277575
D1,pilot_baseline,20260926,35,26572819.40866806,619.242945797227
D1,pilot_baseline,20260926,36,26607549.524446946,618.824875091831
D1,pilot_baseline,20260926,37,26737960.914852448,618.5277925788452
D1,pilot_baseline,20260926,38,26744999.85748614,617.7039590188061
D1,pilot_baseline,20260927,1,25328678.692612767,640.8225102107075
D1,pilot_baseline,20260927,2,25345231.80292813,639.858329336382
D1,pilot_baseline,20260927,3,25357024.18507221,639.1538463778824
D1,pilot_baseline,20260927,4,25372722.242728848,638.7131823137445
D1,pilot_baseline,20260927,5,25432997.633851934,638.4877312115462
D1,pilot_baseline,20260927,6,25445635.25113614,637.2454267380139
D1,pilot_baseline,20260927,7,25498888.558210626,636.9213929810047
D1,pilot_baseline,20260927,8,25552148.403075933,635.0599822482977
D1,pilot_baseline,20260927,9,25582181.001656357,634.7483609093964
D1,pilot_baseline,20260927,10,25608496.09698758,634.605315045759
D1,pilot_baseline,20260927,11,25616337.336233795,634.5692913692125
D1,pilot_baseline,20260927,12,25619704.380212445,633.305472433005
D1,pilot_baseline,20260927,13,25647730.228882376,633.1437177136983
D1,pilot_baseline,20260927,14,25662951.233464547,632.9639054989043
D1,pilot_baseline,20260927,15,25693831.88428696,632.7544752046412
D1,pilot_baseline,20260927,16,25699491.776779197,631.5810336127153
D1,pilot_baseline,20260927,17,25753808.723733537,630.4456270403969
D1,pilot_baseline,20260927,18,25784054.978321053,630.3424861200963
D1,pilot_baseline,20260927,19,25800303.300344165,629.6261588855657
D1,pilot_baseline,20260927,20,25861969.193790667,629.0191942395774
D1,pilot_baseline,20260927,21,25874523.312749244,627.7748981606636
D1,pilot_baseline,20260927,22,25956432.29926929,627.3362869644875
D1,pilot_baseline,20260927,23,25962097.664023798,627.1412745458033
D1,pilot_baseline,20260927,24,25966712.930857,626.4500721604938
D1,pilot_baseline,20260927,25,26001529.756005846,626.3685114645535
D1,pilot_baseline,20260927,26,26013785.19261052,626.3608266875545
D1,pilot_baseline,20260927,27,26030883.03599652,625.8666923794202
D1,pilot_baseline,20260927,28,26041528.754809827,625.1327766265262
D1,pilot_baseline,20260927,29,26083646.222019594,624.882694819157
D1,pilot_baseline,20260927,30,26214629.74176576,623.8893318601287
D1,pilot_baseline,20260928,1,25577762.70665097,639.2288933216088
D1,pilot_baseline,20260928,2,25583894.228163898,638.3076330627866
D1,pilot_baseline,20260928,3,25648020.329842288,637.6941829758398
D1,pilot_baseline,20260928,4,25673231.301821895,636.7398462413556
D1,pilot_baseline,20260928,5,25714125.697645172,635.8991542013056
D1,pilot_baseline,20260928,6,25721887.27785899,635.6320438454594
D1,pilot_baseline,20260928,7,25739409.54261229,635.5602130436196
D1,pilot_baseline,20260928,8,25764198.346406624,634.9474890978669
D1,pilot_baseline,20260928,9,25798567.18054871,634.3972521574693
D1,pilot_baseline,20260928,10,25835740.158097886,634.0681147041566
D1,pilot_baseline,20260928,11,25842178.075727604,633.1388620676132
D1,pilot_baseline,20260928,12,25858128.052416105,632.7735801241661
D1,pilot_baseline,20260928,13,25967034.402072825,631.2845156553177
D1,pilot_baseline,20260928,14,25993227.165409602,630.7514559760937
D1,pilot_baseline,20260928,15,26023221.340667732,630.2867194119673
D1,pilot_baseline,20260928,16,26026694.437033184,629.8475582136952
D1,pilot_baseline,20260928,17,26042344.293522384,629.6333417331493
D1,pilot_baseline,20260928,18,26064792.251950283,629.4308923348746
D1,pilot_baseline,20260928,19,26080684.319279846,628.9673681792716
D1,pilot_baseline,20260928,20,26113701.400057245,628.4764132054379
D1,pilot_baseline,20260928,21,26150806.679311994,628.0686251132005
D1,pilot_baseline,20260928,22,26158755.90333514,627.2034942636557
D1,pilot_baseline,20260928,23,26235055.86839437,626.9294800896992
D1,pilot_baseline,20260928,24,26278177.68498942,626.0312424363452
D1,pilot_baseline,20260928,25,26337529.10130518,625.9670474951944
D1,pilot_baseline,20260928,26,26360957.09697042,625.5643886070394
D1,pilot_baseline,20260928,27,26368214.71058622,624.2330823192063
D1,pilot_baseline,20260928,28,26413854.644569535,623.2855024274461
D1,pilot_baseline,20260929,1,25191742.798955087,646.6681598705802
D1,pilot_baseline,20260929,2,25260773.855420917,643.7558160522327
D1,pilot_baseline,20260929,3,25291848.962923996,642.3633874071581
D1,pilot_baseline,20260929,4,25306294.563429154,642.1654557957394
D1,pilot_baseline,20260929,5,25321526.578455985,641.3646906289632
D1,pilot_baseline,20260929,6,25336870.723020878,641.320675105913
D1,pilot_baseline,20260929,7,25345797.541058134,640.2949206553566
D1,pilot_baseline,20260929,8,25379013.47321479,640.2620136200128
D1,pilot_baseline,20260929,9,25389973.85173387,640.0947714513236
D1,pilot_baseline,20260929,10,25393566.048265442,639.9904394681334
D1,pilot_baseline,20260929,11,25407977.538516957,639.8621723181644
D1,pilot_baseline,20260929,12,25412223.029900502,639.1776755855877
D1,pilot_baseline,20260929,13,25453359.54628005,637.9722725800525
D1,pilot_baseline,20260929,14,25470577.218195807,637.9650369094794
D1,pilot_baseline,20260929,15,25489886.459888253,637.7513695346538
D1,pilot_baseline,20260929,16,25515081.037037347,637.6704364752785
D1,pilot_baseline,20260929,17,25519262.53028733,637.2782475306798
D1,pilot_baseline,20260929,18,25537241.538565822,637.0917655910258
D1,pilot_baseline,20260929,19,25548727.31141238,636.0136633024076
D1,pilot_baseline,20260929,20,25587761.896878153,635.614137716042
D1,pilot_baseline,20260929,21,25588016.540015418,635.6114028981414
D1,pilot_baseline,20260929,22,25620070.871657822,634.7274723343648
D1,pilot_baseline,20260929,23,25649141.771141205,633.1719161877047
D1,pilot_baseline,20260929,24,25750141.717360377,631.3202876770873
D1,pilot_baseline,20260929,25,25806930.663967397,631.039787094751
D1,pilot_baseline,20260929,26,25834668.670127247,630.5608311271773
D1,pilot_baseline,20260929,27,25848098.114121735,630.4108639716671
D1,pilot_baseline,20260929,28,25868877.154735297,630.373260176659
D1,pilot_baseline,20260929,29,25876403.432297383,629.9798207316286
D1,pilot_baseline,20260929,30,25889564.317678187,629.8572118142241
D1,pilot_baseline,20260929,31,25907861.271361466,629.8416539505562
D1,pilot_baseline,20260929,32,25925486.037942253,629.0431625787012
D1,pilot_baseline,20260929,33,25956701.177537058,628.873470107427
D1,pilot_baseline,20260930,1,25564523.014464915,638.1160581766995
D1,pilot_baseline,20260930,2,25615742.096453585,637.0637937243298
D1,pilot_baseline,20260930,3,25697265.994698767,635.670755760856
D1,pilot_baseline,20260930,4,25778747.266356777,634.602959628247
D1,pilot_baseline,20260930,5,25793948.019377235,633.8934771682575
D1,pilot_baseline,20260930,6,25834147.509690255,633.5450966208499
D1,pilot_baseline,20260930,7,25871792.778281685,632.4836052988177
D1,pilot_baseline,20260930,8,25937366.393669777,632.2126174276211
D1,pilot_baseline,20260930,9,25945902.78503243,632.1771912684811
D1,pilot_baseline,20260930,10,25971176.36448593,631.430163650698
D1,pilot_baseline,20260930,11,26003340.489189845,631.1242564997569
D1,pilot_baseline,20260930,12,26015013.3286985,631.1049126404002
D1,pilot_baseline,20260930,13,26048563.038515642,631.0446258653079
D1,pilot_baseline,20260930,14,26049624.835114196,630.5426428243802
D1,pilot_baseline,20260930,15,26074002.773670677,630.3797204254286
D1,pilot_baseline,20260930,16,26084066.445916083,628.0984453112729
D1,pilot_baseline,20260930,17,26167919.79816241,627.6828344533781
D1,pilot_baseline,20260930,18,26180240.80322816,627.2426272409505
D1,pilot_baseline,20260930,19,26199788.594974376,627.0721719040413
D1,pilot_baseline,20260930,20,26209438.379032902,626.9218322809327
D1,pilot_baseline,20260930,21,26216620.255340166,626.5955464501361
D1,pilot_baseline,20260930,22,26244872.741652146,626.372125519224
D1,pilot_baseline,20260930,23,26313550.829597153,626.2666553763507
D1,pilot_baseline,20260930,24,26346708.26947063,625.0963108684484
D1,pilot_baseline,20260930,25,26349763.915273104,625.0953548596742
D1,pilot_baseline,20260930,26,26353277.04003566,624.2828278627807
D1,pilot_baseline,20260930,27,26415425.684040315,624.1604563890671
D1,pilot_baseline,20260930,28,26454098.234764278,623.4270092929619
D1,pilot_baseline,20260930,29,26461595.78413248,623.2558819284242
D1,pilot_baseline,20260930,30,26498495.25319767,622.4087870922739
D1,pilot_baseline,20260930,31,26855577.960465163,620.6624744076898
D1,pilot_baseline,20260931,1,25217481.649182767,644.8518486671293
D1,pilot_baseline,20260931,2,25224292.780971788,643.5283194704546
D1,pilot_baseline,20260931,3,25271195.60166781,642.3714511100861
D1,pilot_baseline,20260931,4,25331034.518151656,641.2497420862205
D1,pilot_baseline,20260931,5,25336398.797592327,641.0256415974993
D1,pilot_baseline,20260931,6,25365058.734810013,639.6478610396282
D1,pilot_baseline,20260931,7,25395509.812541317,639.341062464337
D1,pilot_baseline,20260931,8,25420910.062527973,638.1662968063333
D1,pilot_baseline,20260931,9,25445093.531817906,637.7422087246957
D1,pilot_baseline,20260931,10,25502823.944204208,637.2209149692378
D1,pilot_baseline,20260931,11,25514033.02465913,636.6516185786451
D1,pilot_baseline,20260931,12,25517414.04448134,636.3796960547265
D1,pilot_baseline,20260931,13,25563787.980620436,635.1187790101736
D1,pilot_baseline,20260931,14,25600614.299221657,634.8789600010391
D1,pilot_baseline,20260931,15,25606577.4271227,634.3156527025691
D1,pilot_baseline,20260931,16,25661294.140487995,633.7232488684609
D1,pilot_baseline,20260931,17,25680464.184339054,632.5139277166393
D1,pilot_baseline,20260931,18,25727877.990879137,632.351451099611
D1,pilot_baseline,20260931,19,25735384.799906638,631.5223809223507
D1,pilot_baseline,20260931,20,25775286.113860894,631.1054044598267
D1,pilot_baseline,20260931,21,25780206.667602915,631.0067873646636
D1,pilot_baseline,20260931,22,25806591.992000245,630.9790128085674
D1,pilot_baseline,20260931,23,25840555.758293703,630.3712911688114
D1,pilot_baseline,20260931,24,25876131.868821017,629.6651898676179
D1,pilot_baseline,20260931,25,25888057.231684893,629.6588180135126
D1,pilot_baseline,20260931,26,25907031.327534214,628.3091076231975
D1,pilot_baseline,20260931,27,25925070.24855057,628.2760986120314
D1,pilot_baseline,20260931,28,25977277.571877703,627.9046698621706
D1,pilot_baseline,20260931,29,25988942.227367606,627.1959683585279
D1,pilot_baseline,20260931,30,26039110.4527892,626.4226177767099
D1,pilot_baseline,20260932,1,25221481.169953357,642.4337207184383
D1,pilot_baseline,20260932,2,25276929.882421024,641.6546110469192
D1,pilot_baseline,20260932,3,25313310.103698507,638.1804410406907
D1,pilot_baseline,20260932,4,25381113.971172906,637.462174937037
D1,pilot_baseline,20260932,5,25412277.976145215,637.3194423787354
D1,pilot_baseline,20260932,6,25412552.53586355,636.2742574455212
D1,pilot_baseline,20260932,7,25487990.91266626,635.4987189178859
D1,pilot_baseline,20260932,8,25546193.23518686,634.8606509432127
D1,pilot_baseline,20260932,9,25549003.199095216,634.7094351613022
D1,pilot_baseline,20260932,10,25567415.52840977,634.2834865220427
D1,pilot_baseline,20260932,11,25571105.24786311,634.0019876096361
D1,pilot_baseline,20260932,12,25588168.39353081,633.7394485510819
D1,pilot_baseline,20260932,13,25630303.21725872,633.1538114376112
D1,pilot_baseline,20260932,14,25645354.423819527,633.1086327919894
D1,pilot_baseline,20260932,15,25650651.972384043,632.7526737019109
D1,pilot_baseline,20260932,16,25651239.058656085,632.613441472862
D1,pilot_baseline,20260932,17,25663193.9963302,632.3481515333553
D1,pilot_baseline,20260932,18,25689245.819080215,632.1039281575665
D1,pilot_baseline,20260932,19,25708388.335972656,631.2622761535116
D1,pilot_baseline,20260932,20,25716731.660818268,631.1504687416709
D1,pilot_baseline,20260932,21,25721284.12020118,630.8132637265082
D1,pilot_baseline,20260932,22,25759881.81206547,630.7190080183216
D1,pilot_baseline,20260932,23,25782069.58653237,629.0165537528575
D1,pilot_baseline,20260932,24,25784411.552524347,628.929771282216
D1,pilot_baseline,20260932,25,25850159.04732197,628.6040771836915
D1,pilot_baseline,20260932,26,25896421.894936528,628.0502968251626
D1,pilot_baseline,20260932,27,25978071.889775064,626.0830615249329
D1,pilot_baseline,20260932,28,26159016.401727483,625.3734260052327
D1,pilot_baseline,20260932,29,26250909.084836513,625.3548305169752
D1,pilot_baseline,20260932,30,26473664.384831097,624.4256273744387
D1,pilot_baseline,20260933,1,25177392.60003796,645.9118055369357
D1,pilot_baseline,20260933,2,25213844.15011067,643.8694508795252
D1,pilot_baseline,20260933,3,25260978.28291325,643.6407961743145
D1,pilot_baseline,20260933,4,25282567.015662335,642.2266275959652
D1,pilot_baseline,20260933,5,25325169.534874536,641.1265300434125
D1,pilot_baseline,20260933,6,25381163.187927205,641.1185312515055
D1,pilot_baseline,20260933,7,25393557.945906878,641.0079798258903
D1,pilot_baseline,20260933,8,25398902.077305257,639.486067821607
D1,pilot_baseline,20260933,9,25404470.447334588,639.1575271437841
D1,pilot_baseline,20260933,10,25443313.00579809,638.5756466734504
D1,pilot_baseline,20260933,11,25471303.516407475,637.2306923947283
D1,pilot_baseline,20260933,12,25510445.029246762,636.4001747011883
D1,pilot_baseline,20260933,13,25556579.1629821,636.0561241214742
D1,pilot_baseline,20260933,14,25584685.32007614,635.678115894723
D1,pilot_baseline,20260933,15,25590440.608560033,635.5306007368114
D1,pilot_baseline,20260933,16,25603709.32639545,634.7785945405763
D1,pilot_baseline,20260933,17,25630600.203694157,634.7397906376283
D1,pilot_baseline,20260933,18,25644132.52033402,634.3474131917777
D1,pilot_baseline,20260933,19,25661506.240786877,634.0688130902723
D1,pilot_baseline,20260933,20,25666586.71492515,633.3273107447832
D1,pilot_baseline,20260933,21,25668093.349031176,633.2911466254044
D1,pilot_baseline,20260933,22,25686183.580508936,632.7298983362402
D1,pilot_baseline,20260933,23,25729071.281443547,631.2950710923118
D1,pilot_baseline,20260933,24,25759468.54328873,631.0582086528208
D1,pilot_baseline,20260933,25,25822637.017794475,630.7902310942475
D1,pilot_baseline,20260933,26,25829818.46520852,630.7212747174742
D1,pilot_baseline,20260933,27,25834072.81940153,630.2088211779542
D1,pilot_baseline,20260933,28,25845355.09828648,630.109740943813
D1,pilot_baseline,20260933,29,25856150.445219096,629.5842602687388
D1,pilot_baseline,20260933,30,25868954.281179726,629.551112416654
D1,pilot_baseline,20260933,31,25892975.03782466,628.5720807203139
D1,pilot_baseline,20260933,32,25899554.194757767,628.3977893981352
D1,pilot_baseline,20260933,33,25963628.089064624,627.9180034474782
D1,pilot_baseline,20260933,34,25978326.332716227,627.9041207739822
D1,pilot_baseline,20260933,35,25990111.542146407,627.742713962587
D1,pilot_baseline,20260933,36,26007990.115360204,627.62392696558
D1,pilot_baseline,20260933,37,26076377.462591603,627.4405759733177
D1,pilot_baseline,20260933,38,26086007.789581113,627.4013499136591
D1,pilot_baseline,20260933,39,26110141.713889554,627.3463708448324
D1,pilot_baseline,20260933,40,26125370.525435567,627.2195766268801
D1,pilot_baseline,20260933,41,26158280.966459066,627.1490287112258
D1,pilot_baseline,20260933,42,26237550.150719654,626.8240724828619
D1,pilot_baseline,20260933,43,26261026.103434805,626.8107717035168
D1,pilot_baseline,20260933,44,26350492.92539215,625.6500334808647
D1,pilot_baseline,20260934,1,25345585.86754619,644.4734970906119
D1,pilot_baseline,20260934,2,25379130.213189896,644.2009238098219
D1,pilot_baseline,20260934,3,25425549.78334832,641.9707208623475
D1,pilot_baseline,20260934,4,25455837.452732,640.6449675172898
D1,pilot_baseline,20260934,5,25457824.023377683,640.4828542316815
D1,pilot_baseline,20260934,6,25479744.567736644,639.5395851464868
D1,pilot_baseline,20260934,7,25505206.419391442,639.4168643876649
D1,pilot_baseline,20260934,8,25513474.990027823,639.2352442880405
D1,pilot_baseline,20260934,9,25523994.34258501,639.1265827275628
D1,pilot_baseline,20260934,10,25524870.612030175,639.0371238067637
D1,pilot_baseline,20260934,11,25537217.37280098,638.3911126508151
D1,pilot_baseline,20260934,12,25543607.722376596,637.9548193328919
D1,pilot_baseline,20260934,13,25573728.26322246,636.9956834022474
D1,pilot_baseline,20260934,14,25610374.42241405,636.7042397035425
D1,pilot_baseline,20260934,15,25624949.35700274,636.7027801689233
D1,pilot_baseline,20260934,16,25625167.05221741,636.2894474091867
D1,pilot_baseline,20260934,17,25626094.473673463,635.2497768868357
D1,pilot_baseline,20260934,18,25636834.447769627,634.7675929229692
D1,pilot_baseline,20260934,19,25691233.115121804,634.6463104299278
D1,pilot_baseline,20260934,20,25712602.47131315,634.5983231956645
D1,pilot_baseline,20260934,21,25718485.052928906,634.446882760164
D1,pilot_baseline,20260934,22,25734761.00836848,633.1330132449663
D1,pilot_baseline,20260934,23,25785954.2690688,632.2613417621386
D1,pilot_baseline,20260934,24,25828320.029967394,632.0076201921494
D1,pilot_baseline,20260934,25,25875695.653940625,631.712606244226
D1,pilot_baseline,20260934,26,25876908.730251353,631.5879275132078
D1,pilot_baseline,20260934,27,25881880.627453294,631.303110624996
D1,pilot_baseline,20260934,28,25898353.49339308,631.2548644170474
D1,pilot_baseline,20260934,29,25907229.293933675,631.2270179826453
D1,pilot_baseline,20260934,30,25912820.3112631,630.7766011039214
D1,pilot_baseline,20260934,31,25926207.42372979,629.720017812489
D1,pilot_baseline,20260934,32,25959739.602524854,629.7034031329073
D1,pilot_baseline,20260934,33,25961810.804833844,629.4426749902345
D1,pilot_baseline,20260934,34,25988556.760179915,629.0853629883162
D1,pilot_baseline,20260934,35,26048833.17086236,628.5651872611556
D1,pilot_baseline,20260934,36,26064804.54077546,628.2668695776051
D1,pilot_baseline,20260934,37,26096233.570412338,627.4683029898956
D1,pilot_baseline,20260934,38,26114646.5229704,627.0924289688495
D1,pilot_baseline,20260934,39,26170190.06008249,626.8331661021354
D1,pilot_baseline,20260934,40,26185547.22806589,626.3282514198103
D1,pilot_baseline,20260935,1,25305074.64729478,645.2936755793843
D1,pilot_baseline,20260935,2,25318679.399112962,642.8511280322806
D1,pilot_baseline,20260935,3,25342517.146670774,642.272226081307
D1,pilot_baseline,20260935,4,25353440.718442414,642.1929563602209
D1,pilot_baseline,20260935,5,25373997.328994613,640.7221159231971
D1,pilot_baseline,20260935,6,25423280.474663086,639.8719553017372
D1,pilot_baseline,20260935,7,25433599.075827487,638.4611240613195
D1,pilot_baseline,20260935,8,25504977.256441634,638.4328879380911
D1,pilot_baseline,20260935,9,25509706.03742217,636.9068695217242
D1,pilot_baseline,20260935,10,25528406.088333856,636.7213482336828
D1,pilot_baseline,20260935,11,25568494.817689534,635.7377460424772
D1,pilot_baseline,20260935,12,25589009.63037595,635.6578103912229
D1,pilot_baseline,20260935,13,25596769.33193069,634.9869573670676
D1,pilot_baseline,20260935,14,25647192.340239383,634.2053574315955
D1,pilot_baseline,20260935,15,25651821.475173105,634.105215080957
D1,pilot_baseline,20260935,16,25685962.36883547,633.3265059485755
D1,pilot_baseline,20260935,17,25706900.435281873,633.1862134698548
D1,pilot_baseline,20260935,18,25724739.60731982,633.0572463255013
D1,pilot_baseline,20260935,19,25733171.088545587,632.6762461517475
D1,pilot_baseline,20260935,20,25768952.641128335,632.0105095049246
D1,pilot_baseline,20260935,21,25777526.091444865,631.798167901018
D1,pilot_baseline,20260935,22,25800380.08568828,631.7319785840666
D1,pilot_baseline,20260935,23,25814927.410206333,631.436853091189
D1,pilot_baseline,20260935,24,25828923.798846196,630.9404263883247
D1,pilot_baseline,20260935,25,25833561.96735933,630.5578199909575
D1,pilot_baseline,20260935,26,25859285.13018034,630.4841220116423
D1,pilot_baseline,20260935,27,25865378.41862684,630.0223735442098
D1,pilot_baseline,20260935,28,25916138.338042784,628.5138661961796
D1,pilot_baseline,20260935,29,25929913.755093366,628.4337302561133
D1,pilot_baseline,20260935,30,25956293.11653524,628.1428843395453
D1,pilot_baseline,20260935,31,25967262.014788534,627.7759064875311
D1,pilot_baseline,20260935,32,25992202.05882983,627.5873135076366
D1,pilot_baseline,20260935,33,26011086.148148257,627.2481503498068
D1,pilot_baseline,20260935,34,26027286.946663983,626.9548860391716
D1,pilot_baseline,20260935,35,26032243.578721855,626.8861541464968
D1,pilot_baseline,20260935,36,26041641.354740497,626.4208691821877
D1,pilot_baseline,20260935,37,26066514.97413366,626.1852708059263
D1,pilot_baseline,20260935,38,26113591.41374101,625.9499721444728
D1,pilot_baseline,20260935,39,26116570.035119303,625.8947594632788
D1,pilot_baseline,20260935,40,26135975.16021384,624.6138215141061
D1,pilot_baseline,20260935,41,26158113.303943463,624.5253420864577
D1,pilot_baseline,20260935,42,26219796.5521527,623.4853390659347
D1,pilot_baseline,20260935,43,26294031.2682473,623.4647620672237
D1,pilot_baseline,20260935,44,26331713.982996713,622.6867207910227
D1,pilot_baseline,20260935,45,26345269.111775577,622.3403608816645
D1,pilot_baseline,20260935,46,26438722.1189385,621.8283722195181
D1,pilot_baseline,20260935,47,26530258.324545868,621.3079809518541
D2,pilot_baseline,20260906,1,25278806.236593403,638.8546430523016
D2,pilot_baseline,20260906,2,25295508.105803654,638.6285393726911
D2,pilot_baseline,20260906,3,25322376.540326305,637.6967583750304
D2,pilot_baseline,20260906,4,25328435.923904087,637.6557963968486
D2,pilot_baseline,20260906,5,25329630.393025145,636.607042780391
D2,pilot_baseline,20260906,6,25369179.782324202,634.5528531576776
D2,pilot_baseline,20260906,7,25377602.351010762,634.492325900014
D2,pilot_baseline,20260906,8,25397427.749183558,633.2231007225279
D2,pilot_baseline,20260906,9,25404271.36913276,633.1679466320787
D2,pilot_baseline,20260906,10,25412125.877074648,633.0791903648766
D2,pilot_baseline,20260906,11,25430020.435286667,632.4540716970558
D2,pilot_baseline,20260906,12,25430736.18185801,631.1960711480034
D2,pilot_baseline,20260906,13,25499861.575218193,629.7875890518245
D2,pilot_baseline,20260906,14,25500842.92127178,629.5642742503057
D2,pilot_baseline,20260906,15,25519014.59465819,629.4154662873646
D2,pilot_baseline,20260906,16,25529855.482890747,628.7777425077956
D2,pilot_baseline,20260906,17,25569552.304976646,628.1056927316248
D2,pilot_baseline,20260906,18,25594777.830699734,627.972887756051
D2,pilot_baseline,20260906,19,25597400.906917226,626.144447429317
D2,pilot_baseline,20260906,20,25601678.15364254,625.7158261883684
D2,pilot_baseline,20260906,21,25652598.692263667,625.5372822727976
D2,pilot_baseline,20260906,22,25655705.55398586,625.1539048497207
D2,pilot_baseline,20260906,23,25683887.361110028,625.074478718014
D2,pilot_baseline,20260906,24,25697645.140898794,624.3030594721258
D2,pilot_baseline,20260906,25,25727277.4797128,623.844415765974
D2,pilot_baseline,20260906,26,25745391.553804997,623.5173394186402
D2,pilot_baseline,20260906,27,25786654.795779914,623.4133369609763
D2,pilot_baseline,20260906,28,25800181.021975413,622.7686675712108
D2,pilot_baseline,20260906,29,25913459.7646329,622.2258020108534
D2,pilot_baseline,20260906,30,25954417.324675906,621.6229447704113
D2,pilot_baseline,20260907,1,25123601.95313961,640.498511398455
D2,pilot_baseline,20260907,2,25192382.15001176,640.0968255175579
D2,pilot_baseline,20260907,3,25210061.441271886,639.5408239790185
D2,pilot_baseline,20260907,4,25234924.395301078,637.2224628867671
D2,pilot_baseline,20260907,5,25302525.51591871,636.9635411230789
D2,pilot_baseline,20260907,6,25328838.788991667,636.063080287496
D2,pilot_baseline,20260907,7,25374378.879386827,633.3307797471152
D2,pilot_baseline,20260907,8,25392963.179506138,631.7994220423735
D2,pilot_baseline,20260907,9,25431246.56664019,629.9795527873047
D2,pilot_baseline,20260907,10,25457084.08944573,629.2751264127904
D2,pilot_baseline,20260907,11,25466839.268604327,628.5948166992692
D2,pilot_baseline,20260907,12,25473356.43644938,628.5781034232864
D2,pilot_baseline,20260907,13,25491220.94671713,628.4892322765168
D2,pilot_baseline,20260907,14,25499463.71247387,628.1744849371514
D2,pilot_baseline,20260907,15,25503005.89779293,627.6269904846594
D2,pilot_baseline,20260907,16,25570238.236914013,626.8389041963942
D2,pilot_baseline,20260907,17,25585448.35692099,626.3159025548955
D2,pilot_baseline,20260907,18,25589853.419982806,626.2680161979367
D2,pilot_baseline,20260907,19,25608904.837411042,625.6654868792275
D2,pilot_baseline,20260907,20,25680325.147596333,624.9609508331072
D2,pilot_baseline,20260907,21,25713949.573236518,624.9335683450423
D2,pilot_baseline,20260907,22,25723825.189022943,624.7608609386314
D2,pilot_baseline,20260907,23,25743219.303012077,624.7542382574602
D2,pilot_baseline,20260907,24,25793242.997324392,623.3949797234089
D2,pilot_baseline,20260908,1,25276617.754388966,637.4490508863815
D2,pilot_baseline,20260908,2,25332892.888147745,636.9381956147882
D2,pilot_baseline,20260908,3,25336134.906678997,635.8257462708908
D2,pilot_baseline,20260908,4,25353994.617591873,635.1449851747584
D2,pilot_baseline,20260908,5,25379058.261081245,634.7420049057619
D2,pilot_baseline,20260908,6,25379654.783476662,634.1880670198829
D2,pilot_baseline,20260908,7,25389471.13663658,634.0336922061426
D2,pilot_baseline,20260908,8,25412807.136534497,633.381822910889
D2,pilot_baseline,20260908,9,25437437.69946519,633.2408823857054
D2,pilot_baseline,20260908,10,25443179.278808493,633.045034124717
D2,pilot_baseline,20260908,11,25453630.171803635,632.9710437864361
D2,pilot_baseline,20260908,12,25454561.723480474,632.705892720304
D2,pilot_baseline,20260908,13,25464910.33148602,631.5788044519255
D2,pilot_baseline,20260908,14,25482057.460032452,631.038588026956
D2,pilot_baseline,20260908,15,25501092.0060114,630.7441049537889
D2,pilot_baseline,20260908,16,25506509.27444552,630.4417837482406
D2,pilot_baseline,20260908,17,25525988.043714292,630.0741114265725
D2,pilot_baseline,20260908,18,25528136.778972764,630.0509072568415
D2,pilot_baseline,20260908,19,25531565.177483775,629.9349240826849
D2,pilot_baseline,20260908,20,25541677.507170077,629.6088504933726
D2,pilot_baseline,20260908,21,25555384.31573732,629.3469199986754
D2,pilot_baseline,20260908,22,25555456.652955927,629.3458047578656
D2,pilot_baseline,20260908,23,25572516.0457166,629.0730181487013
D2,pilot_baseline,20260908,24,25572562.24568654,629.0513902575966
D2,pilot_baseline,20260908,25,25578550.942653697,627.8914242321989
D2,pilot_baseline,20260908,26,25666841.460563697,627.3810242672735
D2,pilot_baseline,20260908,27,25694197.46418512,627.0514092724268
D2,pilot_baseline,20260908,28,25698841.641005445,626.8401227935077
D2,pilot_baseline,20260908,29,25756452.588530842,626.1416425016846
D2,pilot_baseline,20260909,1,25222033.63080329,645.9146849147328
D2,pilot_baseline,20260909,2,25225311.899793066,643.6572457715511
D2,pilot_baseline,20260909,3,25226265.991335243,641.5725323960468
D2,pilot_baseline,20260909,4,25264138.456976198,640.4085295248553
D2,pilot_baseline,20260909,5,25277714.90354581,638.7979439120901
D2,pilot_baseline,20260909,6,25297659.742993504,637.2721357753428
D2,pilot_baseline,20260909,7,25338298.760456305,635.7854928888444
D2,pilot_baseline,20260909,8,25364311.216082353,634.9698388404868
D2,pilot_baseline,20260909,9,25407080.288236678,633.9168105656373
D2,pilot_baseline,20260909,10,25433219.442333993,633.4291822338018
D2,pilot_baseline,20260909,11,25434279.511992022,633.1011684880451
D2,pilot_baseline,20260909,12,25436467.28654071,633.0525070083025
D2,pilot_baseline,20260909,13,25444829.964695655,632.2619837932883
D2,pilot_baseline,20260909,14,25469841.566458255,632.0348844856817
D2,pilot_baseline,20260909,15,25478193.20058587,631.0472535474507
D2,pilot_baseline,20260909,16,25486508.0509743,631.0120526655585
D2,pilot_baseline,20260909,17,25504556.12658955,631.0017425620074
D2,pilot_baseline,20260909,18,25505608.73078145,630.8044138738849
D2,pilot_baseline,20260909,19,25513764.119758517,628.7042968630315
D2,pilot_baseline,20260909,20,25516839.52710849,628.2934923685028
D2,pilot_baseline,20260909,21,25578518.475807596,627.6497776872372
D2,pilot_baseline,20260909,22,25610509.95374054,626.6017870164333
D2,pilot_baseline,20260909,23,25629757.636859227,626.5057302121976
D2,pilot_baseline,20260909,24,25705806.58201122,626.1980657511309
D2,pilot_baseline,20260909,25,25711813.683043852,625.8048858549687
D2,pilot_baseline,20260909,26,25831394.0045745,623.0041655196293
D2,pilot_baseline,20260910,1,25220434.03676876,642.4638824970235
D2,pilot_baseline,20260910,2,25266971.459324453,640.0304450820934
D2,pilot_baseline,20260910,3,25338557.393131446,637.5115755628397
D2,pilot_baseline,20260910,4,25376538.69678712,637.3265017283745
D2,pilot_baseline,20260910,5,25387191.417789683,636.2278673916469
D2,pilot_baseline,20260910,6,25426404.68350182,634.4363935723475
D2,pilot_baseline,20260910,7,25524443.342465065,633.8619674428895
D2,pilot_baseline,20260910,8,25579057.474883072,633.5410059181797
D2,pilot_baseline,20260910,9,25583344.359249517,632.3452881301338
D2,pilot_baseline,20260910,10,25593004.4303226,631.8190960826221
D2,pilot_baseline,20260910,11,25612308.67827584,631.7926349831092
D2,pilot_baseline,20260910,12,25619967.410944875,630.8397149342993
D2,pilot_baseline,20260910,13,25709623.94349682,629.6296737481323
D2,pilot_baseline,20260910,14,25728065.024482466,629.5425246911943
D2,pilot_baseline,20260910,15,25814933.512159575,629.264198375716
D2,pilot_baseline,20260910,16,25821691.497219257,628.5660585560566
D2,pilot_baseline,20260910,17,25883111.88921467,626.6652683044628
D2,pilot_baseline,20260910,18,25943552.804189995,626.248146854048
D2,pilot_baseline,20260910,19,25945645.882549416,624.9707764712274
D2,pilot_baseline,20260910,20,26068157.287594788,624.9403341947013
D2,pilot_baseline,20260910,21,26189366.39805717,624.2966856805494
D2,pilot_baseline,20260910,22,26239934.17687971,623.3083772259624
D2,pilot_baseline,20260910,23,26343110.91346962,622.3389121773472
D2,pilot_baseline,20260910,24,26362675.0692333,621.8956441583435
D2,pilot_baseline,20260911,1,25494817.407277174,634.9637883661226
D2,pilot_baseline,20260911,2,25507010.86752346,634.1197545832463
D2,pilot_baseline,20260911,3,25533346.35780574,630.192981785241
D2,pilot_baseline,20260911,4,25539868.274698522,630.1220836310035
D2,pilot_baseline,20260911,5,25555190.06467473,629.9689072589903
D2,pilot_baseline,20260911,6,25563546.268514182,629.8021517719236
D2,pilot_baseline,20260911,7,25571681.321895517,629.2623043801764
D2,pilot_baseline,20260911,8,25579052.078231245,628.5992003296147
D2,pilot_baseline,20260911,9,25602816.03854947,628.4288517275622
D2,pilot_baseline,20260911,10,25624337.873691037,627.6957575118952
D2,pilot_baseline,20260911,11,25625039.431706145,626.1773068650363
D2,pilot_baseline,20260911,12,25636850.07129179,625.512702978964
D2,pilot_baseline,20260911,13,25688129.310186777,625.5089449029299
D2,pilot_baseline,20260911,14,25723418.47854265,625.2787145315015
D2,pilot_baseline,20260911,15,25723636.449986614,625.2752785126378
D2,pilot_baseline,20260911,16,25735638.75126014,625.0871856879528
D2,pilot_baseline,20260911,17,25736758.24490729,624.3260590209138
D2,pilot_baseline,20260911,18,25740936.177558694,623.0177986233296
D2,pilot_baseline,20260911,19,25757605.707190003,622.6509516290739
D2,pilot_baseline,20260911,20,25796998.59051408,622.6370707559895
D2,pilot_baseline,20260911,21,25803190.811682057,622.445087964583
D2,pilot_baseline,20260911,22,25816806.130616743,622.2307553110896
D2,pilot_baseline,20260911,23,25829309.050018687,622.1611630203605
D2,pilot_baseline,20260911,24,25832119.64620598,619.7038403487876
D2,pilot_baseline,20260912,1,25360262.129742343,642.202109239451
D2,pilot_baseline,20260912,2,25365171.094150066,638.2355682520601
D2,pilot_baseline,20260912,3,25375043.990152404,637.9837813062767
D2,pilot_baseline,20260912,4,25414832.92995974,634.9662703420782
D2,pilot_baseline,20260912,5,25442305.46037907,631.9050067143078
D2,pilot_baseline,20260912,6,25444447.64805501,631.8277579297302
D2,pilot_baseline,20260912,7,25453109.682705484,629.2989185349071
D2,pilot_baseline,20260912,8,25468386.53545641,628.1971766236668
D2,pilot_baseline,20260912,9,25552655.337300465,626.5027680464499
D2,pilot_baseline,20260912,10,25589096.206727024,626.3765709588581
D2,pilot_baseline,20260912,11,25599945.98074576,626.1500819989092
D2,pilot_baseline,20260912,12,25610608.06659073,625.2536312405269
D2,pilot_baseline,20260912,13,25665872.76063996,625.1377547646917
D2,pilot_baseline,20260912,14,25671902.15892024,624.7274211933633
D2,pilot_baseline,20260912,15,25672047.09102811,624.6267682160751
D2,pilot_baseline,20260912,16,25706495.530365884,624.1967092957162
D2,pilot_baseline,20260912,17,25714339.06910908,624.0027483237384
D2,pilot_baseline,20260912,18,25765724.577178802,623.5053481768506
D2,pilot_baseline,20260912,19,25809910.03229964,623.2891712620441
D2,pilot_baseline,20260912,20,25818061.983154472,623.0134792687965
D2,pilot_baseline,20260912,21,25821859.41356024,622.9777980079365
D2,pilot_baseline,20260912,22,25853254.03644478,622.6692480597904
D2,pilot_baseline,20260912,23,25858895.042726964,622.609001623188
D2,pilot_baseline,20260912,24,25872168.213004276,622.3108303762234
D2,pilot_baseline,20260912,25,25898399.433871504,621.9021457946275
D2,pilot_baseline,20260912,26,25921134.365301114,621.432700724432
D2,pilot_baseline,20260912,27,25956086.57590377,621.1331761230117
D2,pilot_baseline,20260912,28,26017015.03673888,620.9122361587146
D2,pilot_baseline,20260912,29,26055068.96114284,620.8774365157986
D2,pilot_baseline,20260912,30,26129511.8262105,619.875972887289
D2,pilot_baseline,20260913,1,25391934.626830075,636.4731899332672
D2,pilot_baseline,20260913,2,25394861.432609297,631.3462963263936
D2,pilot_baseline,20260913,3,25446580.427380525,631.0610139070556
D2,pilot_baseline,20260913,4,25448301.137601197,630.4253873684434
D2,pilot_baseline,20260913,5,25463888.456711184,629.842538562421
D2,pilot_baseline,20260913,6,25470578.770739116,629.4291429201277
D2,pilot_baseline,20260913,7,25482284.2526093,628.6298653499625
D2,pilot_baseline,20260913,8,25497268.99012955,627.102011127323
D2,pilot_baseline,20260913,9,25515821.637684263,625.9934186404483
D2,pilot_baseline,20260913,10,25522690.76392139,625.9461273337572
D2,pilot_baseline,20260913,11,25552039.494012862,623.9774762600699
D2,pilot_baseline,20260913,12,25574083.311105486,623.6055128236682
D2,pilot_baseline,20260913,13,25590031.15209993,622.7237675288716
D2,pilot_baseline,20260913,14,25610640.09504055,621.4628333228625
D2,pilot_baseline,20260913,15,25667830.126707755,620.5290301756492
D2,pilot_baseline,20260913,16,25784729.389636554,619.5386711637505
D2,pilot_baseline,20260913,17,25838283.11479976,619.5307860486353
D2,pilot_baseline,20260913,18,25866973.466935672,619.3579921317546
D2,pilot_baseline,20260913,19,25933244.23989995,618.8921442166463
D2,pilot_baseline,20260913,20,26008226.53176375,617.0197076589014
D2,pilot_baseline,20260914,1,25332476.476330154,641.86511098319
D2,pilot_baseline,20260914,2,25350676.642999507,640.3967632720373
D2,pilot_baseline,20260914,3,25385774.524296273,640.3648611620965
D2,pilot_baseline,20260914,4,25430088.30865283,639.0584740575339
D2,pilot_baseline,20260914,5,25431094.085322764,638.7610284607547
D2,pilot_baseline,20260914,6,25467071.146601208,636.1573495336573
D2,pilot_baseline,20260914,7,25506591.861410446,635.0186685705795
D2,pilot_baseline,20260914,8,25518967.749978792,634.5297656548812
D2,pilot_baseline,20260914,9,25522360.326216213,632.9187132325568
D2,pilot_baseline,20260914,10,25525769.190488715,632.3703825399679
D2,pilot_baseline,20260914,11,25553964.26368456,631.26583139454
D2,pilot_baseline,20260914,12,25560749.500505522,630.8615429881179
D2,pilot_baseline,20260914,13,25627805.80006016,629.1078048162049
D2,pilot_baseline,20260914,14,25644853.360693667,627.7448057125804
D2,pilot_baseline,20260914,15,25651326.684840813,627.5045264691245
D2,pilot_baseline,20260914,16,25651736.243574183,627.2654940039499
D2,pilot_baseline,20260914,17,25668655.773981296,627.101977590608
D2,pilot_baseline,20260914,18,25792850.974342633,626.9987744184899
D2,pilot_baseline,20260914,19,25800030.48033283,626.1763564984802
D2,pilot_baseline,20260914,20,25825818.92164516,625.4982197517103
D2,pilot_baseline,20260914,21,25831157.94822758,625.2229561385215
D2,pilot_baseline,20260914,22,25888377.218861464,624.3158262043069
D2,pilot_baseline,20260914,23,25888844.95751689,624.2243084912697
D2,pilot_baseline,20260914,24,25892461.449498337,624.0986173114145
D2,pilot_baseline,20260914,25,25979889.117308535,623.5690277504273
D2,pilot_baseline,20260914,26,26193042.848182254,622.6667719625208
D2,pilot_baseline,20260915,1,25163166.756595816,648.8895653143628
D2,pilot_baseline,20260915,2,25188217.13928784,647.8720973744005
D2,pilot_baseline,20260915,3,25198512.336213905,644.3093128038497
D2,pilot_baseline,20260915,4,25207616.783379056,642.2754244767256
D2,pilot_baseline,20260915,5,25281599.95037074,638.7737662236964
D2,pilot_baseline,20260915,6,25303468.141896904,638.7394078000356
D2,pilot_baseline,20260915,7,25360852.622606628,638.4429265261457
D2,pilot_baseline,20260915,8,25365520.958836887,638.3156337028529
D2,pilot_baseline,20260915,9,25404154.757335924,634.8982097204948
D2,pilot_baseline,20260915,10,25446794.284384012,634.7176850958283
D2,pilot_baseline,20260915,11,25447141.37352043,634.6909498627977
D2,pilot_baseline,20260915,12,25464638.737155575,634.3345400851009
D2,pilot_baseline,20260915,13,25477197.971850507,633.780087491097
D2,pilot_baseline,20260915,14,25496061.652422953,631.6879367567994
D2,pilot_baseline,20260915,15,25594886.82880882,631.1725760159087
D2,pilot_baseline,20260915,16,25616901.836592346,630.9155418584104
D2,pilot_baseline,20260915,17,25637710.266172923,630.3948601840542
D2,pilot_baseline,20260915,18,25669178.805774104,629.9210453468482
D2,pilot_baseline,20260915,19,25670584.393310744,628.594809785438
D2,pilot_baseline,20260915,20,25738268.5638906,628.3110805157062
D2,pilot_baseline,20260915,21,25851706.93400152,627.6063066959108
D2,pilot_baseline,20260915,22,25862800.150147017,626.1907404954458
D2,pilot_baseline,20260915,23,25920846.927218124,626.1882824126288
D2,pilot_baseline,20260915,24,26001994.53142671,625.7478888226259
D2,pilot_baseline,20260916,1,25266711.35950584,634.292695922953
D2,pilot_baseline,20260916,2,25283977.92856756,633.2506778394743
D2,pilot_baseline,20260916,3,25312257.60926239,632.3700359944182
D2,pilot_baseline,20260916,4,25346003.710807502,632.2001422476108
D2,pilot_baseline,20260916,5,25346400.637536023,632.013786162956
D2,pilot_baseline,20260916,6,25347756.62615107,631.3296386478644
D2,pilot_baseline,20260916,7,25380953.895337347,630.0399696000154
D2,pilot_baseline,20260916,8,25382073.198025323,630.0121431476108
D2,pilot_baseline,20260916,9,25383826.876389563,629.6769995065946
D2,pilot_baseline,20260916,10,25388868.78539882,629.5678583864102
D2,pilot_baseline,20260916,11,25405550.104807574,628.7315927052421
D2,pilot_baseline,20260916,12,25420380.64700014,628.1302206412021
D2,pilot_baseline,20260916,13,25477296.377883106,628.12586953783
D2,pilot_baseline,20260916,14,25479273.89532222,627.3308310479192
D2,pilot_baseline,20260916,15,25496233.899595544,627.3065155355378
D2,pilot_baseline,20260916,16,25512031.318327367,627.1114059994816
D2,pilot_baseline,20260916,17,25516318.180442598,626.5776835508339
D2,pilot_baseline,20260916,18,25568637.939440396,625.815992185581
D2,pilot_baseline,20260916,19,25646331.253373895,625.3024627056179
D2,pilot_baseline,20260917,1,25373371.706048667,635.0120805317468
D2,pilot_baseline,20260917,2,25378175.822600592,634.9067684937519
D2,pilot_baseline,20260917,3,25442396.96342161,632.8011729702007
D2,pilot_baseline,20260917,4,25444750.480043124,632.3799983897835
D2,pilot_baseline,20260917,5,25450460.187408775,632.1033427867951
D2,pilot_baseline,20260917,6,25493886.377310142,631.6556994180282
D2,pilot_baseline,20260917,7,25496089.586701002,630.4489515754875
D2,pilot_baseline,20260917,8,25519534.86585115,630.1235289497636
D2,pilot_baseline,20260917,9,25521347.97290027,629.9590489591308
D2,pilot_baseline,20260917,10,25557179.32790937,629.7233804612873
D2,pilot_baseline,20260917,11,25560492.570093606,629.5281173717194
D2,pilot_baseline,20260917,12,25571579.98419827,626.6645687555615
D2,pilot_baseline,20260917,13,25590583.6349376,625.9854017586183
D2,pilot_baseline,20260917,14,25609543.220803056,625.848027500598
D2,pilot_baseline,20260917,15,25662635.749882285,624.7281362559562
D2,pilot_baseline,20260917,16,25706864.81835801,623.7058078042952
D2,pilot_baseline,20260917,17,25719666.88662111,623.5265866903336
D2,pilot_baseline,20260917,18,25765221.06616766,623.3826091716676
D2,pilot_baseline,20260917,19,25773986.674023528,623.0142203543771
D2,pilot_baseline,20260917,20,25798169.38377745,622.7242170258387
D2,pilot_baseline,20260917,21,25830665.514231108,622.7230375222779
D2,pilot_baseline,20260917,22,25832480.224842627,622.2226752375537
D2,pilot_baseline,20260917,23,25898564.255277354,621.1024928006875
D2,pilot_baseline,20260917,24,25937260.159056086,620.9908651527479
D2,pilot_baseline,20260917,25,25939462.700938817,620.975987139298
D2,pilot_baseline,20260917,26,26062309.650969625,620.5485701489476
D2,pilot_baseline,20260918,1,25146315.907751385,642.184240595627
D2,pilot_baseline,20260918,2,25187421.47749014,641.7373920584139
D2,pilot_baseline,20260918,3,25216376.9245569,638.1732288641252
D2,pilot_baseline,20260918,4,25221300.3293601,637.7905429809007
D2,pilot_baseline,20260918,5,25228935.887190983,637.7734528254964
D2,pilot_baseline,20260918,6,25237247.896579187,637.6745175186339
D2,pilot_baseline,20260918,7,25255986.014608912,635.9866550788166
D2,pilot_baseline,20260918,8,25269422.959739454,635.5888434825613
D2,pilot_baseline,20260918,9,25321282.884688392,634.5173229263332
D2,pilot_baseline,20260918,10,25322705.63074783,634.4212570864919
D2,pilot_baseline,20260918,11,25328301.206782926,634.3038662788836
D2,pilot_baseline,20260918,12,25347353.470267907,633.9707724288008
D2,pilot_baseline,20260918,13,25350907.3357614,632.9904081337638
D2,pilot_baseline,20260918,14,25386393.171536654,632.4728259124901
D2,pilot_baseline,20260918,15,25389445.243640654,631.0806548297811
D2,pilot_baseline,20260918,16,25457489.206106957,629.9738199182277
D2,pilot_baseline,20260918,17,25528364.151977655,629.8542374825071
D2,pilot_baseline,20260918,18,25528904.359157458,628.8791160693036
D2,pilot_baseline,20260918,19,25625277.03018816,628.1132627626886
D2,pilot_baseline,20260918,20,25675230.076603375,627.6964201739594
D2,pilot_baseline,20260918,21,25783505.921815068,627.1387738545376
D2,pilot_baseline,20260918,22,25841289.834383614,626.025888849747
D2,pilot_baseline,20260918,23,25972888.906692896,625.8461908718342
D2,pilot_baseline,20260918,24,25974315.53603547,625.6576653818188
D2,pilot_baseline,20260918,25,26005707.571859438,625.3219435037835
D2,pilot_baseline,20260918,26,26024264.12007824,625.1146866113693
D2,pilot_baseline,20260918,27,26038579.21828055,624.7709068181726
D2,pilot_baseline,20260919,1,25193293.341905214,635.6687707884093
D2,pilot_baseline,20260919,2,25224910.491723917,635.123124280483
D2,pilot_baseline,20260919,3,25230698.312514964,634.7985186472152
D2,pilot_baseline,20260919,4,25232158.574837178,634.7481784650669
D2,pilot_baseline,20260919,5,25261721.687618826,634.0982443961713
D2,pilot_baseline,20260919,6,25268697.9829264,633.3063059927446
D2,pilot_baseline,20260919,7,25283623.192006044,632.7442916622921
D2,pilot_baseline,20260919,8,25289409.092763457,632.519496682952
D2,pilot_baseline,20260919,9,25297568.186163597,631.7038830328336
D2,pilot_baseline,20260919,10,25316536.68282912,630.691152359605
D2,pilot_baseline,20260919,11,25330079.32530109,630.115390172532
D2,pilot_baseline,20260919,12,25357894.65832598,629.9229508441925
D2,pilot_baseline,20260919,13,25370116.783563696,629.567854606044
D2,pilot_baseline,20260919,14,25399034.53660163,628.8658989914115
D2,pilot_baseline,20260919,15,25400858.56461812,628.6564635442271
D2,pilot_baseline,20260919,16,25404369.409010656,628.5200177979875
D2,pilot_baseline,20260919,17,25409701.79123803,627.8954335352838
D2,pilot_baseline,20260919,18,25419043.96174824,627.7622494495813
D2,pilot_baseline,20260919,19,25434805.231274627,627.0167750220664
D2,pilot_baseline,20260919,20,25437868.3185677,626.8213563063872
D2,pilot_baseline,20260919,21,25453184.987443093,626.3297236359927
D2,pilot_baseline,20260919,22,25468696.754395302,625.9368705746316
D2,pilot_baseline,20260919,23,25474926.42379011,625.7334981971501
D2,pilot_baseline,20260919,24,25493201.721248914,625.5674859103249
D2,pilot_baseline,20260919,25,25523670.379105672,625.3561990894391
D2,pilot_baseline,20260919,26,25524432.172126237,625.1324965766598
D2,pilot_baseline,20260919,27,25533765.142147526,624.9665608329423
D2,pilot_baseline,20260919,28,25538295.308761396,624.0365165422298
D2,pilot_baseline,20260919,29,25543649.66928894,623.9295386300438
D2,pilot_baseline,20260919,30,25585944.79980551,623.8405521030321
D2,pilot_baseline,20260919,31,25604062.91784765,623.1393355294646
D2,pilot_baseline,20260919,32,25624644.621522404,623.1160990197664
D2,pilot_baseline,20260919,33,25645002.5353841,622.5295805588866
D2,pilot_baseline,20260919,34,25654606.57354571,622.4150767118058
D2,pilot_baseline,20260919,35,25666908.69541238,621.9778826701856
D2,pilot_baseline,20260919,36,25685555.630145233,621.9457032399242
D2,pilot_baseline,20260919,37,25691431.365954775,621.5373528964682
D2,pilot_baseline,20260919,38,25737607.64090381,621.3628040287466
D2,pilot_baseline,20260919,39,25767612.991483085,620.5208715583808
D2,pilot_baseline,20260919,40,25814790.952340182,620.0285484655707
D2,pilot_baseline,20260919,41,25884650.43085705,619.9533859810009
D2,pilot_baseline,20260919,42,25901068.108342864,619.4015965313907
D2,pilot_baseline,20260919,43,26007335.75861181,619.1556538743874
D2,pilot_baseline,20260919,44,26102125.17335419,619.0224339165679
D2,pilot_baseline,20260920,1,25153932.23040417,642.9570546623337
D2,pilot_baseline,20260920,2,25201693.26927479,641.5172732820778
D2,pilot_baseline,20260920,3,25278337.298990436,640.8418034838751
D2,pilot_baseline,20260920,4,25290168.345697608,639.3993532343395
D2,pilot_baseline,20260920,5,25299559.89998219,639.0830785107962
D2,pilot_baseline,20260920,6,25313173.871926427,638.1800359776721
D2,pilot_baseline,20260920,7,25342130.94813914,637.6928875984443
D2,pilot_baseline,20260920,8,25343146.78360927,637.0610063350598
D2,pilot_baseline,20260920,9,25349536.207034994,637.0033608018014
D2,pilot_baseline,20260920,10,25353120.40653655,635.2751015878183
D2,pilot_baseline,20260920,11,25369670.233522613,635.2167588601261
D2,pilot_baseline,20260920,12,25372989.160195034,635.1953313386476
D2,pilot_baseline,20260920,13,25386055.340817258,635.014977136598
D2,pilot_baseline,20260920,14,25402997.21799684,633.7854942070328
D2,pilot_baseline,20260920,15,25469028.502771873,633.2774420048421
D2,pilot_baseline,20260920,16,25486115.93126628,632.9832770894806
D2,pilot_baseline,20260920,17,25492180.27054171,632.1826474124496
D2,pilot_baseline,20260920,18,25502960.721761923,631.1582530692416
D2,pilot_baseline,20260920,19,25533669.01532985,631.1566512674226
D2,pilot_baseline,20260920,20,25548654.10382952,628.9752834586715
D2,pilot_baseline,20260920,21,25619425.571289,628.8807619799156
D2,pilot_baseline,20260920,22,25622076.577240564,627.0862658294424
D2,pilot_baseline,20260920,23,25689794.273581114,626.0443109310428
D2,pilot_baseline,20260920,24,25705260.70901666,626.0066646406814
D2,pilot_baseline,20260920,25,25729500.214576475,625.6793128299938
D2,pilot_baseline,20260920,26,25760649.934297647,625.4064653610425
D2,pilot_baseline,20260920,27,25847144.492098667,624.4655921870923
D2,pilot_baseline,20260920,28,25854005.596250553,624.1572982220167
D2,pilot_baseline,20260920,29,25907787.612509776,623.6831714819521
D2,pilot_baseline,20260921,1,25635637.652448915,628.2125862621835
D2,pilot_baseline,20260921,2,25637601.820219483,628.1953628649771
D2,pilot_baseline,20260921,3,25656501.814355727,626.0222846526308
D2,pilot_baseline,20260921,4,25676826.173303593,624.483091325793
D2,pilot_baseline,20260921,5,25728757.885203812,623.0029809307017
D2,pilot_baseline,20260921,6,25728872.698382687,622.7421127657869
D2,pilot_baseline,20260921,7,25748200.47433151,622.6507268262004
D2,pilot_baseline,20260921,8,25767951.03738705,621.1704184097796
D2,pilot_baseline,20260921,9,25798299.647647206,620.3933745607299
D2,pilot_baseline,20260921,10,25835564.977467842,620.2446048963757
D2,pilot_baseline,20260921,11,25836264.796507765,619.2942318599185
D2,pilot_baseline,20260921,12,25837663.6136833,618.6212504454
D2,pilot_baseline,20260921,13,25869912.826057147,618.1670617838645
D2,pilot_baseline,20260921,14,25907497.84030334,618.154048093464
D2,pilot_baseline,20260921,15,25912525.61815807,617.684449467495
D2,pilot_baseline,20260921,16,25917515.447880242,617.5255191446895
D2,pilot_baseline,20260921,17,25958929.87185965,617.4288030702173
D2,pilot_baseline,20260921,18,25966714.742599607,616.3705803792104
D2,pilot_baseline,20260921,19,25982644.84135444,616.2275563064204
D2,pilot_baseline,20260921,20,26003590.617530074,615.8760464803038
D2,pilot_baseline,20260921,21,26062362.90782564,615.7764684074817
D2,pilot_baseline,20260921,22,26098224.682954,615.6651105294036
D2,pilot_baseline,20260921,23,26158103.74627222,615.5094569568153
D2,pilot_baseline,20260922,1,25162484.532220487,636.4340384670242
D2,pilot_baseline,20260922,2,25251506.218225747,634.5276644590829
D2,pilot_baseline,20260922,3,25262982.920210816,633.716195204016
D2,pilot_baseline,20260922,4,25319099.254252143,632.3910810780599
D2,pilot_baseline,20260922,5,25319246.540929716,631.6435429413322
D2,pilot_baseline,20260922,6,25381148.419301614,631.1432551978074
D2,pilot_baseline,20260922,7,25392956.001372732,630.6849026889405
D2,pilot_baseline,20260922,8,25398527.99048416,630.6388009897217
D2,pilot_baseline,20260922,9,25421719.443954043,630.4252173879756
D2,pilot_baseline,20260922,10,25424343.997898955,630.2789293187308
D2,pilot_baseline,20260922,11,25440944.499955714,630.0441126175392
D2,pilot_baseline,20260922,12,25443356.75580319,629.9442197438456
D2,pilot_baseline,20260922,13,25444467.903795592,628.5514965456716
D2,pilot_baseline,20260922,14,25454864.22352207,628.5172920473726
D2,pilot_baseline,20260922,15,25457613.335350577,628.4722881133464
D2,pilot_baseline,20260922,16,25467578.563540842,627.7288413017925
D2,pilot_baseline,20260922,17,25487778.111433093,626.9680272774153
D2,pilot_baseline,20260922,18,25534529.871773314,626.6742655950266
D2,pilot_baseline,20260922,19,25536910.840346955,626.6672421599412
D2,pilot_baseline,20260922,20,25550055.50947643,626.2608864354095
D2,pilot_baseline,20260922,21,25554711.97832386,625.8765558356181
D2,pilot_baseline,20260922,22,25566172.968085457,625.7308105229658
D2,pilot_baseline,20260922,23,25568940.708643302,625.6442503957111
D2,pilot_baseline,20260922,24,25594701.240324777,625.3340427227532
D2,pilot_baseline,20260922,25,25607592.55054191,625.0213845316979
D2,pilot_baseline,20260922,26,25614077.48750263,624.857931566699
D2,pilot_baseline,20260922,27,25625059.5374227,624.3932527559159
D2,pilot_baseline,20260922,28,25646240.211182833,624.357114903127
D2,pilot_baseline,20260922,29,25683745.220119435,622.9533985700633
D2,pilot_baseline,20260923,1,25046006.42259322,647.1906140569781
D2,pilot_baseline,20260923,2,25061531.452948302,647.0663569623989
D2,pilot_baseline,20260923,3,25100182.536604483,646.7241288695689
D2,pilot_baseline,20260923,4,25123643.30473013,645.3218862160228
D2,pilot_baseline,20260923,5,25141940.94070526,641.0369310113225
D2,pilot_baseline,20260923,6,25174501.345617477,640.7791300655545
D2,pilot_baseline,20260923,7,25182361.453571737,640.3363259870112
D2,pilot_baseline,20260923,8,25190830.561692324,638.5921035956884
D2,pilot_baseline,20260923,9,25221007.788087424,637.4904245186373
D2,pilot_baseline,20260923,10,25232301.185164962,636.8921406372862
D2,pilot_baseline,20260923,11,25246852.148595713,636.7443471639613
D2,pilot_baseline,20260923,12,25282551.291412458,635.0400530552051
D2,pilot_baseline,20260923,13,25302148.75692602,634.9580045071826
D2,pilot_baseline,20260923,14,25309822.970179904,634.9536665583946
D2,pilot_baseline,20260923,15,25312280.889034152,632.4258064513483
D2,pilot_baseline,20260923,16,25369482.123792775,631.989292875109
D2,pilot_baseline,20260923,17,25377981.054863505,630.9981877561038
D2,pilot_baseline,20260923,18,25389547.05517694,630.9689310300613
D2,pilot_baseline,20260923,19,25409502.35100704,630.3227663141279
D2,pilot_baseline,20260923,20,25435691.043287467,629.9671239534689
D2,pilot_baseline,20260923,21,25443344.588492945,629.8822787297227
D2,pilot_baseline,20260923,22,25451739.9083838,629.206481678167
D2,pilot_baseline,20260923,23,25469747.95152117,628.0145140478517
D2,pilot_baseline,20260923,24,25533849.628099117,626.9230366119989
D2,pilot_baseline,20260923,25,25540940.632049046,626.7202938446053
D2,pilot_baseline,20260923,26,25573610.426836558,626.1707814621815
D2,pilot_baseline,20260923,27,25784820.02871271,625.7831359173924
D2,pilot_baseline,20260924,1,25428893.801923327,634.4466678469511
D2,pilot_baseline,20260924,2,25486606.355511293,632.53094627799
D2,pilot_baseline,20260924,3,25501815.52547134,630.7469574074713
D2,pilot_baseline,20260924,4,25509615.277904198,630.205759223458
D2,pilot_baseline,20260924,5,25518277.251997367,629.0253567662187
D2,pilot_baseline,20260924,6,25616886.587534066,628.6145153453922
D2,pilot_baseline,20260924,7,25727081.393325955,626.5342795585811
D2,pilot_baseline,20260924,8,25769151.51340317,626.3664962296533
D2,pilot_baseline,20260924,9,25872468.93777693,626.2782998802185
D2,pilot_baseline,20260924,10,25874752.05459233,626.226085637523
D2,pilot_baseline,20260924,11,25911253.80227951,625.4852259882723
D2,pilot_baseline,20260924,12,25992101.192310806,624.6391580525574
D2,pilot_baseline,20260924,13,26020899.95600066,624.4779223347535
D2,pilot_baseline,20260924,14,26038208.726799358,624.0847736479225
D2,pilot_baseline,20260924,15,26058956.2238214,623.9093610468125
D2,pilot_baseline,20260925,1,25206519.600066766,640.7017526843566
D2,pilot_baseline,20260925,2,25270970.24036927,637.8195970830534
D2,pilot_baseline,20260925,3,25301883.564870976,634.6280640213215
D2,pilot_baseline,20260925,4,25347088.443657413,634.291120951284
D2,pilot_baseline,20260925,5,25364151.687721595,633.9940311462045
D2,pilot_baseline,20260925,6,25364311.081750304,633.1477427270942
D2,pilot_baseline,20260925,7,25408042.79938714,632.1261987430884
D2,pilot_baseline,20260925,8,25443144.06301096,631.03532127998
D2,pilot_baseline,20260925,9,25475704.51291806,630.2946175194867
D2,pilot_baseline,20260925,10,25484238.83751036,629.854272974657
D2,pilot_baseline,20260925,11,25490998.238136012,629.7828111090898
D2,pilot_baseline,20260925,12,25497895.8156779,628.7671042524615
D2,pilot_baseline,20260925,13,25513064.887221668,628.6822271111157
D2,pilot_baseline,20260925,14,25534954.543110374,626.8201595125378
D2,pilot_baseline,20260925,15,25575290.74852408,626.6914487854882
D2,pilot_baseline,20260925,16,25593104.529804103,626.2893904861016
D2,pilot_baseline,20260925,17,25616330.170467474,625.8766397241035
D2,pilot_baseline,20260925,18,25641974.088829886,625.101137958367
D2,pilot_baseline,20260925,19,25646765.848656572,624.3644992936399
D2,pilot_baseline,20260925,20,25709725.351956606,623.1529388667276
D2,pilot_baseline,20260925,21,25752407.841781694,622.7910994617299
D2,pilot_baseline,20260925,22,25771471.11837194,622.0808303878847
D2,pilot_baseline,20260925,23,25880465.655882798,621.5736911124048
D2,pilot_baseline,20260925,24,25992252.058995426,621.556385549072
D2,pilot_baseline,20260925,25,26006550.955974136,620.6866913464276
D2,pilot_baseline,20260926,1,25308508.040359497,637.1572137255835
D2,pilot_baseline,20260926,2,25356523.527196545,635.9310039173073
D2,pilot_baseline,20260926,3,25416021.994121872,634.6079735364301
D2,pilot_baseline,20260926,4,25429287.922548894,634.4823555242394
D2,pilot_baseline,20260926,5,25437235.045874827,634.4656755956894
D2,pilot_baseline,20260926,6,25441291.71595394,634.2932226452333
D2,pilot_baseline,20260926,7,25450453.396801125,633.5068869307382
D2,pilot_baseline,20260926,8,25457837.812434986,632.9169372883493
D2,pilot_baseline,20260926,9,25480452.6705285,631.96385347375
D2,pilot_baseline,20260926,10,25488181.60779678,630.5219391858747
D2,pilot_baseline,20260926,11,25534203.60898719,630.2653896572804
D2,pilot_baseline,20260926,12,25565531.39855166,630.20339090361
D2,pilot_baseline,20260926,13,25570271.596476883,629.6803960468493
D2,pilot_baseline,20260926,14,25580029.788666684,628.7093270822943
D2,pilot_baseline,20260926,15,25591695.23170025,628.5718270111588
D2,pilot_baseline,20260926,16,25627541.330328066,628.542169713067
D2,pilot_baseline,20260926,17,25636678.93867883,628.5005131467933
D2,pilot_baseline,20260926,18,25640946.323237304,628.4646330521587
D2,pilot_baseline,20260926,19,25641951.50379101,628.3028972099297
D2,pilot_baseline,20260926,20,25643112.647523634,627.3780824341386
D2,pilot_baseline,20260926,21,25661033.74159171,627.2497368165039
D2,pilot_baseline,20260926,22,25666364.477520302,626.9185741903228
D2,pilot_baseline,20260926,23,25674953.34489675,626.6222508507725
D2,pilot_baseline,20260926,24,25693254.58926395,625.3908147089116
D2,pilot_baseline,20260926,25,25761080.284072116,624.7524826236412
D2,pilot_baseline,20260926,26,25790669.994841784,623.7144372669063
D2,pilot_baseline,20260926,27,26057203.524784334,622.5642416460266
D2,pilot_baseline,20260927,1,25315951.693776637,632.8344946836955
D2,pilot_baseline,20260927,2,25360144.72611847,630.3844899976658
D2,pilot_baseline,20260927,3,25372100.341055118,629.8753019552219
D2,pilot_baseline,20260927,4,25387141.52726757,629.4409964318332
D2,pilot_baseline,20260927,5,25415962.423822828,628.1130373270476
D2,pilot_baseline,20260927,6,25464096.248555735,627.7295782436473
D2,pilot_baseline,20260927,7,25466579.133899756,627.4944125134433
D2,pilot_baseline,20260927,8,25473857.767226707,627.403708496712
D2,pilot_baseline,20260927,9,25478208.188481327,627.3717239785201
D2,pilot_baseline,20260927,10,25482634.57541178,627.3098813676763
D2,pilot_baseline,20260927,11,25487665.477889873,627.2868104349083
D2,pilot_baseline,20260927,12,25493705.53988664,626.1433486501772
D2,pilot_baseline,20260927,13,25500787.18292425,626.1280863982761
D2,pilot_baseline,20260927,14,25511315.754804507,625.877202171957
D2,pilot_baseline,20260927,15,25544358.268845975,625.6558672192274
D2,pilot_baseline,20260927,16,25548047.79084356,625.3835621878179
D2,pilot_baseline,20260927,17,25596467.181364372,624.8775138336995
D2,pilot_baseline,20260927,18,25617935.226815335,624.2696220001129
D2,pilot_baseline,20260927,19,25650506.787308488,623.2002851669198
D2,pilot_baseline,20260927,20,25692265.653477505,622.4202509555149
D2,pilot_baseline,20260927,21,25737693.020359747,622.3659257801022
D2,pilot_baseline,20260927,22,25781096.94239122,622.268650282932
D2,pilot_baseline,20260927,23,25813263.499822635,622.0651988317929
D2,pilot_baseline,20260927,24,25825530.407673843,620.9563680692346
D2,pilot_baseline,20260927,25,25903788.17060193,620.9217478133452
D2,pilot_baseline,20260928,1,25531649.809478123,630.6701325578092
D2,pilot_baseline,20260928,2,25584110.61619117,629.0460617201438
D2,pilot_baseline,20260928,3,25643233.437347226,627.6241383486168
D2,pilot_baseline,20260928,4,25671587.182223987,627.3550629445896
D2,pilot_baseline,20260928,5,25708664.26002613,625.3669508795494
D2,pilot_baseline,20260928,6,25779808.417989034,625.2920155412221
D2,pilot_baseline,20260928,7,25782606.942401703,624.8105186439498
D2,pilot_baseline,20260928,8,25884407.367601812,624.8067318479214
D2,pilot_baseline,20260928,9,25934369.90144712,623.3015184757659
D2,pilot_baseline,20260928,10,25956621.871053763,623.1456253035512
D2,pilot_baseline,20260929,1,25042488.426821988,644.2228576954567
D2,pilot_baseline,20260929,2,25050600.72273132,642.432217909916
D2,pilot_baseline,20260929,3,25095579.711493533,642.2834995966234
D2,pilot_baseline,20260929,4,25134676.909554552,641.4293058847891
D2,pilot_baseline,20260929,5,25163201.040813763,640.1915694937994
D2,pilot_baseline,20260929,6,25163871.507212628,639.0365658154413
D2,pilot_baseline,20260929,7,25179908.492219657,638.1187937626412
D2,pilot_baseline,20260929,8,25192996.89555344,637.1054161365837
D2,pilot_baseline,20260929,9,25239088.301337365,636.6248281484455
D2,pilot_baseline,20260929,10,25244183.27986066,635.7839445628
D2,pilot_baseline,20260929,11,25256403.94293954,634.7619517054499
D2,pilot_baseline,20260929,12,25280231.246462002,634.7566601205932
D2,pilot_baseline,20260929,13,25294011.349965982,632.9078015962345
D2,pilot_baseline,20260929,14,25326115.61595032,632.6613508834461
D2,pilot_baseline,20260929,15,25335423.040326536,631.1379833850208
D2,pilot_baseline,20260929,16,25395382.305611234,629.9254527642615
D2,pilot_baseline,20260929,17,25451175.515984233,629.5217157480504
D2,pilot_baseline,20260929,18,25460944.755319707,628.9887876080716
D2,pilot_baseline,20260929,19,25465315.79322897,627.767301916979
D2,pilot_baseline,20260929,20,25636106.250128467,627.5847811424139
D2,pilot_baseline,20260929,21,25636413.543973446,627.579291188083
D2,pilot_baseline,20260929,22,25642957.539612662,626.8519069542903
D2,pilot_baseline,20260929,23,25813051.585674185,626.3759744350394
D2,pilot_baseline,20260929,24,25820225.045476343,626.0001895462509
D2,pilot_baseline,20260930,1,25332159.27667016,631.8821245998486
D2,pilot_baseline,20260930,2,25333240.297432605,631.8703730890566
D2,pilot_baseline,20260930,3,25357825.34553729,631.1986101380364
D2,pilot_baseline,20260930,4,25365390.11139922,630.9514237842127
D2,pilot_baseline,20260930,5,25386792.65467718,630.4672822474862
D2,pilot_baseline,20260930,6,25392728.709530022,630.3787897612476
D2,pilot_baseline,20260930,7,25395994.55298141,629.8099798102744
D2,pilot_baseline,20260930,8,25419539.63228729,629.4908947289007
D2,pilot_baseline,20260930,9,25431954.4489123,628.9382836768348
D2,pilot_baseline,20260930,10,25444660.57514619,628.8938666184091
D2,pilot_baseline,20260930,11,25452455.53915355,627.747361753372
D2,pilot_baseline,20260930,12,25458383.743261963,627.720468633797
D2,pilot_baseline,20260930,13,25459064.619043816,627.3789039382775
D2,pilot_baseline,20260930,14,25469027.677024506,626.8915443870167
D2,pilot_baseline,20260930,15,25499224.018553767,626.3193779110601
D2,pilot_baseline,20260930,16,25510064.463912286,626.0628729507323
D2,pilot_baseline,20260930,17,25524412.18999573,625.8071514121109
D2,pilot_baseline,20260930,18,25533918.23430052,625.1727907997072
D2,pilot_baseline,20260930,19,25534534.047889274,624.2920912511187
D2,pilot_baseline,20260930,20,25539601.414758723,623.5161400669996
D2,pilot_baseline,20260930,21,25595216.80269366,623.2477903979324
D2,pilot_baseline,20260930,22,25597604.282546118,622.9504741256633
D2,pilot_baseline,20260930,23,25610610.00045649,622.699931607193
D2,pilot_baseline,20260930,24,25620553.94122522,621.8910731870019
D2,pilot_baseline,20260930,25,25633062.954829287,621.2534411204771
D2,pilot_baseline,20260930,26,25649841.023257207,621.2252471138917
D2,pilot_baseline,20260930,27,25652582.920221817,620.9692654128704
D2,pilot_baseline,20260930,28,25664685.103188723,620.7679210260043
D2,pilot_baseline,20260930,29,25697786.67339668,620.7393612323949
D2,pilot_baseline,20260930,30,25706271.33015999,620.6317524753082
D2,pilot_baseline,20260930,31,25713105.617012165,620.6236193788742
D2,pilot_baseline,20260930,32,25718729.189081665,619.9599279310055
D2,pilot_baseline,20260930,33,25730308.36739736,619.6616298891954
D2,pilot_baseline,20260930,34,25769537.01109524,619.617784981384
D2,pilot_baseline,20260930,35,25772606.979508296,619.4624657981099
D2,pilot_baseline,20260930,36,25784572.703557115,619.1012276710171
D2,pilot_baseline,20260930,37,25840899.187147472,618.9897738140388
D2,pilot_baseline,20260930,38,25846396.844783336,618.8519408838886
D2,pilot_baseline,20260930,39,25861913.547261577,618.1382253883559
D2,pilot_baseline,20260931,1,25724809.667285755,623.1366687767049
D2,pilot_baseline,20260931,2,25843532.631368183,622.9121405242626
D2,pilot_baseline,20260931,3,25853983.46793571,622.8263385204519
D2,pilot_baseline,20260931,4,25862742.726194337,621.7142188154634
D2,pilot_baseline,20260931,5,25870868.04096861,620.9832880810951
D2,pilot_baseline,20260931,6,25969663.758063268,619.9572844279855
D2,pilot_baseline,20260931,7,25970157.467902403,619.7960568655614
D2,pilot_baseline,20260931,8,26034692.344049,618.7080253097012
D2,pilot_baseline,20260931,9,26037523.97794138,618.5472874449005
D2,pilot_baseline,20260931,10,26086044.193576496,617.4171661977448
D2,pilot_baseline,20260931,11,26200862.33033731,617.0032010108355
D2,pilot_baseline,20260931,12,26205328.164985247,616.6471815365685
D2,pilot_baseline,20260931,13,26238932.27526264,616.3678485987256
D2,pilot_baseline,20260931,14,26296343.928346872,615.9746028929509
D2,pilot_baseline,20260931,15,26307330.49490541,615.1108416850437
D2,pilot_baseline,20260931,16,26437962.158408742,614.5667546170718
D2,pilot_baseline,20260931,17,26640245.027966164,614.2157580011346
D2,pilot_baseline,20260932,1,25559731.174305983,626.0966538496002
D2,pilot_baseline,20260932,2,25658880.322610136,625.9907279989967
D2,pilot_baseline,20260932,3,25661193.312382393,625.5988954595475
D2,pilot_baseline,20260932,4,25662173.57983222,624.7988314610847
D2,pilot_baseline,20260932,5,25714569.955506623,623.4802907466676
D2,pilot_baseline,20260932,6,25718426.81249636,623.4786875804696
D2,pilot_baseline,20260932,7,25730448.21749255,622.1083711577079
D2,pilot_baseline,20260932,8,25786217.910943575,622.027987385564
D2,pilot_baseline,20260932,9,25810740.424474787,621.1810593180439
D2,pilot_baseline,20260932,10,25841530.923687905,621.0199583220672
D2,pilot_baseline,20260932,11,25850049.356466517,619.5333552153443
D2,pilot_baseline,20260932,12,25916694.85788106,618.7566917092909
D2,pilot_baseline,20260932,13,25941453.928020887,618.4875419481988
D2,pilot_baseline,20260932,14,25971652.972479712,618.159560689802
D2,pilot_baseline,20260932,15,26042465.885412697,617.4735513726054
D2,pilot_baseline,20260932,16,26089890.35663573,617.2773705832032
D2,pilot_baseline,20260932,17,26112093.31258397,615.724201528769
D2,pilot_baseline,20260933,1,25101518.18841451,644.7532198797009
D2,pilot_baseline,20260933,2,25178372.01315317,640.449836250504
D2,pilot_baseline,20260933,3,25187823.038561508,639.6078138470434
D2,pilot_baseline,20260933,4,25215047.670849048,639.1944431976456
D2,pilot_baseline,20260933,5,25216969.30803571,638.1110137937333
D2,pilot_baseline,20260933,6,25226878.41922648,637.1963805217963
D2,pilot_baseline,20260933,7,25241448.364668567,636.2262415802248
D2,pilot_baseline,20260933,8,25289573.615892984,636.1541469509332
D2,pilot_baseline,20260933,9,25291576.617042713,633.8351560428281
D2,pilot_baseline,20260933,10,25311503.84219931,633.4144776344696
D2,pilot_baseline,20260933,11,25334576.145390492,632.8525972456048
D2,pilot_baseline,20260933,12,25354157.38789779,632.5929988848699
D2,pilot_baseline,20260933,13,25370630.82644159,630.9024316397033
D2,pilot_baseline,20260933,14,25428745.506816357,630.4679688607548
D2,pilot_baseline,20260933,15,25462254.87210627,629.396000972072
D2,pilot_baseline,20260933,16,25488073.052215826,628.82265002056
D2,pilot_baseline,20260933,17,25495004.934974436,627.8460960436555
D2,pilot_baseline,20260933,18,25525775.03724586,626.9690170312797
D2,pilot_baseline,20260933,19,25541818.049767397,626.9496437200202
D2,pilot_baseline,20260933,20,25557533.609105714,625.9319373137755
D2,pilot_baseline,20260933,21,25621158.942860615,625.4539435575421
D2,pilot_baseline,20260933,22,25651597.49818462,625.36107202392
D2,pilot_baseline,20260933,23,25695172.138009973,625.313556033026
D2,pilot_baseline,20260933,24,25701996.64670718,624.7520806599589
D2,pilot_baseline,20260933,25,25782115.65688202,623.9726919158431
D2,pilot_baseline,20260933,26,25924838.4189985,622.7601558250858
D2,pilot_baseline,20260934,1,25451694.82196437,636.9312295330088
D2,pilot_baseline,20260934,2,25463425.986198872,636.6268079633326
D2,pilot_baseline,20260934,3,25525650.2702105,634.3934918080762
D2,pilot_baseline,20260934,4,25545002.47644904,633.9703868897898
D2,pilot_baseline,20260934,5,25588235.123053703,633.216010974117
D2,pilot_baseline,20260934,6,25591370.813061763,632.5850832754709
D2,pilot_baseline,20260934,7,25606266.781967938,632.5179445757075
D2,pilot_baseline,20260934,8,25626331.185271055,631.6009147208888
D2,pilot_baseline,20260934,9,25626413.194616802,631.3263417454157
D2,pilot_baseline,20260934,10,25667945.33273681,629.9506576744288
D2,pilot_baseline,20260934,11,25678794.6349241,629.7548639757158
D2,pilot_baseline,20260934,12,25709738.13501429,629.5830676092886
D2,pilot_baseline,20260934,13,25712754.35116814,628.0709586641337
D2,pilot_baseline,20260934,14,25765970.1937913,627.7120173945754
D2,pilot_baseline,20260934,15,25778276.60881751,627.4240867378415
D2,pilot_baseline,20260934,16,25811173.70560819,627.2843422520543
D2,pilot_baseline,20260934,17,25818693.967902925,627.0310491034893
D2,pilot_baseline,20260934,18,25821865.722254075,626.2633360111929
D2,pilot_baseline,20260934,19,25854682.138590485,626.2535772530961
D2,pilot_baseline,20260934,20,25855596.22362774,625.8939192402139
D2,pilot_baseline,20260934,21,25871592.416896123,625.8305718767882
D2,pilot_baseline,20260934,22,25897183.660838515,625.4310756216538
D2,pilot_baseline,20260934,23,25922793.68551792,624.6906242285719
D2,pilot_baseline,20260934,24,25946129.387175467,623.7882135603272
D2,pilot_baseline,20260934,25,26150536.75522265,623.237525470693
D2,pilot_baseline,20260935,1,25147443.083006445,638.954472984277
D2,pilot_baseline,20260935,2,25175458.46936603,638.9022394436703
D2,pilot_baseline,20260935,3,25204780.642482918,635.3951792811853
D2,pilot_baseline,20260935,4,25254602.764740624,634.2012627418892
D2,pilot_baseline,20260935,5,25289212.64560864,633.9499342211766
D2,pilot_baseline,20260935,6,25292550.26797677,633.715325983953
D2,pilot_baseline,20260935,7,25308132.21910202,633.4986250655724
D2,pilot_baseline,20260935,8,25327839.24485767,632.9114980880879
D2,pilot_baseline,20260935,9,25348412.56657771,632.90034096392
D2,pilot_baseline,20260935,10,25368897.71678754,632.2376713237741
D2,pilot_baseline,20260935,11,25370527.46639824,632.0399689930852
D2,pilot_baseline,20260935,12,25371882.234277867,631.7299163539548
D2,pilot_baseline,20260935,13,25416818.840990275,631.1250783985054
D2,pilot_baseline,20260935,14,25506233.024725806,630.2903718042927
D2,pilot_baseline,20260935,15,25631385.607847143,629.9480121705758
D2,pilot_baseline,20260935,16,25748116.781646177,628.8273123882916
D3,pilot_baseline,20260906,1,27071530.936532266,651.9582680950264
D3,pilot_baseline,20260906,2,27093981.044853743,651.1340323382851
D3,pilot_baseline,20260906,3,27117267.76629467,650.44664920056
D3,pilot_baseline,20260906,4,27165973.137247138,649.9704148121726
D3,pilot_baseline,20260906,5,27168516.627231143,649.9370902497342
D3,pilot_baseline,20260906,6,27186990.088964142,649.7853854214037
D3,pilot_baseline,20260906,7,27198775.495193902,648.4433038181827
D3,pilot_baseline,20260906,8,27215540.160279196,648.339698599022
D3,pilot_baseline,20260906,9,27219667.507375665,648.2841398334222
D3,pilot_baseline,20260906,10,27242292.807796773,647.4784044648234
D3,pilot_baseline,20260906,11,27286565.66273737,646.7463007289451
D3,pilot_baseline,20260906,12,27307106.078629427,646.4755932381767
D3,pilot_baseline,20260906,13,27340661.500697274,645.3697321364876
D3,pilot_baseline,20260906,14,27369393.887405243,644.6873340472341
D3,pilot_baseline,20260906,15,27370071.347902913,644.6268027956335
D3,pilot_baseline,20260906,16,27411233.70747918,644.3049495183037
D3,pilot_baseline,20260906,17,27422984.936312344,642.9977954110734
D3,pilot_baseline,20260906,18,27469673.88741685,642.7756884644353
D3,pilot_baseline,20260906,19,27506240.66750005,642.2301167042061
D3,pilot_baseline,20260906,20,27542565.771716293,641.8591716215129
D3,pilot_baseline,20260906,21,27551293.632281546,641.2563545674195
D3,pilot_baseline,20260906,22,27556714.074647013,641.087886079256
D3,pilot_baseline,20260906,23,27564773.835727964,641.0400046277061
D3,pilot_baseline,20260906,24,27571213.169481542,640.9979287963631
D3,pilot_baseline,20260906,25,27580076.42825683,640.7319821609921
D3,pilot_baseline,20260906,26,27586487.625254955,640.5684606349278
D3,pilot_baseline,20260906,27,27593387.064369347,639.7576673216292
D3,pilot_baseline,20260906,28,27631761.044654634,639.3812672338424
D3,pilot_baseline,20260906,29,27694489.318409592,639.1784623139417
D3,pilot_baseline,20260906,30,27708775.26674992,639.0628344322129
D3,pilot_baseline,20260906,31,27721321.97413535,638.7513893935031
D3,pilot_baseline,20260906,32,27730644.371315908,637.8807327015755
D3,pilot_baseline,20260906,33,27829191.365889892,637.8204548343052
D3,pilot_baseline,20260906,34,27836974.77581651,637.4637177220715
D3,pilot_baseline,20260906,35,27840504.67287741,637.2152448238722
D3,pilot_baseline,20260906,36,27872821.24218889,637.0497013060227
D3,pilot_baseline,20260906,37,27924358.191131786,636.4191002117395
D3,pilot_baseline,20260906,38,27940115.710658874,636.0991093365595
D3,pilot_baseline,20260906,39,28019874.22031365,635.6240560509667
D3,pilot_baseline,20260906,40,28090938.913247567,634.0004427842618
D3,pilot_baseline,20260907,1,27047603.17876105,655.6740772508707
D3,pilot_baseline,20260907,2,27096626.85247933,653.2406271212037
D3,pilot_baseline,20260907,3,27271658.975117974,648.9339729913677
D3,pilot_baseline,20260907,4,27286227.715163868,648.4460492914412
D3,pilot_baseline,20260907,5,27331989.174458817,645.5168054062009
D3,pilot_baseline,20260907,6,27366207.248205464,645.415571036125
D3,pilot_baseline,20260907,7,27371387.73085083,643.7984353871527
D3,pilot_baseline,20260907,8,27419345.359670006,643.7128445605351
D3,pilot_baseline,20260907,9,27467724.50659239,643.2724396878067
D3,pilot_baseline,20260907,10,27493811.226942316,642.5737444411419
D3,pilot_baseline,20260907,11,27499751.77780121,642.1858301862418
D3,pilot_baseline,20260907,12,27513429.654091068,641.9022443649831
D3,pilot_baseline,20260907,13,27544574.92166814,641.2092266463222
D3,pilot_baseline,20260907,14,27580334.82143745,640.0393820199846
D3,pilot_baseline,20260907,15,27614565.809137754,640.0162443646477
D3,pilot_baseline,20260907,16,27617629.192241255,639.8405796266433
D3,pilot_baseline,20260907,17,27652452.84490022,638.741982305283
D3,pilot_baseline,20260907,18,27664878.684072804,638.4825970687725
D3,pilot_baseline,20260907,19,27679532.26776552,638.0040425240385
D3,pilot_baseline,20260907,20,27707934.182482336,637.5256341512203
D3,pilot_baseline,20260907,21,27808182.186267212,636.2218268116847
D3,pilot_baseline,20260907,22,27864751.64168166,636.1653774988359
D3,pilot_baseline,20260907,23,27883052.747887503,635.4283766083394
D3,pilot_baseline,20260907,24,28049919.476391073,634.5935275955524
D3,pilot_baseline,20260907,25,28093460.402476612,633.6657565082581
D3,pilot_baseline,20260907,26,28197050.827776488,633.2434167716226
D3,pilot_baseline,20260907,27,28424597.684337158,631.9443474162598
D3,pilot_baseline,20260908,1,27095631.001549467,653.1533881350501
D3,pilot_baseline,20260908,2,27200021.630612053,651.390886243877
D3,pilot_baseline,20260908,3,27200194.78552358,651.3871835711881
D3,pilot_baseline,20260908,4,27204375.22793535,651.3419486415335
D3,pilot_baseline,20260908,5,27214337.954721183,650.2000275235939
D3,pilot_baseline,20260908,6,27238518.683121476,649.7725026357311
D3,pilot_baseline,20260908,7,27256188.68266386,649.7128476726831
D3,pilot_baseline,20260908,8,27268961.498726487,648.9123462714078
D3,pilot_baseline,20260908,9,27293431.380091503,648.4874006467334
D3,pilot_baseline,20260908,10,27313326.51430504,648.0491700724081
D3,pilot_baseline,20260908,11,27334982.727940682,647.9809982838486
D3,pilot_baseline,20260908,12,27338042.949215535,647.8230418162337
D3,pilot_baseline,20260908,13,27372603.16493856,647.1789244454382
D3,pilot_baseline,20260908,14,27379290.163000103,646.4310437277978
D3,pilot_baseline,20260908,15,27398242.869458936,646.1356511760746
D3,pilot_baseline,20260908,16,27417383.14906248,645.8389149415277
D3,pilot_baseline,20260908,17,27427098.54497916,645.4207881623465
D3,pilot_baseline,20260908,18,27441299.541054554,645.2925247316472
D3,pilot_baseline,20260908,19,27442506.17660734,644.2421758554452
D3,pilot_baseline,20260908,20,27486470.146216523,644.1865252413514
D3,pilot_baseline,20260908,21,27502203.097749073,644.0741542428871
D3,pilot_baseline,20260908,22,27505715.31247674,644.0615101496498
D3,pilot_baseline,20260908,23,27506347.933694266,643.9415466666102
D3,pilot_baseline,20260908,24,27530932.844152585,643.6141164722789
D3,pilot_baseline,20260908,25,27533512.70650961,643.5919601613359
D3,pilot_baseline,20260908,26,27563762.092631813,643.1522097674806
D3,pilot_baseline,20260908,27,27579962.261022408,642.946955044593
D3,pilot_baseline,20260908,28,27595604.702565916,641.8761458567815
D3,pilot_baseline,20260908,29,27602929.497794207,641.817403048514
D3,pilot_baseline,20260908,30,27610065.56084486,641.1887826916204
D3,pilot_baseline,20260908,31,27713292.78655722,641.0452971828141
D3,pilot_baseline,20260908,32,27720984.563716084,641.0045947735239
D3,pilot_baseline,20260908,33,27752257.59250884,639.8092099940088
D3,pilot_baseline,20260908,34,27756154.388541933,639.7831910142128
D3,pilot_baseline,20260908,35,27758367.548097327,639.6859565614201
D3,pilot_baseline,20260908,36,27780111.36819703,639.6188352918233
D3,pilot_baseline,20260908,37,27800258.597379666,639.4943322997201
D3,pilot_baseline,20260908,38,27800561.729746904,638.8237234385956
D3,pilot_baseline,20260908,39,27861029.02732504,638.1825189807981
D3,pilot_baseline,20260908,40,27917468.829859085,637.8741864869546
D3,pilot_baseline,20260908,41,27984509.536775567,637.6278536829163
D3,pilot_baseline,20260908,42,28001702.87841992,637.5351500430855
D3,pilot_baseline,20260909,1,26984195.84286157,660.1044048830798
D3,pilot_baseline,20260909,2,26995720.71270516,658.0905124874954
D3,pilot_baseline,20260909,3,27023595.06309758,658.021136068982
D3,pilot_baseline,20260909,4,27043197.613789808,657.5280001848269
D3,pilot_baseline,20260909,5,27062510.535236392,655.8265761911456
D3,pilot_baseline,20260909,6,27064468.292375468,655.3636238700352
D3,pilot_baseline,20260909,7,27069453.411274914,654.8608626072709
D3,pilot_baseline,20260909,8,27149755.856618907,653.3181002446996
D3,pilot_baseline,20260909,9,27179729.897074755,653.2738647478818
D3,pilot_baseline,20260909,10,27182793.519254893,651.4313564935089
D3,pilot_baseline,20260909,11,27238848.588484425,651.182623985672
D3,pilot_baseline,20260909,12,27250720.51939958,650.601580349909
D3,pilot_baseline,20260909,13,27299220.186704185,649.907197092481
D3,pilot_baseline,20260909,14,27302272.688876748,649.5483981820577
D3,pilot_baseline,20260909,15,27307087.313040663,648.3860218446864
D3,pilot_baseline,20260909,16,27385684.62429219,647.2276221310093
D3,pilot_baseline,20260909,17,27473567.932458162,646.1242583622642
D3,pilot_baseline,20260909,18,27515437.061683595,644.9747560786295
D3,pilot_baseline,20260909,19,27660508.603501175,643.6727108248398
D3,pilot_baseline,20260909,20,27672426.724927913,643.5792495822841
D3,pilot_baseline,20260910,1,27186616.550436966,656.0554349609627
D3,pilot_baseline,20260910,2,27203571.03882069,654.5030064133898
D3,pilot_baseline,20260910,3,27273670.081818175,652.9172302720732
D3,pilot_baseline,20260910,4,27279974.77631585,651.9392024462509
D3,pilot_baseline,20260910,5,27283798.388489652,651.6474525162133
D3,pilot_baseline,20260910,6,27400471.592840955,650.3550091360227
D3,pilot_baseline,20260910,7,27414723.330472913,645.7403570580419
D3,pilot_baseline,20260910,8,27583289.363058887,644.5273295312771
D3,pilot_baseline,20260910,9,27613993.9497361,641.9100808541504
D3,pilot_baseline,20260910,10,27784015.55552718,641.8362163769477
D3,pilot_baseline,20260910,11,27784962.789184548,641.683944487275
D3,pilot_baseline,20260910,12,27786414.211883176,641.5650854864308
D3,pilot_baseline,20260910,13,27803164.324062724,641.4234807977475
D3,pilot_baseline,20260910,14,27815352.198099084,641.3956252298378
D3,pilot_baseline,20260910,15,27838205.698477782,641.223960159262
D3,pilot_baseline,20260910,16,27844123.823316365,637.6448388578254
D3,pilot_baseline,20260910,17,27961731.714361783,636.532061916497
D3,pilot_baseline,20260910,18,28134712.168189332,635.0571202004917
D3,pilot_baseline,20260911,1,27127061.029575955,651.5992541778742
D3,pilot_baseline,20260911,2,27138408.569873516,649.4610133455916
D3,pilot_baseline,20260911,3,27186560.62180533,649.4079421836718
D3,pilot_baseline,20260911,4,27199402.87580346,649.2511277051947
D3,pilot_baseline,20260911,5,27199779.496752456,648.308182985556
D3,pilot_baseline,20260911,6,27225526.297955755,647.9971192159398
D3,pilot_baseline,20260911,7,27236611.744154852,647.7784240934662
D3,pilot_baseline,20260911,8,27261272.961686727,647.3826544808779
D3,pilot_baseline,20260911,9,27267200.572457056,647.0716435941259
D3,pilot_baseline,20260911,10,27300187.5666004,646.0424312361663
D3,pilot_baseline,20260911,11,27314680.39663292,646.0407170434286
D3,pilot_baseline,20260911,12,27315069.016615536,645.8146519594055
D3,pilot_baseline,20260911,13,27336560.58332131,645.7519488767462
D3,pilot_baseline,20260911,14,27344772.88496115,645.6363669081903
D3,pilot_baseline,20260911,15,27346379.240101796,645.2503470309699
D3,pilot_baseline,20260911,16,27362682.834006537,645.1495240836055
D3,pilot_baseline,20260911,17,27362898.036205433,644.7615919165262
D3,pilot_baseline,20260911,18,27389120.22722668,644.5893507915782
D3,pilot_baseline,20260911,19,27412881.731911767,644.0192052966787
D3,pilot_baseline,20260911,20,27456022.261209335,642.6423615866252
D3,pilot_baseline,20260911,21,27459468.13804546,642.4883831218785
D3,pilot_baseline,20260911,22,27465805.86823922,641.9111333988986
D3,pilot_baseline,20260911,23,27529000.17796074,641.8424410458374
D3,pilot_baseline,20260911,24,27540127.99480094,641.5904440905089
D3,pilot_baseline,20260911,25,27547911.847124938,640.9260695150616
D3,pilot_baseline,20260911,26,27583667.650278717,640.5928105532258
D3,pilot_baseline,20260911,27,27642818.33045243,638.669349360385
D3,pilot_baseline,20260911,28,27693327.613307394,638.6258048177493
D3,pilot_baseline,20260911,29,27719974.868916098,638.3399976412487
D3,pilot_baseline,20260912,1,27269462.53575689,658.4805736762946
D3,pilot_baseline,20260912,2,27270606.18176769,658.4712685314391
D3,pilot_baseline,20260912,3,27302473.928069476,658.3580915268601
D3,pilot_baseline,20260912,4,27309339.692241367,657.7408054515244
D3,pilot_baseline,20260912,5,27313471.09831362,655.1328811823327
D3,pilot_baseline,20260912,6,27379843.04059834,654.8469876297901
D3,pilot_baseline,20260912,7,27380238.72262879,654.7779887350177
D3,pilot_baseline,20260912,8,27385869.13144185,654.2684911139123
D3,pilot_baseline,20260912,9,27408763.963288557,654.1097640189361
D3,pilot_baseline,20260912,10,27452633.056594916,653.3583040544871
D3,pilot_baseline,20260912,11,27453830.2420362,653.1553811362805
D3,pilot_baseline,20260912,12,27467737.44049741,651.0943702130369
D3,pilot_baseline,20260912,13,27514565.642667916,650.6053185733622
D3,pilot_baseline,20260912,14,27571614.358784497,649.9983948438786
D3,pilot_baseline,20260912,15,27590609.72320109,649.2601671915892
D3,pilot_baseline,20260912,16,27664617.436172683,647.6589281626091
D3,pilot_baseline,20260912,17,27706597.438648265,647.6116794892046
D3,pilot_baseline,20260912,18,27742735.961332306,647.502247848615
D3,pilot_baseline,20260912,19,27764315.312700268,645.7804754327324
D3,pilot_baseline,20260912,20,27887038.86034828,645.4253744157218
D3,pilot_baseline,20260912,21,27930046.6795557,645.0519617238845
D3,pilot_baseline,20260912,22,28001050.175389644,644.3060713876301
D3,pilot_baseline,20260912,23,28003213.399926275,642.943065028047
D3,pilot_baseline,20260912,24,28080882.181661416,642.7831543312383
D3,pilot_baseline,20260913,1,26961270.68955315,654.3929136811848
D3,pilot_baseline,20260913,2,26980896.792179458,653.4564923844613
D3,pilot_baseline,20260913,3,27133550.535152145,650.1238722988545
D3,pilot_baseline,20260913,4,27162891.846717466,650.0409386270226
D3,pilot_baseline,20260913,5,27211503.998278946,650.012005038545
D3,pilot_baseline,20260913,6,27221901.785487022,649.4194502034682
D3,pilot_baseline,20260913,7,27236840.035610907,649.0857883954415
D3,pilot_baseline,20260913,8,27241239.379414693,647.8008194866974
D3,pilot_baseline,20260913,9,27290651.819414154,646.8637441720977
D3,pilot_baseline,20260913,10,27313997.89006382,645.8388374657102
D3,pilot_baseline,20260913,11,27318020.347530328,645.2264960089656
D3,pilot_baseline,20260913,12,27323440.728353232,644.9035468932489
D3,pilot_baseline,20260913,13,27350005.54492951,644.7597818224812
D3,pilot_baseline,20260913,14,27359359.701263662,644.5160459752628
D3,pilot_baseline,20260913,15,27387901.160559554,644.0309645221148
D3,pilot_baseline,20260913,16,27403189.1888302,642.8582171455923
D3,pilot_baseline,20260913,17,27412462.477229394,642.5973724235597
D3,pilot_baseline,20260913,18,27481616.125721164,642.3756680919081
D3,pilot_baseline,20260913,19,27531901.21358579,641.4373997669987
D3,pilot_baseline,20260913,20,27532411.073536877,641.433328461597
D3,pilot_baseline,20260913,21,27560600.7211972,640.9826634783626
D3,pilot_baseline,20260913,22,27589209.97170627,640.1179296018751
D3,pilot_baseline,20260913,23,27633725.64862755,639.4823309928063
D3,pilot_baseline,20260913,24,27758912.616558187,639.1083327157544
D3,pilot_baseline,20260913,25,27764631.91260293,638.9678405378206
D3,pilot_baseline,20260913,26,27797049.896240376,638.5995763690416
D3,pilot_baseline,20260913,27,27883304.513179723,638.1356532160847
D3,pilot_baseline,20260914,1,27355175.80655106,646.7563809939695
D3,pilot_baseline,20260914,2,27547105.706746418,646.5143481024327
D3,pilot_baseline,20260914,3,27573236.055088613,643.4440724812545
D3,pilot_baseline,20260914,4,27592720.397968803,642.099268670705
D3,pilot_baseline,20260914,5,27600169.82415983,641.4750821635957
D3,pilot_baseline,20260914,6,27634658.853451166,640.2491713225949
D3,pilot_baseline,20260914,7,27637436.023077786,639.561218524016
D3,pilot_baseline,20260914,8,27638729.956879683,639.0769029108418
D3,pilot_baseline,20260914,9,27665438.082108732,638.8233800732128
D3,pilot_baseline,20260914,10,27822998.94294606,635.890330244215
D3,pilot_baseline,20260914,11,27857275.620715957,635.467158191678
D3,pilot_baseline,20260914,12,27883925.704107195,635.4426796094708
D3,pilot_baseline,20260914,13,27976000.56065584,634.5298904578734
D3,pilot_baseline,20260914,14,28053125.251994118,634.274808271801
D3,pilot_baseline,20260914,15,28075566.655929077,634.2323020952304
D3,pilot_baseline,20260914,16,28083926.037157696,634.1196354056527
D3,pilot_baseline,20260914,17,28119612.127269316,633.6513318637891
D3,pilot_baseline,20260914,18,28152550.286040235,633.5847475699842
D3,pilot_baseline,20260914,19,28201511.33506759,631.968666847137
D3,pilot_baseline,20260914,20,28243933.33004174,631.4468578148637
D3,pilot_baseline,20260914,21,28354497.902496092,630.5292444839508
D3,pilot_baseline,20260914,22,28499415.986356623,628.8163473677924
D3,pilot_baseline,20260914,23,28609050.379138157,628.0642444823245
D3,pilot_baseline,20260915,1,26794856.09352255,659.906490957924
D3,pilot_baseline,20260915,2,26807827.976350717,657.6468532364369
D3,pilot_baseline,20260915,3,26858770.16177491,657.3617489660149
D3,pilot_baseline,20260915,4,26883400.281026624,656.3988745374784
D3,pilot_baseline,20260915,5,26905982.99333758,654.6215532066897
D3,pilot_baseline,20260915,6,26927155.21570428,654.5511566538025
D3,pilot_baseline,20260915,7,26936184.53769166,654.3918565335714
D3,pilot_baseline,20260915,8,26936252.135851074,653.306893395622
D3,pilot_baseline,20260915,9,26966228.529125985,653.1573430150122
D3,pilot_baseline,20260915,10,26982298.402459923,652.7001330559625
D3,pilot_baseline,20260915,11,27022222.771544877,651.4468510048306
D3,pilot_baseline,20260915,12,27076111.247305214,651.0302648128343
D3,pilot_baseline,20260915,13,27084179.056183673,649.8774168474832
D3,pilot_baseline,20260915,14,27108835.647600897,649.7715188302409
D3,pilot_baseline,20260915,15,27140491.394836035,649.6406307793709
D3,pilot_baseline,20260915,16,27143195.68075004,648.7904250664527
D3,pilot_baseline,20260915,17,27194435.215280656,648.1730310359976
D3,pilot_baseline,20260915,18,27196451.718372267,648.0440870176672
D3,pilot_baseline,20260915,19,27204680.256343793,647.9777287387424
D3,pilot_baseline,20260915,20,27227392.628150966,647.5304072117755
D3,pilot_baseline,20260915,21,27235401.695308685,647.0775372350432
D3,pilot_baseline,20260915,22,27254735.16323911,646.9543039288423
D3,pilot_baseline,20260915,23,27286549.331424005,646.5692862294084
D3,pilot_baseline,20260915,24,27292613.143562317,646.1397532660355
D3,pilot_baseline,20260915,25,27318180.53590105,646.0429002249991
D3,pilot_baseline,20260915,26,27334084.301408693,645.6027952263701
D3,pilot_baseline,20260915,27,27353502.743637916,645.305084030739
D3,pilot_baseline,20260915,28,27362833.497128453,645.2880140448784
D3,pilot_baseline,20260915,29,27366177.844167877,645.1361885623058
D3,pilot_baseline,20260915,30,27389671.13535077,644.1138133698138
D3,pilot_baseline,20260915,31,27459507.891760383,643.3909492853533
D3,pilot_baseline,20260915,32,27497550.85356848,643.3894716351074
D3,pilot_baseline,20260915,33,27501498.903456423,643.2740722574359
D3,pilot_baseline,20260915,34,27511655.014541335,642.9940253596857
D3,pilot_baseline,20260915,35,27535518.631275095,642.3468784239246
D3,pilot_baseline,20260915,36,27573195.456171814,641.4071834773587
D3,pilot_baseline,20260915,37,27586820.731010232,641.351630518141
D3,pilot_baseline,20260915,38,27588245.736718528,640.4260989363758
D3,pilot_baseline,20260915,39,27711146.659492277,640.1262353241507
D3,pilot_baseline,20260915,40,27712704.900071308,639.9342505684356
D3,pilot_baseline,20260915,41,27734413.894018836,639.9070219685664
D3,pilot_baseline,20260915,42,27783865.02856177,639.8103445830611
D3,pilot_baseline,20260915,43,27795846.591104243,636.5592502656358
D3,pilot_baseline,20260915,44,27933436.344314583,636.4909180163291
D3,pilot_baseline,20260916,1,27114303.80562875,657.6989786430055
D3,pilot_baseline,20260916,2,27136036.338920407,654.9899551644924
D3,pilot_baseline,20260916,3,27162268.555760954,654.4308004083097
D3,pilot_baseline,20260916,4,27194439.19625233,651.0133992153178
D3,pilot_baseline,20260916,5,27221766.44191349,650.6707412441593
D3,pilot_baseline,20260916,6,27263998.095609955,649.7378176120579
D3,pilot_baseline,20260916,7,27269353.60832706,648.3552749468971
D3,pilot_baseline,20260916,8,27293080.48422186,646.5248050060575
D3,pilot_baseline,20260916,9,27405099.54407342,646.1673879360444
D3,pilot_baseline,20260916,10,27410508.930121355,645.7530983563277
D3,pilot_baseline,20260916,11,27422300.64489005,645.4127415198459
D3,pilot_baseline,20260916,12,27439652.9842825,644.0937818284928
D3,pilot_baseline,20260916,13,27474102.861003783,643.998344022748
D3,pilot_baseline,20260916,14,27496671.484850533,642.2790976535148
D3,pilot_baseline,20260916,15,27501435.802654594,642.2764377825137
D3,pilot_baseline,20260916,16,27570356.880192783,641.2935789775044
D3,pilot_baseline,20260916,17,27585413.14636006,640.4485331592482
D3,pilot_baseline,20260916,18,27643880.47071418,640.0930495238194
D3,pilot_baseline,20260916,19,27663660.537426822,639.9592279382131
D3,pilot_baseline,20260916,20,27684622.59471579,639.34979011159
D3,pilot_baseline,20260916,21,27731079.791851338,639.1350897711658
D3,pilot_baseline,20260916,22,27763075.176609408,638.5474463074389
D3,pilot_baseline,20260916,23,27782835.297013164,638.396516526445
D3,pilot_baseline,20260916,24,27787237.984192304,638.3796404103872
D3,pilot_baseline,20260916,25,27790232.18690363,637.7875664945942
D3,pilot_baseline,20260916,26,27833400.975197718,636.4133043383565
D3,pilot_baseline,20260916,27,27872671.520781796,635.4706055515297
D3,pilot_baseline,20260916,28,28057628.575082324,633.5279700894674
D3,pilot_baseline,20260916,29,28068174.51347062,633.027109012823
D3,pilot_baseline,20260916,30,28169057.70775276,631.4849769759304
D3,pilot_baseline,20260916,31,28309707.387752768,630.2959309602178
D3,pilot_baseline,20260917,1,27213328.946984466,655.3038735611901
D3,pilot_baseline,20260917,2,27252912.466244154,651.3667122926132
D3,pilot_baseline,20260917,3,27281384.665883265,651.1834023424991
D3,pilot_baseline,20260917,4,27312728.010396108,650.4590229123535
D3,pilot_baseline,20260917,5,27323014.664412044,649.6874425354223
D3,pilot_baseline,20260917,6,27342931.54157263,648.8512869574522
D3,pilot_baseline,20260917,7,27366228.53145149,648.3998958094933
D3,pilot_baseline,20260917,8,27373007.99755681,648.0294443437596
D3,pilot_baseline,20260917,9,27383089.247717865,646.8540756931566
D3,pilot_baseline,20260917,10,27415448.371532008,645.6142355178176
D3,pilot_baseline,20260917,11,27449826.917952996,644.7501784453319
D3,pilot_baseline,20260917,12,27490513.11649336,644.4813262673497
D3,pilot_baseline,20260917,13,27568787.275007308,644.4533589779128
D3,pilot_baseline,20260917,14,27581532.616710346,642.819393862657
D3,pilot_baseline,20260917,15,27637428.9010704,641.3317288276444
D3,pilot_baseline,20260917,16,27638245.11466728,641.3248285949148
D3,pilot_baseline,20260917,17,27641565.897860363,640.1423019553596
D3,pilot_baseline,20260917,18,27822626.430294648,638.8454608232438
D3,pilot_baseline,20260917,19,27859891.502838217,638.3444029957302
D3,pilot_baseline,20260917,20,27950664.78719116,637.0112499941935
D3,pilot_baseline,20260917,21,28033182.69005302,636.0853927619437
D3,pilot_baseline,20260917,22,28317106.809837867,635.6172577609486
D3,pilot_baseline,20260917,23,28350152.206478093,634.8772786529001
D3,pilot_baseline,20260917,24,28371985.320164204,634.6383884529746
D3,pilot_baseline,20260917,25,28441909.95328929,633.7753177454358
D3,pilot_baseline,20260918,1,27695739.8416294,642.6541934079398
D3,pilot_baseline,20260918,2,27738530.864133637,642.4989979632707
D3,pilot_baseline,20260918,3,27755146.34785863,638.7722315896282
D3,pilot_baseline,20260918,4,27797944.092500407,638.7034233842312
D3,pilot_baseline,20260918,5,27837672.162296917,638.4051369098826
D3,pilot_baseline,20260918,6,27861050.708966255,636.4582894330771
D3,pilot_baseline,20260918,7,27934180.645561088,635.8281659209085
D3,pilot_baseline,20260918,8,27949334.37622791,634.9665957586682
D3,pilot_baseline,20260918,9,28037451.65680438,634.5223847342655
D3,pilot_baseline,20260918,10,28068377.180101737,634.1347625483777
D3,pilot_baseline,20260918,11,28094041.759157736,633.1089701440403
D3,pilot_baseline,20260918,12,28103042.832278684,632.6691331785843
D3,pilot_baseline,20260918,13,28212579.68766459,632.2458612872371
D3,pilot_baseline,20260918,14,28218641.61805294,630.5044633017545
D3,pilot_baseline,20260918,15,28458369.659663968,628.8034578149013
D3,pilot_baseline,20260919,1,27136344.927365422,652.5891571840095
D3,pilot_baseline,20260919,2,27216716.449917734,650.6420451931253
D3,pilot_baseline,20260919,3,27250813.272647686,650.0317348101618
D3,pilot_baseline,20260919,4,27276836.83091838,645.933654993268
D3,pilot_baseline,20260919,5,27352415.346914385,645.382782343037
D3,pilot_baseline,20260919,6,27393135.147630237,644.9953947985424
D3,pilot_baseline,20260919,7,27437111.09857907,644.1492319144364
D3,pilot_baseline,20260919,8,27464041.50788943,643.2928428250416
D3,pilot_baseline,20260919,9,27529918.542729877,643.2678054625811
D3,pilot_baseline,20260919,10,27594515.40040519,641.322089402823
D3,pilot_baseline,20260919,11,27615904.650007695,641.304174391033
D3,pilot_baseline,20260919,12,27643396.744934075,640.9260781588206
D3,pilot_baseline,20260919,13,27651460.347361825,639.5890488166343
D3,pilot_baseline,20260919,14,27834161.80712365,638.7836305811312
D3,pilot_baseline,20260919,15,27931022.14237329,638.4752416129072
D3,pilot_baseline,20260919,16,27933542.37172212,637.7959243835077
D3,pilot_baseline,20260919,17,27995721.636712115,637.62392601184
D3,pilot_baseline,20260919,18,28010576.512848113,637.3525726572631
D3,pilot_baseline,20260919,19,28022933.55342129,636.9891692392697
D3,pilot_baseline,20260919,20,28128398.22607391,635.3995032288489
D3,pilot_baseline,20260919,21,28286595.67746806,635.2806808484528
D3,pilot_baseline,20260919,22,28291042.518331833,634.7558474570815
D3,pilot_baseline,20260919,23,28569314.11295476,633.321713783038
D3,pilot_baseline,20260920,1,27429030.678373825,651.2885580869605
D3,pilot_baseline,20260920,2,27507159.039524753,648.7117990896578
D3,pilot_baseline,20260920,3,27545285.835441407,648.4076259411049
D3,pilot_baseline,20260920,4,27552007.431004446,646.7994348278046
D3,pilot_baseline,20260920,5,27570373.66333085,646.537198437697
D3,pilot_baseline,20260920,6,27599616.352408297,646.058301851434
D3,pilot_baseline,20260920,7,27628717.21745805,644.4422142043163
D3,pilot_baseline,20260920,8,27651725.809970256,643.7175814353599
D3,pilot_baseline,20260920,9,27729309.53359664,643.6250295706056
D3,pilot_baseline,20260920,10,27744386.536127217,642.66764326365
D3,pilot_baseline,20260920,11,27745852.67585186,641.0473150972497
D3,pilot_baseline,20260920,12,27831181.993848015,640.8013116473129
D3,pilot_baseline,20260920,13,27887395.125092607,640.437691965758
D3,pilot_baseline,20260920,14,27908878.773504313,640.2024809243641
D3,pilot_baseline,20260920,15,27913796.36051224,637.9547926394245
D3,pilot_baseline,20260920,16,27982903.511750296,637.8751093548365
D3,pilot_baseline,20260920,17,28027232.866621383,637.6861073902957
D3,pilot_baseline,20260920,18,28126999.555129673,637.5721239065834
D3,pilot_baseline,20260920,19,28152149.87758831,637.1652436609154
D3,pilot_baseline,20260920,20,28209873.805872913,636.5342422878426
D3,pilot_baseline,20260920,21,28228911.398286145,636.1050656917599
D3,pilot_baseline,20260920,22,28276195.069191303,635.3922925601837
D3,pilot_baseline,20260920,23,28460096.779931806,635.2496267902303
D3,pilot_baseline,20260920,24,28699212.459725145,634.7403762179389
D3,pilot_baseline,20260921,1,27021356.142961245,654.6457224057806
D3,pilot_baseline,20260921,2,27047066.231539767,653.296492557401
D3,pilot_baseline,20260921,3,27103271.345497955,652.878377304794
D3,pilot_baseline,20260921,4,27171139.313605104,651.3449679198425
D3,pilot_baseline,20260921,5,27214016.6862478,650.2255734867896
D3,pilot_baseline,20260921,6,27245834.944503274,649.2885900507213
D3,pilot_baseline,20260921,7,27250116.17612182,649.1087437084606
D3,pilot_baseline,20260921,8,27271429.30162286,648.7171106002173
D3,pilot_baseline,20260921,9,27296047.972544193,647.5921667397588
D3,pilot_baseline,20260921,10,27370421.1037579,647.0465803229824
D3,pilot_baseline,20260921,11,27424803.800213717,646.9337146465008
D3,pilot_baseline,20260921,12,27428291.520273786,645.4005709698698
D3,pilot_baseline,20260921,13,27449764.752352703,645.3806467468048
D3,pilot_baseline,20260921,14,27455896.639620185,645.3191235012417
D3,pilot_baseline,20260921,15,27463107.069870155,644.628831894801
D3,pilot_baseline,20260921,16,27476895.907526888,644.2594139261666
D3,pilot_baseline,20260921,17,27529145.43826728,643.8224071045513
D3,pilot_baseline,20260921,18,27566096.50558283,643.7406410615226
D3,pilot_baseline,20260921,19,27588446.125152837,643.2350707595475
D3,pilot_baseline,20260921,20,27641564.865520377,643.0056831668021
D3,pilot_baseline,20260921,21,27650500.478263263,642.7056417996247
D3,pilot_baseline,20260921,22,27683748.892780833,642.0406167088181
D3,pilot_baseline,20260921,23,27701306.994931832,641.8840025228391
D3,pilot_baseline,20260921,24,27788754.544555806,640.7407144702529
D3,pilot_baseline,20260922,1,27189745.143815156,649.9923893045368
D3,pilot_baseline,20260922,2,27309672.919788975,649.3377943422385
D3,pilot_baseline,20260922,3,27313955.95940608,646.204470428508
D3,pilot_baseline,20260922,4,27358253.43849394,645.4958971486894
D3,pilot_baseline,20260922,5,27413737.48981171,645.0026806797763
D3,pilot_baseline,20260922,6,27425177.513175983,644.6931663957796
D3,pilot_baseline,20260922,7,27430083.491848227,643.9627204299871
D3,pilot_baseline,20260922,8,27474472.175714176,642.9728766325514
D3,pilot_baseline,20260922,9,27548034.748937745,642.839872644733
D3,pilot_baseline,20260922,10,27551146.160107177,642.8057545994692
D3,pilot_baseline,20260922,11,27551524.63994715,641.8389423375648
D3,pilot_baseline,20260922,12,27572583.313705113,641.8217202280819
D3,pilot_baseline,20260922,13,27578940.59714273,641.4376560322352
D3,pilot_baseline,20260922,14,27580412.572955996,641.4363967936617
D3,pilot_baseline,20260922,15,27601723.27224074,641.1767808463642
D3,pilot_baseline,20260922,16,27638417.473466784,641.0718729461081
D3,pilot_baseline,20260922,17,27670459.04170255,640.5242440119356
D3,pilot_baseline,20260922,18,27713570.97068693,639.2528705294721
D3,pilot_baseline,20260922,19,27755416.038102105,637.8442313748645
D3,pilot_baseline,20260923,1,26634379.89320064,666.2327002301871
D3,pilot_baseline,20260923,2,26635033.25454971,661.8991368991266
D3,pilot_baseline,20260923,3,26640396.08262353,661.4234514165981
D3,pilot_baseline,20260923,4,26673754.848109253,659.809121166826
D3,pilot_baseline,20260923,5,26681325.060295373,659.2333516476509
D3,pilot_baseline,20260923,6,26722010.999255575,659.0246889958231
D3,pilot_baseline,20260923,7,26748544.435464215,658.1788701066552
D3,pilot_baseline,20260923,8,26753287.67355669,657.576564262107
D3,pilot_baseline,20260923,9,26768946.40220424,657.4491304064782
D3,pilot_baseline,20260923,10,26771840.701283965,656.8919301690811
D3,pilot_baseline,20260923,11,26789000.274041586,656.5842034409304
D3,pilot_baseline,20260923,12,26806069.912465908,655.5060907891888
D3,pilot_baseline,20260923,13,26882049.30385723,654.434638380804
D3,pilot_baseline,20260923,14,26908323.29691792,654.0056680452617
D3,pilot_baseline,20260923,15,26916854.05807843,653.8820747746101
D3,pilot_baseline,20260923,16,26928822.10817532,653.4606409316897
D3,pilot_baseline,20260923,17,26942433.638045117,653.3650084950605
D3,pilot_baseline,20260923,18,26967189.229237936,653.3579033677469
D3,pilot_baseline,20260923,19,26975764.79105447,653.1092834774449
D3,pilot_baseline,20260923,20,27002821.330226786,652.0379805734811
D3,pilot_baseline,20260923,21,27088668.001444038,651.7801215681908
D3,pilot_baseline,20260923,22,27153129.11877354,651.4850753299477
D3,pilot_baseline,20260923,23,27164263.1694379,650.5543048957813
D3,pilot_baseline,20260923,24,27236105.40024324,650.4465552798443
D3,pilot_baseline,20260923,25,27238989.145232882,650.417453796819
D3,pilot_baseline,20260923,26,27241386.762339175,649.899237299489
D3,pilot_baseline,20260923,27,27280561.90526883,649.1925790630297
D3,pilot_baseline,20260923,28,27424340.042473655,648.9920466401675
D3,pilot_baseline,20260923,29,27482978.829042133,648.8499398195116
D3,pilot_baseline,20260924,1,27050415.586142417,653.2920709889411
D3,pilot_baseline,20260924,2,27120811.618951403,651.9091250295364
D3,pilot_baseline,20260924,3,27164612.24923317,651.5053446985526
D3,pilot_baseline,20260924,4,27185749.237764336,651.2578144769742
D3,pilot_baseline,20260924,5,27216199.39651883,650.3674988494915
D3,pilot_baseline,20260924,6,27238294.907935526,650.1161640079038
D3,pilot_baseline,20260924,7,27260226.3657613,649.6682553664492
D3,pilot_baseline,20260924,8,27260268.604113754,648.9453076773932
D3,pilot_baseline,20260924,9,27325650.15719468,648.3204223497087
D3,pilot_baseline,20260924,10,27369750.78387095,648.1882653775767
D3,pilot_baseline,20260924,11,27373616.03049782,647.0369899213207
D3,pilot_baseline,20260924,12,27383600.209723342,646.8377667847002
D3,pilot_baseline,20260924,13,27427326.905313253,646.059805418434
D3,pilot_baseline,20260924,14,27444856.229322605,646.0442842980527
D3,pilot_baseline,20260924,15,27473545.443097614,645.2270890163752
D3,pilot_baseline,20260924,16,27508506.889125407,645.113858025815
D3,pilot_baseline,20260924,17,27514773.375276104,644.5057903301071
D3,pilot_baseline,20260924,18,27567596.677509356,643.8187129721184
D3,pilot_baseline,20260924,19,27624815.27547463,643.8012428631611
D3,pilot_baseline,20260924,20,27627703.625112914,643.4148907937376
D3,pilot_baseline,20260924,21,27628698.10301962,642.7775402840317
D3,pilot_baseline,20260924,22,27698290.898079213,641.0131947716808
D3,pilot_baseline,20260924,23,27701685.693050247,640.5498832896662
D3,pilot_baseline,20260924,24,27717490.33948915,639.8584979111191
D3,pilot_baseline,20260924,25,27739312.88389845,639.1577137042779
D3,pilot_baseline,20260924,26,27922519.64411416,638.6359547663112
D3,pilot_baseline,20260924,27,27949034.29906876,638.3866314854756
D3,pilot_baseline,20260924,28,27999944.62892773,638.0545806804821
D3,pilot_baseline,20260924,29,28037076.962020945,637.7056918404472
D3,pilot_baseline,20260924,30,28133964.777565546,637.4106885877236
D3,pilot_baseline,20260924,31,28191297.478456315,636.8848213956603
D3,pilot_baseline,20260925,1,27320521.921464473,653.7964755788638
D3,pilot_baseline,20260925,2,27382291.642325662,653.0146690549741
D3,pilot_baseline,20260925,3,27404642.68619124,651.1886573707131
D3,pilot_baseline,20260925,4,27417384.86475284,650.2175616113991
D3,pilot_baseline,20260925,5,27475716.709654696,648.7432626538193
D3,pilot_baseline,20260925,6,27550276.441237852,647.468595382051
D3,pilot_baseline,20260925,7,27584186.553614542,646.8624312533999
D3,pilot_baseline,20260925,8,27598489.867844164,646.8090919971243
D3,pilot_baseline,20260925,9,27604269.702810053,644.9413910402652
D3,pilot_baseline,20260925,10,27629191.162324537,644.9156292470766
D3,pilot_baseline,20260925,11,27687856.87826409,644.456005152353
D3,pilot_baseline,20260925,12,27689525.710593652,644.4432793493204
D3,pilot_baseline,20260925,13,27709884.132602327,642.8374394964487
D3,pilot_baseline,20260925,14,27756262.190187816,642.7739049299716
D3,pilot_baseline,20260925,15,27760443.598011155,642.5321250279824
D3,pilot_baseline,20260925,16,27761504.524997994,642.208031370141
D3,pilot_baseline,20260925,17,27786316.76000723,642.0335006448485
D3,pilot_baseline,20260925,18,27791057.63557594,641.8268089904194
D3,pilot_baseline,20260925,19,27791659.623239495,641.8083046616131
D3,pilot_baseline,20260925,20,27794591.784227684,641.798407403282
D3,pilot_baseline,20260925,21,27800269.947708216,640.5456434006702
D3,pilot_baseline,20260925,22,27856588.75493457,640.1531945810632
D3,pilot_baseline,20260925,23,27863431.755265396,640.03480948159
D3,pilot_baseline,20260925,24,27869793.00409581,639.9887323569573
D3,pilot_baseline,20260925,25,27909400.361409336,639.5279827804037
D3,pilot_baseline,20260925,26,27925347.706998605,639.1840773494413
D3,pilot_baseline,20260925,27,27933674.46968258,638.5642959899902
D3,pilot_baseline,20260925,28,28043023.23602352,638.1182692672242
D3,pilot_baseline,20260925,29,28063335.836801425,637.9087202066172
D3,pilot_baseline,20260925,30,28105133.84815271,636.9148685386813
D3,pilot_baseline,20260925,31,28105882.335529562,636.8772926143863
D3,pilot_baseline,20260925,32,28124844.156292487,636.3778666680224
D3,pilot_baseline,20260925,33,28155556.502081558,636.1229721590023
D3,pilot_baseline,20260925,34,28218196.596962355,636.0661279380906
D3,pilot_baseline,20260925,35,28234850.507194716,635.9626252981084
D3,pilot_baseline,20260925,36,28240772.055873085,635.7053635039675
D3,pilot_baseline,20260925,37,28256210.450002875,635.5113904431544
D3,pilot_baseline,20260925,38,28275197.097460996,634.9251688330465
D3,pilot_baseline,20260925,39,28318444.37974795,634.6161462516368
D3,pilot_baseline,20260925,40,28326317.409128826,634.1865304827461
D3,pilot_baseline,20260925,41,28343666.291717924,634.1390482925609
D3,pilot_baseline,20260926,1,27061954.528446827,650.6795491108292
D3,pilot_baseline,20260926,2,27064857.39707834,650.6485927850807
D3,pilot_baseline,20260926,3,27111657.972461287,648.8876580144467
D3,pilot_baseline,20260926,4,27165575.07746146,647.7944884596224
D3,pilot_baseline,20260926,5,27246309.76901292,646.3838531135929
D3,pilot_baseline,20260926,6,27269838.628290493,645.823135789418
D3,pilot_baseline,20260926,7,27296972.41314509,645.6061631258531
D3,pilot_baseline,20260926,8,27307804.863734625,645.5412828919324
D3,pilot_baseline,20260926,9,27338910.242057297,645.0381129109272
D3,pilot_baseline,20260926,10,27342193.91702433,644.8255253300671
D3,pilot_baseline,20260926,11,27345367.240201388,644.0941339029658
D3,pilot_baseline,20260926,12,27347951.38283946,644.0686111199308
D3,pilot_baseline,20260926,13,27382356.025026947,643.2640466335648
D3,pilot_baseline,20260926,14,27429169.62883351,642.2868151613222
D3,pilot_baseline,20260926,15,27512118.12404743,642.2351635549777
D3,pilot_baseline,20260926,16,27529577.756226696,642.0199436310633
D3,pilot_baseline,20260926,17,27558698.291258663,641.6027738182297
D3,pilot_baseline,20260926,18,27561311.004514378,640.455149968105
D3,pilot_baseline,20260926,19,27637905.860796507,640.2010101817639
D3,pilot_baseline,20260926,20,27677573.52867221,639.8924986996165
D3,pilot_baseline,20260926,21,27703368.732659817,639.7352547024898
D3,pilot_baseline,20260926,22,27732622.285963748,639.215219422388
D3,pilot_baseline,20260926,23,27741537.13055786,639.0810478001176
D3,pilot_baseline,20260926,24,27752150.385867283,638.6012265562864
D3,pilot_baseline,20260926,25,27820891.541976433,636.618662731638
D3,pilot_baseline,20260926,26,27955213.64429243,636.306742642492
D3,pilot_baseline,20260926,27,27963208.860086296,636.0057019273979
D3,pilot_baseline,20260926,28,28038877.830672774,635.2472275309519
D3,pilot_baseline,20260926,29,28089432.65696237,635.0518663898575
D3,pilot_baseline,20260926,30,28179896.180992328,634.82480614038
D3,pilot_baseline,20260926,31,28284771.905323718,633.0231535180847
D3,pilot_baseline,20260926,32,28419474.132408936,631.9916426238939
D3,pilot_baseline,20260927,1,27178589.796320513,654.083222809974
D3,pilot_baseline,20260927,2,27208318.78341619,652.4025079897237
D3,pilot_baseline,20260927,3,27248803.06538341,652.0470388842374
D3,pilot_baseline,20260927,4,27267645.306344256,651.6425482834708
D3,pilot_baseline,20260927,5,27272245.45577599,651.0425223081671
D3,pilot_baseline,20260927,6,27281951.439205755,647.67198086208
D3,pilot_baseline,20260927,7,27328091.25139665,646.9454519251798
D3,pilot_baseline,20260927,8,27357007.861900937,646.3539905979221
D3,pilot_baseline,20260927,9,27394586.028632905,645.7143190935565
D3,pilot_baseline,20260927,10,27515516.33211264,644.7911229298156
D3,pilot_baseline,20260927,11,27561212.63700771,644.6807184160425
D3,pilot_baseline,20260927,12,27589667.728566904,644.5607721729924
D3,pilot_baseline,20260927,13,27597333.438219443,644.5344786058024
D3,pilot_baseline,20260927,14,27632315.73201065,644.0546487486033
D3,pilot_baseline,20260927,15,27663332.645566195,642.9490820538034
D3,pilot_baseline,20260927,16,27667278.634221658,642.0064937129832
D3,pilot_baseline,20260927,17,27685521.904800195,641.0102483517796
D3,pilot_baseline,20260927,18,27832679.733237673,640.3390370668395
D3,pilot_baseline,20260927,19,27961502.383230075,640.1912251408555
D3,pilot_baseline,20260927,20,27998283.202976122,640.0529789154351
D3,pilot_baseline,20260928,1,26995839.544919126,657.2858133567911
D3,pilot_baseline,20260928,2,27035799.74831037,653.7854441175401
D3,pilot_baseline,20260928,3,27057673.68105497,653.1585610593646
D3,pilot_baseline,20260928,4,27101796.31403912,652.321228761333
D3,pilot_baseline,20260928,5,27171855.296116203,650.558967713037
D3,pilot_baseline,20260928,6,27188107.05570842,650.0488379173191
D3,pilot_baseline,20260928,7,27230526.24583365,649.1153622391432
D3,pilot_baseline,20260928,8,27244623.90666462,648.681449359735
D3,pilot_baseline,20260928,9,27248583.631282017,648.1124779479799
D3,pilot_baseline,20260928,10,27314334.304601032,648.0164788013789
D3,pilot_baseline,20260928,11,27318308.53322289,647.5431286236161
D3,pilot_baseline,20260928,12,27386685.118734397,646.5077334186096
D3,pilot_baseline,20260928,13,27414762.5008171,646.0025138426996
D3,pilot_baseline,20260928,14,27509687.99372542,644.2371710246632
D3,pilot_baseline,20260928,15,27595409.540041108,643.2622252999112
D3,pilot_baseline,20260928,16,27618732.2084957,641.8294611305602
D3,pilot_baseline,20260928,17,27757127.268386204,641.0439857705321
D3,pilot_baseline,20260928,18,27807113.306584693,639.9558441525879
D3,pilot_baseline,20260928,19,27885236.168968484,638.5351187750093
D3,pilot_baseline,20260928,20,28004248.889756296,638.1465762946349
D3,pilot_baseline,20260928,21,28080014.411005374,637.3513225899329
D3,pilot_baseline,20260928,22,28080210.504409432,637.1275075681049
D3,pilot_baseline,20260928,23,28149165.4356591,636.4653302357015
D3,pilot_baseline,20260928,24,28228591.90348362,635.6396064936988
D3,pilot_baseline,20260928,25,28495377.340789758,635.1711875928459
D3,pilot_baseline,20260929,1,27184984.250662763,648.7029691131889
D3,pilot_baseline,20260929,2,27337581.02928578,647.6617623151932
D3,pilot_baseline,20260929,3,27348587.91888474,644.1246299798481
D3,pilot_baseline,20260929,4,27452021.310732886,643.7839609428414
D3,pilot_baseline,20260929,5,27507937.53554379,643.0455378114949
D3,pilot_baseline,20260929,6,27521492.052948076,641.8147619913568
D3,pilot_baseline,20260929,7,27522060.474037446,641.4526292778002
D3,pilot_baseline,20260929,8,27544472.18659226,641.4516890691658
D3,pilot_baseline,20260929,9,27550121.0572488,640.2505485068748
D3,pilot_baseline,20260929,10,27609579.612520125,639.8052079095141
D3,pilot_baseline,20260929,11,27630395.33042214,639.4714154959914
D3,pilot_baseline,20260929,12,27700683.34705291,638.0296799225848
D3,pilot_baseline,20260929,13,27742777.101409726,637.1491016110156
D3,pilot_baseline,20260929,14,27776016.9319294,637.1223277475217
D3,pilot_baseline,20260929,15,27842129.686575502,635.9637881901468
D3,pilot_baseline,20260929,16,27932947.21954589,635.4611951782201
D3,pilot_baseline,20260929,17,27996563.048709534,634.588868347264
D3,pilot_baseline,20260929,18,28021899.671284217,634.5649678121237
D3,pilot_baseline,20260929,19,28154691.987683613,634.4950254112345
D3,pilot_baseline,20260929,20,28193508.995160323,634.0215119657865
D3,pilot_baseline,20260929,21,28233273.500428427,633.0814560826552
D3,pilot_baseline,20260929,22,28271458.69387438,632.8444234517892
D3,pilot_baseline,20260929,23,28309271.916081995,631.767252006688
D3,pilot_baseline,20260929,24,28427710.962073088,631.591347568281
D3,pilot_baseline,20260930,1,27276305.111748274,649.5486088633808
D3,pilot_baseline,20260930,2,27363742.25678481,647.2632945646317
D3,pilot_baseline,20260930,3,27373568.986438088,644.5374709235642
D3,pilot_baseline,20260930,4,27484698.142231427,642.8103605371703
D3,pilot_baseline,20260930,5,27488775.389052305,641.9471117559605
D3,pilot_baseline,20260930,6,27529732.67960582,641.0166893924949
D3,pilot_baseline,20260930,7,27633815.445360407,640.480596053908
D3,pilot_baseline,20260930,8,27649196.94759798,639.7622041842831
D3,pilot_baseline,20260930,9,27712013.906377845,639.555789318461
D3,pilot_baseline,20260930,10,27739575.10266777,638.9935228314469
D3,pilot_baseline,20260930,11,27765612.547067054,638.5353604628176
D3,pilot_baseline,20260930,12,27808347.006906297,638.2642553619694
D3,pilot_baseline,20260930,13,27823951.57528378,638.164602300781
D3,pilot_baseline,20260930,14,27864713.15406847,637.8873906226121
D3,pilot_baseline,20260930,15,27883162.749851305,637.4494380029976
D3,pilot_baseline,20260930,16,27888796.692597773,636.7086036128675
D3,pilot_baseline,20260930,17,28029649.582879193,636.4974240889092
D3,pilot_baseline,20260930,18,28036105.519181304,635.7312946925606
D3,pilot_baseline,20260930,19,28041125.101309557,635.5651232289263
D3,pilot_baseline,20260930,20,28211254.832507025,634.7407329723009
D3,pilot_baseline,20260931,1,27489414.99771961,646.6792829026696
D3,pilot_baseline,20260931,2,27528287.15774047,644.5446332335096
D3,pilot_baseline,20260931,3,27541085.322127707,644.1315915112983
D3,pilot_baseline,20260931,4,27565101.400099948,641.8352229825098
D3,pilot_baseline,20260931,5,27615066.119286776,640.1280006091249
D3,pilot_baseline,20260931,6,27642849.26869345,639.2101808801473
D3,pilot_baseline,20260931,7,27731399.350939125,639.0505838800802
D3,pilot_baseline,20260931,8,27735281.264180277,638.3044485717353
D3,pilot_baseline,20260931,9,27770613.45404284,638.2204431263737
D3,pilot_baseline,20260931,10,27775659.502506398,638.1510970983461
D3,pilot_baseline,20260931,11,27783302.834795497,635.5445716862802
D3,pilot_baseline,20260931,12,27894539.838619843,635.5223460975235
D3,pilot_baseline,20260931,13,27960434.894237146,634.5819840222651
D3,pilot_baseline,20260931,14,28032074.82568361,634.2009414968325
D3,pilot_baseline,20260931,15,28068767.264173303,634.1702175358214
D3,pilot_baseline,20260931,16,28119869.560502134,634.0755438548971
D3,pilot_baseline,20260931,17,28137651.400436334,633.5507268845316
D3,pilot_baseline,20260931,18,28168448.21915646,632.3467983292057
D3,pilot_baseline,20260931,19,28255412.66150153,631.9181745068337
D3,pilot_baseline,20260931,20,28288435.67915564,631.8724694873214
D3,pilot_baseline,20260931,21,28306170.455439087,631.5559972888095
D3,pilot_baseline,20260931,22,28370444.923576802,630.7282836436683
D3,pilot_baseline,20260932,1,26576332.611434035,661.8213301229198
D3,pilot_baseline,20260932,2,26693610.801710643,656.9249325591071
D3,pilot_baseline,20260932,3,26787297.037885573,656.8780857790117
D3,pilot_baseline,20260932,4,26830903.653138798,653.9487132672075
D3,pilot_baseline,20260932,5,26869519.42661224,652.9531734660951
D3,pilot_baseline,20260932,6,26962419.841347888,651.7245950647814
D3,pilot_baseline,20260932,7,27019365.748485465,651.3503080552316
D3,pilot_baseline,20260932,8,27023803.91132418,651.3127880278809
D3,pilot_baseline,20260932,9,27026442.127510384,651.310931600027
D3,pilot_baseline,20260932,10,27046774.51493893,649.8382638270546
D3,pilot_baseline,20260932,11,27062583.44661119,649.6419505408586
D3,pilot_baseline,20260932,12,27073163.297885943,649.0292266926881
D3,pilot_baseline,20260932,13,27118368.661293305,648.9633982093618
D3,pilot_baseline,20260932,14,27126723.5914174,648.8354471800443
D3,pilot_baseline,20260932,15,27131884.70842643,647.5811273096549
D3,pilot_baseline,20260932,16,27192485.065201007,647.0886954962908
D3,pilot_baseline,20260932,17,27210772.689231902,646.7047394398136
D3,pilot_baseline,20260932,18,27236888.85099846,646.6779812095456
D3,pilot_baseline,20260932,19,27243489.943835612,645.5897368301233
D3,pilot_baseline,20260932,20,27297061.576034006,645.0514403672748
D3,pilot_baseline,20260932,21,27324230.645164542,644.7500067169206
D3,pilot_baseline,20260932,22,27344667.025819764,644.4183097202846
D3,pilot_baseline,20260932,23,27392214.370579198,643.7768518394931
D3,pilot_baseline,20260932,24,27417192.263126392,642.3718076211804
D3,pilot_baseline,20260932,25,27442114.455498327,642.002584175591
D3,pilot_baseline,20260932,26,27496827.886138298,641.4801278350506
D3,pilot_baseline,20260932,27,27608975.461315405,641.0467080603667
D3,pilot_baseline,20260933,1,26693962.84489113,664.6549198012784
D3,pilot_baseline,20260933,2,26706466.418246906,664.1213286436008
D3,pilot_baseline,20260933,3,26718870.72867131,664.013888583619
D3,pilot_baseline,20260933,4,26725622.025810223,663.2789199370349
D3,pilot_baseline,20260933,5,26744357.95864333,662.1621240660119
D3,pilot_baseline,20260933,6,26773778.268256743,661.8493739709254
D3,pilot_baseline,20260933,7,26808017.694256447,661.5508777348638
D3,pilot_baseline,20260933,8,26817819.817806464,660.06251456197
D3,pilot_baseline,20260933,9,26847671.34974231,659.7845671398794
D3,pilot_baseline,20260933,10,26868831.892680854,659.3601423342052
D3,pilot_baseline,20260933,11,26900918.64923556,658.7950976952749
D3,pilot_baseline,20260933,12,26918324.736941896,658.4864867383093
D3,pilot_baseline,20260933,13,26918759.241003387,658.1844778542625
D3,pilot_baseline,20260933,14,26921883.3454501,657.9683186013227
D3,pilot_baseline,20260933,15,26930925.554714974,656.9918830264179
D3,pilot_baseline,20260933,16,26962342.407485075,656.98811984202
D3,pilot_baseline,20260933,17,26998948.50601187,656.0125800949189
D3,pilot_baseline,20260933,18,27006347.58347645,655.9962868524216
D3,pilot_baseline,20260933,19,27007503.85188378,655.6344007697476
D3,pilot_baseline,20260933,20,27045871.41054022,655.3841845751092
D3,pilot_baseline,20260933,21,27071777.483704053,654.8783229303052
D3,pilot_baseline,20260933,22,27094866.90669451,654.7156462915888
D3,pilot_baseline,20260933,23,27108859.449897747,654.3610387739081
D3,pilot_baseline,20260933,24,27110642.389293108,653.7339681097187
D3,pilot_baseline,20260933,25,27113840.18165669,652.7322551793229
D3,pilot_baseline,20260933,26,27165197.129770573,652.5310711477385
D3,pilot_baseline,20260933,27,27216659.388725948,652.2050879753625
D3,pilot_baseline,20260933,28,27218042.685766038,651.6531961259301
D3,pilot_baseline,20260933,29,27240743.916939955,651.1366721585249
D3,pilot_baseline,20260933,30,27335895.539222356,650.9966687428778
D3,pilot_baseline,20260933,31,27340490.281414147,650.851883102029
D3,pilot_baseline,20260933,32,27342889.67163819,649.8842123339347
D3,pilot_baseline,20260933,33,27347664.67770814,649.6291129545884
D3,pilot_baseline,20260933,34,27357983.279788952,649.1209471038787
D3,pilot_baseline,20260933,35,27451408.54546095,647.4407010409401
D3,pilot_baseline,20260933,36,27524362.284975003,647.4290956646265
D3,pilot_baseline,20260933,37,27567607.78240714,647.0993239598132
D3,pilot_baseline,20260933,38,27586416.672890093,646.198443616355
D3,pilot_baseline,20260933,39,27656673.18941973,645.0475406836455
D3,pilot_baseline,20260933,40,27690849.868145462,644.5380641264616
D3,pilot_baseline,20260933,41,27781230.779523905,643.0171693162869
D3,pilot_baseline,20260933,42,27926363.394077256,642.7362828952846
D3,pilot_baseline,20260933,43,27938043.614976842,641.8473188353137
D3,pilot_baseline,20260933,44,28120460.8757214,640.1419493872464
D3,pilot_baseline,20260934,1,27133347.22319797,661.8717980499017
D3,pilot_baseline,20260934,2,27286780.49829945,652.7950732770757
D3,pilot_baseline,20260934,3,27295147.02735909,652.6473698489253
D3,pilot_baseline,20260934,4,27308398.34458237,649.9149388468111
D3,pilot_baseline,20260934,5,27340566.69721516,647.1726333532857
D3,pilot_baseline,20260934,6,27434122.791659996,645.7260822218591
D3,pilot_baseline,20260934,7,27496302.148965787,645.4909355947727
D3,pilot_baseline,20260934,8,27504608.264738254,645.3500125295192
D3,pilot_baseline,20260934,9,27551238.909799624,645.1030950127592
D3,pilot_baseline,20260934,10,27555752.681827996,644.924556332453
D3,pilot_baseline,20260934,11,27555922.365046155,644.4050393084651
D3,pilot_baseline,20260934,12,27564443.703614578,643.7197240912808
D3,pilot_baseline,20260934,13,27577589.420140747,642.1447878652896
D3,pilot_baseline,20260934,14,27582232.139992848,641.9823286331963
D3,pilot_baseline,20260934,15,27633311.979724698,641.6954683350084
D3,pilot_baseline,20260934,16,27652800.086798757,641.6711307520218
D3,pilot_baseline,20260934,17,27653824.251484714,641.6609255468994
D3,pilot_baseline,20260934,18,27661084.025137782,641.6008127019469
D3,pilot_baseline,20260934,19,27663637.183595315,641.3348773094323
D3,pilot_baseline,20260934,20,27690224.815328594,640.8552514266061
D3,pilot_baseline,20260934,21,27712381.93212346,640.3836472575304
D3,pilot_baseline,20260934,22,27751124.41373459,639.6128411105318
D3,pilot_baseline,20260934,23,27796295.39347981,639.1225002578401
D3,pilot_baseline,20260934,24,27860091.322573915,638.9250397222806
D3,pilot_baseline,20260934,25,27936466.336848196,638.187693684658
D3,pilot_baseline,20260934,26,27951533.70446782,638.0591553064075
D3,pilot_baseline,20260934,27,27985455.004207645,637.736291373428
D3,pilot_baseline,20260934,28,27996473.259442892,637.5892577679609
D3,pilot_baseline,20260934,29,28008733.660904713,637.1545925532015
D3,pilot_baseline,20260934,30,28084939.206987076,636.2018973250676
D3,pilot_baseline,20260934,31,28269716.64685409,635.4731419235926
D3,pilot_baseline,20260934,32,28398614.933391497,635.0637729841704
D3,pilot_baseline,20260934,33,28636037.61643451,634.8669137683743
D3,pilot_baseline,20260935,1,27164241.705480825,650.2434853909854
D3,pilot_baseline,20260935,2,27246382.76729921,647.7274064136
D3,pilot_baseline,20260935,3,27289494.517110724,647.6824518569267
D3,pilot_baseline,20260935,4,27341656.502808135,647.6685741785209
D3,pilot_baseline,20260935,5,27349615.272389635,646.1313632783774
D3,pilot_baseline,20260935,6,27389017.880293787,645.3384239935173
D3,pilot_baseline,20260935,7,27398136.741305005,644.1158634514418
D3,pilot_baseline,20260935,8,27499555.45046811,643.941520067446
D3,pilot_baseline,20260935,9,27507065.17416045,643.1118143334756
D3,pilot_baseline,20260935,10,27565203.121377654,642.7345408742664
D3,pilot_baseline,20260935,11,27590330.648731146,642.7329444224579
D3,pilot_baseline,20260935,12,27595853.636453692,642.2605136175359
D3,pilot_baseline,20260935,13,27623954.284690958,642.219278607177
D3,pilot_baseline,20260935,14,27636021.66247798,641.6315565319925
D3,pilot_baseline,20260935,15,27678688.81647132,641.6219879402307
D3,pilot_baseline,20260935,16,27689407.116776217,641.579967658914
D3,pilot_baseline,20260935,17,27720884.228739526,641.1676908558533
D3,pilot_baseline,20260935,18,27727056.309368435,641.1155123661441
D3,pilot_baseline,20260935,19,27741833.355313037,640.7479131343068
D3,pilot_baseline,20260935,20,27761231.19071832,640.5120068917067
D3,pilot_baseline,20260935,21,27778703.90061867,640.2543996369865
D3,pilot_baseline,20260935,22,27836530.346749905,638.9992575870197
D3,pilot_baseline,20260935,23,28041078.882808823,638.4707361704421
