case_id,scenario,seed,point_id,total_cost_usd,quantity_weighted_mean_delivery_time_h
D1,pilot_baseline,20260906,1,24842445.19812098,660.4667559181308
D1,pilot_baseline,20260906,2,24848650.87177561,660.0019607945736
D1,pilot_baseline,20260906,3,24883568.201326527,658.6343352527729
D1,pilot_baseline,20260906,4,24888497.304555107,653.2299622158317
D1,pilot_baseline,20260906,5,24952312.852573715,653.0169489543077
D1,pilot_baseline,20260906,6,24988661.712288722,651.8252915182069
D1,pilot_baseline,20260906,7,25015801.614312228,651.7410650440858
D1,pilot_baseline,20260906,8,25027305.75699999,648.6471827837831
D1,pilot_baseline,20260906,9,25048405.284625843,647.9674761935964
D1,pilot_baseline,20260906,10,25145924.420690563,647.4400488001354
D1,pilot_baseline,20260906,11,25150426.31195558,646.7272102563984
D1,pilot_baseline,20260906,12,25154848.34343224,646.6180078702163
D1,pilot_baseline,20260906,13,25188914.647872046,646.3377804512452
D1,pilot_baseline,20260906,14,25199644.344163164,645.1663163603041
D1,pilot_baseline,20260906,15,25225807.3685105,644.9990615099886
D1,pilot_baseline,20260906,16,25235562.131221257,644.0806653495912
D1,pilot_baseline,20260906,17,25265622.552143905,643.663892986668
D1,pilot_baseline,20260906,18,25328875.70402395,641.6593479719946
D1,pilot_baseline,20260906,19,25347784.00330648,641.6503052642785
D1,pilot_baseline,20260906,20,25382374.25321296,641.1780168299465
D1,pilot_baseline,20260906,21,25406501.118695565,641.1564961377708
D1,pilot_baseline,20260906,22,25413860.21512293,640.8729296946593
D1,pilot_baseline,20260906,23,25428318.67171302,639.5562269976799
D1,pilot_baseline,20260906,24,25466791.631174527,639.23369680844
D1,pilot_baseline,20260906,25,25496271.231104188,638.9750733223315
D1,pilot_baseline,20260906,26,25528977.60741526,637.2316774242043
D1,pilot_baseline,20260906,27,25585741.09869602,636.280724362476
D1,pilot_baseline,20260906,28,25682307.22827803,635.3666007365327
D1,pilot_baseline,20260906,29,25725192.068091244,634.1608453701832
D1,pilot_baseline,20260906,30,25818989.951902088,633.8079642605746
D1,pilot_baseline,20260906,31,25856661.762419228,633.510879734796
D1,pilot_baseline,20260906,32,25901222.197184246,632.582684116353
D1,pilot_baseline,20260906,33,25911130.396912266,632.5420664255878
D1,pilot_baseline,20260906,34,25975975.35893859,631.6242363557697
D1,pilot_baseline,20260906,35,25998172.60153971,631.2515582168876
D1,pilot_baseline,20260907,1,25515584.528721776,637.2205203095821
D1,pilot_baseline,20260907,2,25620902.531485274,635.5733909367095
D1,pilot_baseline,20260907,3,25623247.38542823,635.1519240875718
D1,pilot_baseline,20260907,4,25657061.830689576,634.0006210006823
D1,pilot_baseline,20260907,5,25706562.99155427,633.899031074905
D1,pilot_baseline,20260907,6,25714056.7532288,633.215569767905
D1,pilot_baseline,20260907,7,25749933.094815228,633.154105845488
D1,pilot_baseline,20260907,8,25770731.185936656,631.7839823708351
D1,pilot_baseline,20260907,9,25791075.857666016,631.7374406694797
D1,pilot_baseline,20260907,10,25808551.542048603,631.5903011304222
D1,pilot_baseline,20260907,11,25861031.111345444,631.5218828871377
D1,pilot_baseline,20260907,12,25865253.891941797,629.8700540283422
D1,pilot_baseline,20260907,13,25878216.912805896,629.7755001901951
D1,pilot_baseline,20260907,14,25910296.26820939,629.1493882830247
D1,pilot_baseline,20260907,15,25956831.96966935,628.7640578669642
D1,pilot_baseline,20260907,16,25968386.719464336,628.0829014497755
D1,pilot_baseline,20260907,17,26045315.289891113,627.9440771909673
D1,pilot_baseline,20260907,18,26077676.990641564,625.7509840262627
D1,pilot_baseline,20260907,19,26135342.25658021,625.3264300953057
D1,pilot_baseline,20260907,20,26170097.21344345,624.8175497032934
D1,pilot_baseline,20260907,21,26224929.613859504,624.384011503617
D1,pilot_baseline,20260907,22,26253169.346764177,623.2196006854163
D1,pilot_baseline,20260907,23,26383436.3174519,622.4211651481015
D1,pilot_baseline,20260907,24,26433508.648432508,621.8179393911123
D1,pilot_baseline,20260907,25,26496816.95811369,621.7517947671583
D1,pilot_baseline,20260907,26,26532732.01100971,621.7254501031407
D1,pilot_baseline,20260907,27,26558303.62036694,621.3333777254197
D1,pilot_baseline,20260907,28,26578512.6989591,621.112912229917
D1,pilot_baseline,20260907,29,26615105.99959738,620.8929751749603
D1,pilot_baseline,20260908,1,25569653.57766146,643.2490537541479
D1,pilot_baseline,20260908,2,25585600.162476636,642.6693062086963
D1,pilot_baseline,20260908,3,25590714.27888235,641.8297374504839
D1,pilot_baseline,20260908,4,25599234.620449055,641.1274200900903
D1,pilot_baseline,20260908,5,25664151.79630316,640.6178010864054
D1,pilot_baseline,20260908,6,25675346.828891296,639.4914318113738
D1,pilot_baseline,20260908,7,25700093.927073404,638.5788825481712
D1,pilot_baseline,20260908,8,25701362.297984626,638.5094480043022
D1,pilot_baseline,20260908,9,25715790.77828963,637.9845397205809
D1,pilot_baseline,20260908,10,25758214.409107592,637.7287885941262
D1,pilot_baseline,20260908,11,25806342.485517405,636.7115435234059
D1,pilot_baseline,20260908,12,25815241.134053946,636.7113405020044
D1,pilot_baseline,20260908,13,25824004.52562045,635.9725901452422
D1,pilot_baseline,20260908,14,25866704.958671384,635.3606375096465
D1,pilot_baseline,20260908,15,25866924.654443823,635.2928970797474
D1,pilot_baseline,20260908,16,25896193.51172176,634.7939321993465
D1,pilot_baseline,20260908,17,25927974.267856654,634.4700537560285
D1,pilot_baseline,20260908,18,25959247.415870894,632.124489188383
D1,pilot_baseline,20260908,19,26158042.43756334,630.8455056081859
D1,pilot_baseline,20260908,20,26297868.328916032,630.2243950326952
D1,pilot_baseline,20260908,21,26300243.748966,629.9853612920809
D1,pilot_baseline,20260908,22,26319453.82146737,629.9132421937734
D1,pilot_baseline,20260908,23,26337897.37820761,629.7112994179522
D1,pilot_baseline,20260908,24,26373147.501373306,629.3261007057918
D1,pilot_baseline,20260908,25,26487901.591862988,629.0580670168874
D1,pilot_baseline,20260909,1,25186500.8418719,648.7589091170166
D1,pilot_baseline,20260909,2,25295805.67524192,648.666203342206
D1,pilot_baseline,20260909,3,25332939.933975033,645.593111149567
D1,pilot_baseline,20260909,4,25351431.39267285,645.512151568296
D1,pilot_baseline,20260909,5,25444977.56000669,642.9897936939889
D1,pilot_baseline,20260909,6,25488035.879195068,641.7552418295371
D1,pilot_baseline,20260909,7,25628744.62548679,640.338302574162
D1,pilot_baseline,20260909,8,25726772.029235654,639.3758180594139
D1,pilot_baseline,20260909,9,25753240.881821677,638.2552034083086
D1,pilot_baseline,20260909,10,25806591.63403712,638.1298648587618
D1,pilot_baseline,20260909,11,25816288.117910914,637.459398566509
D1,pilot_baseline,20260909,12,25868169.478535615,636.3045775157976
D1,pilot_baseline,20260909,13,25880298.037390098,634.2379506333701
D1,pilot_baseline,20260909,14,26027449.19222768,633.8813330854091
D1,pilot_baseline,20260909,15,26062513.577219535,633.3742687731949
D1,pilot_baseline,20260909,16,26093314.62754559,632.4381684971136
D1,pilot_baseline,20260909,17,26109803.782246135,632.3757292903705
D1,pilot_baseline,20260909,18,26127833.087367702,632.3499690495411
D1,pilot_baseline,20260909,19,26166871.210726663,632.1632792467772
D1,pilot_baseline,20260909,20,26265034.51877553,631.7567943638668
D1,pilot_baseline,20260909,21,26295979.5753254,631.3154137070624
D1,pilot_baseline,20260909,22,26341335.38386176,631.0239602248188
D1,pilot_baseline,20260909,23,26356328.206610635,630.5950551057432
D1,pilot_baseline,20260910,1,25543194.307037503,636.1502187915288
D1,pilot_baseline,20260910,2,25553597.79702551,635.927436946215
D1,pilot_baseline,20260910,3,25594301.142557595,635.0943767766494
D1,pilot_baseline,20260910,4,25595603.752489034,634.240919292238
D1,pilot_baseline,20260910,5,25598324.328409843,634.1194362680767
D1,pilot_baseline,20260910,6,25642640.8365964,633.811750401531
D1,pilot_baseline,20260910,7,25646327.53211014,633.3991652461439
D1,pilot_baseline,20260910,8,25675199.67529814,633.1586648938659
D1,pilot_baseline,20260910,9,25678166.14762445,632.9859612908238
D1,pilot_baseline,20260910,10,25705122.2138276,632.7574207709341
D1,pilot_baseline,20260910,11,25710043.09525872,632.3504087610308
D1,pilot_baseline,20260910,12,25717788.63417224,631.8707999042517
D1,pilot_baseline,20260910,13,25719501.830180798,631.8336063253263
D1,pilot_baseline,20260910,14,25725544.99823288,631.411519419499
D1,pilot_baseline,20260910,15,25751508.477882527,631.0989283197708
D1,pilot_baseline,20260910,16,25768993.027129825,631.032942338149
D1,pilot_baseline,20260910,17,25806140.285817236,630.8919140112657
D1,pilot_baseline,20260910,18,25808318.345368013,630.6778599882159
D1,pilot_baseline,20260910,19,25834455.093100745,629.2733599892481
D1,pilot_baseline,20260910,20,25859368.590736073,628.9719720164038
D1,pilot_baseline,20260910,21,25900869.62881985,628.5775930246496
D1,pilot_baseline,20260910,22,25921599.591465797,628.4200679700799
D1,pilot_baseline,20260910,23,25928953.6534971,628.1352480697936
D1,pilot_baseline,20260910,24,25939186.943665594,627.8859066825698
D1,pilot_baseline,20260910,25,25943225.59049013,627.6887883535592
D1,pilot_baseline,20260910,26,25974529.57037899,627.3268927952392
D1,pilot_baseline,20260910,27,25996714.00648878,626.8158269891264
D1,pilot_baseline,20260910,28,26019800.670100495,626.7465547417428
D1,pilot_baseline,20260910,29,26041658.91395786,626.5563781795345
D1,pilot_baseline,20260910,30,26042153.22670304,626.1420040627064
D1,pilot_baseline,20260910,31,26061004.669380616,625.5516359389645
D1,pilot_baseline,20260910,32,26103114.054816194,625.5276258900418
D1,pilot_baseline,20260910,33,26118682.75787815,625.2616115718986
D1,pilot_baseline,20260910,34,26132006.14756985,624.9904691821175
D1,pilot_baseline,20260910,35,26160898.492347013,624.739398357382
D1,pilot_baseline,20260910,36,26187037.532719918,624.7090004472288
D1,pilot_baseline,20260910,37,26198951.237348758,624.5223369323317
D1,pilot_baseline,20260910,38,26212181.638554037,624.2282350635643
D1,pilot_baseline,20260910,39,26250688.339329865,623.8233025041261
D1,pilot_baseline,20260910,40,26258844.765750214,623.3423736769988
D1,pilot_baseline,20260910,41,26301766.80735034,623.0216401700635
D1,pilot_baseline,20260910,42,26304386.470322747,623.0096050964462
D1,pilot_baseline,20260910,43,26352152.514588222,622.1081927874935
D1,pilot_baseline,20260910,44,26376937.71531788,621.9535636825186
D1,pilot_baseline,20260910,45,26486097.13701124,621.4380841491148
D1,pilot_baseline,20260910,46,26627159.790792927,620.5607815634917
D1,pilot_baseline,20260911,1,25452940.511781923,638.9422297340157
D1,pilot_baseline,20260911,2,25521753.453229576,638.2814219906166
D1,pilot_baseline,20260911,3,25550932.09455942,637.8247952168063
D1,pilot_baseline,20260911,4,25583781.97178784,637.0302675463153
D1,pilot_baseline,20260911,5,25605716.17837789,636.9542960810268
D1,pilot_baseline,20260911,6,25616231.421673365,636.8742920218441
D1,pilot_baseline,20260911,7,25620358.679046754,636.0685278128616
D1,pilot_baseline,20260911,8,25648448.124826983,635.6815092324551
D1,pilot_baseline,20260911,9,25653123.60463834,635.5012637291155
D1,pilot_baseline,20260911,10,25658425.090352144,635.1157002602989
D1,pilot_baseline,20260911,11,25677204.374347933,635.0829135684136
D1,pilot_baseline,20260911,12,25682643.37723832,634.9153754807761
D1,pilot_baseline,20260911,13,25688616.650376193,634.6452151906564
D1,pilot_baseline,20260911,14,25703541.40021563,634.4208666147356
D1,pilot_baseline,20260911,15,25709667.123967614,633.9097143143409
D1,pilot_baseline,20260911,16,25732496.827466566,633.1104074992705
D1,pilot_baseline,20260911,17,25794232.431939688,632.3911969640288
D1,pilot_baseline,20260911,18,25801410.235765472,632.1328226291049
D1,pilot_baseline,20260911,19,25859638.97260895,632.0434742401817
D1,pilot_baseline,20260911,20,25877252.383324165,631.569528749631
D1,pilot_baseline,20260911,21,25882036.163126793,631.4062376480973
D1,pilot_baseline,20260911,22,25888875.929197337,631.352478299272
D1,pilot_baseline,20260911,23,25892344.822915625,630.921930672695
D1,pilot_baseline,20260911,24,25911530.091693122,630.8441388826525
D1,pilot_baseline,20260911,25,25926144.992315553,630.8190385438957
D1,pilot_baseline,20260911,26,25931354.973455988,630.8144959821427
D1,pilot_baseline,20260911,27,25932965.174951654,629.7254661182445
D1,pilot_baseline,20260911,28,25971450.162077703,629.605439429792
D1,pilot_baseline,20260911,29,25977524.118726984,628.7852652853054
D1,pilot_baseline,20260911,30,26021303.990828425,628.6795616370722
D1,pilot_baseline,20260911,31,26041967.564053077,628.0105068508527
D1,pilot_baseline,20260911,32,26046021.50326532,627.956716059946
D1,pilot_baseline,20260911,33,26085468.176780522,627.7955907371883
D1,pilot_baseline,20260911,34,26091121.09258288,627.172243064992
D1,pilot_baseline,20260911,35,26094510.06666396,626.8844005062749
D1,pilot_baseline,20260911,36,26219021.957933735,626.8089972612214
D1,pilot_baseline,20260911,37,26227528.66297718,626.0584977481992
D1,pilot_baseline,20260911,38,26321489.098261315,625.2348010408822
D1,pilot_baseline,20260911,39,26363755.057348873,624.965866943694
D1,pilot_baseline,20260911,40,26403862.73718207,624.8222293280704
D1,pilot_baseline,20260911,41,26685608.64502754,624.39263151076
D1,pilot_baseline,20260912,1,25232421.79304781,644.8722060697754
D1,pilot_baseline,20260912,2,25245563.86645435,640.9869864564172
D1,pilot_baseline,20260912,3,25296118.36958161,638.6596958843554
D1,pilot_baseline,20260912,4,25353868.040414687,638.2170411906886
D1,pilot_baseline,20260912,5,25373170.16865519,637.603351320569
D1,pilot_baseline,20260912,6,25412396.694947865,637.3121527390931
D1,pilot_baseline,20260912,7,25423521.02363151,637.2648125806578
D1,pilot_baseline,20260912,8,25456374.23878965,636.9003595121578
D1,pilot_baseline,20260912,9,25461760.841661215,636.8820774962544
D1,pilot_baseline,20260912,10,25468005.484867007,636.5931779135104
D1,pilot_baseline,20260912,11,25477489.42523127,636.0770864938119
D1,pilot_baseline,20260912,12,25497276.206754316,635.6778320291311
D1,pilot_baseline,20260912,13,25508184.76637093,635.6563762272409
D1,pilot_baseline,20260912,14,25511794.069225244,635.385771678844
D1,pilot_baseline,20260912,15,25512405.61914239,635.1958254120451
D1,pilot_baseline,20260912,16,25520009.66088834,635.0912322279218
D1,pilot_baseline,20260912,17,25530175.039977346,634.3162187577074
D1,pilot_baseline,20260912,18,25534679.101430047,634.2467667372729
D1,pilot_baseline,20260912,19,25587673.487320356,634.1905147805985
D1,pilot_baseline,20260912,20,25589599.156443063,633.6585786905
D1,pilot_baseline,20260912,21,25606115.69696911,633.477243524744
D1,pilot_baseline,20260912,22,25608682.029926307,633.3881903918789
D1,pilot_baseline,20260912,23,25632437.050621632,633.1062400407546
D1,pilot_baseline,20260912,24,25637883.522405136,632.4363962140179
D1,pilot_baseline,20260912,25,25677210.57674277,632.3940335074105
D1,pilot_baseline,20260912,26,25690957.30946771,631.1828970683052
D1,pilot_baseline,20260912,27,25702106.96553333,631.1226613497582
D1,pilot_baseline,20260912,28,25730764.36837456,630.9079053726175
D1,pilot_baseline,20260912,29,25742052.779472794,630.2527356495924
D1,pilot_baseline,20260912,30,25781620.233055748,630.1124616298766
D1,pilot_baseline,20260912,31,25812509.71700343,629.3405611577682
D1,pilot_baseline,20260912,32,25814149.475949068,629.3334545117166
D1,pilot_baseline,20260912,33,25870622.926614717,628.9388904683203
D1,pilot_baseline,20260912,34,25878452.421356156,628.8285340779732
D1,pilot_baseline,20260912,35,25887881.881216742,627.5799754051783
D1,pilot_baseline,20260912,36,26071141.217871428,626.7443542432873
D1,pilot_baseline,20260913,1,25677113.651315615,641.8739652243304
D1,pilot_baseline,20260913,2,25741948.735790946,639.6417416504653
D1,pilot_baseline,20260913,3,25815535.42347362,637.2409730020661
D1,pilot_baseline,20260913,4,25832874.26834858,636.8302006110644
D1,pilot_baseline,20260913,5,25918380.02907975,635.9713385016503
D1,pilot_baseline,20260913,6,25943980.94111524,635.2132156711289
D1,pilot_baseline,20260913,7,25945355.188194927,634.7239446167398
D1,pilot_baseline,20260913,8,26016764.499461357,633.7633232747618
D1,pilot_baseline,20260913,9,26082035.107870404,633.7457583201142
D1,pilot_baseline,20260913,10,26143375.879960954,633.7041293035408
D1,pilot_baseline,20260913,11,26148996.749371164,631.2225314780912
D1,pilot_baseline,20260913,12,26149343.239089154,631.2209396591026
D1,pilot_baseline,20260913,13,26187891.2863478,630.5949272910727
D1,pilot_baseline,20260913,14,26334894.632491756,630.2245088884248
D1,pilot_baseline,20260913,15,26389964.99082485,628.5960554010862
D1,pilot_baseline,20260914,1,25641665.444374107,639.3164058208616
D1,pilot_baseline,20260914,2,25724761.045536876,637.9155216672841
D1,pilot_baseline,20260914,3,25731952.53023847,635.4375863076849
D1,pilot_baseline,20260914,4,25791218.577747047,635.3887287238376
D1,pilot_baseline,20260914,5,25841394.901847813,634.8240904626854
D1,pilot_baseline,20260914,6,25856230.28756758,634.3563113059744
D1,pilot_baseline,20260914,7,25858925.036822375,633.5194718357737
D1,pilot_baseline,20260914,8,25872479.74753276,632.7826195322596
D1,pilot_baseline,20260914,9,25931820.645270005,632.6559848506517
D1,pilot_baseline,20260914,10,25955538.66035601,632.4588608684553
D1,pilot_baseline,20260914,11,25960742.378286704,631.8037790154199
D1,pilot_baseline,20260914,12,25992541.35987777,630.6866821870829
D1,pilot_baseline,20260914,13,26022956.444789205,629.3579646600288
D1,pilot_baseline,20260914,14,26042800.931291144,629.2667964989087
D1,pilot_baseline,20260914,15,26047003.349094756,628.9615403381049
D1,pilot_baseline,20260914,16,26066711.142920315,628.4835682682882
D1,pilot_baseline,20260914,17,26139206.712648883,628.4105607292986
D1,pilot_baseline,20260914,18,26144355.57658307,628.0369904582989
D1,pilot_baseline,20260914,19,26181421.18317733,626.696364271017
D1,pilot_baseline,20260914,20,26208390.971822597,626.0530068618955
D1,pilot_baseline,20260914,21,26251656.720121853,624.604337114224
D1,pilot_baseline,20260914,22,26359008.466065962,623.2766008450466
D1,pilot_baseline,20260914,23,26400033.251309406,623.0759643335538
D1,pilot_baseline,20260914,24,26479701.57275516,622.4755309273198
D1,pilot_baseline,20260914,25,26565207.834589176,620.4554428150458
D1,pilot_baseline,20260915,1,25546508.438125897,641.6682396177019
D1,pilot_baseline,20260915,2,25548174.027015716,639.4843874360017
D1,pilot_baseline,20260915,3,25583265.246239167,638.378189647724
D1,pilot_baseline,20260915,4,25591905.002230182,637.2498503592373
D1,pilot_baseline,20260915,5,25638643.021946546,635.7426071527607
D1,pilot_baseline,20260915,6,25691237.16619974,634.8948853507796
D1,pilot_baseline,20260915,7,25725866.38477326,633.5294423879636
D1,pilot_baseline,20260915,8,25767533.542703822,631.8335527230702
D1,pilot_baseline,20260915,9,25911037.8127414,630.3340094163707
D1,pilot_baseline,20260915,10,25939090.578551874,629.9401797330644
D1,pilot_baseline,20260915,11,25970411.015060477,629.3971479546166
D1,pilot_baseline,20260915,12,25990461.501505096,628.6671949535269
D1,pilot_baseline,20260915,13,26017163.24744846,627.7422077028143
D1,pilot_baseline,20260915,14,26037861.649797305,627.0251849911382
D1,pilot_baseline,20260915,15,26140801.864670314,624.3270286459999
D1,pilot_baseline,20260915,16,26233293.24761584,624.2908541248804
D1,pilot_baseline,20260915,17,26248158.17034864,623.3646103950789
D1,pilot_baseline,20260915,18,26275898.518873133,622.3822629291874
D1,pilot_baseline,20260915,19,26330726.298515372,621.8672247275412
D1,pilot_baseline,20260915,20,26392117.21652725,621.5701665620029
D1,pilot_baseline,20260915,21,26415846.09966147,620.5479820542768
D1,pilot_baseline,20260915,22,26444285.805538926,620.2367866632407
D1,pilot_baseline,20260915,23,26449549.724924035,620.0092005356732
D1,pilot_baseline,20260915,24,26469059.059917103,619.6854423631269
D1,pilot_baseline,20260915,25,26478502.06672025,619.3641697795872
D1,pilot_baseline,20260915,26,26530623.826993868,619.3612708983297
D1,pilot_baseline,20260915,27,26544322.097125288,618.1737686731917
D1,pilot_baseline,20260915,28,26571173.55595367,617.897496926095
D1,pilot_baseline,20260915,29,26591906.179263618,617.5779448683761
D1,pilot_baseline,20260915,30,26653399.489870492,617.1121999235975
D1,pilot_baseline,20260915,31,26720476.696201835,616.6216548441273
D1,pilot_baseline,20260915,32,26772109.384655178,615.6406286172274
D1,pilot_baseline,20260916,1,25224257.32314798,643.9620247169289
D1,pilot_baseline,20260916,2,25259436.414711647,643.262574300841
D1,pilot_baseline,20260916,3,25262083.169189945,643.179273356162
D1,pilot_baseline,20260916,4,25283076.642090704,641.4862975415458
D1,pilot_baseline,20260916,5,25329938.796260674,640.7272631890303
D1,pilot_baseline,20260916,6,25404739.803603634,639.0615320644649
D1,pilot_baseline,20260916,7,25424360.160568565,638.7335791625172
D1,pilot_baseline,20260916,8,25470562.262803257,637.4521925850048
D1,pilot_baseline,20260916,9,25517624.743841536,637.2825477621068
D1,pilot_baseline,20260916,10,25522344.608799003,637.2649529959575
D1,pilot_baseline,20260916,11,25540302.797305122,636.2646187223376
D1,pilot_baseline,20260916,12,25571807.6013829,635.4107870308264
D1,pilot_baseline,20260916,13,25650113.52104336,633.8518833017393
D1,pilot_baseline,20260916,14,25663468.798091285,633.5185135999088
D1,pilot_baseline,20260916,15,25717183.312521294,633.1430247375855
D1,pilot_baseline,20260916,16,25718006.070057243,633.0375307892954
D1,pilot_baseline,20260916,17,25736936.43931471,632.6490733036276
D1,pilot_baseline,20260916,18,25765592.69604083,632.3343877563547
D1,pilot_baseline,20260916,19,25797096.581005905,631.8732107575103
D1,pilot_baseline,20260916,20,25811510.361707777,631.6745597730478
D1,pilot_baseline,20260916,21,25816374.419025227,630.7826301288442
D1,pilot_baseline,20260916,22,25905746.518740088,629.69900671479
D1,pilot_baseline,20260916,23,25924608.542887248,629.3197978621702
D1,pilot_baseline,20260916,24,25947417.79725011,629.2365391623985
D1,pilot_baseline,20260916,25,25996731.05548243,628.7209051914167
D1,pilot_baseline,20260916,26,26009368.47166175,627.5916912464411
D1,pilot_baseline,20260916,27,26110363.473348066,627.539911267944
D1,pilot_baseline,20260916,28,26135690.81098775,626.3434869371217
D1,pilot_baseline,20260916,29,26243222.46508418,625.6292437624636
D1,pilot_baseline,20260916,30,26336794.199422516,625.1349055846833
D1,pilot_baseline,20260917,1,25323906.030142374,647.6589865097285
D1,pilot_baseline,20260917,2,25375487.61541241,645.0838417311365
D1,pilot_baseline,20260917,3,25391473.664917167,643.3906671028036
D1,pilot_baseline,20260917,4,25404769.51977209,640.2249648172635
D1,pilot_baseline,20260917,5,25498640.030231208,640.0595849633328
D1,pilot_baseline,20260917,6,25516554.212096434,639.5410471987911
D1,pilot_baseline,20260917,7,25528186.753814027,638.8111544409797
D1,pilot_baseline,20260917,8,25542402.17899768,637.9651231772291
D1,pilot_baseline,20260917,9,25565563.709388882,637.4607628596923
D1,pilot_baseline,20260917,10,25597149.207072448,636.8364055246668
D1,pilot_baseline,20260917,11,25627381.82794508,636.0637542789007
D1,pilot_baseline,20260917,12,25663088.35708208,635.0466584065722
D1,pilot_baseline,20260917,13,25702296.356706318,634.8384811132414
D1,pilot_baseline,20260917,14,25714567.739497192,634.5672735505808
D1,pilot_baseline,20260917,15,25747522.014574062,634.4080424998729
D1,pilot_baseline,20260917,16,25771054.18199981,633.8233358203951
D1,pilot_baseline,20260917,17,25792427.518270683,633.3889759211851
D1,pilot_baseline,20260917,18,25801708.401400544,632.7519602096695
D1,pilot_baseline,20260917,19,25847626.903512876,632.595956505499
D1,pilot_baseline,20260917,20,25855665.263499256,631.2812110387557
D1,pilot_baseline,20260917,21,25897891.834741842,630.9002258573302
D1,pilot_baseline,20260917,22,25922747.97662566,630.4440181114427
D1,pilot_baseline,20260917,23,25959410.083832674,629.8362895683293
D1,pilot_baseline,20260917,24,26030425.935684327,628.6051507021965
D1,pilot_baseline,20260917,25,26079962.95358165,627.7587399617862
D1,pilot_baseline,20260917,26,26101308.66713637,627.6092645276401
D1,pilot_baseline,20260917,27,26110489.947020583,627.5597368300334
D1,pilot_baseline,20260917,28,26127025.00164085,626.9876315451799
D1,pilot_baseline,20260917,29,26246091.688902173,626.8386358562379
D1,pilot_baseline,20260917,30,26246575.41334154,624.7825049819822
D1,pilot_baseline,20260917,31,26269494.778895844,624.6304701063306
D1,pilot_baseline,20260917,32,26327717.399040814,623.1969666843478
D1,pilot_baseline,20260918,1,25439066.657839645,639.3375230372843
D1,pilot_baseline,20260918,2,25558934.30386637,638.5325325063026
D1,pilot_baseline,20260918,3,25594461.872836437,638.4979894290741
D1,pilot_baseline,20260918,4,25596497.341210578,638.4505540929713
D1,pilot_baseline,20260918,5,25613136.29110713,637.8237628906111
D1,pilot_baseline,20260918,6,25630325.812718693,637.3202236641132
D1,pilot_baseline,20260918,7,25650828.82046929,636.9066960741326
D1,pilot_baseline,20260918,8,25661582.70294674,636.3470151814324
D1,pilot_baseline,20260918,9,25667301.76259176,636.2655343544279
D1,pilot_baseline,20260918,10,25704283.983893923,635.8264195749649
D1,pilot_baseline,20260918,11,25744335.641109567,635.1069250972351
D1,pilot_baseline,20260918,12,25745140.047972485,633.4647765648988
D1,pilot_baseline,20260918,13,25771784.28088523,632.8437338498122
D1,pilot_baseline,20260918,14,25822068.03717313,632.512214415559
D1,pilot_baseline,20260918,15,25828637.26260522,631.911596594025
D1,pilot_baseline,20260918,16,25877573.539101206,630.4965625781168
D1,pilot_baseline,20260918,17,25924092.658719577,630.2150672080566
D1,pilot_baseline,20260918,18,25930539.174440317,629.9956976248351
D1,pilot_baseline,20260918,19,25955085.99376309,629.6935988784751
D1,pilot_baseline,20260918,20,25972443.247597925,629.0102841021884
D1,pilot_baseline,20260918,21,25979886.97572184,628.8298682597244
D1,pilot_baseline,20260918,22,25994488.173771095,628.6584582279866
D1,pilot_baseline,20260918,23,25999534.819486976,628.5935995301936
D1,pilot_baseline,20260918,24,26007851.464247253,628.5442031147404
D1,pilot_baseline,20260918,25,26040595.13521354,627.2256214737456
D1,pilot_baseline,20260918,26,26041799.34337699,626.9725586875247
D1,pilot_baseline,20260918,27,26076849.52134899,626.7197493737148
D1,pilot_baseline,20260918,28,26084420.891115505,626.5842386250191
D1,pilot_baseline,20260918,29,26103129.739972156,626.2342686064846
D1,pilot_baseline,20260918,30,26107609.59230003,626.1987733814216
D1,pilot_baseline,20260918,31,26110012.508305017,625.9429041982536
D1,pilot_baseline,20260918,32,26152026.33572184,625.6740433438995
D1,pilot_baseline,20260918,33,26152972.19443838,625.5234589117487
D1,pilot_baseline,20260918,34,26158028.77951523,625.0870866227893
D1,pilot_baseline,20260918,35,26193355.18357342,624.957173423683
D1,pilot_baseline,20260918,36,26228304.611324165,623.8556147986967
D1,pilot_baseline,20260918,37,26232525.467941087,623.8035699753569
D1,pilot_baseline,20260918,38,26247778.033877306,623.2193982297009
D1,pilot_baseline,20260918,39,26268673.190851644,622.8767365769627
D1,pilot_baseline,20260918,40,26329105.7553544,622.4414703722043
D1,pilot_baseline,20260918,41,26331248.578893136,622.1003244271112
D1,pilot_baseline,20260918,42,26563045.84895343,620.2759784168749
D1,pilot_baseline,20260919,1,25535165.286814276,639.0252421048277
D1,pilot_baseline,20260919,2,25546960.59438624,635.3437262823032
D1,pilot_baseline,20260919,3,25650402.99238624,633.8808350561414
D1,pilot_baseline,20260919,4,25664818.41504202,633.5147057557721
D1,pilot_baseline,20260919,5,25692118.8197834,631.4931516567245
D1,pilot_baseline,20260919,6,25720094.793925118,631.2203110411389
D1,pilot_baseline,20260919,7,25768595.227908093,630.9886691460429
D1,pilot_baseline,20260919,8,25787608.990992732,630.6391894535649
D1,pilot_baseline,20260919,9,25802339.734882653,630.2314664657414
D1,pilot_baseline,20260919,10,25803203.91030607,629.3660663701088
D1,pilot_baseline,20260919,11,25846232.231168162,629.0724324911059
D1,pilot_baseline,20260919,12,25857258.972807407,628.9213561793625
D1,pilot_baseline,20260919,13,25862706.932600424,628.9000338295732
D1,pilot_baseline,20260919,14,25869293.52808094,628.753567408335
D1,pilot_baseline,20260919,15,25886865.302254815,628.4312324491389
D1,pilot_baseline,20260919,16,25897557.139185477,628.3422799180878
D1,pilot_baseline,20260919,17,25903782.44236409,627.6840220810772
D1,pilot_baseline,20260919,18,25931529.082742684,627.5862004893377
D1,pilot_baseline,20260919,19,25947772.611799456,627.1956124114544
D1,pilot_baseline,20260919,20,25960495.03648061,627.1248792493246
D1,pilot_baseline,20260919,21,25960787.670548104,626.3455665972414
D1,pilot_baseline,20260919,22,25983177.346789252,626.3118013667607
D1,pilot_baseline,20260919,23,25997748.121965338,626.1687929646013
D1,pilot_baseline,20260919,24,25997923.600412298,626.0923877941717
D1,pilot_baseline,20260919,25,26012100.002830815,625.5983008306623
D1,pilot_baseline,20260919,26,26035957.91802891,625.3908509426325
D1,pilot_baseline,20260919,27,26047000.380012766,624.6409284071755
D1,pilot_baseline,20260919,28,26078454.04174026,624.6269236616813
D1,pilot_baseline,20260919,29,26088108.51695721,624.3071479515643
D1,pilot_baseline,20260919,30,26106149.48305315,624.1270090013602
D1,pilot_baseline,20260919,31,26141080.43551318,623.4929835591001
D1,pilot_baseline,20260919,32,26166187.815320842,622.7309224621099
D1,pilot_baseline,20260919,33,26181550.811070465,622.6004955759352
D1,pilot_baseline,20260919,34,26207714.111823913,622.1477503571793
D1,pilot_baseline,20260919,35,26230472.702329084,622.1421780482056
D1,pilot_baseline,20260919,36,26233073.149938818,621.8821146802418
D1,pilot_baseline,20260919,37,26286310.200127587,620.976794992271
D1,pilot_baseline,20260919,38,26309731.3301426,620.748467188563
D1,pilot_baseline,20260920,1,25320529.721365545,645.8130853199035
D1,pilot_baseline,20260920,2,25332519.41646077,644.9103283596188
D1,pilot_baseline,20260920,3,25352298.748791788,643.833496650026
D1,pilot_baseline,20260920,4,25412199.497721646,643.1880128443081
D1,pilot_baseline,20260920,5,25423608.098721597,641.6821138507967
D1,pilot_baseline,20260920,6,25445641.911983274,641.6302334484351
D1,pilot_baseline,20260920,7,25489041.783847872,641.4405167634861
D1,pilot_baseline,20260920,8,25514469.45828815,640.2310309596539
D1,pilot_baseline,20260920,9,25575607.25538219,636.291047996839
D1,pilot_baseline,20260920,10,25692357.69887235,635.0842473539492
D1,pilot_baseline,20260920,11,25780151.97525545,633.490879811863
D1,pilot_baseline,20260920,12,25806821.992924023,632.6645387852752
D1,pilot_baseline,20260920,13,25826099.320965346,632.427271601745
D1,pilot_baseline,20260920,14,25900750.792613868,632.4091046830546
D1,pilot_baseline,20260920,15,25929640.93410472,631.6311555096523
D1,pilot_baseline,20260920,16,25953421.447442275,631.5063439246078
D1,pilot_baseline,20260920,17,25957317.388629436,631.5040062651963
D1,pilot_baseline,20260920,18,25976291.169071414,630.4517895858581
D1,pilot_baseline,20260920,19,25988333.921152208,629.7247298762834
D1,pilot_baseline,20260920,20,26018999.156321924,629.1639335927192
D1,pilot_baseline,20260920,21,26060801.342539195,629.1390873390781
D1,pilot_baseline,20260920,22,26076491.44376612,628.8765171179325
D1,pilot_baseline,20260920,23,26094120.379449725,628.680821532335
D1,pilot_baseline,20260920,24,26147011.496369623,627.0311459777286
D1,pilot_baseline,20260920,25,26197294.065205578,627.0306930912741
D1,pilot_baseline,20260920,26,26226308.309078697,625.8715992701982
D1,pilot_baseline,20260920,27,26245128.654627725,625.4211348938
D1,pilot_baseline,20260920,28,26274734.536546204,625.3666378941573
D1,pilot_baseline,20260920,29,26311435.96192102,624.8572711702907
D1,pilot_baseline,20260920,30,26348491.81221562,623.3904813000314
D1,pilot_baseline,20260920,31,26363788.028747834,622.9831909866182
D1,pilot_baseline,20260920,32,26537995.489915565,622.3257658006755
D1,pilot_baseline,20260920,33,26548840.032395475,622.0569124172507
D1,pilot_baseline,20260920,34,26689559.690831885,620.4134857169181
D1,pilot_baseline,20260921,1,25593553.10810194,638.0505081964764
D1,pilot_baseline,20260921,2,25608253.86374567,636.7484177325744
D1,pilot_baseline,20260921,3,25628794.235229712,635.7745595911415
D1,pilot_baseline,20260921,4,25655815.778350126,634.8993021575341
D1,pilot_baseline,20260921,5,25666944.452787966,634.1095741866246
D1,pilot_baseline,20260921,6,25736312.01297158,633.7659902868346
D1,pilot_baseline,20260921,7,25739434.994592916,632.1827323206975
D1,pilot_baseline,20260921,8,25804923.526994612,631.2895189076404
D1,pilot_baseline,20260921,9,25813203.827997237,630.6436385568015
D1,pilot_baseline,20260921,10,25830181.644958813,630.524349971757
D1,pilot_baseline,20260921,11,25849550.61586979,630.2357676360147
D1,pilot_baseline,20260921,12,25861003.178373147,630.0089839635175
D1,pilot_baseline,20260921,13,25875569.362512104,629.8846809153739
D1,pilot_baseline,20260921,14,25897464.667531107,629.3945700279712
D1,pilot_baseline,20260921,15,25906021.2425329,628.9131871605873
D1,pilot_baseline,20260921,16,25933972.291087884,628.5888519244577
D1,pilot_baseline,20260921,17,25941050.575634014,628.5868087949868
D1,pilot_baseline,20260921,18,25956713.596557315,628.3993163773151
D1,pilot_baseline,20260921,19,25980913.383698553,628.1911941904326
D1,pilot_baseline,20260921,20,25995095.619312186,628.1765193378457
D1,pilot_baseline,20260921,21,26009338.731947154,627.3788120201377
D1,pilot_baseline,20260921,22,26025924.225117084,626.5123835681596
D1,pilot_baseline,20260921,23,26044717.361427817,625.5199432816236
D1,pilot_baseline,20260921,24,26133603.879982315,624.6869084553487
D1,pilot_baseline,20260921,25,26164826.763605215,624.6103503495652
D1,pilot_baseline,20260921,26,26204518.59734997,623.7987060838724
D1,pilot_baseline,20260921,27,26258167.194258075,623.3058198912405
D1,pilot_baseline,20260921,28,26293162.159019753,622.5504277446438
D1,pilot_baseline,20260921,29,26331465.630615726,621.7266284343323
D1,pilot_baseline,20260921,30,26494158.176261406,621.2529400389718
D1,pilot_baseline,20260922,1,25234968.73262493,646.3661740568311
D1,pilot_baseline,20260922,2,25261301.582684394,644.4500570632828
D1,pilot_baseline,20260922,3,25271558.0072847,644.43196121641
D1,pilot_baseline,20260922,4,25288130.753308605,643.8578211937521
D1,pilot_baseline,20260922,5,25325907.264441237,642.9316730449799
D1,pilot_baseline,20260922,6,25361306.253043223,641.5725605967763
D1,pilot_baseline,20260922,7,25372255.74201613,641.5387006620809
D1,pilot_baseline,20260922,8,25372845.81259229,641.2002728805272
D1,pilot_baseline,20260922,9,25399918.821736563,640.9609736899863
D1,pilot_baseline,20260922,10,25414462.350720644,640.4134645846144
D1,pilot_baseline,20260922,11,25434978.38237117,640.4055404332452
D1,pilot_baseline,20260922,12,25446087.66366829,639.8281161736116
D1,pilot_baseline,20260922,13,25475905.103421595,639.5201555423287
D1,pilot_baseline,20260922,14,25478585.273914915,639.1004382000049
D1,pilot_baseline,20260922,15,25481531.804213863,639.0690560616704
D1,pilot_baseline,20260922,16,25519644.105008274,638.6416288992422
D1,pilot_baseline,20260922,17,25526637.31727602,638.4392355990365
D1,pilot_baseline,20260922,18,25544873.55917215,638.4070375748461
D1,pilot_baseline,20260922,19,25547779.639786232,638.1059255239098
D1,pilot_baseline,20260922,20,25574456.68314259,638.0623928877088
D1,pilot_baseline,20260922,21,25599455.982145075,636.2994755233669
D1,pilot_baseline,20260922,22,25654769.91902031,636.089988525972
D1,pilot_baseline,20260922,23,25689612.605071347,635.9929799291992
D1,pilot_baseline,20260922,24,25689671.58035521,635.9209864338617
D1,pilot_baseline,20260922,25,25689844.059368063,635.5096030450328
D1,pilot_baseline,20260922,26,25699626.73537154,635.065138317055
D1,pilot_baseline,20260922,27,25707735.800777867,634.5026871604183
D1,pilot_baseline,20260922,28,25750524.982042313,633.321772225644
D1,pilot_baseline,20260922,29,25805505.32891177,632.5973409201738
D1,pilot_baseline,20260922,30,25859650.87345287,632.2962030184791
D1,pilot_baseline,20260922,31,25877269.61606455,632.2210659844135
D1,pilot_baseline,20260922,32,25901553.037306122,631.2246748509215
D1,pilot_baseline,20260922,33,25931141.660602458,630.845631793723
D1,pilot_baseline,20260922,34,25935233.45337409,630.8250630943546
D1,pilot_baseline,20260922,35,25959995.180544812,629.8998549025188
D1,pilot_baseline,20260922,36,25991772.160231166,629.5038370542268
D1,pilot_baseline,20260922,37,26049983.838110983,629.3449586888821
D1,pilot_baseline,20260922,38,26056233.71415843,628.9827245046368
D1,pilot_baseline,20260922,39,26077144.59469715,628.2787860268077
D1,pilot_baseline,20260922,40,26145262.28143644,627.481665638027
D1,pilot_baseline,20260922,41,26287791.88504662,626.4514838209875
D1,pilot_baseline,20260922,42,26388456.584783763,625.1420091598114
D1,pilot_baseline,20260923,1,25183901.81765151,644.1530559632971
D1,pilot_baseline,20260923,2,25195300.396754384,644.1155008779716
D1,pilot_baseline,20260923,3,25247070.940768193,643.639920359932
D1,pilot_baseline,20260923,4,25247663.655500207,643.0382410463534
D1,pilot_baseline,20260923,5,25257251.47692852,642.9033025053299
D1,pilot_baseline,20260923,6,25270126.254086334,642.1747869184802
D1,pilot_baseline,20260923,7,25272264.993002344,641.7452312468929
D1,pilot_baseline,20260923,8,25277326.945285127,641.7284499374732
D1,pilot_baseline,20260923,9,25311754.94752618,641.5863436240427
D1,pilot_baseline,20260923,10,25313615.41520862,641.4088422638623
D1,pilot_baseline,20260923,11,25319476.461015645,641.1051390451919
D1,pilot_baseline,20260923,12,25338491.64143267,640.4831173217914
D1,pilot_baseline,20260923,13,25366989.55077805,640.4649999323547
D1,pilot_baseline,20260923,14,25371248.326776683,640.3076483193449
D1,pilot_baseline,20260923,15,25394178.891545177,639.8844047045123
D1,pilot_baseline,20260923,16,25399658.85810671,639.8058393081258
D1,pilot_baseline,20260923,17,25425886.441648453,639.4157591319025
D1,pilot_baseline,20260923,18,25441037.2788487,638.7448377666641
D1,pilot_baseline,20260923,19,25448803.743347812,638.6995722912586
D1,pilot_baseline,20260923,20,25459145.798376635,638.6502269276473
D1,pilot_baseline,20260923,21,25470212.05162327,638.1139823059827
D1,pilot_baseline,20260923,22,25479129.73513795,637.2596558564484
D1,pilot_baseline,20260923,23,25499179.74770753,637.2594746574058
D1,pilot_baseline,20260923,24,25524103.32804938,636.8878704415046
D1,pilot_baseline,20260923,25,25535844.373741806,636.4673320647407
D1,pilot_baseline,20260923,26,25553742.421773266,636.3032915742285
D1,pilot_baseline,20260923,27,25562167.98731805,635.2176798272276
D1,pilot_baseline,20260923,28,25649033.299818426,634.637021845826
D1,pilot_baseline,20260923,29,25690785.76470841,634.451161061759
D1,pilot_baseline,20260923,30,25696342.688447468,634.2740036360308
D1,pilot_baseline,20260923,31,25701005.000392918,633.3388967913046
D1,pilot_baseline,20260923,32,25726748.207111396,633.0866912656778
D1,pilot_baseline,20260923,33,25744577.58454062,633.0636842159666
D1,pilot_baseline,20260923,34,25756433.7863972,633.0149140999097
D1,pilot_baseline,20260923,35,25804775.60843015,632.773194535449
D1,pilot_baseline,20260923,36,25808830.71779076,632.1662053839483
D1,pilot_baseline,20260923,37,25822143.727572806,631.4532431111815
D1,pilot_baseline,20260923,38,25853919.86830888,630.4054938741673
D1,pilot_baseline,20260923,39,26038047.67176661,629.1674619902507
D1,pilot_baseline,20260923,40,26100336.483825278,627.507329158215
D1,pilot_baseline,20260924,1,25394621.600913357,643.3684031560016
D1,pilot_baseline,20260924,2,25402504.593428686,642.3430440283615
D1,pilot_baseline,20260924,3,25477160.74681939,641.2396351517569
D1,pilot_baseline,20260924,4,25519860.842778966,638.7014453758611
D1,pilot_baseline,20260924,5,25570305.213174373,637.38838809404
D1,pilot_baseline,20260924,6,25578002.982373152,637.012345923545
D1,pilot_baseline,20260924,7,25621400.735943433,635.9872563248358
D1,pilot_baseline,20260924,8,25628311.57278793,635.9699909154806
D1,pilot_baseline,20260924,9,25649345.49532244,635.4824238773416
D1,pilot_baseline,20260924,10,25651359.412305374,634.4137233504348
D1,pilot_baseline,20260924,11,25667216.377880264,633.23236239796
D1,pilot_baseline,20260924,12,25787480.480191648,633.0424533973567
D1,pilot_baseline,20260924,13,25789759.229910176,632.9952041944279
D1,pilot_baseline,20260924,14,25798058.8077736,632.4111945371626
D1,pilot_baseline,20260924,15,25819146.07020503,632.2818186384354
D1,pilot_baseline,20260924,16,25851027.30308785,631.923740976876
D1,pilot_baseline,20260924,17,25856955.127591662,631.5050906828717
D1,pilot_baseline,20260924,18,25866816.45957945,631.2325261514387
D1,pilot_baseline,20260924,19,25880095.68104978,629.9396656359679
D1,pilot_baseline,20260924,20,25935726.31772592,629.4264668666765
D1,pilot_baseline,20260924,21,25937837.502456956,629.2646538842492
D1,pilot_baseline,20260924,22,25949437.21079511,628.8939724740341
D1,pilot_baseline,20260924,23,25960397.976188622,628.4344310075724
D1,pilot_baseline,20260924,24,26022561.642365273,627.5930846739038
D1,pilot_baseline,20260924,25,26055592.542292733,627.3863733394069
D1,pilot_baseline,20260924,26,26068156.539118186,627.3025330665939
D1,pilot_baseline,20260924,27,26081106.899012733,625.891488411863
D1,pilot_baseline,20260924,28,26170637.58194855,625.6568461625299
D1,pilot_baseline,20260924,29,26196762.395157773,624.9657742464981
D1,pilot_baseline,20260924,30,26223546.20094115,624.669063521113
D1,pilot_baseline,20260924,31,26301989.451168556,624.1858127790252
D1,pilot_baseline,20260924,32,26425114.487613235,622.6056029608883
D1,pilot_baseline,20260924,33,26438568.814116746,622.4143702737733
D1,pilot_baseline,20260925,1,25475960.521740958,636.8898286244781
D1,pilot_baseline,20260925,2,25509846.903514605,636.0346836885634
D1,pilot_baseline,20260925,3,25656594.5173773,634.916180038541
D1,pilot_baseline,20260925,4,25663112.98227913,634.5386977891881
D1,pilot_baseline,20260925,5,25689670.673209067,633.3042187539322
D1,pilot_baseline,20260925,6,25752228.694571134,633.1753809039622
D1,pilot_baseline,20260925,7,25787468.345811248,631.1092875184271
D1,pilot_baseline,20260925,8,25845139.259729378,631.0809644336053
D1,pilot_baseline,20260925,9,25848205.049712684,631.079328440737
D1,pilot_baseline,20260925,10,25852911.269922465,629.8664686607788
D1,pilot_baseline,20260925,11,25876779.566169858,629.4752171481899
D1,pilot_baseline,20260925,12,25931064.0386568,628.0637893153105
D1,pilot_baseline,20260925,13,25975475.912166137,627.6806676844184
D1,pilot_baseline,20260925,14,26005328.419173308,627.5548781060321
D1,pilot_baseline,20260925,15,26014196.35949434,626.8437698488551
D1,pilot_baseline,20260925,16,26034479.761337467,626.7666502890861
D1,pilot_baseline,20260925,17,26039459.963232927,626.6519074763096
D1,pilot_baseline,20260925,18,26064574.664573647,626.0909052500132
D1,pilot_baseline,20260925,19,26076034.232504383,626.0480586733406
D1,pilot_baseline,20260925,20,26079200.548070394,625.8867643146722
D1,pilot_baseline,20260925,21,26079230.74352991,625.8700371685536
D1,pilot_baseline,20260925,22,26099387.80083846,625.3861936027852
D1,pilot_baseline,20260925,23,26115635.47876587,625.0336409457065
D1,pilot_baseline,20260925,24,26181561.9512034,624.0764708813913
D1,pilot_baseline,20260925,25,26203887.159399107,623.7535194615406
D1,pilot_baseline,20260925,26,26210870.582578044,623.7299525954143
D1,pilot_baseline,20260925,27,26222571.314852472,623.6546396756605
D1,pilot_baseline,20260925,28,26227436.36457129,622.9422774610679
D1,pilot_baseline,20260925,29,26263266.61698149,622.2918215456365
D1,pilot_baseline,20260925,30,26326037.801424354,621.7441651433633
D1,pilot_baseline,20260925,31,26368960.530778196,621.4155184502372
D1,pilot_baseline,20260925,32,26372686.286862228,620.773580174368
D1,pilot_baseline,20260925,33,26389990.185705308,620.6939774268258
D1,pilot_baseline,20260925,34,26398415.777893074,620.4481500402061
D1,pilot_baseline,20260925,35,26412051.673197955,619.9291129020464
D1,pilot_baseline,20260926,1,25366926.301028013,640.8583903634482
D1,pilot_baseline,20260926,2,25432791.27313407,638.2414929595327
D1,pilot_baseline,20260926,3,25461253.148537613,637.6781308795967
D1,pilot_baseline,20260926,4,25477108.9769142,636.5382900550981
D1,pilot_baseline,20260926,5,25553824.702285953,636.1988759094163
D1,pilot_baseline,20260926,6,25557408.376786586,635.9034203434461
D1,pilot_baseline,20260926,7,25586809.816567097,635.0672353120714
D1,pilot_baseline,20260926,8,25617679.761354025,634.6036882851121
D1,pilot_baseline,20260926,9,25636559.929083187,633.8874669051602
D1,pilot_baseline,20260926,10,25724570.651664708,632.7746494386706
D1,pilot_baseline,20260926,11,25745206.033248894,631.7367544008049
D1,pilot_baseline,20260926,12,25788303.655771594,631.0844034613224
D1,pilot_baseline,20260926,13,25825544.765328005,630.1900814138913
D1,pilot_baseline,20260926,14,25858761.600235432,629.6754215243017
D1,pilot_baseline,20260926,15,25892381.25552608,628.5728736299801
D1,pilot_baseline,20260926,16,25964852.668052573,628.3161304370599
D1,pilot_baseline,20260926,17,25970535.39905631,628.1470907957598
D1,pilot_baseline,20260926,18,25974518.573540967,627.9846595878342
D1,pilot_baseline,20260926,19,26026956.54241488,627.0396238052468
D1,pilot_baseline,20260926,20,26059103.338793237,626.402628017496
D1,pilot_baseline,20260926,21,26089314.173237134,625.9447778437981
D1,pilot_baseline,20260926,22,26121391.496080235,625.771061622611
D1,pilot_baseline,20260926,23,26146241.54454614,625.5110925191758
D1,pilot_baseline,20260926,24,26165056.403478593,625.1414514282725
D1,pilot_baseline,20260926,25,26168437.19112799,624.7294940689799
D1,pilot_baseline,20260926,26,26196764.133969158,624.2357278165274
D1,pilot_baseline,20260926,27,26232007.031190492,623.9923343122362
D1,pilot_baseline,20260926,28,26264896.493192837,623.2562291041393
D1,pilot_baseline,20260926,29,26272685.212261524,622.6326844882426
D1,pilot_baseline,20260926,30,26367535.15252536,621.55561392907
D1,pilot_baseline,20260926,31,26461175.860475134,620.9698082921404
D1,pilot_baseline,20260926,32,26462131.13778864,620.8968614879144
D1,pilot_baseline,20260926,33,26511504.159440715,619.8972063148808
D1,pilot_baseline,20260926,34,26544374.394544657,619.7029206277575
D1,pilot_baseline,20260926,35,26572819.40866806,619.242945797227
D1,pilot_baseline,20260926,36,26607549.524446946,618.824875091831
D1,pilot_baseline,20260926,37,26737960.914852448,618.5277925788452
D1,pilot_baseline,20260926,38,26744999.85748614,617.7039590188061
D1,pilot_baseline,20260927,1,25328678.692612767,640.8225102107075
D1,pilot_baseline,20260927,2,25345231.80292813,639.858329336382
D1,pilot_baseline,20260927,3,25357024.18507221,639.1538463778824
D1,pilot_baseline,20260927,4,25372722.242728848,638.7131823137445
D1,pilot_baseline,20260927,5,25432997.633851934,638.4877312115462
D1,pilot_baseline,20260927,6,25445635.25113614,637.2454267380139
D1,pilot_baseline,20260927,7,25498888.558210626,636.9213929810047
D1,pilot_baseline,20260927,8,25552148.403075933,635.0599822482977
D1,pilot_baseline,20260927,9,25582181.001656357,634.7483609093964
D1,pilot_baseline,20260927,10,25608496.09698758,634.605315045759
D1,pilot_baseline,20260927,11,25616337.336233795,634.5692913692125
D1,pilot_baseline,20260927,12,25619704.380212445,633.305472433005
D1,pilot_baseline,20260927,13,25647730.228882376,633.1437177136983
D1,pilot_baseline,20260927,14,25662951.233464547,632.9639054989043
D1,pilot_baseline,20260927,15,25693831.88428696,632.7544752046412
D1,pilot_baseline,20260927,16,25699491.776779197,631.5810336127153
D1,pilot_baseline,20260927,17,25753808.723733537,630.4456270403969
D1,pilot_baseline,20260927,18,25784054.978321053,630.3424861200963
D1,pilot_baseline,20260927,19,25800303.300344165,629.6261588855657
D1,pilot_baseline,20260927,20,25861969.193790667,629.0191942395774
D1,pilot_baseline,20260927,21,25874523.312749244,627.7748981606636
D1,pilot_baseline,20260927,22,25956432.29926929,627.3362869644875
D1,pilot_baseline,20260927,23,25962097.664023798,627.1412745458033
D1,pilot_baseline,20260927,24,25966712.930857,626.4500721604938
D1,pilot_baseline,20260927,25,26001529.756005846,626.3685114645535
D1,pilot_baseline,20260927,26,26013785.19261052,626.3608266875545
D1,pilot_baseline,20260927,27,26030883.03599652,625.8666923794202
D1,pilot_baseline,20260927,28,26041528.754809827,625.1327766265262
D1,pilot_baseline,20260927,29,26083646.222019594,624.882694819157
D1,pilot_baseline,20260927,30,26214629.74176576,623.8893318601287
D1,pilot_baseline,20260928,1,25577762.70665097,639.2288933216088
D1,pilot_baseline,20260928,2,25583894.228163898,638.3076330627866
D1,pilot_baseline,20260928,3,25648020.329842288,637.6941829758398
D1,pilot_baseline,20260928,4,25673231.301821895,636.7398462413556
D1,pilot_baseline,20260928,5,25714125.697645172,635.8991542013056
D1,pilot_baseline,20260928,6,25721887.27785899,635.6320438454594
D1,pilot_baseline,20260928,7,25739409.54261229,635.5602130436196
D1,pilot_baseline,20260928,8,25764198.346406624,634.9474890978669
D1,pilot_baseline,20260928,9,25798567.18054871,634.3972521574693
D1,pilot_baseline,20260928,10,25835740.158097886,634.0681147041566
D1,pilot_baseline,20260928,11,25842178.075727604,633.1388620676132
D1,pilot_baseline,20260928,12,25858128.052416105,632.7735801241661
D1,pilot_baseline,20260928,13,25967034.402072825,631.2845156553177
D1,pilot_baseline,20260928,14,25993227.165409602,630.7514559760937
D1,pilot_baseline,20260928,15,26023221.340667732,630.2867194119673
D1,pilot_baseline,20260928,16,26026694.437033184,629.8475582136952
D1,pilot_baseline,20260928,17,26042344.293522384,629.6333417331493
D1,pilot_baseline,20260928,18,26064792.251950283,629.4308923348746
D1,pilot_baseline,20260928,19,26080684.319279846,628.9673681792716
D1,pilot_baseline,20260928,20,26113701.400057245,628.4764132054379
D1,pilot_baseline,20260928,21,26150806.679311994,628.0686251132005
D1,pilot_baseline,20260928,22,26158755.90333514,627.2034942636557
D1,pilot_baseline,20260928,23,26235055.86839437,626.9294800896992
D1,pilot_baseline,20260928,24,26278177.68498942,626.0312424363452
D1,pilot_baseline,20260928,25,26337529.10130518,625.9670474951944
D1,pilot_baseline,20260928,26,26360957.09697042,625.5643886070394
D1,pilot_baseline,20260928,27,26368214.71058622,624.2330823192063
D1,pilot_baseline,20260928,28,26413854.644569535,623.2855024274461
D1,pilot_baseline,20260929,1,25191742.798955087,646.6681598705802
D1,pilot_baseline,20260929,2,25260773.855420917,643.7558160522327
D1,pilot_baseline,20260929,3,25291848.962923996,642.3633874071581
D1,pilot_baseline,20260929,4,25306294.563429154,642.1654557957394
D1,pilot_baseline,20260929,5,25321526.578455985,641.3646906289632
D1,pilot_baseline,20260929,6,25336870.723020878,641.320675105913
D1,pilot_baseline,20260929,7,25345797.541058134,640.2949206553566
D1,pilot_baseline,20260929,8,25379013.47321479,640.2620136200128
D1,pilot_baseline,20260929,9,25389973.85173387,640.0947714513236
D1,pilot_baseline,20260929,10,25393566.048265442,639.9904394681334
D1,pilot_baseline,20260929,11,25407977.538516957,639.8621723181644
D1,pilot_baseline,20260929,12,25412223.029900502,639.1776755855877
D1,pilot_baseline,20260929,13,25453359.54628005,637.9722725800525
D1,pilot_baseline,20260929,14,25470577.218195807,637.9650369094794
D1,pilot_baseline,20260929,15,25489886.459888253,637.7513695346538
D1,pilot_baseline,20260929,16,25515081.037037347,637.6704364752785
D1,pilot_baseline,20260929,17,25519262.53028733,637.2782475306798
D1,pilot_baseline,20260929,18,25537241.538565822,637.0917655910258
D1,pilot_baseline,20260929,19,25548727.31141238,636.0136633024076
D1,pilot_baseline,20260929,20,25587761.896878153,635.614137716042
D1,pilot_baseline,20260929,21,25588016.540015418,635.6114028981414
D1,pilot_baseline,20260929,22,25620070.871657822,634.7274723343648
D1,pilot_baseline,20260929,23,25649141.771141205,633.1719161877047
D1,pilot_baseline,20260929,24,25750141.717360377,631.3202876770873
D1,pilot_baseline,20260929,25,25806930.663967397,631.039787094751
D1,pilot_baseline,20260929,26,25834668.670127247,630.5608311271773
D1,pilot_baseline,20260929,27,25848098.114121735,630.4108639716671
D1,pilot_baseline,20260929,28,25868877.154735297,630.373260176659
D1,pilot_baseline,20260929,29,25876403.432297383,629.9798207316286
D1,pilot_baseline,20260929,30,25889564.317678187,629.8572118142241
D1,pilot_baseline,20260929,31,25907861.271361466,629.8416539505562
D1,pilot_baseline,20260929,32,25925486.037942253,629.0431625787012
D1,pilot_baseline,20260929,33,25956701.177537058,628.873470107427
D1,pilot_baseline,20260930,1,25564523.014464915,638.1160581766995
D1,pilot_baseline,20260930,2,25615742.096453585,637.0637937243298
D1,pilot_baseline,20260930,3,25697265.994698767,635.670755760856
D1,pilot_baseline,20260930,4,25778747.266356777,634.602959628247
D1,pilot_baseline,20260930,5,25793948.019377235,633.8934771682575
D1,pilot_baseline,20260930,6,25834147.509690255,633.5450966208499
D1,pilot_baseline,20260930,7,25871792.778281685,632.4836052988177
D1,pilot_baseline,20260930,8,25937366.393669777,632.2126174276211
D1,pilot_baseline,20260930,9,25945902.78503243,632.1771912684811
D1,pilot_baseline,20260930,10,25971176.36448593,631.430163650698
D1,pilot_baseline,20260930,11,26003340.489189845,631.1242564997569
D1,pilot_baseline,20260930,12,26015013.3286985,631.1049126404002
D1,pilot_baseline,20260930,13,26048563.038515642,631.0446258653079
D1,pilot_baseline,20260930,14,26049624.835114196,630.5426428243802
D1,pilot_baseline,20260930,15,26074002.773670677,630.3797204254286
D1,pilot_baseline,20260930,16,26084066.445916083,628.0984453112729
D1,pilot_baseline,20260930,17,26167919.79816241,627.6828344533781
D1,pilot_baseline,20260930,18,26180240.80322816,627.2426272409505
D1,pilot_baseline,20260930,19,26199788.594974376,627.0721719040413
D1,pilot_baseline,20260930,20,26209438.379032902,626.9218322809327
D1,pilot_baseline,20260930,21,26216620.255340166,626.5955464501361
D1,pilot_baseline,20260930,22,26244872.741652146,626.372125519224
D1,pilot_baseline,20260930,23,26313550.829597153,626.2666553763507
D1,pilot_baseline,20260930,24,26346708.26947063,625.0963108684484
D1,pilot_baseline,20260930,25,26349763.915273104,625.0953548596742
D1,pilot_baseline,20260930,26,26353277.04003566,624.2828278627807
D1,pilot_baseline,20260930,27,26415425.684040315,624.1604563890671
D1,pilot_baseline,20260930,28,26454098.234764278,623.4270092929619
D1,pilot_baseline,20260930,29,26461595.78413248,623.2558819284242
D1,pilot_baseline,20260930,30,26498495.25319767,622.4087870922739
D1,pilot_baseline,20260930,31,26855577.960465163,620.6624744076898
D1,pilot_baseline,20260931,1,25217481.649182767,644.8518486671293
D1,pilot_baseline,20260931,2,25224292.780971788,643.5283194704546
D1,pilot_baseline,20260931,3,25271195.60166781,642.3714511100861
D1,pilot_baseline,20260931,4,25331034.518151656,641.2497420862205
D1,pilot_baseline,20260931,5,25336398.797592327,641.0256415974993
D1,pilot_baseline,20260931,6,25365058.734810013,639.6478610396282
D1,pilot_baseline,20260931,7,25395509.812541317,639.341062464337
D1,pilot_baseline,20260931,8,25420910.062527973,638.1662968063333
D1,pilot_baseline,20260931,9,25445093.531817906,637.7422087246957
D1,pilot_baseline,20260931,10,25502823.944204208,637.2209149692378
D1,pilot_baseline,20260931,11,25514033.02465913,636.6516185786451
D1,pilot_baseline,20260931,12,25517414.04448134,636.3796960547265
D1,pilot_baseline,20260931,13,25563787.980620436,635.1187790101736
D1,pilot_baseline,20260931,14,25600614.299221657,634.8789600010391
D1,pilot_baseline,20260931,15,25606577.4271227,634.3156527025691
D1,pilot_baseline,20260931,16,25661294.140487995,633.7232488684609
D1,pilot_baseline,20260931,17,25680464.184339054,632.5139277166393
D1,pilot_baseline,20260931,18,25727877.990879137,632.351451099611
D1,pilot_baseline,20260931,19,25735384.799906638,631.5223809223507
D1,pilot_baseline,20260931,20,25775286.113860894,631.1054044598267
D1,pilot_baseline,20260931,21,25780206.667602915,631.0067873646636
D1,pilot_baseline,20260931,22,25806591.992000245,630.9790128085674
D1,pilot_baseline,20260931,23,25840555.758293703,630.3712911688114
D1,pilot_baseline,20260931,24,25876131.868821017,629.6651898676179
D1,pilot_baseline,20260931,25,25888057.231684893,629.6588180135126
D1,pilot_baseline,20260931,26,25907031.327534214,628.3091076231975
D1,pilot_baseline,20260931,27,25925070.24855057,628.2760986120314
D1,pilot_baseline,20260931,28,25977277.571877703,627.9046698621706
D1,pilot_baseline,20260931,29,25988942.227367606,627.1959683585279
D1,pilot_baseline,20260931,30,26039110.4527892,626.4226177767099
D1,pilot_baseline,20260932,1,25221481.169953357,642.4337207184383
D1,pilot_baseline,20260932,2,25276929.882421024,641.6546110469192
D1,pilot_baseline,20260932,3,25313310.103698507,638.1804410406907
D1,pilot_baseline,20260932,4,25381113.971172906,637.462174937037
D1,pilot_baseline,20260932,5,25412277.976145215,637.3194423787354
D1,pilot_baseline,20260932,6,25412552.53586355,636.2742574455212
D1,pilot_baseline,20260932,7,25487990.91266626,635.4987189178859
D1,pilot_baseline,20260932,8,25546193.23518686,634.8606509432127
D1,pilot_baseline,20260932,9,25549003.199095216,634.7094351613022
D1,pilot_baseline,20260932,10,25567415.52840977,634.2834865220427
D1,pilot_baseline,20260932,11,25571105.24786311,634.0019876096361
D1,pilot_baseline,20260932,12,25588168.39353081,633.7394485510819
D1,pilot_baseline,20260932,13,25630303.21725872,633.1538114376112
D1,pilot_baseline,20260932,14,25645354.423819527,633.1086327919894
D1,pilot_baseline,20260932,15,25650651.972384043,632.7526737019109
D1,pilot_baseline,20260932,16,25651239.058656085,632.613441472862
D1,pilot_baseline,20260932,17,25663193.9963302,632.3481515333553
D1,pilot_baseline,20260932,18,25689245.819080215,632.1039281575665
D1,pilot_baseline,20260932,19,25708388.335972656,631.2622761535116
D1,pilot_baseline,20260932,20,25716731.660818268,631.1504687416709
D1,pilot_baseline,20260932,21,25721284.12020118,630.8132637265082
D1,pilot_baseline,20260932,22,25759881.81206547,630.7190080183216
D1,pilot_baseline,20260932,23,25782069.58653237,629.0165537528575
D1,pilot_baseline,20260932,24,25784411.552524347,628.929771282216
D1,pilot_baseline,20260932,25,25850159.04732197,628.6040771836915
D1,pilot_baseline,20260932,26,25896421.894936528,628.0502968251626
D1,pilot_baseline,20260932,27,25978071.889775064,626.0830615249329
D1,pilot_baseline,20260932,28,26159016.401727483,625.3734260052327
D1,pilot_baseline,20260932,29,26250909.084836513,625.3548305169752
D1,pilot_baseline,20260932,30,26473664.384831097,624.4256273744387
D1,pilot_baseline,20260933,1,25177392.60003796,645.9118055369357
D1,pilot_baseline,20260933,2,25213844.15011067,643.8694508795252
D1,pilot_baseline,20260933,3,25260978.28291325,643.6407961743145
D1,pilot_baseline,20260933,4,25282567.015662335,642.2266275959652
D1,pilot_baseline,20260933,5,25325169.534874536,641.1265300434125
D1,pilot_baseline,20260933,6,25381163.187927205,641.1185312515055
D1,pilot_baseline,20260933,7,25393557.945906878,641.0079798258903
D1,pilot_baseline,20260933,8,25398902.077305257,639.486067821607
D1,pilot_baseline,20260933,9,25404470.447334588,639.1575271437841
D1,pilot_baseline,20260933,10,25443313.00579809,638.5756466734504
D1,pilot_baseline,20260933,11,25471303.516407475,637.2306923947283
D1,pilot_baseline,20260933,12,25510445.029246762,636.4001747011883
D1,pilot_baseline,20260933,13,25556579.1629821,636.0561241214742
D1,pilot_baseline,20260933,14,25584685.32007614,635.678115894723
D1,pilot_baseline,20260933,15,25590440.608560033,635.5306007368114
D1,pilot_baseline,20260933,16,25603709.32639545,634.7785945405763
D1,pilot_baseline,20260933,17,25630600.203694157,634.7397906376283
D1,pilot_baseline,20260933,18,25644132.52033402,634.3474131917777
D1,pilot_baseline,20260933,19,25661506.240786877,634.0688130902723
D1,pilot_baseline,20260933,20,25666586.71492515,633.3273107447832
D1,pilot_baseline,20260933,21,25668093.349031176,633.2911466254044
D1,pilot_baseline,20260933,22,25686183.580508936,632.7298983362402
D1,pilot_baseline,20260933,23,25729071.281443547,631.2950710923118
D1,pilot_baseline,20260933,24,25759468.54328873,631.0582086528208
D1,pilot_baseline,20260933,25,25822637.017794475,630.7902310942475
D1,pilot_baseline,20260933,26,25829818.46520852,630.7212747174742
D1,pilot_baseline,20260933,27,25834072.81940153,630.2088211779542
D1,pilot_baseline,20260933,28,25845355.09828648,630.109740943813
D1,pilot_baseline,20260933,29,25856150.445219096,629.5842602687388
D1,pilot_baseline,20260933,30,25868954.281179726,629.551112416654
D1,pilot_baseline,20260933,31,25892975.03782466,628.5720807203139
D1,pilot_baseline,20260933,32,25899554.194757767,628.3977893981352
D1,pilot_baseline,20260933,33,25963628.089064624,627.9180034474782
D1,pilot_baseline,20260933,34,25978326.332716227,627.9041207739822
D1,pilot_baseline,20260933,35,25990111.542146407,627.742713962587
D1,pilot_baseline,20260933,36,26007990.115360204,627.62392696558
D1,pilot_baseline,20260933,37,26076377.462591603,627.4405759733177
D1,pilot_baseline,20260933,38,26086007.789581113,627.4013499136591
D1,pilot_baseline,20260933,39,26110141.713889554,627.3463708448324
D1,pilot_baseline,20260933,40,26125370.525435567,627.2195766268801
D1,pilot_baseline,20260933,41,26158280.966459066,627.1490287112258
D1,pilot_baseline,20260933,42,26237550.150719654,626.8240724828619
D1,pilot_baseline,20260933,43,26261026.103434805,626.8107717035168
D1,pilot_baseline,20260933,44,26350492.92539215,625.6500334808647
D1,pilot_baseline,20260934,1,25345585.86754619,644.4734970906119
D1,pilot_baseline,20260934,2,25379130.213189896,644.2009238098219
D1,pilot_baseline,20260934,3,25425549.78334832,641.9707208623475
D1,pilot_baseline,20260934,4,25455837.452732,640.6449675172898
D1,pilot_baseline,20260934,5,25457824.023377683,640.4828542316815
D1,pilot_baseline,20260934,6,25479744.567736644,639.5395851464868
D1,pilot_baseline,20260934,7,25505206.419391442,639.4168643876649
D1,pilot_baseline,20260934,8,25513474.990027823,639.2352442880405
D1,pilot_baseline,20260934,9,25523994.34258501,639.1265827275628
D1,pilot_baseline,20260934,10,25524870.612030175,639.0371238067637
D1,pilot_baseline,20260934,11,25537217.37280098,638.3911126508151
D1,pilot_baseline,20260934,12,25543607.722376596,637.9548193328919
D1,pilot_baseline,20260934,13,25573728.26322246,636.9956834022474
D1,pilot_baseline,20260934,14,25610374.42241405,636.7042397035425
D1,pilot_baseline,20260934,15,25624949.35700274,636.7027801689233
D1,pilot_baseline,20260934,16,25625167.05221741,636.2894474091867
D1,pilot_baseline,20260934,17,25626094.473673463,635.2497768868357
D1,pilot_baseline,20260934,18,25636834.447769627,634.7675929229692
D1,pilot_baseline,20260934,19,25691233.115121804,634.6463104299278
D1,pilot_baseline,20260934,20,25712602.47131315,634.5983231956645
D1,pilot_baseline,20260934,21,25718485.052928906,634.446882760164
D1,pilot_baseline,20260934,22,25734761.00836848,633.1330132449663
D1,pilot_baseline,20260934,23,25785954.2690688,632.2613417621386
D1,pilot_baseline,20260934,24,25828320.029967394,632.0076201921494
D1,pilot_baseline,20260934,25,25875695.653940625,631.712606244226
D1,pilot_baseline,20260934,26,25876908.730251353,631.5879275132078
D1,pilot_baseline,20260934,27,25881880.627453294,631.303110624996
D1,pilot_baseline,20260934,28,25898353.49339308,631.2548644170474
D1,pilot_baseline,20260934,29,25907229.293933675,631.2270179826453
D1,pilot_baseline,20260934,30,25912820.3112631,630.7766011039214
D1,pilot_baseline,20260934,31,25926207.42372979,629.720017812489
D1,pilot_baseline,20260934,32,25959739.602524854,629.7034031329073
D1,pilot_baseline,20260934,33,25961810.804833844,629.4426749902345
D1,pilot_baseline,20260934,34,25988556.760179915,629.0853629883162
D1,pilot_baseline,20260934,35,26048833.17086236,628.5651872611556
D1,pilot_baseline,20260934,36,26064804.54077546,628.2668695776051
D1,pilot_baseline,20260934,37,26096233.570412338,627.4683029898956
D1,pilot_baseline,20260934,38,26114646.5229704,627.0924289688495
D1,pilot_baseline,20260934,39,26170190.06008249,626.8331661021354
D1,pilot_baseline,20260934,40,26185547.22806589,626.3282514198103
D1,pilot_baseline,20260935,1,25305074.64729478,645.2936755793843
D1,pilot_baseline,20260935,2,25318679.399112962,642.8511280322806
D1,pilot_baseline,20260935,3,25342517.146670774,642.272226081307
D1,pilot_baseline,20260935,4,25353440.718442414,642.1929563602209
D1,pilot_baseline,20260935,5,25373997.328994613,640.7221159231971
D1,pilot_baseline,20260935,6,25423280.474663086,639.8719553017372
D1,pilot_baseline,20260935,7,25433599.075827487,638.4611240613195
D1,pilot_baseline,20260935,8,25504977.256441634,638.4328879380911
D1,pilot_baseline,20260935,9,25509706.03742217,636.9068695217242
D1,pilot_baseline,20260935,10,25528406.088333856,636.7213482336828
D1,pilot_baseline,20260935,11,25568494.817689534,635.7377460424772
D1,pilot_baseline,20260935,12,25589009.63037595,635.6578103912229
D1,pilot_baseline,20260935,13,25596769.33193069,634.9869573670676
D1,pilot_baseline,20260935,14,25647192.340239383,634.2053574315955
D1,pilot_baseline,20260935,15,25651821.475173105,634.105215080957
D1,pilot_baseline,20260935,16,25685962.36883547,633.3265059485755
D1,pilot_baseline,20260935,17,25706900.435281873,633.1862134698548
D1,pilot_baseline,20260935,18,25724739.60731982,633.0572463255013
D1,pilot_baseline,20260935,19,25733171.088545587,632.6762461517475
D1,pilot_baseline,20260935,20,25768952.641128335,632.0105095049246
D1,pilot_baseline,20260935,21,25777526.091444865,631.798167901018
D1,pilot_baseline,20260935,22,25800380.08568828,631.7319785840666
D1,pilot_baseline,20260935,23,25814927.410206333,631.436853091189
D1,pilot_baseline,20260935,24,25828923.798846196,630.9404263883247
D1,pilot_baseline,20260935,25,25833561.96735933,630.5578199909575
D1,pilot_baseline,20260935,26,25859285.13018034,630.4841220116423
D1,pilot_baseline,20260935,27,25865378.41862684,630.0223735442098
D1,pilot_baseline,20260935,28,25916138.338042784,628.5138661961796
D1,pilot_baseline,20260935,29,25929913.755093366,628.4337302561133
D1,pilot_baseline,20260935,30,25956293.11653524,628.1428843395453
D1,pilot_baseline,20260935,31,25967262.014788534,627.7759064875311
D1,pilot_baseline,20260935,32,25992202.05882983,627.5873135076366
D1,pilot_baseline,20260935,33,26011086.148148257,627.2481503498068
D1,pilot_baseline,20260935,34,26027286.946663983,626.9548860391716
D1,pilot_baseline,20260935,35,26032243.578721855,626.8861541464968
D1,pilot_baseline,20260935,36,26041641.354740497,626.4208691821877
D1,pilot_baseline,20260935,37,26066514.97413366,626.1852708059263
D1,pilot_baseline,20260935,38,26113591.41374101,625.9499721444728
D1,pilot_baseline,20260935,39,26116570.035119303,625.8947594632788
D1,pilot_baseline,20260935,40,26135975.16021384,624.6138215141061
D1,pilot_baseline,20260935,41,26158113.303943463,624.5253420864577
D1,pilot_baseline,20260935,42,26219796.5521527,623.4853390659347
D1,pilot_baseline,20260935,43,26294031.2682473,623.4647620672237
D1,pilot_baseline,20260935,44,26331713.982996713,622.6867207910227
D1,pilot_baseline,20260935,45,26345269.111775577,622.3403608816645
D1,pilot_baseline,20260935,46,26438722.1189385,621.8283722195181
D1,pilot_baseline,20260935,47,26530258.324545868,621.3079809518541
D1,uswc_compound_35pct_delay_168h,20260906,1,58862954.49770868,834.2113801992024
D1,uswc_compound_35pct_delay_168h,20260906,2,58875026.38197453,833.7703900902574
D1,uswc_compound_35pct_delay_168h,20260906,3,58919816.715375386,833.6828080677138
D1,uswc_compound_35pct_delay_168h,20260906,4,58931766.15165008,833.3181929131621
D1,uswc_compound_35pct_delay_168h,20260906,5,59051150.29510128,833.2986410769928
D1,uswc_compound_35pct_delay_168h,20260906,6,59073959.36951975,832.9999784260648
D1,uswc_compound_35pct_delay_168h,20260906,7,59099602.71564526,832.8660006876644
D1,uswc_compound_35pct_delay_168h,20260906,8,59138190.602200635,832.5737629433237
D1,uswc_compound_35pct_delay_168h,20260907,1,57107493.146890424,831.4915615684297
D1,uswc_compound_35pct_delay_168h,20260907,2,57165854.23137734,831.2693648681982
D1,uswc_compound_35pct_delay_168h,20260907,3,57286267.113262266,831.2283069229389
D1,uswc_compound_35pct_delay_168h,20260908,1,57653750.844348654,833.9353017666593
D1,uswc_compound_35pct_delay_168h,20260908,2,57658023.39239751,833.7217587974175
D1,uswc_compound_35pct_delay_168h,20260908,3,57739944.43888361,833.4408267970729
D1,uswc_compound_35pct_delay_168h,20260909,1,58105082.48183204,834.0002688176072
D1,uswc_compound_35pct_delay_168h,20260909,2,58191192.23655913,833.4774388678132
D1,uswc_compound_35pct_delay_168h,20260909,3,58288342.22617968,833.3001090912932
D1,uswc_compound_35pct_delay_168h,20260909,4,58296108.2384287,833.1835989907505
D1,uswc_compound_35pct_delay_168h,20260909,5,58572135.47155685,833.1489326411705
D1,uswc_compound_35pct_delay_168h,20260909,6,58615281.00044882,832.8032757462427
D1,uswc_compound_35pct_delay_168h,20260909,7,58960842.1088356,832.2538247583652
D1,uswc_compound_35pct_delay_168h,20260909,8,59022911.973996215,831.9915097914746
D1,uswc_compound_35pct_delay_168h,20260910,1,58278235.06619073,834.0381584250267
D1,uswc_compound_35pct_delay_168h,20260910,2,58278879.093240656,834.035477297022
D1,uswc_compound_35pct_delay_168h,20260910,3,58352985.432168014,833.948241506853
D1,uswc_compound_35pct_delay_168h,20260910,4,58435383.469744265,833.7097435023941
D1,uswc_compound_35pct_delay_168h,20260910,5,58454173.878101505,833.656599866192
D1,uswc_compound_35pct_delay_168h,20260910,6,58642852.844220616,833.4410864275183
D1,uswc_compound_35pct_delay_168h,20260911,1,58057368.895861454,835.904304259326
D1,uswc_compound_35pct_delay_168h,20260911,2,58139502.76446982,834.8110423745876
D1,uswc_compound_35pct_delay_168h,20260911,3,58160580.039735064,834.7460857889442
D1,uswc_compound_35pct_delay_168h,20260911,4,58311864.52384844,834.5450539262955
D1,uswc_compound_35pct_delay_168h,20260911,5,58379997.46278527,834.4669245946629
D1,uswc_compound_35pct_delay_168h,20260912,1,57946925.495711975,833.460349482211
D1,uswc_compound_35pct_delay_168h,20260913,1,57867639.863819204,832.9330074112572
D1,uswc_compound_35pct_delay_168h,20260913,2,57868698.24591732,832.8583697774146
D1,uswc_compound_35pct_delay_168h,20260913,3,57875170.75021258,831.791803909802
D1,uswc_compound_35pct_delay_168h,20260913,4,57973179.08042501,831.7740456619792
D1,uswc_compound_35pct_delay_168h,20260913,5,58062136.079601124,831.7560122433464
D1,uswc_compound_35pct_delay_168h,20260914,1,57704329.5453037,833.0683608858395
D1,uswc_compound_35pct_delay_168h,20260914,2,58002986.3760302,833.0329705188129
D1,uswc_compound_35pct_delay_168h,20260915,1,59009608.98342834,833.647216003203
D1,uswc_compound_35pct_delay_168h,20260915,2,59450023.04890918,833.6208680625849
D1,uswc_compound_35pct_delay_168h,20260915,3,59487179.32772104,832.3919304464272
D1,uswc_compound_35pct_delay_168h,20260916,1,58141455.23026474,832.2503205423088
D1,uswc_compound_35pct_delay_168h,20260916,2,58397801.756500795,832.0629685402782
D1,uswc_compound_35pct_delay_168h,20260916,3,58556599.33950794,831.681165936928
D1,uswc_compound_35pct_delay_168h,20260916,4,58749799.01344041,831.603714827305
D1,uswc_compound_35pct_delay_168h,20260917,1,57872976.09726713,833.9046054947742
D1,uswc_compound_35pct_delay_168h,20260917,2,58161040.10976325,832.7711449486942
D1,uswc_compound_35pct_delay_168h,20260918,1,58062859.1885407,836.3193777444551
D1,uswc_compound_35pct_delay_168h,20260918,2,58067352.78828777,836.075352185627
D1,uswc_compound_35pct_delay_168h,20260918,3,58416936.152248524,835.6388669816823
D1,uswc_compound_35pct_delay_168h,20260918,4,58440437.34157583,835.242511917129
D1,uswc_compound_35pct_delay_168h,20260919,1,58198976.80752197,832.6399119013338
D1,uswc_compound_35pct_delay_168h,20260919,2,58203466.231135815,831.4440913950896
D1,uswc_compound_35pct_delay_168h,20260919,3,58269743.21720215,831.0659581707789
D1,uswc_compound_35pct_delay_168h,20260920,1,58983884.04639558,834.3935328568734
D1,uswc_compound_35pct_delay_168h,20260920,2,59226671.23552164,834.1396840141298
D1,uswc_compound_35pct_delay_168h,20260920,3,59410617.05818377,833.0322375706081
D1,uswc_compound_35pct_delay_168h,20260920,4,59635211.23832074,832.8501196631958
D1,uswc_compound_35pct_delay_168h,20260921,1,56733001.576559626,830.3576391021709
D1,uswc_compound_35pct_delay_168h,20260921,2,56797150.45608105,830.2933021827995
D1,uswc_compound_35pct_delay_168h,20260921,3,56829092.587876394,830.2117541227301
D1,uswc_compound_35pct_delay_168h,20260921,4,56877792.62814402,830.0469774314599
D1,uswc_compound_35pct_delay_168h,20260921,5,56933604.25842258,829.5984038396845
D1,uswc_compound_35pct_delay_168h,20260922,1,57547555.16110508,831.6910207467495
D1,uswc_compound_35pct_delay_168h,20260922,2,57740553.04021131,831.6190668384899
D1,uswc_compound_35pct_delay_168h,20260922,3,57893703.796739966,831.228927362243
D1,uswc_compound_35pct_delay_168h,20260922,4,58131621.432799615,831.2132799341589
D1,uswc_compound_35pct_delay_168h,20260923,1,57911672.12511245,831.3045329706827
D1,uswc_compound_35pct_delay_168h,20260923,2,58125313.8355762,831.0285352564651
D1,uswc_compound_35pct_delay_168h,20260924,1,57394563.68867459,831.6152327424445
D1,uswc_compound_35pct_delay_168h,20260925,1,57353141.05445739,833.0204074088814
D1,uswc_compound_35pct_delay_168h,20260925,2,57418440.99199539,832.6181017473825
D1,uswc_compound_35pct_delay_168h,20260925,3,57511294.20701704,832.5367296896083
D1,uswc_compound_35pct_delay_168h,20260925,4,57515027.50892755,832.2745535349139
D1,uswc_compound_35pct_delay_168h,20260926,1,57766699.779323615,832.124340160214
D1,uswc_compound_35pct_delay_168h,20260927,1,57121065.175158106,832.2301077113602
D1,uswc_compound_35pct_delay_168h,20260927,2,57211051.29090199,832.1690680189022
D1,uswc_compound_35pct_delay_168h,20260928,1,57751000.18936729,833.4033767516202
D1,uswc_compound_35pct_delay_168h,20260928,2,57983465.145735994,833.3803410879435
D1,uswc_compound_35pct_delay_168h,20260928,3,58005586.87951567,833.248745111364
D1,uswc_compound_35pct_delay_168h,20260928,4,58267525.90271769,833.2472059135204
D1,uswc_compound_35pct_delay_168h,20260929,1,59450011.88775021,834.2643189927088
D1,uswc_compound_35pct_delay_168h,20260929,2,59555293.82644614,834.2449661756126
D1,uswc_compound_35pct_delay_168h,20260929,3,59636423.35640906,834.1416816358811
D1,uswc_compound_35pct_delay_168h,20260929,4,59693129.64242445,834.128352480961
D1,uswc_compound_35pct_delay_168h,20260929,5,59710277.660141334,833.9998776345095
D1,uswc_compound_35pct_delay_168h,20260929,6,59761094.309816174,833.6421706291277
D1,uswc_compound_35pct_delay_168h,20260929,7,59776123.11531344,833.1819740420977
D1,uswc_compound_35pct_delay_168h,20260929,8,59867331.384195186,833.0114572902893
D1,uswc_compound_35pct_delay_168h,20260930,1,58527896.742623255,833.6855819384291
D1,uswc_compound_35pct_delay_168h,20260930,2,58583370.41505948,833.3729254137036
D1,uswc_compound_35pct_delay_168h,20260930,3,58597819.25104705,833.2629836776642
D1,uswc_compound_35pct_delay_168h,20260930,4,58712582.80744919,832.7354363264167
D1,uswc_compound_35pct_delay_168h,20260930,5,58714273.34393667,832.3719387000139
D1,uswc_compound_35pct_delay_168h,20260930,6,58973793.86544435,831.3743828476026
D1,uswc_compound_35pct_delay_168h,20260931,1,58262819.41914125,833.1865860288328
D1,uswc_compound_35pct_delay_168h,20260932,1,57225190.260745384,833.0436717668978
D1,uswc_compound_35pct_delay_168h,20260932,2,57238003.577035494,832.8642962504257
D1,uswc_compound_35pct_delay_168h,20260932,3,57244881.41764796,832.8344004518334
D1,uswc_compound_35pct_delay_168h,20260933,1,56974273.12394988,832.8656159380222
D1,uswc_compound_35pct_delay_168h,20260933,2,56984780.677601516,832.3616393026756
D1,uswc_compound_35pct_delay_168h,20260933,3,57024193.52755624,832.2668251257776
D1,uswc_compound_35pct_delay_168h,20260933,4,57071146.59950449,832.1234151546148
D1,uswc_compound_35pct_delay_168h,20260933,5,57190325.99016895,832.0802277523079
D1,uswc_compound_35pct_delay_168h,20260934,1,57750009.427766636,832.7545507284617
D1,uswc_compound_35pct_delay_168h,20260934,2,57929674.981476,831.4405436723338
D1,uswc_compound_35pct_delay_168h,20260934,3,58097794.23329125,831.4282875157816
D1,uswc_compound_35pct_delay_168h,20260934,4,58210060.68915088,831.3104682789904
D1,uswc_compound_35pct_delay_168h,20260934,5,58239463.317122094,831.2370056547888
D1,uswc_compound_35pct_delay_168h,20260934,6,58371876.64426356,831.1602045598391
D1,uswc_compound_35pct_delay_168h,20260934,7,58523373.10704424,831.1444214211964
D1,uswc_compound_35pct_delay_168h,20260935,1,57810461.815407276,832.706353907064
D1,uswc_compound_35pct_delay_168h,20260935,2,57868938.49623635,832.6535022557289
D1,uswc_compound_35pct_delay_168h,20260935,3,57971681.998485915,832.5726796280392
D1,uswc_compound_35pct_delay_168h,20260935,4,58047611.4333679,832.1643350750309
D1,uswc_compound_35pct_delay_168h,20260935,5,58453301.747241855,831.9482379554845
D1,uswc_compound_35pct_delay_168h,20260935,6,58482470.363369085,831.641415904608
D1,uswc_departure_delay_264h,20260906,1,73101443.82449898,870.2738271410944
D1,uswc_departure_delay_264h,20260906,2,73181088.02337521,870.2662925128112
D1,uswc_departure_delay_264h,20260907,1,73064407.47992776,870.2936306329568
D1,uswc_departure_delay_264h,20260908,1,72792468.0847349,870.6834197153397
D1,uswc_departure_delay_264h,20260908,2,72796848.96017843,870.4494796336938
D1,uswc_departure_delay_264h,20260908,3,72813456.3744037,870.2690929603992
D1,uswc_departure_delay_264h,20260909,1,73230702.36663383,871.4808035090592
D1,uswc_departure_delay_264h,20260909,2,73260361.9624737,870.9319790549388
D1,uswc_departure_delay_264h,20260909,3,73264821.69555691,870.395732935955
D1,uswc_departure_delay_264h,20260909,4,73289254.52317403,870.3635704511956
D1,uswc_departure_delay_264h,20260909,5,73297954.1214873,870.3522123749867
D1,uswc_departure_delay_264h,20260909,6,73339828.91363065,870.3160090564893
D1,uswc_departure_delay_264h,20260909,7,73363169.19954221,870.2918526540715
D1,uswc_departure_delay_264h,20260910,1,73026856.90282,870.6241186033718
D1,uswc_departure_delay_264h,20260910,2,73055769.99720433,870.3380193705365
D1,uswc_departure_delay_264h,20260910,3,73088722.76212922,870.3350689481933
D1,uswc_departure_delay_264h,20260910,4,73090501.57230294,870.3087643115089
D1,uswc_departure_delay_264h,20260910,5,73117290.32889585,870.2905705657442
D1,uswc_departure_delay_264h,20260911,1,73001711.74922499,870.445264001031
D1,uswc_departure_delay_264h,20260911,2,73016138.69188628,870.2020818278638
D1,uswc_departure_delay_264h,20260911,3,73175094.95707348,870.1896089649028
D1,uswc_departure_delay_264h,20260912,1,73338703.43751268,870.5008053795725
D1,uswc_departure_delay_264h,20260912,2,73368425.96897334,870.4926848981025
D1,uswc_departure_delay_264h,20260912,3,73386492.00534768,870.3321412911718
D1,uswc_departure_delay_264h,20260912,4,73390413.3524648,870.3073391358753
D1,uswc_departure_delay_264h,20260912,5,73429175.35228851,870.2445981264627
D1,uswc_departure_delay_264h,20260913,1,73088541.85251391,871.1240620458271
D1,uswc_departure_delay_264h,20260913,2,73094974.7731104,870.9785919104953
D1,uswc_departure_delay_264h,20260913,3,73102050.08756988,870.3027278561384
D1,uswc_departure_delay_264h,20260913,4,73222869.38031918,870.3008035622382
D1,uswc_departure_delay_264h,20260914,1,73195015.38366495,870.9995688644238
D1,uswc_departure_delay_264h,20260914,2,73195222.68164524,870.2461868484542
D1,uswc_departure_delay_264h,20260914,3,73203045.56666279,870.2297836953978
D1,uswc_departure_delay_264h,20260914,4,73208201.10355473,870.2112805772332
D1,uswc_departure_delay_264h,20260914,5,73239772.94701752,870.2093903081882
D1,uswc_departure_delay_264h,20260914,6,73246261.79877801,870.1908935590526
D1,uswc_departure_delay_264h,20260915,1,73073709.37534177,870.4547006058137
D1,uswc_departure_delay_264h,20260915,2,73092953.00173794,870.4011529847155
D1,uswc_departure_delay_264h,20260915,3,73106701.87916702,870.3899044696874
D1,uswc_departure_delay_264h,20260915,4,73141917.04440363,870.3275689986966
D1,uswc_departure_delay_264h,20260915,5,73156683.591562,870.3072933761242
D1,uswc_departure_delay_264h,20260915,6,73220092.28423825,870.2975053156366
D1,uswc_departure_delay_264h,20260915,7,73227120.00050706,870.2951946953856
D1,uswc_departure_delay_264h,20260915,8,73287504.71228926,870.279821154648
D1,uswc_departure_delay_264h,20260916,1,72874115.04562011,870.3516417565614
D1,uswc_departure_delay_264h,20260916,2,72908687.4113434,870.2683205657933
D1,uswc_departure_delay_264h,20260917,1,72945769.02271026,870.6651901969577
D1,uswc_departure_delay_264h,20260917,2,73055293.12467799,870.3895922571982
D1,uswc_departure_delay_264h,20260917,3,73086176.54317717,870.3243348245522
D1,uswc_departure_delay_264h,20260917,4,73098090.42758161,870.3110258521053
D1,uswc_departure_delay_264h,20260917,5,73167952.04915033,870.3022676773145
D1,uswc_departure_delay_264h,20260918,1,72860979.21549137,870.2392574316948
D1,uswc_departure_delay_264h,20260918,2,72918869.20368598,870.1567833178643
D1,uswc_departure_delay_264h,20260918,3,72962526.61661547,870.0914096987113
D1,uswc_departure_delay_264h,20260919,1,73291596.10494408,870.5143495327318
D1,uswc_departure_delay_264h,20260919,2,73318028.40034276,870.4597689817275
D1,uswc_departure_delay_264h,20260919,3,73383170.18105869,870.3764305586674
D1,uswc_departure_delay_264h,20260920,1,72893988.1785879,870.1811014561862
D1,uswc_departure_delay_264h,20260920,2,72895674.83932331,870.0681788240315
D1,uswc_departure_delay_264h,20260920,3,72973891.08392671,870.0631984982109
D1,uswc_departure_delay_264h,20260921,1,73036463.12462407,870.2340862051665
D1,uswc_departure_delay_264h,20260921,2,73086672.30997661,870.2327528173018
D1,uswc_departure_delay_264h,20260922,1,73098736.7777962,870.1738020557007
D1,uswc_departure_delay_264h,20260922,2,73113057.82336861,870.1536854766744
D1,uswc_departure_delay_264h,20260922,3,73122613.75867496,870.1505673059673
D1,uswc_departure_delay_264h,20260922,4,73135034.37421654,870.1463861723508
D1,uswc_departure_delay_264h,20260922,5,73166617.390443,870.1359627559327
D1,uswc_departure_delay_264h,20260922,6,73204358.38578841,870.1269213645746
D1,uswc_departure_delay_264h,20260923,1,73154354.37553534,870.7774725810028
D1,uswc_departure_delay_264h,20260923,2,73187017.27891074,870.5936206924329
D1,uswc_departure_delay_264h,20260923,3,73195551.05697049,870.4230224940219
D1,uswc_departure_delay_264h,20260923,4,73272925.04166262,870.3756549849128
D1,uswc_departure_delay_264h,20260923,5,73276655.7322156,870.3749327325975
D1,uswc_departure_delay_264h,20260923,6,73304067.6526623,870.3714969242627
D1,uswc_departure_delay_264h,20260923,7,73304089.62530161,870.3633550864332
D1,uswc_departure_delay_264h,20260924,1,72734619.0395674,870.2335141155761
D1,uswc_departure_delay_264h,20260924,2,72757640.2160231,870.1154213218305
D1,uswc_departure_delay_264h,20260924,3,72783153.5235008,870.1040918699133
D1,uswc_departure_delay_264h,20260925,1,73148435.26785329,870.4722848051716
D1,uswc_departure_delay_264h,20260925,2,73176674.24326463,870.4475567254215
D1,uswc_departure_delay_264h,20260925,3,73188501.18374163,870.4271748256567
D1,uswc_departure_delay_264h,20260925,4,73206507.9478747,870.3433202700501
D1,uswc_departure_delay_264h,20260926,1,72948960.38002956,870.773528569025
D1,uswc_departure_delay_264h,20260926,2,72965904.32632424,870.2757778632694
D1,uswc_departure_delay_264h,20260926,3,72975450.6126736,870.2505401045302
D1,uswc_departure_delay_264h,20260926,4,72980812.61576515,870.2078728549608
D1,uswc_departure_delay_264h,20260927,1,73050328.81625293,870.918023754199
D1,uswc_departure_delay_264h,20260927,2,73058157.64618486,870.8641222623795
D1,uswc_departure_delay_264h,20260927,3,73066497.2299743,870.6408209067724
D1,uswc_departure_delay_264h,20260927,4,73068598.08855031,870.5089602083316
D1,uswc_departure_delay_264h,20260928,1,73340047.64355403,870.3197770383605
D1,uswc_departure_delay_264h,20260928,2,73482431.09216787,870.3143165286045
D1,uswc_departure_delay_264h,20260929,1,73480615.49044913,870.3704020791571
D1,uswc_departure_delay_264h,20260930,1,72929612.90545878,870.3633691699478
D1,uswc_departure_delay_264h,20260930,2,72953550.31678718,870.1944047861723
D1,uswc_departure_delay_264h,20260930,3,73075741.35700506,870.1814926737688
D1,uswc_departure_delay_264h,20260931,1,73094991.23544975,870.3713849990224
D1,uswc_departure_delay_264h,20260931,2,73290178.63864234,870.3456308916441
D1,uswc_departure_delay_264h,20260932,1,72905520.10772046,870.2749323809304
D1,uswc_departure_delay_264h,20260932,2,72910777.13758682,870.2648794338049
D1,uswc_departure_delay_264h,20260932,3,72912486.93456317,870.2563229881721
D1,uswc_departure_delay_264h,20260932,4,72925450.48053296,870.2314719686665
D1,uswc_departure_delay_264h,20260932,5,72930510.44550619,870.1710040669487
D1,uswc_departure_delay_264h,20260933,1,72948176.55349654,870.9496083700045
D1,uswc_departure_delay_264h,20260933,2,73005235.75228015,870.3275630919647
D1,uswc_departure_delay_264h,20260933,3,73017684.01960842,870.3124394230866
D1,uswc_departure_delay_264h,20260934,1,72731464.43192534,870.2680745683917
D1,uswc_departure_delay_264h,20260934,2,72778011.30326577,870.1598857680624
D1,uswc_departure_delay_264h,20260934,3,72781200.51833822,870.1398006603766
D1,uswc_departure_delay_264h,20260935,1,73254970.48216042,870.4549650624587
D1,uswc_departure_delay_264h,20260935,2,73311382.95832154,870.3643914327308
D1,uswc_departure_delay_264h,20260935,3,73323665.6202199,870.3344852502037
D1,uswc_departure_delay_264h,20260935,4,73326460.19491555,870.2923474799519
D1,uswc_departure_delay_288h,20260906,1,78680519.14144452,888.5081050361198
D1,uswc_departure_delay_288h,20260906,2,78695900.77901937,888.3144817802419
D1,uswc_departure_delay_288h,20260906,3,78697125.53602262,888.3029894929672
D1,uswc_departure_delay_288h,20260906,4,78702398.5897309,888.2740638762693
D1,uswc_departure_delay_288h,20260906,5,78706594.1603084,888.2303060542948
D1,uswc_departure_delay_288h,20260906,6,78708739.79648378,888.1349770776495
D1,uswc_departure_delay_288h,20260906,7,78720902.16918285,887.8437135024366
D1,uswc_departure_delay_288h,20260906,8,78768939.15397623,887.7029651469711
D1,uswc_departure_delay_288h,20260906,9,78778968.90609555,887.5610372460197
D1,uswc_departure_delay_288h,20260906,10,78804423.44087052,887.5393359432209
D1,uswc_departure_delay_288h,20260906,11,78837223.91427398,887.488241140701
D1,uswc_departure_delay_288h,20260907,1,78821871.50992048,888.5351722117283
D1,uswc_departure_delay_288h,20260907,2,78857189.53662665,888.3818969665643
D1,uswc_departure_delay_288h,20260907,3,78876876.67938897,888.1512357379133
D1,uswc_departure_delay_288h,20260907,4,78887437.27777016,888.0102128293644
D1,uswc_departure_delay_288h,20260907,5,78888439.0788966,887.716286113086
D1,uswc_departure_delay_288h,20260908,1,78714313.79592253,889.934059089931
D1,uswc_departure_delay_288h,20260908,2,78716351.10688168,889.9330771131204
D1,uswc_departure_delay_288h,20260908,3,78725890.06801806,889.7284202312229
D1,uswc_departure_delay_288h,20260908,4,78734947.01432773,889.6883230891427
D1,uswc_departure_delay_288h,20260908,5,78739001.79241876,888.7674689430665
D1,uswc_departure_delay_288h,20260908,6,78878516.46184203,888.6587850905231
D1,uswc_departure_delay_288h,20260909,1,78645037.1352984,889.8452337248365
D1,uswc_departure_delay_288h,20260909,2,78647717.44580835,889.8046819104065
D1,uswc_departure_delay_288h,20260909,3,78648540.26628485,889.7150702267829
D1,uswc_departure_delay_288h,20260909,4,78658787.00080681,889.692331941898
D1,uswc_departure_delay_288h,20260909,5,78662383.33405018,889.4843297898728
D1,uswc_departure_delay_288h,20260909,6,78673213.274471,889.3333134560069
D1,uswc_departure_delay_288h,20260909,7,78680066.63544229,889.1892131438007
D1,uswc_departure_delay_288h,20260909,8,78685880.60869709,889.0924624316563
D1,uswc_departure_delay_288h,20260909,9,78699409.15788692,889.0664086794296
D1,uswc_departure_delay_288h,20260909,10,78704361.6163863,888.978030774973
D1,uswc_departure_delay_288h,20260909,11,78750211.09226054,888.7416081542499
D1,uswc_departure_delay_288h,20260909,12,78770568.53233843,888.7261701305323
D1,uswc_departure_delay_288h,20260910,1,78608900.11791632,890.8048969331718
D1,uswc_departure_delay_288h,20260910,2,78640810.98639062,890.7478168304519
D1,uswc_departure_delay_288h,20260910,3,78648413.43952939,890.5860060859169
D1,uswc_departure_delay_288h,20260910,4,78670841.79552665,889.774410573641
D1,uswc_departure_delay_288h,20260910,5,78707433.33304614,889.7397887080831
D1,uswc_departure_delay_288h,20260910,6,78719802.92425759,889.7037535616017
D1,uswc_departure_delay_288h,20260910,7,78724206.8180785,889.4516352987482
D1,uswc_departure_delay_288h,20260911,1,78542839.12896906,889.7856895215152
D1,uswc_departure_delay_288h,20260911,2,78543257.10548328,889.7323738307715
D1,uswc_departure_delay_288h,20260911,3,78639768.09623694,889.5115584544068
D1,uswc_departure_delay_288h,20260911,4,78668892.31268327,889.2635172725145
D1,uswc_departure_delay_288h,20260912,1,78774562.93373545,890.082888521387
D1,uswc_departure_delay_288h,20260912,2,78776705.05013457,890.0778331835352
D1,uswc_departure_delay_288h,20260912,3,78795564.12204759,889.8809954425052
D1,uswc_departure_delay_288h,20260912,4,78802302.92314345,889.71619450425
D1,uswc_departure_delay_288h,20260912,5,78810217.67948054,889.4866608880603
D1,uswc_departure_delay_288h,20260912,6,78819452.05410156,889.2875153180364
D1,uswc_departure_delay_288h,20260912,7,78829339.70763625,889.2418089213186
D1,uswc_departure_delay_288h,20260912,8,78845627.58272414,889.0317046300867
D1,uswc_departure_delay_288h,20260912,9,78896552.26450685,888.8879991522713
D1,uswc_departure_delay_288h,20260913,1,78833349.56155433,887.7857502992006
D1,uswc_departure_delay_288h,20260913,2,78854999.28299658,887.6896753096402
D1,uswc_departure_delay_288h,20260913,3,78863011.00096706,887.4686839007004
D1,uswc_departure_delay_288h,20260913,4,78887551.61062449,887.4383221607638
D1,uswc_departure_delay_288h,20260913,5,78891719.70651293,887.2833242099247
D1,uswc_departure_delay_288h,20260913,6,78892201.0648747,887.2674633273853
D1,uswc_departure_delay_288h,20260913,7,78892399.17031795,887.2565616369993
D1,uswc_departure_delay_288h,20260913,8,78910753.40224437,887.2106773079369
D1,uswc_departure_delay_288h,20260913,9,78922384.98595084,887.1361058555034
D1,uswc_departure_delay_288h,20260913,10,78941773.21859066,887.1206343446011
D1,uswc_departure_delay_288h,20260913,11,78945014.05060895,887.0749366065273
D1,uswc_departure_delay_288h,20260913,12,78990829.00410144,887.0435716556977
D1,uswc_departure_delay_288h,20260914,1,78848147.55521052,887.9229829329578
D1,uswc_departure_delay_288h,20260914,2,78862779.52910705,887.7322717283088
D1,uswc_departure_delay_288h,20260914,3,78880047.82052225,887.6736326015233
D1,uswc_departure_delay_288h,20260914,4,78889569.5525363,887.5639327103477
D1,uswc_departure_delay_288h,20260914,5,78898878.17924136,887.5158536901168
D1,uswc_departure_delay_288h,20260914,6,78901662.91933514,887.4687445859632
D1,uswc_departure_delay_288h,20260914,7,78904244.34511021,887.4323931397647
D1,uswc_departure_delay_288h,20260914,8,78911613.37953702,887.4272424200509
D1,uswc_departure_delay_288h,20260914,9,78912941.53205706,887.3766387525021
D1,uswc_departure_delay_288h,20260914,10,78917476.88626613,887.3647911162263
D1,uswc_departure_delay_288h,20260914,11,78918251.03155038,887.3533749434521
D1,uswc_departure_delay_288h,20260914,12,78919576.66770303,887.3317880446306
D1,uswc_departure_delay_288h,20260914,13,78920906.67509657,887.3135107157955
D1,uswc_departure_delay_288h,20260914,14,78942229.9003493,887.2929702072604
D1,uswc_departure_delay_288h,20260914,15,78943267.05555966,887.2495388028641
D1,uswc_departure_delay_288h,20260914,16,78945693.08185844,887.2098949098751
D1,uswc_departure_delay_288h,20260914,17,78953780.51002029,887.2058351575099
D1,uswc_departure_delay_288h,20260914,18,78959894.42152582,887.1558931297437
D1,uswc_departure_delay_288h,20260914,19,78978116.44644585,887.1517604325157
D1,uswc_departure_delay_288h,20260915,1,78694687.64775668,888.9281792526809
D1,uswc_departure_delay_288h,20260915,2,78739553.65384412,888.8100384040144
D1,uswc_departure_delay_288h,20260915,3,78740457.26823173,888.7016120762853
D1,uswc_departure_delay_288h,20260915,4,78782767.83943222,888.6942296849295
D1,uswc_departure_delay_288h,20260915,5,78789427.5218017,888.6536049466964
D1,uswc_departure_delay_288h,20260915,6,78822451.14073767,888.1800763172972
D1,uswc_departure_delay_288h,20260916,1,79155154.33860604,888.7284773722951
D1,uswc_departure_delay_288h,20260916,2,79166481.99606247,888.4527679163283
D1,uswc_departure_delay_288h,20260916,3,79200224.48362623,888.2133207693032
D1,uswc_departure_delay_288h,20260916,4,79266582.70800392,888.1930113050378
D1,uswc_departure_delay_288h,20260917,1,78837986.3687864,887.6891829826521
D1,uswc_departure_delay_288h,20260917,2,78910431.92657927,887.5167482082549
D1,uswc_departure_delay_288h,20260917,3,78926959.56640029,887.3167647752397
D1,uswc_departure_delay_288h,20260918,1,78840548.99776754,890.0237182760263
D1,uswc_departure_delay_288h,20260918,2,78950414.49504355,889.8875508542172
D1,uswc_departure_delay_288h,20260919,1,78912594.9315292,889.0091432487618
D1,uswc_departure_delay_288h,20260919,2,78955256.71872425,888.5961304475679
D1,uswc_departure_delay_288h,20260919,3,78960310.41029422,888.5705028418741
D1,uswc_departure_delay_288h,20260919,4,78972251.82403517,887.4256471394323
D1,uswc_departure_delay_288h,20260920,1,79026400.37694114,889.4675836720459
D1,uswc_departure_delay_288h,20260920,2,79034832.37374696,889.3949066015601
D1,uswc_departure_delay_288h,20260920,3,79041739.96331188,889.0732257176464
D1,uswc_departure_delay_288h,20260920,4,79070262.2345592,888.9529291061447
D1,uswc_departure_delay_288h,20260920,5,79092837.86802359,888.7930347682733
D1,uswc_departure_delay_288h,20260920,6,79118397.24843827,888.6940441191418
D1,uswc_departure_delay_288h,20260920,7,79121984.21321817,888.6371318766606
D1,uswc_departure_delay_288h,20260920,8,79125651.72424974,888.4048803223868
D1,uswc_departure_delay_288h,20260920,9,79138435.6394427,888.389036173419
D1,uswc_departure_delay_288h,20260920,10,79142428.53371446,888.2629400134729
D1,uswc_departure_delay_288h,20260920,11,79160147.51057896,888.2495485467397
D1,uswc_departure_delay_288h,20260920,12,79175733.93315138,888.1977500732394
D1,uswc_departure_delay_288h,20260921,1,78735229.35426866,889.2837582602277
D1,uswc_departure_delay_288h,20260921,2,78809505.86501952,889.2614814068371
D1,uswc_departure_delay_288h,20260921,3,78822689.38371812,889.1978293209826
D1,uswc_departure_delay_288h,20260921,4,78838608.32150961,888.7719118065196
D1,uswc_departure_delay_288h,20260922,1,79005277.41085082,888.260948812419
D1,uswc_departure_delay_288h,20260922,2,79079115.3244004,888.2529211663574
D1,uswc_departure_delay_288h,20260922,3,79125950.21096402,888.042539371157
D1,uswc_departure_delay_288h,20260923,1,78749315.66250016,891.0367888254128
D1,uswc_departure_delay_288h,20260923,2,78770574.33702172,890.8894062962702
D1,uswc_departure_delay_288h,20260923,3,78778028.85138264,890.5478739812786
D1,uswc_departure_delay_288h,20260923,4,78785310.10879207,890.3135652723266
D1,uswc_departure_delay_288h,20260923,5,78801784.83269902,890.0342054121546
D1,uswc_departure_delay_288h,20260923,6,78847020.2940223,889.8954028992548
D1,uswc_departure_delay_288h,20260923,7,78902009.77979168,889.7713822169786
D1,uswc_departure_delay_288h,20260923,8,78915865.9400084,889.7330010598592
D1,uswc_departure_delay_288h,20260923,9,78918704.24699385,889.727694121652
D1,uswc_departure_delay_288h,20260923,10,78926189.60997058,889.6345708817075
D1,uswc_departure_delay_288h,20260923,11,78943235.80173782,889.6164976480023
D1,uswc_departure_delay_288h,20260923,12,78945104.70222943,889.5529580294601
D1,uswc_departure_delay_288h,20260923,13,79015708.61116365,889.4326924220044
D1,uswc_departure_delay_288h,20260924,1,78720525.02331735,887.5443076084083
D1,uswc_departure_delay_288h,20260924,2,78752568.26227188,887.4119385626078
D1,uswc_departure_delay_288h,20260924,3,78777497.6142737,887.2376645246695
D1,uswc_departure_delay_288h,20260924,4,78819957.36665478,887.216687259591
D1,uswc_departure_delay_288h,20260924,5,78824541.65217434,887.1230194574388
D1,uswc_departure_delay_288h,20260925,1,78805282.81394139,889.1436483996781
D1,uswc_departure_delay_288h,20260925,2,78809856.72161372,889.0718358560763
D1,uswc_departure_delay_288h,20260925,3,78816310.17796975,888.9849554571136
D1,uswc_departure_delay_288h,20260925,4,78822380.19144754,888.9624545119948
D1,uswc_departure_delay_288h,20260925,5,78825321.53869675,888.5220463016664
D1,uswc_departure_delay_288h,20260925,6,78860924.5677605,888.3283042809051
D1,uswc_departure_delay_288h,20260925,7,78923499.67981854,888.2917976227059
D1,uswc_departure_delay_288h,20260925,8,78935955.9459717,888.1609453311936
D1,uswc_departure_delay_288h,20260926,1,78694740.58790158,888.3092760014966
D1,uswc_departure_delay_288h,20260926,2,78709484.50449993,888.0536245977173
D1,uswc_departure_delay_288h,20260926,3,78715337.51194721,887.5615064566025
D1,uswc_departure_delay_288h,20260926,4,78739535.54272391,887.521656101434
D1,uswc_departure_delay_288h,20260926,5,78753023.26841572,887.4126929843499
D1,uswc_departure_delay_288h,20260926,6,78770803.64161141,887.3233978174247
D1,uswc_departure_delay_288h,20260926,7,78790942.8764569,887.2148440922139
D1,uswc_departure_delay_288h,20260927,1,78834924.22829194,888.8092344742184
D1,uswc_departure_delay_288h,20260927,2,78837867.38511948,888.7650918634067
D1,uswc_departure_delay_288h,20260927,3,78853481.14699179,888.7432707206424
D1,uswc_departure_delay_288h,20260927,4,78861185.36763828,888.6367815327508
D1,uswc_departure_delay_288h,20260927,5,78872803.59479655,888.6199498306227
D1,uswc_departure_delay_288h,20260927,6,78901125.17209099,888.1114004251007
D1,uswc_departure_delay_288h,20260928,1,78842872.48187146,888.8095533889822
D1,uswc_departure_delay_288h,20260928,2,78852284.0928238,888.4009497574783
D1,uswc_departure_delay_288h,20260928,3,78856729.01015504,888.374394790783
D1,uswc_departure_delay_288h,20260928,4,78876553.51419848,888.3136643590682
D1,uswc_departure_delay_288h,20260928,5,78888350.9569486,887.8633440327006
D1,uswc_departure_delay_288h,20260928,6,78919259.18564047,887.7006324978001
D1,uswc_departure_delay_288h,20260929,1,78775893.2399524,889.1605132188859
D1,uswc_departure_delay_288h,20260929,2,78780604.76418887,889.0816455295559
D1,uswc_departure_delay_288h,20260929,3,78788595.69742791,888.8838891047423
D1,uswc_departure_delay_288h,20260929,4,78799791.19280648,888.7483277586709
D1,uswc_departure_delay_288h,20260929,5,78804742.3790646,888.5191717668097
D1,uswc_departure_delay_288h,20260929,6,78824630.98372456,888.4517382566662
D1,uswc_departure_delay_288h,20260929,7,78834807.79444908,888.3262628226149
D1,uswc_departure_delay_288h,20260929,8,78853825.09782772,888.097232181922
D1,uswc_departure_delay_288h,20260929,9,78859825.56291549,887.9921578956677
D1,uswc_departure_delay_288h,20260929,10,78881969.04664348,887.9844768780839
D1,uswc_departure_delay_288h,20260929,11,78896006.38150883,887.9179241200851
D1,uswc_departure_delay_288h,20260929,12,78900629.51948716,887.7119980484077
D1,uswc_departure_delay_288h,20260930,1,78719544.04946007,889.1803190721336
D1,uswc_departure_delay_288h,20260930,2,78729942.46342278,889.0741169033383
D1,uswc_departure_delay_288h,20260930,3,78732836.90770967,888.9360889983667
D1,uswc_departure_delay_288h,20260930,4,78741629.55988853,888.7495829871543
D1,uswc_departure_delay_288h,20260930,5,78743619.41460964,888.5998979080598
D1,uswc_departure_delay_288h,20260930,6,78749976.82673134,888.570906510189
D1,uswc_departure_delay_288h,20260930,7,78781444.03615975,888.2518477222567
D1,uswc_departure_delay_288h,20260930,8,78837334.49511562,888.1486278314559
D1,uswc_departure_delay_288h,20260931,1,78776642.65887627,889.0480981605293
D1,uswc_departure_delay_288h,20260931,2,78784071.49380118,888.8764019166965
D1,uswc_departure_delay_288h,20260931,3,78796140.19233418,888.6756246267491
D1,uswc_departure_delay_288h,20260931,4,78822061.52176805,888.6320932911618
D1,uswc_departure_delay_288h,20260931,5,78852489.08462633,888.6151567393792
D1,uswc_departure_delay_288h,20260931,6,78884991.10075602,888.600819739811
D1,uswc_departure_delay_288h,20260932,1,78768218.67794794,890.7962888151986
D1,uswc_departure_delay_288h,20260932,2,78776857.20705743,890.4647343997516
D1,uswc_departure_delay_288h,20260932,3,78780439.56451459,890.189265260975
D1,uswc_departure_delay_288h,20260932,4,78793532.10592264,889.981273010597
D1,uswc_departure_delay_288h,20260932,5,78812837.9111886,889.0731620045142
D1,uswc_departure_delay_288h,20260933,1,78781576.48256947,889.1857826156847
D1,uswc_departure_delay_288h,20260933,2,78807019.23373072,889.0622545176619
D1,uswc_departure_delay_288h,20260933,3,78811729.97804588,888.8237155612569
D1,uswc_departure_delay_288h,20260933,4,78836322.13799994,888.7686317592666
D1,uswc_departure_delay_288h,20260933,5,78869420.97161345,888.7161485821259
D1,uswc_departure_delay_288h,20260933,6,78877152.36540602,888.6555651947749
D1,uswc_departure_delay_288h,20260933,7,78894087.54614915,888.4942133026616
D1,uswc_departure_delay_288h,20260934,1,78958330.86663789,890.7637876076443
D1,uswc_departure_delay_288h,20260934,2,78981708.55764869,890.6961559283922
D1,uswc_departure_delay_288h,20260934,3,79015461.45111339,890.6840832655292
D1,uswc_departure_delay_288h,20260934,4,79042263.59963208,890.0476923805436
D1,uswc_departure_delay_288h,20260935,1,78983392.43089995,888.865522938853
D1,uswc_departure_delay_288h,20260935,2,78983490.20595253,888.3751249395256
D1,uswc_departure_delay_288h,20260935,3,79025952.2584832,888.1227673915932
D1,uswc_departure_delay_288h,20260935,4,79037151.3129826,888.1071781550257
D1,uswc_departure_delay_288h,20260935,5,79100949.53580995,888.0907570171585
D1,uswc_departure_delay_312h,20260906,1,80998431.97123215,902.921848809791
D1,uswc_departure_delay_312h,20260906,2,80999015.12677969,902.716656983119
D1,uswc_departure_delay_312h,20260906,3,81016304.56120807,902.6605486032679
D1,uswc_departure_delay_312h,20260906,4,81022623.02918744,902.4502772869595
D1,uswc_departure_delay_312h,20260906,5,81028971.91290997,902.3298374732582
D1,uswc_departure_delay_312h,20260906,6,81044314.45525786,902.2182775393821
D1,uswc_departure_delay_312h,20260906,7,81050525.17083785,902.1833439352841
D1,uswc_departure_delay_312h,20260906,8,81156111.86712505,902.1252615176722
D1,uswc_departure_delay_312h,20260906,9,81160828.02040717,901.8207419134749
D1,uswc_departure_delay_312h,20260907,1,81032850.12250596,902.3515709119247
D1,uswc_departure_delay_312h,20260907,2,81036080.01823807,902.2844341323704
D1,uswc_departure_delay_312h,20260907,3,81036909.69093168,902.1841022229157
D1,uswc_departure_delay_312h,20260907,4,81042310.31673579,902.1476436622413
D1,uswc_departure_delay_312h,20260907,5,81047002.78241459,902.1413567829558
D1,uswc_departure_delay_312h,20260907,6,81057498.71428555,902.0924816282618
D1,uswc_departure_delay_312h,20260907,7,81074318.49876994,902.0494483099513
D1,uswc_departure_delay_312h,20260907,8,81090633.54213652,901.8918101163486
D1,uswc_departure_delay_312h,20260907,9,81123962.5471506,901.7322657110709
D1,uswc_departure_delay_312h,20260908,1,81024892.10060096,902.8107256184969
D1,uswc_departure_delay_312h,20260908,2,81042967.13720119,902.6302173763579
D1,uswc_departure_delay_312h,20260908,3,81080757.45632772,902.3905942512233
D1,uswc_departure_delay_312h,20260909,1,80922942.09211977,902.1473886754485
D1,uswc_departure_delay_312h,20260909,2,80938266.6212058,901.8397450503526
D1,uswc_departure_delay_312h,20260909,3,80939750.9113135,901.8049914725084
D1,uswc_departure_delay_312h,20260909,4,80966232.61887579,901.728255212173
D1,uswc_departure_delay_312h,20260909,5,80972405.5227333,901.7169537650061
D1,uswc_departure_delay_312h,20260909,6,80984369.13098478,901.7166048489029
D1,uswc_departure_delay_312h,20260909,7,80991424.58501774,901.6989108446373
D1,uswc_departure_delay_312h,20260909,8,80992976.17350467,901.6763759952138
D1,uswc_departure_delay_312h,20260909,9,81007770.26164314,901.6043483814307
D1,uswc_departure_delay_312h,20260909,10,81017896.22524126,901.601551971061
D1,uswc_departure_delay_312h,20260909,11,81028960.9405266,901.5964235356811
D1,uswc_departure_delay_312h,20260910,1,80974562.5677518,902.2827107012395
D1,uswc_departure_delay_312h,20260910,2,80987269.99616866,902.2546425145295
D1,uswc_departure_delay_312h,20260910,3,80993884.68387857,902.1875410751402
D1,uswc_departure_delay_312h,20260910,4,81012800.29616182,901.9499346158188
D1,uswc_departure_delay_312h,20260910,5,81025937.48918563,901.8702559127439
D1,uswc_departure_delay_312h,20260910,6,81032950.57304168,901.8443092027136
D1,uswc_departure_delay_312h,20260910,7,81069866.99911024,901.5968084682777
D1,uswc_departure_delay_312h,20260911,1,80928903.9549808,903.2121950965626
D1,uswc_departure_delay_312h,20260911,2,80951902.19603482,903.1409262743008
D1,uswc_departure_delay_312h,20260911,3,80960004.5588684,903.1098887882482
D1,uswc_departure_delay_312h,20260911,4,80964455.59911089,902.9939222966148
D1,uswc_departure_delay_312h,20260911,5,80967078.43684067,902.7851857804826
D1,uswc_departure_delay_312h,20260911,6,80993064.85967875,902.7292437409452
D1,uswc_departure_delay_312h,20260911,7,81001630.20505577,902.722617867596
D1,uswc_departure_delay_312h,20260911,8,81029896.65404217,902.6281257520553
D1,uswc_departure_delay_312h,20260911,9,81043149.47342582,902.3991807341313
D1,uswc_departure_delay_312h,20260911,10,81044950.74651985,902.1225645159038
D1,uswc_departure_delay_312h,20260912,1,80798971.36471723,904.3281382296701
D1,uswc_departure_delay_312h,20260912,2,80802219.59213088,904.3086706498233
D1,uswc_departure_delay_312h,20260912,3,80807999.48868957,903.4379415498817
D1,uswc_departure_delay_312h,20260912,4,80851294.4503398,903.1724569760236
D1,uswc_departure_delay_312h,20260912,5,80882812.16293666,902.9332605454327
D1,uswc_departure_delay_312h,20260912,6,80889572.6082422,902.8723599557948
D1,uswc_departure_delay_312h,20260912,7,80916670.81243743,902.7411092233415
D1,uswc_departure_delay_312h,20260912,8,80927265.8156584,902.4832915585511
D1,uswc_departure_delay_312h,20260912,9,80960974.38305093,902.4794819222203
D1,uswc_departure_delay_312h,20260912,10,80973493.69642669,902.4666859675169
D1,uswc_departure_delay_312h,20260912,11,80978127.21988812,902.3691963410865
D1,uswc_departure_delay_312h,20260912,12,80989407.17051245,902.3521288434438
D1,uswc_departure_delay_312h,20260912,13,80992112.00905019,902.2350388436595
D1,uswc_departure_delay_312h,20260912,14,81007230.66277362,902.1429610309171
D1,uswc_departure_delay_312h,20260912,15,81021246.11924614,901.8930101730158
D1,uswc_departure_delay_312h,20260913,1,81039367.99521561,902.6450960331596
D1,uswc_departure_delay_312h,20260913,2,81058056.6609847,902.1275224514802
D1,uswc_departure_delay_312h,20260913,3,81075634.2183792,902.1230790738289
D1,uswc_departure_delay_312h,20260913,4,81082228.01561219,901.9482306425822
D1,uswc_departure_delay_312h,20260913,5,81084878.44755916,901.4533983575812
D1,uswc_departure_delay_312h,20260913,6,81144240.8218157,901.4185115635615
D1,uswc_departure_delay_312h,20260914,1,80961695.69708216,903.0571894942415
D1,uswc_departure_delay_312h,20260914,2,80980277.19945268,902.9317063827464
D1,uswc_departure_delay_312h,20260914,3,80983737.90247339,902.7362331850996
D1,uswc_departure_delay_312h,20260914,4,81000597.77226008,902.7017570693756
D1,uswc_departure_delay_312h,20260914,5,81019041.77981682,902.6685268595178
D1,uswc_departure_delay_312h,20260914,6,81040118.41366082,902.6078290238145
D1,uswc_departure_delay_312h,20260914,7,81041901.37310353,902.5691556894
D1,uswc_departure_delay_312h,20260914,8,81056001.93852867,902.4116262222665
D1,uswc_departure_delay_312h,20260914,9,81064993.52416451,902.4016318136372
D1,uswc_departure_delay_312h,20260914,10,81069593.83996083,902.3864475268382
D1,uswc_departure_delay_312h,20260914,11,81091438.21444461,902.3349313706497
D1,uswc_departure_delay_312h,20260914,12,81178941.5813319,902.2772785769118
D1,uswc_departure_delay_312h,20260914,13,81181563.41052867,902.2692910344115
D1,uswc_departure_delay_312h,20260915,1,80999692.42289914,903.5834140391295
D1,uswc_departure_delay_312h,20260915,2,81021102.95831597,903.2240603393809
D1,uswc_departure_delay_312h,20260915,3,81036250.13266632,903.1380784380067
D1,uswc_departure_delay_312h,20260915,4,81049737.5486216,902.9521559215892
D1,uswc_departure_delay_312h,20260915,5,81055986.66733882,902.7745382816079
D1,uswc_departure_delay_312h,20260915,6,81067827.8094229,902.4501596436531
D1,uswc_departure_delay_312h,20260916,1,80931940.84003937,902.1707324450309
D1,uswc_departure_delay_312h,20260916,2,80932574.24225849,902.1320334630402
D1,uswc_departure_delay_312h,20260916,3,80938691.46404047,902.0987543077302
D1,uswc_departure_delay_312h,20260916,4,80944425.05838351,902.0362358408157
D1,uswc_departure_delay_312h,20260916,5,80952616.90599956,901.9469466824614
D1,uswc_departure_delay_312h,20260917,1,81111604.89456853,902.2973820771573
D1,uswc_departure_delay_312h,20260917,2,81140439.9722137,902.223773096754
D1,uswc_departure_delay_312h,20260917,3,81147867.64289212,902.1472839942326
D1,uswc_departure_delay_312h,20260917,4,81216296.04266128,902.1042007669485
D1,uswc_departure_delay_312h,20260917,5,81227402.23939854,902.0437939260179
D1,uswc_departure_delay_312h,20260917,6,81234225.295227,901.8235400784849
D1,uswc_departure_delay_312h,20260918,1,80945279.71315068,902.4058536934708
D1,uswc_departure_delay_312h,20260918,2,80949154.07617939,902.268846424897
D1,uswc_departure_delay_312h,20260918,3,80967144.5355103,902.2513063250066
D1,uswc_departure_delay_312h,20260918,4,81011573.88780862,902.2417748549254
D1,uswc_departure_delay_312h,20260918,5,81023289.2439419,902.0413225315424
D1,uswc_departure_delay_312h,20260918,6,81074004.97060397,901.7283794344424
D1,uswc_departure_delay_312h,20260919,1,81113251.69486193,902.8377232831933
D1,uswc_departure_delay_312h,20260919,2,81113422.07338762,902.6559237557576
D1,uswc_departure_delay_312h,20260919,3,81117630.21981637,902.5677307060186
D1,uswc_departure_delay_312h,20260919,4,81138339.71359009,902.5427373111246
D1,uswc_departure_delay_312h,20260919,5,81141015.63868196,902.4269355768376
D1,uswc_departure_delay_312h,20260919,6,81150367.68350914,902.4267246126379
D1,uswc_departure_delay_312h,20260919,7,81150532.89202385,902.3500147554964
D1,uswc_departure_delay_312h,20260919,8,81157187.78951703,902.3392698619053
D1,uswc_departure_delay_312h,20260919,9,81165046.33751336,902.2779432433448
D1,uswc_departure_delay_312h,20260919,10,81181712.24327528,902.2211321306148
D1,uswc_departure_delay_312h,20260919,11,81217288.2504961,902.1107542584007
D1,uswc_departure_delay_312h,20260920,1,80991961.45310786,902.837648332033
D1,uswc_departure_delay_312h,20260920,2,81062751.51193205,902.8183280442851
D1,uswc_departure_delay_312h,20260920,3,81063555.103544,902.7773113710851
D1,uswc_departure_delay_312h,20260920,4,81087121.4229424,902.7568516709857
D1,uswc_departure_delay_312h,20260920,5,81098728.83608395,902.632929150855
D1,uswc_departure_delay_312h,20260921,1,80966356.46505255,902.4667091270534
D1,uswc_departure_delay_312h,20260921,2,80966676.07971066,901.964164042387
D1,uswc_departure_delay_312h,20260921,3,81006025.77648094,901.7852605755174
D1,uswc_departure_delay_312h,20260922,1,80941611.28249136,902.5986835703245
D1,uswc_departure_delay_312h,20260922,2,80942694.02212746,902.5984073829806
D1,uswc_departure_delay_312h,20260922,3,80955094.0910219,902.483622765776
D1,uswc_departure_delay_312h,20260922,4,80965796.7686104,902.4454195129503
D1,uswc_departure_delay_312h,20260922,5,80971473.67083295,902.3165189497043
D1,uswc_departure_delay_312h,20260922,6,80971476.09810802,902.2891628696098
D1,uswc_departure_delay_312h,20260922,7,80991180.37641366,902.2127674328395
D1,uswc_departure_delay_312h,20260922,8,80999262.29198092,902.1476902707728
D1,uswc_departure_delay_312h,20260922,9,81017371.38977867,902.1465689649895
D1,uswc_departure_delay_312h,20260922,10,81022171.44289023,902.0757053651693
D1,uswc_departure_delay_312h,20260922,11,81070239.05882354,902.058887769318
D1,uswc_departure_delay_312h,20260922,12,81160023.23569565,902.0533649184939
D1,uswc_departure_delay_312h,20260923,1,81013863.00883628,903.1661034505497
D1,uswc_departure_delay_312h,20260923,2,81051672.76474239,902.8353299048229
D1,uswc_departure_delay_312h,20260923,3,81055123.80093919,902.5307812317166
D1,uswc_departure_delay_312h,20260923,4,81055373.54384284,902.5023643474575
D1,uswc_departure_delay_312h,20260923,5,81085032.63109215,902.1722382534823
D1,uswc_departure_delay_312h,20260924,1,80934708.32972163,903.3327148347308
D1,uswc_departure_delay_312h,20260924,2,80948732.1329568,903.1672214715564
D1,uswc_departure_delay_312h,20260924,3,80962417.1444674,903.1516236722965
D1,uswc_departure_delay_312h,20260924,4,80963271.78011744,903.147625444318
D1,uswc_departure_delay_312h,20260924,5,80966187.00965016,902.9504672929612
D1,uswc_departure_delay_312h,20260924,6,81010136.94205225,902.9483237442937
D1,uswc_departure_delay_312h,20260924,7,81014105.49352932,902.9371734306615
D1,uswc_departure_delay_312h,20260924,8,81017726.92408474,902.8508474471787
D1,uswc_departure_delay_312h,20260924,9,81022831.66810846,902.8504032811863
D1,uswc_departure_delay_312h,20260924,10,81030418.78044608,902.69191334644
D1,uswc_departure_delay_312h,20260925,1,80917399.32136135,902.930547443021
D1,uswc_departure_delay_312h,20260925,2,80935865.59304406,902.2778292634414
D1,uswc_departure_delay_312h,20260925,3,80964846.09627476,901.9549309275403
D1,uswc_departure_delay_312h,20260925,4,80984011.07479016,901.7343549317328
D1,uswc_departure_delay_312h,20260925,5,81009958.4908605,901.4200103301022
D1,uswc_departure_delay_312h,20260926,1,81063760.1684932,902.1594313234472
D1,uswc_departure_delay_312h,20260926,2,81111383.52859606,902.1041998642838
D1,uswc_departure_delay_312h,20260926,3,81137913.33854093,902.0509442903251
D1,uswc_departure_delay_312h,20260927,1,80851864.5496007,903.6636243002814
D1,uswc_departure_delay_312h,20260927,2,80858747.6326927,903.1439472425632
D1,uswc_departure_delay_312h,20260927,3,80873700.16623338,903.0767500277755
D1,uswc_departure_delay_312h,20260927,4,80919038.99416943,903.0654982120421
D1,uswc_departure_delay_312h,20260927,5,80923464.55799837,903.0621193951841
D1,uswc_departure_delay_312h,20260927,6,80927808.17856076,903.0022570729179
D1,uswc_departure_delay_312h,20260927,7,80957280.27503715,902.96548388767
D1,uswc_departure_delay_312h,20260927,8,80967042.07823974,902.9488313553907
D1,uswc_departure_delay_312h,20260927,9,81029162.75296009,902.8743328204697
D1,uswc_departure_delay_312h,20260927,10,81031394.12666434,902.7721454319835
D1,uswc_departure_delay_312h,20260928,1,80985619.07445665,902.0546848771418
D1,uswc_departure_delay_312h,20260928,2,81032827.90444426,901.65253370735
D1,uswc_departure_delay_312h,20260928,3,81066203.16787389,901.5824847733157
D1,uswc_departure_delay_312h,20260929,1,81046768.42524156,902.7289583172399
D1,uswc_departure_delay_312h,20260929,2,81074326.59219147,902.7018719740925
D1,uswc_departure_delay_312h,20260929,3,81084505.51813589,902.5274504441144
D1,uswc_departure_delay_312h,20260930,1,80852274.31257522,902.447204851585
D1,uswc_departure_delay_312h,20260930,2,80887810.60474145,902.4232298718314
D1,uswc_departure_delay_312h,20260930,3,80904216.99882594,902.3626316842387
D1,uswc_departure_delay_312h,20260930,4,80926699.11060776,902.0748418953367
D1,uswc_departure_delay_312h,20260930,5,80930565.2737211,901.9168646329703
D1,uswc_departure_delay_312h,20260931,1,80823460.6704316,902.9340258437612
D1,uswc_departure_delay_312h,20260931,2,80826160.55613324,902.7231963824722
D1,uswc_departure_delay_312h,20260931,3,80840525.04233666,902.6839240241305
D1,uswc_departure_delay_312h,20260931,4,80855681.44354592,902.4260286545799
D1,uswc_departure_delay_312h,20260931,5,80908934.37921703,902.4131995647973
D1,uswc_departure_delay_312h,20260931,6,80917776.01808158,902.2817378394739
D1,uswc_departure_delay_312h,20260931,7,80939263.48422354,902.2399104892017
D1,uswc_departure_delay_312h,20260931,8,80962281.59766212,902.2267635889026
D1,uswc_departure_delay_312h,20260931,9,80962319.72081678,902.1198989161085
D1,uswc_departure_delay_312h,20260931,10,80983238.6559541,901.9581287958371
D1,uswc_departure_delay_312h,20260931,11,80986510.01075882,901.8369509078129
D1,uswc_departure_delay_312h,20260931,12,81015217.15232049,901.6727506335865
D1,uswc_departure_delay_312h,20260931,13,81048104.6963605,901.6044461061416
D1,uswc_departure_delay_312h,20260931,14,81107957.61442086,901.4822108516701
D1,uswc_departure_delay_312h,20260931,15,81120381.44033836,901.2314097991348
D1,uswc_departure_delay_312h,20260932,1,81016092.59816003,902.3911359011947
D1,uswc_departure_delay_312h,20260932,2,81034362.52919096,902.3887089774989
D1,uswc_departure_delay_312h,20260932,3,81037181.80880897,902.3771527886083
D1,uswc_departure_delay_312h,20260932,4,81041483.66029418,902.175106197313
D1,uswc_departure_delay_312h,20260932,5,81083659.85240471,902.0827127595252
D1,uswc_departure_delay_312h,20260932,6,81092614.34410322,902.0045349331017
D1,uswc_departure_delay_312h,20260932,7,81109115.44991718,901.9117056252907
D1,uswc_departure_delay_312h,20260932,8,81150140.28807743,901.8888168509264
D1,uswc_departure_delay_312h,20260932,9,81224817.20805751,901.8775726932374
D1,uswc_departure_delay_312h,20260933,1,80958259.0494735,901.8559878773892
D1,uswc_departure_delay_312h,20260933,2,80963335.73676348,901.7975705766819
D1,uswc_departure_delay_312h,20260933,3,80981063.56263036,901.7535101918755
D1,uswc_departure_delay_312h,20260933,4,80987841.62175766,901.6554919663645
D1,uswc_departure_delay_312h,20260933,5,80997367.71849495,901.4786779987669
D1,uswc_departure_delay_312h,20260934,1,80785001.55959193,903.5919261968735
D1,uswc_departure_delay_312h,20260934,2,80850161.2765622,903.2535543704265
D1,uswc_departure_delay_312h,20260934,3,80879701.90527841,902.6183228934646
D1,uswc_departure_delay_312h,20260934,4,80882494.2189147,902.2778205668016
D1,uswc_departure_delay_312h,20260934,5,80931812.2497761,902.0730103833611
D1,uswc_departure_delay_312h,20260934,6,80942780.21025304,901.9117132179284
D1,uswc_departure_delay_312h,20260935,1,80963322.5499542,902.7410098229241
D1,uswc_departure_delay_312h,20260935,2,81073003.96768868,902.7240749654727
D1,uswc_departure_delay_312h,20260935,3,81097714.26811561,902.5984367337255
D2,pilot_baseline,20260906,1,25278806.236593403,638.8546430523016
D2,pilot_baseline,20260906,2,25295508.105803654,638.6285393726911
D2,pilot_baseline,20260906,3,25322376.540326305,637.6967583750304
D2,pilot_baseline,20260906,4,25328435.923904087,637.6557963968486
D2,pilot_baseline,20260906,5,25329630.393025145,636.607042780391
D2,pilot_baseline,20260906,6,25369179.782324202,634.5528531576776
D2,pilot_baseline,20260906,7,25377602.351010762,634.492325900014
D2,pilot_baseline,20260906,8,25397427.749183558,633.2231007225279
D2,pilot_baseline,20260906,9,25404271.36913276,633.1679466320787
D2,pilot_baseline,20260906,10,25412125.877074648,633.0791903648766
D2,pilot_baseline,20260906,11,25430020.435286667,632.4540716970558
D2,pilot_baseline,20260906,12,25430736.18185801,631.1960711480034
D2,pilot_baseline,20260906,13,25499861.575218193,629.7875890518245
D2,pilot_baseline,20260906,14,25500842.92127178,629.5642742503057
D2,pilot_baseline,20260906,15,25519014.59465819,629.4154662873646
D2,pilot_baseline,20260906,16,25529855.482890747,628.7777425077956
D2,pilot_baseline,20260906,17,25569552.304976646,628.1056927316248
D2,pilot_baseline,20260906,18,25594777.830699734,627.972887756051
D2,pilot_baseline,20260906,19,25597400.906917226,626.144447429317
D2,pilot_baseline,20260906,20,25601678.15364254,625.7158261883684
D2,pilot_baseline,20260906,21,25652598.692263667,625.5372822727976
D2,pilot_baseline,20260906,22,25655705.55398586,625.1539048497207
D2,pilot_baseline,20260906,23,25683887.361110028,625.074478718014
D2,pilot_baseline,20260906,24,25697645.140898794,624.3030594721258
D2,pilot_baseline,20260906,25,25727277.4797128,623.844415765974
D2,pilot_baseline,20260906,26,25745391.553804997,623.5173394186402
D2,pilot_baseline,20260906,27,25786654.795779914,623.4133369609763
D2,pilot_baseline,20260906,28,25800181.021975413,622.7686675712108
D2,pilot_baseline,20260906,29,25913459.7646329,622.2258020108534
D2,pilot_baseline,20260906,30,25954417.324675906,621.6229447704113
D2,pilot_baseline,20260907,1,25123601.95313961,640.498511398455
D2,pilot_baseline,20260907,2,25192382.15001176,640.0968255175579
D2,pilot_baseline,20260907,3,25210061.441271886,639.5408239790185
D2,pilot_baseline,20260907,4,25234924.395301078,637.2224628867671
D2,pilot_baseline,20260907,5,25302525.51591871,636.9635411230789
D2,pilot_baseline,20260907,6,25328838.788991667,636.063080287496
D2,pilot_baseline,20260907,7,25374378.879386827,633.3307797471152
D2,pilot_baseline,20260907,8,25392963.179506138,631.7994220423735
D2,pilot_baseline,20260907,9,25431246.56664019,629.9795527873047
D2,pilot_baseline,20260907,10,25457084.08944573,629.2751264127904
D2,pilot_baseline,20260907,11,25466839.268604327,628.5948166992692
D2,pilot_baseline,20260907,12,25473356.43644938,628.5781034232864
D2,pilot_baseline,20260907,13,25491220.94671713,628.4892322765168
D2,pilot_baseline,20260907,14,25499463.71247387,628.1744849371514
D2,pilot_baseline,20260907,15,25503005.89779293,627.6269904846594
D2,pilot_baseline,20260907,16,25570238.236914013,626.8389041963942
D2,pilot_baseline,20260907,17,25585448.35692099,626.3159025548955
D2,pilot_baseline,20260907,18,25589853.419982806,626.2680161979367
D2,pilot_baseline,20260907,19,25608904.837411042,625.6654868792275
D2,pilot_baseline,20260907,20,25680325.147596333,624.9609508331072
D2,pilot_baseline,20260907,21,25713949.573236518,624.9335683450423
D2,pilot_baseline,20260907,22,25723825.189022943,624.7608609386314
D2,pilot_baseline,20260907,23,25743219.303012077,624.7542382574602
D2,pilot_baseline,20260907,24,25793242.997324392,623.3949797234089
D2,pilot_baseline,20260908,1,25276617.754388966,637.4490508863815
D2,pilot_baseline,20260908,2,25332892.888147745,636.9381956147882
D2,pilot_baseline,20260908,3,25336134.906678997,635.8257462708908
D2,pilot_baseline,20260908,4,25353994.617591873,635.1449851747584
D2,pilot_baseline,20260908,5,25379058.261081245,634.7420049057619
D2,pilot_baseline,20260908,6,25379654.783476662,634.1880670198829
D2,pilot_baseline,20260908,7,25389471.13663658,634.0336922061426
D2,pilot_baseline,20260908,8,25412807.136534497,633.381822910889
D2,pilot_baseline,20260908,9,25437437.69946519,633.2408823857054
D2,pilot_baseline,20260908,10,25443179.278808493,633.045034124717
D2,pilot_baseline,20260908,11,25453630.171803635,632.9710437864361
D2,pilot_baseline,20260908,12,25454561.723480474,632.705892720304
D2,pilot_baseline,20260908,13,25464910.33148602,631.5788044519255
D2,pilot_baseline,20260908,14,25482057.460032452,631.038588026956
D2,pilot_baseline,20260908,15,25501092.0060114,630.7441049537889
D2,pilot_baseline,20260908,16,25506509.27444552,630.4417837482406
D2,pilot_baseline,20260908,17,25525988.043714292,630.0741114265725
D2,pilot_baseline,20260908,18,25528136.778972764,630.0509072568415
D2,pilot_baseline,20260908,19,25531565.177483775,629.9349240826849
D2,pilot_baseline,20260908,20,25541677.507170077,629.6088504933726
D2,pilot_baseline,20260908,21,25555384.31573732,629.3469199986754
D2,pilot_baseline,20260908,22,25555456.652955927,629.3458047578656
D2,pilot_baseline,20260908,23,25572516.0457166,629.0730181487013
D2,pilot_baseline,20260908,24,25572562.24568654,629.0513902575966
D2,pilot_baseline,20260908,25,25578550.942653697,627.8914242321989
D2,pilot_baseline,20260908,26,25666841.460563697,627.3810242672735
D2,pilot_baseline,20260908,27,25694197.46418512,627.0514092724268
D2,pilot_baseline,20260908,28,25698841.641005445,626.8401227935077
D2,pilot_baseline,20260908,29,25756452.588530842,626.1416425016846
D2,pilot_baseline,20260909,1,25222033.63080329,645.9146849147328
D2,pilot_baseline,20260909,2,25225311.899793066,643.6572457715511
D2,pilot_baseline,20260909,3,25226265.991335243,641.5725323960468
D2,pilot_baseline,20260909,4,25264138.456976198,640.4085295248553
D2,pilot_baseline,20260909,5,25277714.90354581,638.7979439120901
D2,pilot_baseline,20260909,6,25297659.742993504,637.2721357753428
D2,pilot_baseline,20260909,7,25338298.760456305,635.7854928888444
D2,pilot_baseline,20260909,8,25364311.216082353,634.9698388404868
D2,pilot_baseline,20260909,9,25407080.288236678,633.9168105656373
D2,pilot_baseline,20260909,10,25433219.442333993,633.4291822338018
D2,pilot_baseline,20260909,11,25434279.511992022,633.1011684880451
D2,pilot_baseline,20260909,12,25436467.28654071,633.0525070083025
D2,pilot_baseline,20260909,13,25444829.964695655,632.2619837932883
D2,pilot_baseline,20260909,14,25469841.566458255,632.0348844856817
D2,pilot_baseline,20260909,15,25478193.20058587,631.0472535474507
D2,pilot_baseline,20260909,16,25486508.0509743,631.0120526655585
D2,pilot_baseline,20260909,17,25504556.12658955,631.0017425620074
D2,pilot_baseline,20260909,18,25505608.73078145,630.8044138738849
D2,pilot_baseline,20260909,19,25513764.119758517,628.7042968630315
D2,pilot_baseline,20260909,20,25516839.52710849,628.2934923685028
D2,pilot_baseline,20260909,21,25578518.475807596,627.6497776872372
D2,pilot_baseline,20260909,22,25610509.95374054,626.6017870164333
D2,pilot_baseline,20260909,23,25629757.636859227,626.5057302121976
D2,pilot_baseline,20260909,24,25705806.58201122,626.1980657511309
D2,pilot_baseline,20260909,25,25711813.683043852,625.8048858549687
D2,pilot_baseline,20260909,26,25831394.0045745,623.0041655196293
D2,pilot_baseline,20260910,1,25220434.03676876,642.4638824970235
D2,pilot_baseline,20260910,2,25266971.459324453,640.0304450820934
D2,pilot_baseline,20260910,3,25338557.393131446,637.5115755628397
D2,pilot_baseline,20260910,4,25376538.69678712,637.3265017283745
D2,pilot_baseline,20260910,5,25387191.417789683,636.2278673916469
D2,pilot_baseline,20260910,6,25426404.68350182,634.4363935723475
D2,pilot_baseline,20260910,7,25524443.342465065,633.8619674428895
D2,pilot_baseline,20260910,8,25579057.474883072,633.5410059181797
D2,pilot_baseline,20260910,9,25583344.359249517,632.3452881301338
D2,pilot_baseline,20260910,10,25593004.4303226,631.8190960826221
D2,pilot_baseline,20260910,11,25612308.67827584,631.7926349831092
D2,pilot_baseline,20260910,12,25619967.410944875,630.8397149342993
D2,pilot_baseline,20260910,13,25709623.94349682,629.6296737481323
D2,pilot_baseline,20260910,14,25728065.024482466,629.5425246911943
D2,pilot_baseline,20260910,15,25814933.512159575,629.264198375716
D2,pilot_baseline,20260910,16,25821691.497219257,628.5660585560566
D2,pilot_baseline,20260910,17,25883111.88921467,626.6652683044628
D2,pilot_baseline,20260910,18,25943552.804189995,626.248146854048
D2,pilot_baseline,20260910,19,25945645.882549416,624.9707764712274
D2,pilot_baseline,20260910,20,26068157.287594788,624.9403341947013
D2,pilot_baseline,20260910,21,26189366.39805717,624.2966856805494
D2,pilot_baseline,20260910,22,26239934.17687971,623.3083772259624
D2,pilot_baseline,20260910,23,26343110.91346962,622.3389121773472
D2,pilot_baseline,20260910,24,26362675.0692333,621.8956441583435
D2,pilot_baseline,20260911,1,25494817.407277174,634.9637883661226
D2,pilot_baseline,20260911,2,25507010.86752346,634.1197545832463
D2,pilot_baseline,20260911,3,25533346.35780574,630.192981785241
D2,pilot_baseline,20260911,4,25539868.274698522,630.1220836310035
D2,pilot_baseline,20260911,5,25555190.06467473,629.9689072589903
D2,pilot_baseline,20260911,6,25563546.268514182,629.8021517719236
D2,pilot_baseline,20260911,7,25571681.321895517,629.2623043801764
D2,pilot_baseline,20260911,8,25579052.078231245,628.5992003296147
D2,pilot_baseline,20260911,9,25602816.03854947,628.4288517275622
D2,pilot_baseline,20260911,10,25624337.873691037,627.6957575118952
D2,pilot_baseline,20260911,11,25625039.431706145,626.1773068650363
D2,pilot_baseline,20260911,12,25636850.07129179,625.512702978964
D2,pilot_baseline,20260911,13,25688129.310186777,625.5089449029299
D2,pilot_baseline,20260911,14,25723418.47854265,625.2787145315015
D2,pilot_baseline,20260911,15,25723636.449986614,625.2752785126378
D2,pilot_baseline,20260911,16,25735638.75126014,625.0871856879528
D2,pilot_baseline,20260911,17,25736758.24490729,624.3260590209138
D2,pilot_baseline,20260911,18,25740936.177558694,623.0177986233296
D2,pilot_baseline,20260911,19,25757605.707190003,622.6509516290739
D2,pilot_baseline,20260911,20,25796998.59051408,622.6370707559895
D2,pilot_baseline,20260911,21,25803190.811682057,622.445087964583
D2,pilot_baseline,20260911,22,25816806.130616743,622.2307553110896
D2,pilot_baseline,20260911,23,25829309.050018687,622.1611630203605
D2,pilot_baseline,20260911,24,25832119.64620598,619.7038403487876
D2,pilot_baseline,20260912,1,25360262.129742343,642.202109239451
D2,pilot_baseline,20260912,2,25365171.094150066,638.2355682520601
D2,pilot_baseline,20260912,3,25375043.990152404,637.9837813062767
D2,pilot_baseline,20260912,4,25414832.92995974,634.9662703420782
D2,pilot_baseline,20260912,5,25442305.46037907,631.9050067143078
D2,pilot_baseline,20260912,6,25444447.64805501,631.8277579297302
D2,pilot_baseline,20260912,7,25453109.682705484,629.2989185349071
D2,pilot_baseline,20260912,8,25468386.53545641,628.1971766236668
D2,pilot_baseline,20260912,9,25552655.337300465,626.5027680464499
D2,pilot_baseline,20260912,10,25589096.206727024,626.3765709588581
D2,pilot_baseline,20260912,11,25599945.98074576,626.1500819989092
D2,pilot_baseline,20260912,12,25610608.06659073,625.2536312405269
D2,pilot_baseline,20260912,13,25665872.76063996,625.1377547646917
D2,pilot_baseline,20260912,14,25671902.15892024,624.7274211933633
D2,pilot_baseline,20260912,15,25672047.09102811,624.6267682160751
D2,pilot_baseline,20260912,16,25706495.530365884,624.1967092957162
D2,pilot_baseline,20260912,17,25714339.06910908,624.0027483237384
D2,pilot_baseline,20260912,18,25765724.577178802,623.5053481768506
D2,pilot_baseline,20260912,19,25809910.03229964,623.2891712620441
D2,pilot_baseline,20260912,20,25818061.983154472,623.0134792687965
D2,pilot_baseline,20260912,21,25821859.41356024,622.9777980079365
D2,pilot_baseline,20260912,22,25853254.03644478,622.6692480597904
D2,pilot_baseline,20260912,23,25858895.042726964,622.609001623188
D2,pilot_baseline,20260912,24,25872168.213004276,622.3108303762234
D2,pilot_baseline,20260912,25,25898399.433871504,621.9021457946275
D2,pilot_baseline,20260912,26,25921134.365301114,621.432700724432
D2,pilot_baseline,20260912,27,25956086.57590377,621.1331761230117
D2,pilot_baseline,20260912,28,26017015.03673888,620.9122361587146
D2,pilot_baseline,20260912,29,26055068.96114284,620.8774365157986
D2,pilot_baseline,20260912,30,26129511.8262105,619.875972887289
D2,pilot_baseline,20260913,1,25391934.626830075,636.4731899332672
D2,pilot_baseline,20260913,2,25394861.432609297,631.3462963263936
D2,pilot_baseline,20260913,3,25446580.427380525,631.0610139070556
D2,pilot_baseline,20260913,4,25448301.137601197,630.4253873684434
D2,pilot_baseline,20260913,5,25463888.456711184,629.842538562421
D2,pilot_baseline,20260913,6,25470578.770739116,629.4291429201277
D2,pilot_baseline,20260913,7,25482284.2526093,628.6298653499625
D2,pilot_baseline,20260913,8,25497268.99012955,627.102011127323
D2,pilot_baseline,20260913,9,25515821.637684263,625.9934186404483
D2,pilot_baseline,20260913,10,25522690.76392139,625.9461273337572
D2,pilot_baseline,20260913,11,25552039.494012862,623.9774762600699
D2,pilot_baseline,20260913,12,25574083.311105486,623.6055128236682
D2,pilot_baseline,20260913,13,25590031.15209993,622.7237675288716
D2,pilot_baseline,20260913,14,25610640.09504055,621.4628333228625
D2,pilot_baseline,20260913,15,25667830.126707755,620.5290301756492
D2,pilot_baseline,20260913,16,25784729.389636554,619.5386711637505
D2,pilot_baseline,20260913,17,25838283.11479976,619.5307860486353
D2,pilot_baseline,20260913,18,25866973.466935672,619.3579921317546
D2,pilot_baseline,20260913,19,25933244.23989995,618.8921442166463
D2,pilot_baseline,20260913,20,26008226.53176375,617.0197076589014
D2,pilot_baseline,20260914,1,25332476.476330154,641.86511098319
D2,pilot_baseline,20260914,2,25350676.642999507,640.3967632720373
D2,pilot_baseline,20260914,3,25385774.524296273,640.3648611620965
D2,pilot_baseline,20260914,4,25430088.30865283,639.0584740575339
D2,pilot_baseline,20260914,5,25431094.085322764,638.7610284607547
D2,pilot_baseline,20260914,6,25467071.146601208,636.1573495336573
D2,pilot_baseline,20260914,7,25506591.861410446,635.0186685705795
D2,pilot_baseline,20260914,8,25518967.749978792,634.5297656548812
D2,pilot_baseline,20260914,9,25522360.326216213,632.9187132325568
D2,pilot_baseline,20260914,10,25525769.190488715,632.3703825399679
D2,pilot_baseline,20260914,11,25553964.26368456,631.26583139454
D2,pilot_baseline,20260914,12,25560749.500505522,630.8615429881179
D2,pilot_baseline,20260914,13,25627805.80006016,629.1078048162049
D2,pilot_baseline,20260914,14,25644853.360693667,627.7448057125804
D2,pilot_baseline,20260914,15,25651326.684840813,627.5045264691245
D2,pilot_baseline,20260914,16,25651736.243574183,627.2654940039499
D2,pilot_baseline,20260914,17,25668655.773981296,627.101977590608
D2,pilot_baseline,20260914,18,25792850.974342633,626.9987744184899
D2,pilot_baseline,20260914,19,25800030.48033283,626.1763564984802
D2,pilot_baseline,20260914,20,25825818.92164516,625.4982197517103
D2,pilot_baseline,20260914,21,25831157.94822758,625.2229561385215
D2,pilot_baseline,20260914,22,25888377.218861464,624.3158262043069
D2,pilot_baseline,20260914,23,25888844.95751689,624.2243084912697
D2,pilot_baseline,20260914,24,25892461.449498337,624.0986173114145
D2,pilot_baseline,20260914,25,25979889.117308535,623.5690277504273
D2,pilot_baseline,20260914,26,26193042.848182254,622.6667719625208
D2,pilot_baseline,20260915,1,25163166.756595816,648.8895653143628
D2,pilot_baseline,20260915,2,25188217.13928784,647.8720973744005
D2,pilot_baseline,20260915,3,25198512.336213905,644.3093128038497
D2,pilot_baseline,20260915,4,25207616.783379056,642.2754244767256
D2,pilot_baseline,20260915,5,25281599.95037074,638.7737662236964
D2,pilot_baseline,20260915,6,25303468.141896904,638.7394078000356
D2,pilot_baseline,20260915,7,25360852.622606628,638.4429265261457
D2,pilot_baseline,20260915,8,25365520.958836887,638.3156337028529
D2,pilot_baseline,20260915,9,25404154.757335924,634.8982097204948
D2,pilot_baseline,20260915,10,25446794.284384012,634.7176850958283
D2,pilot_baseline,20260915,11,25447141.37352043,634.6909498627977
D2,pilot_baseline,20260915,12,25464638.737155575,634.3345400851009
D2,pilot_baseline,20260915,13,25477197.971850507,633.780087491097
D2,pilot_baseline,20260915,14,25496061.652422953,631.6879367567994
D2,pilot_baseline,20260915,15,25594886.82880882,631.1725760159087
D2,pilot_baseline,20260915,16,25616901.836592346,630.9155418584104
D2,pilot_baseline,20260915,17,25637710.266172923,630.3948601840542
D2,pilot_baseline,20260915,18,25669178.805774104,629.9210453468482
D2,pilot_baseline,20260915,19,25670584.393310744,628.594809785438
D2,pilot_baseline,20260915,20,25738268.5638906,628.3110805157062
D2,pilot_baseline,20260915,21,25851706.93400152,627.6063066959108
D2,pilot_baseline,20260915,22,25862800.150147017,626.1907404954458
D2,pilot_baseline,20260915,23,25920846.927218124,626.1882824126288
D2,pilot_baseline,20260915,24,26001994.53142671,625.7478888226259
D2,pilot_baseline,20260916,1,25266711.35950584,634.292695922953
D2,pilot_baseline,20260916,2,25283977.92856756,633.2506778394743
D2,pilot_baseline,20260916,3,25312257.60926239,632.3700359944182
D2,pilot_baseline,20260916,4,25346003.710807502,632.2001422476108
D2,pilot_baseline,20260916,5,25346400.637536023,632.013786162956
D2,pilot_baseline,20260916,6,25347756.62615107,631.3296386478644
D2,pilot_baseline,20260916,7,25380953.895337347,630.0399696000154
D2,pilot_baseline,20260916,8,25382073.198025323,630.0121431476108
D2,pilot_baseline,20260916,9,25383826.876389563,629.6769995065946
D2,pilot_baseline,20260916,10,25388868.78539882,629.5678583864102
D2,pilot_baseline,20260916,11,25405550.104807574,628.7315927052421
D2,pilot_baseline,20260916,12,25420380.64700014,628.1302206412021
D2,pilot_baseline,20260916,13,25477296.377883106,628.12586953783
D2,pilot_baseline,20260916,14,25479273.89532222,627.3308310479192
D2,pilot_baseline,20260916,15,25496233.899595544,627.3065155355378
D2,pilot_baseline,20260916,16,25512031.318327367,627.1114059994816
D2,pilot_baseline,20260916,17,25516318.180442598,626.5776835508339
D2,pilot_baseline,20260916,18,25568637.939440396,625.815992185581
D2,pilot_baseline,20260916,19,25646331.253373895,625.3024627056179
D2,pilot_baseline,20260917,1,25373371.706048667,635.0120805317468
D2,pilot_baseline,20260917,2,25378175.822600592,634.9067684937519
D2,pilot_baseline,20260917,3,25442396.96342161,632.8011729702007
D2,pilot_baseline,20260917,4,25444750.480043124,632.3799983897835
D2,pilot_baseline,20260917,5,25450460.187408775,632.1033427867951
D2,pilot_baseline,20260917,6,25493886.377310142,631.6556994180282
D2,pilot_baseline,20260917,7,25496089.586701002,630.4489515754875
D2,pilot_baseline,20260917,8,25519534.86585115,630.1235289497636
D2,pilot_baseline,20260917,9,25521347.97290027,629.9590489591308
D2,pilot_baseline,20260917,10,25557179.32790937,629.7233804612873
D2,pilot_baseline,20260917,11,25560492.570093606,629.5281173717194
D2,pilot_baseline,20260917,12,25571579.98419827,626.6645687555615
D2,pilot_baseline,20260917,13,25590583.6349376,625.9854017586183
D2,pilot_baseline,20260917,14,25609543.220803056,625.848027500598
D2,pilot_baseline,20260917,15,25662635.749882285,624.7281362559562
D2,pilot_baseline,20260917,16,25706864.81835801,623.7058078042952
D2,pilot_baseline,20260917,17,25719666.88662111,623.5265866903336
D2,pilot_baseline,20260917,18,25765221.06616766,623.3826091716676
D2,pilot_baseline,20260917,19,25773986.674023528,623.0142203543771
D2,pilot_baseline,20260917,20,25798169.38377745,622.7242170258387
D2,pilot_baseline,20260917,21,25830665.514231108,622.7230375222779
D2,pilot_baseline,20260917,22,25832480.224842627,622.2226752375537
D2,pilot_baseline,20260917,23,25898564.255277354,621.1024928006875
D2,pilot_baseline,20260917,24,25937260.159056086,620.9908651527479
D2,pilot_baseline,20260917,25,25939462.700938817,620.975987139298
D2,pilot_baseline,20260917,26,26062309.650969625,620.5485701489476
D2,pilot_baseline,20260918,1,25146315.907751385,642.184240595627
D2,pilot_baseline,20260918,2,25187421.47749014,641.7373920584139
D2,pilot_baseline,20260918,3,25216376.9245569,638.1732288641252
D2,pilot_baseline,20260918,4,25221300.3293601,637.7905429809007
D2,pilot_baseline,20260918,5,25228935.887190983,637.7734528254964
D2,pilot_baseline,20260918,6,25237247.896579187,637.6745175186339
D2,pilot_baseline,20260918,7,25255986.014608912,635.9866550788166
D2,pilot_baseline,20260918,8,25269422.959739454,635.5888434825613
D2,pilot_baseline,20260918,9,25321282.884688392,634.5173229263332
D2,pilot_baseline,20260918,10,25322705.63074783,634.4212570864919
D2,pilot_baseline,20260918,11,25328301.206782926,634.3038662788836
D2,pilot_baseline,20260918,12,25347353.470267907,633.9707724288008
D2,pilot_baseline,20260918,13,25350907.3357614,632.9904081337638
D2,pilot_baseline,20260918,14,25386393.171536654,632.4728259124901
D2,pilot_baseline,20260918,15,25389445.243640654,631.0806548297811
D2,pilot_baseline,20260918,16,25457489.206106957,629.9738199182277
D2,pilot_baseline,20260918,17,25528364.151977655,629.8542374825071
D2,pilot_baseline,20260918,18,25528904.359157458,628.8791160693036
D2,pilot_baseline,20260918,19,25625277.03018816,628.1132627626886
D2,pilot_baseline,20260918,20,25675230.076603375,627.6964201739594
D2,pilot_baseline,20260918,21,25783505.921815068,627.1387738545376
D2,pilot_baseline,20260918,22,25841289.834383614,626.025888849747
D2,pilot_baseline,20260918,23,25972888.906692896,625.8461908718342
D2,pilot_baseline,20260918,24,25974315.53603547,625.6576653818188
D2,pilot_baseline,20260918,25,26005707.571859438,625.3219435037835
D2,pilot_baseline,20260918,26,26024264.12007824,625.1146866113693
D2,pilot_baseline,20260918,27,26038579.21828055,624.7709068181726
D2,pilot_baseline,20260919,1,25193293.341905214,635.6687707884093
D2,pilot_baseline,20260919,2,25224910.491723917,635.123124280483
D2,pilot_baseline,20260919,3,25230698.312514964,634.7985186472152
D2,pilot_baseline,20260919,4,25232158.574837178,634.7481784650669
D2,pilot_baseline,20260919,5,25261721.687618826,634.0982443961713
D2,pilot_baseline,20260919,6,25268697.9829264,633.3063059927446
D2,pilot_baseline,20260919,7,25283623.192006044,632.7442916622921
D2,pilot_baseline,20260919,8,25289409.092763457,632.519496682952
D2,pilot_baseline,20260919,9,25297568.186163597,631.7038830328336
D2,pilot_baseline,20260919,10,25316536.68282912,630.691152359605
D2,pilot_baseline,20260919,11,25330079.32530109,630.115390172532
D2,pilot_baseline,20260919,12,25357894.65832598,629.9229508441925
D2,pilot_baseline,20260919,13,25370116.783563696,629.567854606044
D2,pilot_baseline,20260919,14,25399034.53660163,628.8658989914115
D2,pilot_baseline,20260919,15,25400858.56461812,628.6564635442271
D2,pilot_baseline,20260919,16,25404369.409010656,628.5200177979875
D2,pilot_baseline,20260919,17,25409701.79123803,627.8954335352838
D2,pilot_baseline,20260919,18,25419043.96174824,627.7622494495813
D2,pilot_baseline,20260919,19,25434805.231274627,627.0167750220664
D2,pilot_baseline,20260919,20,25437868.3185677,626.8213563063872
D2,pilot_baseline,20260919,21,25453184.987443093,626.3297236359927
D2,pilot_baseline,20260919,22,25468696.754395302,625.9368705746316
D2,pilot_baseline,20260919,23,25474926.42379011,625.7334981971501
D2,pilot_baseline,20260919,24,25493201.721248914,625.5674859103249
D2,pilot_baseline,20260919,25,25523670.379105672,625.3561990894391
D2,pilot_baseline,20260919,26,25524432.172126237,625.1324965766598
D2,pilot_baseline,20260919,27,25533765.142147526,624.9665608329423
D2,pilot_baseline,20260919,28,25538295.308761396,624.0365165422298
D2,pilot_baseline,20260919,29,25543649.66928894,623.9295386300438
D2,pilot_baseline,20260919,30,25585944.79980551,623.8405521030321
D2,pilot_baseline,20260919,31,25604062.91784765,623.1393355294646
D2,pilot_baseline,20260919,32,25624644.621522404,623.1160990197664
D2,pilot_baseline,20260919,33,25645002.5353841,622.5295805588866
D2,pilot_baseline,20260919,34,25654606.57354571,622.4150767118058
D2,pilot_baseline,20260919,35,25666908.69541238,621.9778826701856
D2,pilot_baseline,20260919,36,25685555.630145233,621.9457032399242
D2,pilot_baseline,20260919,37,25691431.365954775,621.5373528964682
D2,pilot_baseline,20260919,38,25737607.64090381,621.3628040287466
D2,pilot_baseline,20260919,39,25767612.991483085,620.5208715583808
D2,pilot_baseline,20260919,40,25814790.952340182,620.0285484655707
D2,pilot_baseline,20260919,41,25884650.43085705,619.9533859810009
D2,pilot_baseline,20260919,42,25901068.108342864,619.4015965313907
D2,pilot_baseline,20260919,43,26007335.75861181,619.1556538743874
D2,pilot_baseline,20260919,44,26102125.17335419,619.0224339165679
D2,pilot_baseline,20260920,1,25153932.23040417,642.9570546623337
D2,pilot_baseline,20260920,2,25201693.26927479,641.5172732820778
D2,pilot_baseline,20260920,3,25278337.298990436,640.8418034838751
D2,pilot_baseline,20260920,4,25290168.345697608,639.3993532343395
D2,pilot_baseline,20260920,5,25299559.89998219,639.0830785107962
D2,pilot_baseline,20260920,6,25313173.871926427,638.1800359776721
D2,pilot_baseline,20260920,7,25342130.94813914,637.6928875984443
D2,pilot_baseline,20260920,8,25343146.78360927,637.0610063350598
D2,pilot_baseline,20260920,9,25349536.207034994,637.0033608018014
D2,pilot_baseline,20260920,10,25353120.40653655,635.2751015878183
D2,pilot_baseline,20260920,11,25369670.233522613,635.2167588601261
D2,pilot_baseline,20260920,12,25372989.160195034,635.1953313386476
D2,pilot_baseline,20260920,13,25386055.340817258,635.014977136598
D2,pilot_baseline,20260920,14,25402997.21799684,633.7854942070328
D2,pilot_baseline,20260920,15,25469028.502771873,633.2774420048421
D2,pilot_baseline,20260920,16,25486115.93126628,632.9832770894806
D2,pilot_baseline,20260920,17,25492180.27054171,632.1826474124496
D2,pilot_baseline,20260920,18,25502960.721761923,631.1582530692416
D2,pilot_baseline,20260920,19,25533669.01532985,631.1566512674226
D2,pilot_baseline,20260920,20,25548654.10382952,628.9752834586715
D2,pilot_baseline,20260920,21,25619425.571289,628.8807619799156
D2,pilot_baseline,20260920,22,25622076.577240564,627.0862658294424
D2,pilot_baseline,20260920,23,25689794.273581114,626.0443109310428
D2,pilot_baseline,20260920,24,25705260.70901666,626.0066646406814
D2,pilot_baseline,20260920,25,25729500.214576475,625.6793128299938
D2,pilot_baseline,20260920,26,25760649.934297647,625.4064653610425
D2,pilot_baseline,20260920,27,25847144.492098667,624.4655921870923
D2,pilot_baseline,20260920,28,25854005.596250553,624.1572982220167
D2,pilot_baseline,20260920,29,25907787.612509776,623.6831714819521
D2,pilot_baseline,20260921,1,25635637.652448915,628.2125862621835
D2,pilot_baseline,20260921,2,25637601.820219483,628.1953628649771
D2,pilot_baseline,20260921,3,25656501.814355727,626.0222846526308
D2,pilot_baseline,20260921,4,25676826.173303593,624.483091325793
D2,pilot_baseline,20260921,5,25728757.885203812,623.0029809307017
D2,pilot_baseline,20260921,6,25728872.698382687,622.7421127657869
D2,pilot_baseline,20260921,7,25748200.47433151,622.6507268262004
D2,pilot_baseline,20260921,8,25767951.03738705,621.1704184097796
D2,pilot_baseline,20260921,9,25798299.647647206,620.3933745607299
D2,pilot_baseline,20260921,10,25835564.977467842,620.2446048963757
D2,pilot_baseline,20260921,11,25836264.796507765,619.2942318599185
D2,pilot_baseline,20260921,12,25837663.6136833,618.6212504454
D2,pilot_baseline,20260921,13,25869912.826057147,618.1670617838645
D2,pilot_baseline,20260921,14,25907497.84030334,618.154048093464
D2,pilot_baseline,20260921,15,25912525.61815807,617.684449467495
D2,pilot_baseline,20260921,16,25917515.447880242,617.5255191446895
D2,pilot_baseline,20260921,17,25958929.87185965,617.4288030702173
D2,pilot_baseline,20260921,18,25966714.742599607,616.3705803792104
D2,pilot_baseline,20260921,19,25982644.84135444,616.2275563064204
D2,pilot_baseline,20260921,20,26003590.617530074,615.8760464803038
D2,pilot_baseline,20260921,21,26062362.90782564,615.7764684074817
D2,pilot_baseline,20260921,22,26098224.682954,615.6651105294036
D2,pilot_baseline,20260921,23,26158103.74627222,615.5094569568153
D2,pilot_baseline,20260922,1,25162484.532220487,636.4340384670242
D2,pilot_baseline,20260922,2,25251506.218225747,634.5276644590829
D2,pilot_baseline,20260922,3,25262982.920210816,633.716195204016
D2,pilot_baseline,20260922,4,25319099.254252143,632.3910810780599
D2,pilot_baseline,20260922,5,25319246.540929716,631.6435429413322
D2,pilot_baseline,20260922,6,25381148.419301614,631.1432551978074
D2,pilot_baseline,20260922,7,25392956.001372732,630.6849026889405
D2,pilot_baseline,20260922,8,25398527.99048416,630.6388009897217
D2,pilot_baseline,20260922,9,25421719.443954043,630.4252173879756
D2,pilot_baseline,20260922,10,25424343.997898955,630.2789293187308
D2,pilot_baseline,20260922,11,25440944.499955714,630.0441126175392
D2,pilot_baseline,20260922,12,25443356.75580319,629.9442197438456
D2,pilot_baseline,20260922,13,25444467.903795592,628.5514965456716
D2,pilot_baseline,20260922,14,25454864.22352207,628.5172920473726
D2,pilot_baseline,20260922,15,25457613.335350577,628.4722881133464
D2,pilot_baseline,20260922,16,25467578.563540842,627.7288413017925
D2,pilot_baseline,20260922,17,25487778.111433093,626.9680272774153
D2,pilot_baseline,20260922,18,25534529.871773314,626.6742655950266
D2,pilot_baseline,20260922,19,25536910.840346955,626.6672421599412
D2,pilot_baseline,20260922,20,25550055.50947643,626.2608864354095
D2,pilot_baseline,20260922,21,25554711.97832386,625.8765558356181
D2,pilot_baseline,20260922,22,25566172.968085457,625.7308105229658
D2,pilot_baseline,20260922,23,25568940.708643302,625.6442503957111
D2,pilot_baseline,20260922,24,25594701.240324777,625.3340427227532
D2,pilot_baseline,20260922,25,25607592.55054191,625.0213845316979
D2,pilot_baseline,20260922,26,25614077.48750263,624.857931566699
D2,pilot_baseline,20260922,27,25625059.5374227,624.3932527559159
D2,pilot_baseline,20260922,28,25646240.211182833,624.357114903127
D2,pilot_baseline,20260922,29,25683745.220119435,622.9533985700633
D2,pilot_baseline,20260923,1,25046006.42259322,647.1906140569781
D2,pilot_baseline,20260923,2,25061531.452948302,647.0663569623989
D2,pilot_baseline,20260923,3,25100182.536604483,646.7241288695689
D2,pilot_baseline,20260923,4,25123643.30473013,645.3218862160228
D2,pilot_baseline,20260923,5,25141940.94070526,641.0369310113225
D2,pilot_baseline,20260923,6,25174501.345617477,640.7791300655545
D2,pilot_baseline,20260923,7,25182361.453571737,640.3363259870112
D2,pilot_baseline,20260923,8,25190830.561692324,638.5921035956884
D2,pilot_baseline,20260923,9,25221007.788087424,637.4904245186373
D2,pilot_baseline,20260923,10,25232301.185164962,636.8921406372862
D2,pilot_baseline,20260923,11,25246852.148595713,636.7443471639613
D2,pilot_baseline,20260923,12,25282551.291412458,635.0400530552051
D2,pilot_baseline,20260923,13,25302148.75692602,634.9580045071826
D2,pilot_baseline,20260923,14,25309822.970179904,634.9536665583946
D2,pilot_baseline,20260923,15,25312280.889034152,632.4258064513483
D2,pilot_baseline,20260923,16,25369482.123792775,631.989292875109
D2,pilot_baseline,20260923,17,25377981.054863505,630.9981877561038
D2,pilot_baseline,20260923,18,25389547.05517694,630.9689310300613
D2,pilot_baseline,20260923,19,25409502.35100704,630.3227663141279
D2,pilot_baseline,20260923,20,25435691.043287467,629.9671239534689
D2,pilot_baseline,20260923,21,25443344.588492945,629.8822787297227
D2,pilot_baseline,20260923,22,25451739.9083838,629.206481678167
D2,pilot_baseline,20260923,23,25469747.95152117,628.0145140478517
D2,pilot_baseline,20260923,24,25533849.628099117,626.9230366119989
D2,pilot_baseline,20260923,25,25540940.632049046,626.7202938446053
D2,pilot_baseline,20260923,26,25573610.426836558,626.1707814621815
D2,pilot_baseline,20260923,27,25784820.02871271,625.7831359173924
D2,pilot_baseline,20260924,1,25428893.801923327,634.4466678469511
D2,pilot_baseline,20260924,2,25486606.355511293,632.53094627799
D2,pilot_baseline,20260924,3,25501815.52547134,630.7469574074713
D2,pilot_baseline,20260924,4,25509615.277904198,630.205759223458
D2,pilot_baseline,20260924,5,25518277.251997367,629.0253567662187
D2,pilot_baseline,20260924,6,25616886.587534066,628.6145153453922
D2,pilot_baseline,20260924,7,25727081.393325955,626.5342795585811
D2,pilot_baseline,20260924,8,25769151.51340317,626.3664962296533
D2,pilot_baseline,20260924,9,25872468.93777693,626.2782998802185
D2,pilot_baseline,20260924,10,25874752.05459233,626.226085637523
D2,pilot_baseline,20260924,11,25911253.80227951,625.4852259882723
D2,pilot_baseline,20260924,12,25992101.192310806,624.6391580525574
D2,pilot_baseline,20260924,13,26020899.95600066,624.4779223347535
D2,pilot_baseline,20260924,14,26038208.726799358,624.0847736479225
D2,pilot_baseline,20260924,15,26058956.2238214,623.9093610468125
D2,pilot_baseline,20260925,1,25206519.600066766,640.7017526843566
D2,pilot_baseline,20260925,2,25270970.24036927,637.8195970830534
D2,pilot_baseline,20260925,3,25301883.564870976,634.6280640213215
D2,pilot_baseline,20260925,4,25347088.443657413,634.291120951284
D2,pilot_baseline,20260925,5,25364151.687721595,633.9940311462045
D2,pilot_baseline,20260925,6,25364311.081750304,633.1477427270942
D2,pilot_baseline,20260925,7,25408042.79938714,632.1261987430884
D2,pilot_baseline,20260925,8,25443144.06301096,631.03532127998
D2,pilot_baseline,20260925,9,25475704.51291806,630.2946175194867
D2,pilot_baseline,20260925,10,25484238.83751036,629.854272974657
D2,pilot_baseline,20260925,11,25490998.238136012,629.7828111090898
D2,pilot_baseline,20260925,12,25497895.8156779,628.7671042524615
D2,pilot_baseline,20260925,13,25513064.887221668,628.6822271111157
D2,pilot_baseline,20260925,14,25534954.543110374,626.8201595125378
D2,pilot_baseline,20260925,15,25575290.74852408,626.6914487854882
D2,pilot_baseline,20260925,16,25593104.529804103,626.2893904861016
D2,pilot_baseline,20260925,17,25616330.170467474,625.8766397241035
D2,pilot_baseline,20260925,18,25641974.088829886,625.101137958367
D2,pilot_baseline,20260925,19,25646765.848656572,624.3644992936399
D2,pilot_baseline,20260925,20,25709725.351956606,623.1529388667276
D2,pilot_baseline,20260925,21,25752407.841781694,622.7910994617299
D2,pilot_baseline,20260925,22,25771471.11837194,622.0808303878847
D2,pilot_baseline,20260925,23,25880465.655882798,621.5736911124048
D2,pilot_baseline,20260925,24,25992252.058995426,621.556385549072
D2,pilot_baseline,20260925,25,26006550.955974136,620.6866913464276
D2,pilot_baseline,20260926,1,25308508.040359497,637.1572137255835
D2,pilot_baseline,20260926,2,25356523.527196545,635.9310039173073
D2,pilot_baseline,20260926,3,25416021.994121872,634.6079735364301
D2,pilot_baseline,20260926,4,25429287.922548894,634.4823555242394
D2,pilot_baseline,20260926,5,25437235.045874827,634.4656755956894
D2,pilot_baseline,20260926,6,25441291.71595394,634.2932226452333
D2,pilot_baseline,20260926,7,25450453.396801125,633.5068869307382
D2,pilot_baseline,20260926,8,25457837.812434986,632.9169372883493
D2,pilot_baseline,20260926,9,25480452.6705285,631.96385347375
D2,pilot_baseline,20260926,10,25488181.60779678,630.5219391858747
D2,pilot_baseline,20260926,11,25534203.60898719,630.2653896572804
D2,pilot_baseline,20260926,12,25565531.39855166,630.20339090361
D2,pilot_baseline,20260926,13,25570271.596476883,629.6803960468493
D2,pilot_baseline,20260926,14,25580029.788666684,628.7093270822943
D2,pilot_baseline,20260926,15,25591695.23170025,628.5718270111588
D2,pilot_baseline,20260926,16,25627541.330328066,628.542169713067
D2,pilot_baseline,20260926,17,25636678.93867883,628.5005131467933
D2,pilot_baseline,20260926,18,25640946.323237304,628.4646330521587
D2,pilot_baseline,20260926,19,25641951.50379101,628.3028972099297
D2,pilot_baseline,20260926,20,25643112.647523634,627.3780824341386
D2,pilot_baseline,20260926,21,25661033.74159171,627.2497368165039
D2,pilot_baseline,20260926,22,25666364.477520302,626.9185741903228
D2,pilot_baseline,20260926,23,25674953.34489675,626.6222508507725
D2,pilot_baseline,20260926,24,25693254.58926395,625.3908147089116
D2,pilot_baseline,20260926,25,25761080.284072116,624.7524826236412
D2,pilot_baseline,20260926,26,25790669.994841784,623.7144372669063
D2,pilot_baseline,20260926,27,26057203.524784334,622.5642416460266
D2,pilot_baseline,20260927,1,25315951.693776637,632.8344946836955
D2,pilot_baseline,20260927,2,25360144.72611847,630.3844899976658
D2,pilot_baseline,20260927,3,25372100.341055118,629.8753019552219
D2,pilot_baseline,20260927,4,25387141.52726757,629.4409964318332
D2,pilot_baseline,20260927,5,25415962.423822828,628.1130373270476
D2,pilot_baseline,20260927,6,25464096.248555735,627.7295782436473
D2,pilot_baseline,20260927,7,25466579.133899756,627.4944125134433
D2,pilot_baseline,20260927,8,25473857.767226707,627.403708496712
D2,pilot_baseline,20260927,9,25478208.188481327,627.3717239785201
D2,pilot_baseline,20260927,10,25482634.57541178,627.3098813676763
D2,pilot_baseline,20260927,11,25487665.477889873,627.2868104349083
D2,pilot_baseline,20260927,12,25493705.53988664,626.1433486501772
D2,pilot_baseline,20260927,13,25500787.18292425,626.1280863982761
D2,pilot_baseline,20260927,14,25511315.754804507,625.877202171957
D2,pilot_baseline,20260927,15,25544358.268845975,625.6558672192274
D2,pilot_baseline,20260927,16,25548047.79084356,625.3835621878179
D2,pilot_baseline,20260927,17,25596467.181364372,624.8775138336995
D2,pilot_baseline,20260927,18,25617935.226815335,624.2696220001129
D2,pilot_baseline,20260927,19,25650506.787308488,623.2002851669198
D2,pilot_baseline,20260927,20,25692265.653477505,622.4202509555149
D2,pilot_baseline,20260927,21,25737693.020359747,622.3659257801022
D2,pilot_baseline,20260927,22,25781096.94239122,622.268650282932
D2,pilot_baseline,20260927,23,25813263.499822635,622.0651988317929
D2,pilot_baseline,20260927,24,25825530.407673843,620.9563680692346
D2,pilot_baseline,20260927,25,25903788.17060193,620.9217478133452
D2,pilot_baseline,20260928,1,25531649.809478123,630.6701325578092
D2,pilot_baseline,20260928,2,25584110.61619117,629.0460617201438
D2,pilot_baseline,20260928,3,25643233.437347226,627.6241383486168
D2,pilot_baseline,20260928,4,25671587.182223987,627.3550629445896
D2,pilot_baseline,20260928,5,25708664.26002613,625.3669508795494
D2,pilot_baseline,20260928,6,25779808.417989034,625.2920155412221
D2,pilot_baseline,20260928,7,25782606.942401703,624.8105186439498
D2,pilot_baseline,20260928,8,25884407.367601812,624.8067318479214
D2,pilot_baseline,20260928,9,25934369.90144712,623.3015184757659
D2,pilot_baseline,20260928,10,25956621.871053763,623.1456253035512
D2,pilot_baseline,20260929,1,25042488.426821988,644.2228576954567
D2,pilot_baseline,20260929,2,25050600.72273132,642.432217909916
D2,pilot_baseline,20260929,3,25095579.711493533,642.2834995966234
D2,pilot_baseline,20260929,4,25134676.909554552,641.4293058847891
D2,pilot_baseline,20260929,5,25163201.040813763,640.1915694937994
D2,pilot_baseline,20260929,6,25163871.507212628,639.0365658154413
D2,pilot_baseline,20260929,7,25179908.492219657,638.1187937626412
D2,pilot_baseline,20260929,8,25192996.89555344,637.1054161365837
D2,pilot_baseline,20260929,9,25239088.301337365,636.6248281484455
D2,pilot_baseline,20260929,10,25244183.27986066,635.7839445628
D2,pilot_baseline,20260929,11,25256403.94293954,634.7619517054499
D2,pilot_baseline,20260929,12,25280231.246462002,634.7566601205932
D2,pilot_baseline,20260929,13,25294011.349965982,632.9078015962345
D2,pilot_baseline,20260929,14,25326115.61595032,632.6613508834461
D2,pilot_baseline,20260929,15,25335423.040326536,631.1379833850208
D2,pilot_baseline,20260929,16,25395382.305611234,629.9254527642615
D2,pilot_baseline,20260929,17,25451175.515984233,629.5217157480504
D2,pilot_baseline,20260929,18,25460944.755319707,628.9887876080716
D2,pilot_baseline,20260929,19,25465315.79322897,627.767301916979
D2,pilot_baseline,20260929,20,25636106.250128467,627.5847811424139
D2,pilot_baseline,20260929,21,25636413.543973446,627.579291188083
D2,pilot_baseline,20260929,22,25642957.539612662,626.8519069542903
D2,pilot_baseline,20260929,23,25813051.585674185,626.3759744350394
D2,pilot_baseline,20260929,24,25820225.045476343,626.0001895462509
D2,pilot_baseline,20260930,1,25332159.27667016,631.8821245998486
D2,pilot_baseline,20260930,2,25333240.297432605,631.8703730890566
D2,pilot_baseline,20260930,3,25357825.34553729,631.1986101380364
D2,pilot_baseline,20260930,4,25365390.11139922,630.9514237842127
D2,pilot_baseline,20260930,5,25386792.65467718,630.4672822474862
D2,pilot_baseline,20260930,6,25392728.709530022,630.3787897612476
D2,pilot_baseline,20260930,7,25395994.55298141,629.8099798102744
D2,pilot_baseline,20260930,8,25419539.63228729,629.4908947289007
D2,pilot_baseline,20260930,9,25431954.4489123,628.9382836768348
D2,pilot_baseline,20260930,10,25444660.57514619,628.8938666184091
D2,pilot_baseline,20260930,11,25452455.53915355,627.747361753372
D2,pilot_baseline,20260930,12,25458383.743261963,627.720468633797
D2,pilot_baseline,20260930,13,25459064.619043816,627.3789039382775
D2,pilot_baseline,20260930,14,25469027.677024506,626.8915443870167
D2,pilot_baseline,20260930,15,25499224.018553767,626.3193779110601
D2,pilot_baseline,20260930,16,25510064.463912286,626.0628729507323
D2,pilot_baseline,20260930,17,25524412.18999573,625.8071514121109
D2,pilot_baseline,20260930,18,25533918.23430052,625.1727907997072
D2,pilot_baseline,20260930,19,25534534.047889274,624.2920912511187
D2,pilot_baseline,20260930,20,25539601.414758723,623.5161400669996
D2,pilot_baseline,20260930,21,25595216.80269366,623.2477903979324
D2,pilot_baseline,20260930,22,25597604.282546118,622.9504741256633
D2,pilot_baseline,20260930,23,25610610.00045649,622.699931607193
D2,pilot_baseline,20260930,24,25620553.94122522,621.8910731870019
D2,pilot_baseline,20260930,25,25633062.954829287,621.2534411204771
D2,pilot_baseline,20260930,26,25649841.023257207,621.2252471138917
D2,pilot_baseline,20260930,27,25652582.920221817,620.9692654128704
D2,pilot_baseline,20260930,28,25664685.103188723,620.7679210260043
D2,pilot_baseline,20260930,29,25697786.67339668,620.7393612323949
D2,pilot_baseline,20260930,30,25706271.33015999,620.6317524753082
D2,pilot_baseline,20260930,31,25713105.617012165,620.6236193788742
D2,pilot_baseline,20260930,32,25718729.189081665,619.9599279310055
D2,pilot_baseline,20260930,33,25730308.36739736,619.6616298891954
D2,pilot_baseline,20260930,34,25769537.01109524,619.617784981384
D2,pilot_baseline,20260930,35,25772606.979508296,619.4624657981099
D2,pilot_baseline,20260930,36,25784572.703557115,619.1012276710171
D2,pilot_baseline,20260930,37,25840899.187147472,618.9897738140388
D2,pilot_baseline,20260930,38,25846396.844783336,618.8519408838886
D2,pilot_baseline,20260930,39,25861913.547261577,618.1382253883559
D2,pilot_baseline,20260931,1,25724809.667285755,623.1366687767049
D2,pilot_baseline,20260931,2,25843532.631368183,622.9121405242626
D2,pilot_baseline,20260931,3,25853983.46793571,622.8263385204519
D2,pilot_baseline,20260931,4,25862742.726194337,621.7142188154634
D2,pilot_baseline,20260931,5,25870868.04096861,620.9832880810951
D2,pilot_baseline,20260931,6,25969663.758063268,619.9572844279855
D2,pilot_baseline,20260931,7,25970157.467902403,619.7960568655614
D2,pilot_baseline,20260931,8,26034692.344049,618.7080253097012
D2,pilot_baseline,20260931,9,26037523.97794138,618.5472874449005
D2,pilot_baseline,20260931,10,26086044.193576496,617.4171661977448
D2,pilot_baseline,20260931,11,26200862.33033731,617.0032010108355
D2,pilot_baseline,20260931,12,26205328.164985247,616.6471815365685
D2,pilot_baseline,20260931,13,26238932.27526264,616.3678485987256
D2,pilot_baseline,20260931,14,26296343.928346872,615.9746028929509
D2,pilot_baseline,20260931,15,26307330.49490541,615.1108416850437
D2,pilot_baseline,20260931,16,26437962.158408742,614.5667546170718
D2,pilot_baseline,20260931,17,26640245.027966164,614.2157580011346
D2,pilot_baseline,20260932,1,25559731.174305983,626.0966538496002
D2,pilot_baseline,20260932,2,25658880.322610136,625.9907279989967
D2,pilot_baseline,20260932,3,25661193.312382393,625.5988954595475
D2,pilot_baseline,20260932,4,25662173.57983222,624.7988314610847
D2,pilot_baseline,20260932,5,25714569.955506623,623.4802907466676
D2,pilot_baseline,20260932,6,25718426.81249636,623.4786875804696
D2,pilot_baseline,20260932,7,25730448.21749255,622.1083711577079
D2,pilot_baseline,20260932,8,25786217.910943575,622.027987385564
D2,pilot_baseline,20260932,9,25810740.424474787,621.1810593180439
D2,pilot_baseline,20260932,10,25841530.923687905,621.0199583220672
D2,pilot_baseline,20260932,11,25850049.356466517,619.5333552153443
D2,pilot_baseline,20260932,12,25916694.85788106,618.7566917092909
D2,pilot_baseline,20260932,13,25941453.928020887,618.4875419481988
D2,pilot_baseline,20260932,14,25971652.972479712,618.159560689802
D2,pilot_baseline,20260932,15,26042465.885412697,617.4735513726054
D2,pilot_baseline,20260932,16,26089890.35663573,617.2773705832032
D2,pilot_baseline,20260932,17,26112093.31258397,615.724201528769
D2,pilot_baseline,20260933,1,25101518.18841451,644.7532198797009
D2,pilot_baseline,20260933,2,25178372.01315317,640.449836250504
D2,pilot_baseline,20260933,3,25187823.038561508,639.6078138470434
D2,pilot_baseline,20260933,4,25215047.670849048,639.1944431976456
D2,pilot_baseline,20260933,5,25216969.30803571,638.1110137937333
D2,pilot_baseline,20260933,6,25226878.41922648,637.1963805217963
D2,pilot_baseline,20260933,7,25241448.364668567,636.2262415802248
D2,pilot_baseline,20260933,8,25289573.615892984,636.1541469509332
D2,pilot_baseline,20260933,9,25291576.617042713,633.8351560428281
D2,pilot_baseline,20260933,10,25311503.84219931,633.4144776344696
D2,pilot_baseline,20260933,11,25334576.145390492,632.8525972456048
D2,pilot_baseline,20260933,12,25354157.38789779,632.5929988848699
D2,pilot_baseline,20260933,13,25370630.82644159,630.9024316397033
D2,pilot_baseline,20260933,14,25428745.506816357,630.4679688607548
D2,pilot_baseline,20260933,15,25462254.87210627,629.396000972072
D2,pilot_baseline,20260933,16,25488073.052215826,628.82265002056
D2,pilot_baseline,20260933,17,25495004.934974436,627.8460960436555
D2,pilot_baseline,20260933,18,25525775.03724586,626.9690170312797
D2,pilot_baseline,20260933,19,25541818.049767397,626.9496437200202
D2,pilot_baseline,20260933,20,25557533.609105714,625.9319373137755
D2,pilot_baseline,20260933,21,25621158.942860615,625.4539435575421
D2,pilot_baseline,20260933,22,25651597.49818462,625.36107202392
D2,pilot_baseline,20260933,23,25695172.138009973,625.313556033026
D2,pilot_baseline,20260933,24,25701996.64670718,624.7520806599589
D2,pilot_baseline,20260933,25,25782115.65688202,623.9726919158431
D2,pilot_baseline,20260933,26,25924838.4189985,622.7601558250858
D2,pilot_baseline,20260934,1,25451694.82196437,636.9312295330088
D2,pilot_baseline,20260934,2,25463425.986198872,636.6268079633326
D2,pilot_baseline,20260934,3,25525650.2702105,634.3934918080762
D2,pilot_baseline,20260934,4,25545002.47644904,633.9703868897898
D2,pilot_baseline,20260934,5,25588235.123053703,633.216010974117
D2,pilot_baseline,20260934,6,25591370.813061763,632.5850832754709
D2,pilot_baseline,20260934,7,25606266.781967938,632.5179445757075
D2,pilot_baseline,20260934,8,25626331.185271055,631.6009147208888
D2,pilot_baseline,20260934,9,25626413.194616802,631.3263417454157
D2,pilot_baseline,20260934,10,25667945.33273681,629.9506576744288
D2,pilot_baseline,20260934,11,25678794.6349241,629.7548639757158
D2,pilot_baseline,20260934,12,25709738.13501429,629.5830676092886
D2,pilot_baseline,20260934,13,25712754.35116814,628.0709586641337
D2,pilot_baseline,20260934,14,25765970.1937913,627.7120173945754
D2,pilot_baseline,20260934,15,25778276.60881751,627.4240867378415
D2,pilot_baseline,20260934,16,25811173.70560819,627.2843422520543
D2,pilot_baseline,20260934,17,25818693.967902925,627.0310491034893
D2,pilot_baseline,20260934,18,25821865.722254075,626.2633360111929
D2,pilot_baseline,20260934,19,25854682.138590485,626.2535772530961
D2,pilot_baseline,20260934,20,25855596.22362774,625.8939192402139
D2,pilot_baseline,20260934,21,25871592.416896123,625.8305718767882
D2,pilot_baseline,20260934,22,25897183.660838515,625.4310756216538
D2,pilot_baseline,20260934,23,25922793.68551792,624.6906242285719
D2,pilot_baseline,20260934,24,25946129.387175467,623.7882135603272
D2,pilot_baseline,20260934,25,26150536.75522265,623.237525470693
D2,pilot_baseline,20260935,1,25147443.083006445,638.954472984277
D2,pilot_baseline,20260935,2,25175458.46936603,638.9022394436703
D2,pilot_baseline,20260935,3,25204780.642482918,635.3951792811853
D2,pilot_baseline,20260935,4,25254602.764740624,634.2012627418892
D2,pilot_baseline,20260935,5,25289212.64560864,633.9499342211766
D2,pilot_baseline,20260935,6,25292550.26797677,633.715325983953
D2,pilot_baseline,20260935,7,25308132.21910202,633.4986250655724
D2,pilot_baseline,20260935,8,25327839.24485767,632.9114980880879
D2,pilot_baseline,20260935,9,25348412.56657771,632.90034096392
D2,pilot_baseline,20260935,10,25368897.71678754,632.2376713237741
D2,pilot_baseline,20260935,11,25370527.46639824,632.0399689930852
D2,pilot_baseline,20260935,12,25371882.234277867,631.7299163539548
D2,pilot_baseline,20260935,13,25416818.840990275,631.1250783985054
D2,pilot_baseline,20260935,14,25506233.024725806,630.2903718042927
D2,pilot_baseline,20260935,15,25631385.607847143,629.9480121705758
D2,pilot_baseline,20260935,16,25748116.781646177,628.8273123882916
D2,uswc_compound_35pct_delay_168h,20260906,1,59125483.38971499,834.8594789486003
D2,uswc_compound_35pct_delay_168h,20260907,1,59524103.18088525,835.9912482308199
D2,uswc_compound_35pct_delay_168h,20260907,2,59546819.588830985,835.7500027638246
D2,uswc_compound_35pct_delay_168h,20260907,3,59644061.99110737,835.6117593417193
D2,uswc_compound_35pct_delay_168h,20260907,4,59687407.9726971,835.560186606596
D2,uswc_compound_35pct_delay_168h,20260907,5,59817778.53856762,835.4168563702156
D2,uswc_compound_35pct_delay_168h,20260907,6,59835005.337953955,835.4113227219552
D2,uswc_compound_35pct_delay_168h,20260908,1,59493360.90660092,833.7403014137242
D2,uswc_compound_35pct_delay_168h,20260908,2,59520234.899332985,833.5407038183507
D2,uswc_compound_35pct_delay_168h,20260908,3,59544816.35923399,833.3272426917907
D2,uswc_compound_35pct_delay_168h,20260908,4,59714497.022084735,833.2630402571654
D2,uswc_compound_35pct_delay_168h,20260908,5,59770909.45143917,832.9196711749148
D2,uswc_compound_35pct_delay_168h,20260909,1,59005138.986177154,834.7669053051835
D2,uswc_compound_35pct_delay_168h,20260909,2,59013725.85953354,834.6726759395387
D2,uswc_compound_35pct_delay_168h,20260909,3,59050263.13227424,834.5769842701463
D2,uswc_compound_35pct_delay_168h,20260909,4,59067886.860280834,834.4974488607266
D2,uswc_compound_35pct_delay_168h,20260909,5,59072198.81701215,834.3974557818295
D2,uswc_compound_35pct_delay_168h,20260909,6,59150403.64160668,834.0661673316959
D2,uswc_compound_35pct_delay_168h,20260909,7,59419235.37773402,833.7039970904762
D2,uswc_compound_35pct_delay_168h,20260910,1,59883593.47931082,834.3123837756084
D2,uswc_compound_35pct_delay_168h,20260910,2,60096487.4904093,834.1190723463824
D2,uswc_compound_35pct_delay_168h,20260911,1,58797079.08251769,833.4172410644856
D2,uswc_compound_35pct_delay_168h,20260912,1,59593456.50643775,840.0706367763596
D2,uswc_compound_35pct_delay_168h,20260912,2,59682048.96671412,839.7416969357214
D2,uswc_compound_35pct_delay_168h,20260912,3,59684640.46330369,838.4948451492888
D2,uswc_compound_35pct_delay_168h,20260912,4,59823323.36084311,838.1477169472738
D2,uswc_compound_35pct_delay_168h,20260912,5,59897892.510696344,838.1128211137822
D2,uswc_compound_35pct_delay_168h,20260912,6,59898696.78311489,838.0359022978532
D2,uswc_compound_35pct_delay_168h,20260912,7,59981766.369279414,837.5201295944767
D2,uswc_compound_35pct_delay_168h,20260912,8,60064975.912090816,837.4912929798644
D2,uswc_compound_35pct_delay_168h,20260913,1,58898232.424592465,834.360592971563
D2,uswc_compound_35pct_delay_168h,20260913,2,58941948.71440059,833.7286853943741
D2,uswc_compound_35pct_delay_168h,20260914,1,59267228.91617947,836.7087587461986
D2,uswc_compound_35pct_delay_168h,20260914,2,59322638.203038655,836.7087150428363
D2,uswc_compound_35pct_delay_168h,20260914,3,59327909.857056044,836.5216809589422
D2,uswc_compound_35pct_delay_168h,20260914,4,59408219.12973715,836.4381160433737
D2,uswc_compound_35pct_delay_168h,20260914,5,59461447.59341428,836.1650823553296
D2,uswc_compound_35pct_delay_168h,20260914,6,59475054.751945265,836.1609609202619
D2,uswc_compound_35pct_delay_168h,20260914,7,59518031.364851825,836.124419452287
D2,uswc_compound_35pct_delay_168h,20260914,8,59608007.708363585,836.0429424883768
D2,uswc_compound_35pct_delay_168h,20260914,9,59673681.12763366,835.7627758140603
D2,uswc_compound_35pct_delay_168h,20260914,10,59678644.997939944,835.7322395168054
D2,uswc_compound_35pct_delay_168h,20260915,1,59525310.801833,833.6090088482705
D2,uswc_compound_35pct_delay_168h,20260915,2,59558336.077654436,832.3766688412336
D2,uswc_compound_35pct_delay_168h,20260916,1,58881443.09648738,832.5806962337051
D2,uswc_compound_35pct_delay_168h,20260916,2,59010456.021552935,832.5479805027516
D2,uswc_compound_35pct_delay_168h,20260917,1,59170402.74982924,835.8115123012872
D2,uswc_compound_35pct_delay_168h,20260917,2,59175913.734366864,835.2326800506912
D2,uswc_compound_35pct_delay_168h,20260917,3,59180857.485881604,834.7244346129518
D2,uswc_compound_35pct_delay_168h,20260917,4,59294306.45441761,834.4878701370781
D2,uswc_compound_35pct_delay_168h,20260917,5,59328198.08595159,834.4323265218542
D2,uswc_compound_35pct_delay_168h,20260917,6,59432196.07544513,834.40108103892
D2,uswc_compound_35pct_delay_168h,20260918,1,57434279.83125333,833.8335355673935
D2,uswc_compound_35pct_delay_168h,20260919,1,59063146.39077137,835.6731794818533
D2,uswc_compound_35pct_delay_168h,20260919,2,59081563.52175382,834.525312537811
D2,uswc_compound_35pct_delay_168h,20260919,3,59147950.41401999,834.5171684188886
D2,uswc_compound_35pct_delay_168h,20260920,1,59230991.25379934,834.2857475312204
D2,uswc_compound_35pct_delay_168h,20260920,2,59416696.11278048,834.1911258425554
D2,uswc_compound_35pct_delay_168h,20260921,1,58553463.3752297,833.7134700274557
D2,uswc_compound_35pct_delay_168h,20260921,2,58593349.87862208,833.6117526442854
D2,uswc_compound_35pct_delay_168h,20260921,3,58645030.02422689,833.3876069753622
D2,uswc_compound_35pct_delay_168h,20260921,4,58670033.92702844,833.1901358584889
D2,uswc_compound_35pct_delay_168h,20260922,1,59297207.317566186,836.4046708850747
D2,uswc_compound_35pct_delay_168h,20260922,2,59417591.74345788,835.3953710057003
D2,uswc_compound_35pct_delay_168h,20260923,1,58951629.65374212,833.59109787645
D2,uswc_compound_35pct_delay_168h,20260923,2,58957124.351223975,833.5878446580585
D2,uswc_compound_35pct_delay_168h,20260923,3,59052447.89404398,833.4749156390873
D2,uswc_compound_35pct_delay_168h,20260924,1,59607120.92943795,834.6914571439265
D2,uswc_compound_35pct_delay_168h,20260924,2,59617654.00285728,834.0014171069682
D2,uswc_compound_35pct_delay_168h,20260924,3,59825273.65838035,833.9664204683494
D2,uswc_compound_35pct_delay_168h,20260925,1,57456526.679625414,833.3898507102047
D2,uswc_compound_35pct_delay_168h,20260925,2,57585231.52262383,833.3334702113369
D2,uswc_compound_35pct_delay_168h,20260925,3,57606670.74936557,833.1089574626345
D2,uswc_compound_35pct_delay_168h,20260925,4,57621177.24678046,832.9789610922143
D2,uswc_compound_35pct_delay_168h,20260926,1,59738199.7702146,835.5226582483828
D2,uswc_compound_35pct_delay_168h,20260926,2,59917119.74432029,835.2206093979357
D2,uswc_compound_35pct_delay_168h,20260926,3,59928261.92419878,834.0282741348445
D2,uswc_compound_35pct_delay_168h,20260927,1,59215344.45617982,833.3476231774799
D2,uswc_compound_35pct_delay_168h,20260927,2,59275779.85252379,833.0499883541668
D2,uswc_compound_35pct_delay_168h,20260927,3,59281193.63677738,832.8780957646749
D2,uswc_compound_35pct_delay_168h,20260927,4,59368784.6240852,832.7043700646732
D2,uswc_compound_35pct_delay_168h,20260928,1,60314720.903421246,836.7066288022936
D2,uswc_compound_35pct_delay_168h,20260928,2,60364765.42494599,836.1697170422059
D2,uswc_compound_35pct_delay_168h,20260928,3,60472078.36622689,836.0869177741504
D2,uswc_compound_35pct_delay_168h,20260928,4,60496696.64817836,835.8035868998531
D2,uswc_compound_35pct_delay_168h,20260928,5,60516555.81128307,835.498988593499
D2,uswc_compound_35pct_delay_168h,20260928,6,60631290.895204574,835.4313024580049
D2,uswc_compound_35pct_delay_168h,20260929,1,60299901.07332081,837.2475426333054
D2,uswc_compound_35pct_delay_168h,20260929,2,60488991.34685118,836.7331778370386
D2,uswc_compound_35pct_delay_168h,20260929,3,60669947.90120011,836.7233894198548
D2,uswc_compound_35pct_delay_168h,20260929,4,60851391.69143839,835.5712055025829
D2,uswc_compound_35pct_delay_168h,20260930,1,59324068.877067894,834.2096142131508
D2,uswc_compound_35pct_delay_168h,20260930,2,59427978.08209368,834.0195488213525
D2,uswc_compound_35pct_delay_168h,20260930,3,59434715.571788155,833.9340826171856
D2,uswc_compound_35pct_delay_168h,20260931,1,59897022.64415907,837.4361665738003
D2,uswc_compound_35pct_delay_168h,20260931,2,60063104.2672137,837.2035767647236
D2,uswc_compound_35pct_delay_168h,20260931,3,60144552.074932635,836.9465254300644
D2,uswc_compound_35pct_delay_168h,20260931,4,60283880.94952475,836.1484368609398
D2,uswc_compound_35pct_delay_168h,20260931,5,60573524.19772385,835.7507538079088
D2,uswc_compound_35pct_delay_168h,20260932,1,58931227.40570054,834.8863437953295
D2,uswc_compound_35pct_delay_168h,20260932,2,58954246.03890105,834.6967659330634
D2,uswc_compound_35pct_delay_168h,20260932,3,59030129.6691069,833.3493252882249
D2,uswc_compound_35pct_delay_168h,20260933,1,58970052.71031339,833.9319483770662
D2,uswc_compound_35pct_delay_168h,20260934,1,58874727.276409194,834.9456692372578
D2,uswc_compound_35pct_delay_168h,20260934,2,58940464.90444443,833.3409569364998
D2,uswc_compound_35pct_delay_168h,20260935,1,58636756.220585704,835.7664561112692
D2,uswc_compound_35pct_delay_168h,20260935,2,58647517.6134084,835.6116333277009
D2,uswc_compound_35pct_delay_168h,20260935,3,58695253.941522114,835.062602293697
D2,uswc_compound_35pct_delay_168h,20260935,4,58711352.62671176,834.955038536372
D2,uswc_compound_35pct_delay_168h,20260935,5,58824806.67842239,834.7402822453158
D2,uswc_departure_delay_264h,20260906,1,72695383.41608588,871.3566181666206
D2,uswc_departure_delay_264h,20260906,2,72712448.7842861,871.143378180118
D2,uswc_departure_delay_264h,20260906,3,72727237.41473803,871.0968476885919
D2,uswc_departure_delay_264h,20260906,4,72757149.9657482,871.0298886205692
D2,uswc_departure_delay_264h,20260906,5,72778723.84900017,870.9787053114443
D2,uswc_departure_delay_264h,20260906,6,72782687.40618633,870.9688291302256
D2,uswc_departure_delay_264h,20260906,7,72786419.63655166,870.924389978446
D2,uswc_departure_delay_264h,20260906,8,72789458.35742572,870.9229199136414
D2,uswc_departure_delay_264h,20260906,9,72791338.98104078,870.8536953627216
D2,uswc_departure_delay_264h,20260906,10,72813307.1007111,870.8433805119197
D2,uswc_departure_delay_264h,20260906,11,72824767.84233373,870.831754995868
D2,uswc_departure_delay_264h,20260906,12,72830865.80890797,870.8316413697316
D2,uswc_departure_delay_264h,20260906,13,72840172.00424589,870.8230536085283
D2,uswc_departure_delay_264h,20260906,14,72862002.48822059,870.8203030546431
D2,uswc_departure_delay_264h,20260906,15,72873720.82794318,870.7034918094326
D2,uswc_departure_delay_264h,20260907,1,72811074.87783408,871.0244548814692
D2,uswc_departure_delay_264h,20260907,2,72832051.97446671,870.8436537400817
D2,uswc_departure_delay_264h,20260907,3,72982803.25726539,870.7965205120165
D2,uswc_departure_delay_264h,20260908,1,72488389.84597474,871.3722519757954
D2,uswc_departure_delay_264h,20260908,2,72585378.8737296,871.3524360485941
D2,uswc_departure_delay_264h,20260908,3,72611504.93994826,871.3419402113695
D2,uswc_departure_delay_264h,20260908,4,72664689.80418119,871.2625583467722
D2,uswc_departure_delay_264h,20260909,1,72506263.27524574,870.9403830981165
D2,uswc_departure_delay_264h,20260909,2,72513018.40583837,870.8065897783539
D2,uswc_departure_delay_264h,20260909,3,72554303.32382137,870.8028700055631
D2,uswc_departure_delay_264h,20260909,4,72572601.14009184,870.7255194434813
D2,uswc_departure_delay_264h,20260909,5,72594903.60651726,870.7023200573583
D2,uswc_departure_delay_264h,20260909,6,72597334.54893193,870.6560978665226
D2,uswc_departure_delay_264h,20260909,7,72633756.95723215,870.628949429353
D2,uswc_departure_delay_264h,20260909,8,72639962.04909568,870.5486894540707
D2,uswc_departure_delay_264h,20260909,9,72656910.43780704,870.4969121470863
D2,uswc_departure_delay_264h,20260909,10,72756112.87416175,870.4783413729072
D2,uswc_departure_delay_264h,20260910,1,72518508.90559857,871.1932936661524
D2,uswc_departure_delay_264h,20260910,2,72571183.20520467,871.1361075392681
D2,uswc_departure_delay_264h,20260910,3,72691407.90884078,871.1051372989945
D2,uswc_departure_delay_264h,20260910,4,72884140.99079017,870.994516739071
D2,uswc_departure_delay_264h,20260911,1,72532443.92959729,871.0063140280926
D2,uswc_departure_delay_264h,20260911,2,72551223.72776525,870.8299817354646
D2,uswc_departure_delay_264h,20260911,3,72555509.75115918,870.7772491084007
D2,uswc_departure_delay_264h,20260911,4,72631122.05009367,870.769347214268
D2,uswc_departure_delay_264h,20260912,1,72255512.54252608,871.6991176885485
D2,uswc_departure_delay_264h,20260912,2,72257300.76825662,871.616209300518
D2,uswc_departure_delay_264h,20260912,3,72300420.08126435,871.5895938040816
D2,uswc_departure_delay_264h,20260912,4,72301921.23314102,871.4658529104076
D2,uswc_departure_delay_264h,20260912,5,72359734.33369018,871.4586151605372
D2,uswc_departure_delay_264h,20260912,6,72393480.6480174,871.4436194876337
D2,uswc_departure_delay_264h,20260913,1,72812754.55052586,871.9320643618091
D2,uswc_departure_delay_264h,20260913,2,72813757.77164906,871.5640763344834
D2,uswc_departure_delay_264h,20260913,3,72821450.03380801,871.5504061328251
D2,uswc_departure_delay_264h,20260913,4,72861025.34260595,871.3041680428001
D2,uswc_departure_delay_264h,20260913,5,72867763.81084031,870.8916406937041
D2,uswc_departure_delay_264h,20260913,6,72886492.2504179,870.887730401587
D2,uswc_departure_delay_264h,20260913,7,72888650.36732358,870.8848872227373
D2,uswc_departure_delay_264h,20260913,8,72913874.04105206,870.8847260888994
D2,uswc_departure_delay_264h,20260913,9,72914865.6671556,870.8106542337832
D2,uswc_departure_delay_264h,20260914,1,72236094.12430966,870.7287174021221
D2,uswc_departure_delay_264h,20260915,1,72461748.9722556,871.2796628711327
D2,uswc_departure_delay_264h,20260915,2,72490086.44351642,871.0035717612428
D2,uswc_departure_delay_264h,20260915,3,72499211.03922941,870.8561526400963
D2,uswc_departure_delay_264h,20260915,4,72503215.31768256,870.8533385878413
D2,uswc_departure_delay_264h,20260915,5,72517365.59061678,870.7954861368263
D2,uswc_departure_delay_264h,20260915,6,72565483.71169804,870.7540097304458
D2,uswc_departure_delay_264h,20260916,1,72344761.16060874,870.4818998879516
D2,uswc_departure_delay_264h,20260916,2,72364630.82697396,870.4549840305089
D2,uswc_departure_delay_264h,20260916,3,72396125.98027873,870.4346460092319
D2,uswc_departure_delay_264h,20260916,4,72432038.13548517,870.3889958947952
D2,uswc_departure_delay_264h,20260916,5,72492978.60941017,870.3350760435355
D2,uswc_departure_delay_264h,20260917,1,72439146.12185487,870.7947570057086
D2,uswc_departure_delay_264h,20260917,2,72451944.2751365,870.7398761497116
D2,uswc_departure_delay_264h,20260917,3,72457731.38351947,870.7371007230134
D2,uswc_departure_delay_264h,20260917,4,72489496.2293577,870.7058756410247
D2,uswc_departure_delay_264h,20260917,5,72500367.72381921,870.7024665533108
D2,uswc_departure_delay_264h,20260917,6,72517730.24838246,870.6993120680647
D2,uswc_departure_delay_264h,20260917,7,72518187.21050827,870.6881865481677
D2,uswc_departure_delay_264h,20260917,8,72527051.91820958,870.6816072495632
D2,uswc_departure_delay_264h,20260917,9,72531244.10773236,870.6802911603935
D2,uswc_departure_delay_264h,20260917,10,72531517.91011862,870.6492521683591
D2,uswc_departure_delay_264h,20260917,11,72550848.86791815,870.6200355873433
D2,uswc_departure_delay_264h,20260917,12,72553772.5245837,870.5880706338454
D2,uswc_departure_delay_264h,20260917,13,72685087.12090379,870.5845661881632
D2,uswc_departure_delay_264h,20260917,14,72746755.82334717,870.583472524652
D2,uswc_departure_delay_264h,20260918,1,72207099.34995382,871.4420524376792
D2,uswc_departure_delay_264h,20260918,2,72211579.30185996,871.4134925616312
D2,uswc_departure_delay_264h,20260918,3,72227574.8502362,871.2172532785544
D2,uswc_departure_delay_264h,20260918,4,72575664.07471576,871.1405101144434
D2,uswc_departure_delay_264h,20260918,5,72614371.76218879,871.1148335730486
D2,uswc_departure_delay_264h,20260919,1,72510085.5832587,871.5916210998573
D2,uswc_departure_delay_264h,20260919,2,72564183.12972227,871.4707207692109
D2,uswc_departure_delay_264h,20260919,3,72595696.84507236,871.0893889559189
D2,uswc_departure_delay_264h,20260919,4,72703715.28718776,871.0850344885391
D2,uswc_departure_delay_264h,20260919,5,72717603.04106958,871.0150396255493
D2,uswc_departure_delay_264h,20260919,6,72801353.12064496,870.9828278515787
D2,uswc_departure_delay_264h,20260920,1,72547505.41866583,870.666319279944
D2,uswc_departure_delay_264h,20260920,2,72610257.11000672,870.6262668756085
D2,uswc_departure_delay_264h,20260920,3,72660835.54249305,870.5318117749772
D2,uswc_departure_delay_264h,20260920,4,72821192.39346717,870.353158074329
D2,uswc_departure_delay_264h,20260920,5,72829134.38954547,870.3523657363892
D2,uswc_departure_delay_264h,20260921,1,72425398.90625446,871.3572036124536
D2,uswc_departure_delay_264h,20260921,2,72427364.48814744,871.3485690074639
D2,uswc_departure_delay_264h,20260921,3,72428105.55000177,871.2466229063331
D2,uswc_departure_delay_264h,20260921,4,72444539.59750703,871.2154433070028
D2,uswc_departure_delay_264h,20260921,5,72468332.60170047,871.2053644193919
D2,uswc_departure_delay_264h,20260921,6,72470608.90311985,871.202331428268
D2,uswc_departure_delay_264h,20260921,7,72471844.74650936,871.134710642739
D2,uswc_departure_delay_264h,20260921,8,72483483.75650208,871.1295449727509
D2,uswc_departure_delay_264h,20260921,9,72501212.30121091,871.0226392454996
D2,uswc_departure_delay_264h,20260921,10,72574703.14270411,870.9667309220073
D2,uswc_departure_delay_264h,20260922,1,71858648.06427434,872.2254420801422
D2,uswc_departure_delay_264h,20260922,2,71951452.8507121,872.2212025267196
D2,uswc_departure_delay_264h,20260922,3,71987192.34763241,872.1975618547915
D2,uswc_departure_delay_264h,20260923,1,72415653.6669526,871.4635010812497
D2,uswc_departure_delay_264h,20260923,2,72424436.91218624,871.3709264404187
D2,uswc_departure_delay_264h,20260923,3,72435962.70378864,871.3300477929673
D2,uswc_departure_delay_264h,20260923,4,72443780.75317267,871.3006018767586
D2,uswc_departure_delay_264h,20260923,5,72479341.19452778,871.2726857980922
D2,uswc_departure_delay_264h,20260923,6,72520773.29947747,871.2323065095586
D2,uswc_departure_delay_264h,20260923,7,72551796.59022538,871.1912434462533
D2,uswc_departure_delay_264h,20260923,8,72597082.76762709,871.1408189035917
D2,uswc_departure_delay_264h,20260924,1,72242935.00714412,871.8927223230165
D2,uswc_departure_delay_264h,20260924,2,72385722.98848452,871.5621752083533
D2,uswc_departure_delay_264h,20260925,1,72346134.02859564,871.662840023701
D2,uswc_departure_delay_264h,20260925,2,72396932.20805085,871.5582314405639
D2,uswc_departure_delay_264h,20260925,3,72440943.51429582,871.5215852063138
D2,uswc_departure_delay_264h,20260925,4,72464469.0287059,871.3810452313405
D2,uswc_departure_delay_264h,20260925,5,72552606.97861257,871.3645614228128
D2,uswc_departure_delay_264h,20260925,6,72557428.78590366,871.1984193214658
D2,uswc_departure_delay_264h,20260926,1,72676627.27116622,871.6403725509166
D2,uswc_departure_delay_264h,20260926,2,72696473.30618319,871.3229785382465
D2,uswc_departure_delay_264h,20260927,1,71885914.58049002,871.3316423818428
D2,uswc_departure_delay_264h,20260927,2,71898151.76273349,871.3122929919325
D2,uswc_departure_delay_264h,20260927,3,71901670.59332225,871.303383940838
D2,uswc_departure_delay_264h,20260927,4,71941966.17201215,871.2658761663439
D2,uswc_departure_delay_264h,20260927,5,72037829.90185994,871.2360383450914
D2,uswc_departure_delay_264h,20260927,6,72373707.07741323,871.1380694749565
D2,uswc_departure_delay_264h,20260928,1,72503950.64085323,871.9745035098341
D2,uswc_departure_delay_264h,20260928,2,72521418.91257411,871.9582502578605
D2,uswc_departure_delay_264h,20260928,3,72523255.84092826,871.689111490308
D2,uswc_departure_delay_264h,20260928,4,72579417.39610866,871.6857443879159
D2,uswc_departure_delay_264h,20260928,5,72619888.9955261,871.6536724490614
D2,uswc_departure_delay_264h,20260928,6,72673121.69660753,871.5506239978305
D2,uswc_departure_delay_264h,20260928,7,72779702.12630883,871.4910372942882
D2,uswc_departure_delay_264h,20260929,1,72509816.42390151,870.9229774481249
D2,uswc_departure_delay_264h,20260929,2,72544305.21099234,870.912193513973
D2,uswc_departure_delay_264h,20260929,3,72578846.09067297,870.8643351401946
D2,uswc_departure_delay_264h,20260929,4,72591167.30756412,870.7930429670764
D2,uswc_departure_delay_264h,20260929,5,72631201.2077469,870.7422864965616
D2,uswc_departure_delay_264h,20260929,6,72642180.73323683,870.6920964315404
D2,uswc_departure_delay_264h,20260929,7,72652501.22069019,870.5956405796156
D2,uswc_departure_delay_264h,20260929,8,72704542.42387705,870.4265989491923
D2,uswc_departure_delay_264h,20260930,1,72907536.26631378,872.0672372546655
D2,uswc_departure_delay_264h,20260930,2,72915623.4877173,871.2674018356827
D2,uswc_departure_delay_264h,20260930,3,72921697.09454192,871.2657959782542
D2,uswc_departure_delay_264h,20260930,4,72935041.0981452,871.264781450557
D2,uswc_departure_delay_264h,20260930,5,72944462.45418124,871.2647363596737
D2,uswc_departure_delay_264h,20260930,6,72952306.32277176,871.2332846479353
D2,uswc_departure_delay_264h,20260930,7,72984087.41495647,871.1949400582038
D2,uswc_departure_delay_264h,20260930,8,73017311.63985386,871.1948863461353
D2,uswc_departure_delay_264h,20260930,9,73022250.72405206,871.1667473500366
D2,uswc_departure_delay_264h,20260930,10,73028516.38543707,871.1500777957974
D2,uswc_departure_delay_264h,20260930,11,73044095.8306259,871.1122316898542
D2,uswc_departure_delay_264h,20260930,12,73119980.02855594,871.0625909393484
D2,uswc_departure_delay_264h,20260931,1,72657406.54944311,871.7557527306709
D2,uswc_departure_delay_264h,20260931,2,73004395.92688777,871.6150404967083
D2,uswc_departure_delay_264h,20260932,1,72579539.35950603,871.0328939814117
D2,uswc_departure_delay_264h,20260932,2,72748379.78173459,870.7026365331147
D2,uswc_departure_delay_264h,20260932,3,72814683.86402836,870.687077040847
D2,uswc_departure_delay_264h,20260932,4,72883342.84830052,870.5007210711158
D2,uswc_departure_delay_264h,20260932,5,72936909.31750193,870.4945483893538
D2,uswc_departure_delay_264h,20260932,6,72939211.64419235,870.384906570167
D2,uswc_departure_delay_264h,20260932,7,72987848.49843898,870.3675637715861
D2,uswc_departure_delay_264h,20260932,8,73052409.79116192,870.3333537138892
D2,uswc_departure_delay_264h,20260932,9,73054255.30737402,870.3252655963797
D2,uswc_departure_delay_264h,20260932,10,73091715.69840966,870.3195139909523
D2,uswc_departure_delay_264h,20260932,11,73103591.5071884,870.2361693920104
D2,uswc_departure_delay_264h,20260932,12,73131376.46998456,870.1199623175451
D2,uswc_departure_delay_264h,20260933,1,71845630.0229117,871.3977838899153
D2,uswc_departure_delay_264h,20260933,2,71848845.17939764,871.3740563513983
D2,uswc_departure_delay_264h,20260933,3,71919906.10277188,871.3200476458316
D2,uswc_departure_delay_264h,20260933,4,71927312.8884971,871.106308111721
D2,uswc_departure_delay_264h,20260933,5,71959182.74245135,871.0999599308208
D2,uswc_departure_delay_264h,20260933,6,72043608.06552812,870.9883830245615
D2,uswc_departure_delay_264h,20260933,7,72277471.23701352,870.7971812922066
D2,uswc_departure_delay_264h,20260934,1,72738660.22579955,871.7658737809733
D2,uswc_departure_delay_264h,20260934,2,72775321.59713224,871.6681349522266
D2,uswc_departure_delay_264h,20260934,3,72776875.25333644,871.6326868387016
D2,uswc_departure_delay_264h,20260934,4,72782211.46563658,871.6128962160619
D2,uswc_departure_delay_264h,20260934,5,72788984.8039089,871.52117488723
D2,uswc_departure_delay_264h,20260934,6,72795545.5382358,871.4908329701819
D2,uswc_departure_delay_264h,20260934,7,72798535.33307125,871.4448212599237
D2,uswc_departure_delay_264h,20260934,8,72812040.8806243,871.4408811049226
D2,uswc_departure_delay_264h,20260934,9,72822159.79809585,871.3099160966593
D2,uswc_departure_delay_264h,20260934,10,72822455.51784447,871.3092611603258
D2,uswc_departure_delay_264h,20260934,11,72822967.54816373,871.3081271567244
D2,uswc_departure_delay_264h,20260934,12,72828015.40369034,871.2552140071582
D2,uswc_departure_delay_264h,20260935,1,72407326.1583308,870.9487663247241
D2,uswc_departure_delay_264h,20260935,2,72428999.97337909,870.9009864818333
D2,uswc_departure_delay_264h,20260935,3,72475166.58397967,870.8815304481307
D2,uswc_departure_delay_264h,20260935,4,72478899.64696182,870.8159731876244
D2,uswc_departure_delay_264h,20260935,5,72518302.55304429,870.7678961038927
D2,uswc_departure_delay_288h,20260906,1,77948313.65653346,886.0886410060664
D2,uswc_departure_delay_288h,20260907,1,77969084.27098686,885.9004797729112
D2,uswc_departure_delay_288h,20260907,2,77971997.7566576,885.8973163104964
D2,uswc_departure_delay_288h,20260908,1,78036418.67383257,886.010507877664
D2,uswc_departure_delay_288h,20260909,1,78177964.62879166,886.7916340946451
D2,uswc_departure_delay_288h,20260909,2,78219882.61709741,886.4533756889997
D2,uswc_departure_delay_288h,20260910,1,78116541.52099544,887.1875860566532
D2,uswc_departure_delay_288h,20260910,2,78132192.37618977,887.0760526280321
D2,uswc_departure_delay_288h,20260911,1,78139455.23884074,887.3084475506663
D2,uswc_departure_delay_288h,20260911,2,78141261.02866912,886.8975728776388
D2,uswc_departure_delay_288h,20260911,3,78142482.36778727,886.5898845340447
D2,uswc_departure_delay_288h,20260911,4,78149189.9156088,886.5635290115956
D2,uswc_departure_delay_288h,20260911,5,78154934.0616307,886.4154043500937
D2,uswc_departure_delay_288h,20260912,1,78514309.61209106,887.6302807140183
D2,uswc_departure_delay_288h,20260912,2,78551631.80483131,887.5810324695635
D2,uswc_departure_delay_288h,20260912,3,78573226.59317493,887.5718748459481
D2,uswc_departure_delay_288h,20260913,1,78292408.22715792,886.8281777105558
D2,uswc_departure_delay_288h,20260913,2,78318990.00687097,886.7057329914048
D2,uswc_departure_delay_288h,20260914,1,78255746.86095777,887.5182427402088
D2,uswc_departure_delay_288h,20260915,1,78394815.47160989,887.906370891863
D2,uswc_departure_delay_288h,20260915,2,78440155.82345824,887.4676758178006
D2,uswc_departure_delay_288h,20260916,1,78046241.99520212,886.1723158353362
D2,uswc_departure_delay_288h,20260916,2,78057129.40889145,886.1407974288513
D2,uswc_departure_delay_288h,20260916,3,78065361.40262476,886.1300081005506
D2,uswc_departure_delay_288h,20260916,4,78087583.84450765,886.0343233660977
D2,uswc_departure_delay_288h,20260917,1,78035466.35161501,886.8444681819498
D2,uswc_departure_delay_288h,20260917,2,78039849.05635947,886.5988737204261
D2,uswc_departure_delay_288h,20260917,3,78061533.63383397,886.5112758074135
D2,uswc_departure_delay_288h,20260917,4,78072050.77943066,886.4573819699216
D2,uswc_departure_delay_288h,20260917,5,78083767.58493379,886.4534607847623
D2,uswc_departure_delay_288h,20260918,1,78136093.2764982,887.1224459655548
D2,uswc_departure_delay_288h,20260918,2,78140316.84350008,887.0591846486874
D2,uswc_departure_delay_288h,20260918,3,78151679.60878626,887.0495407191434
D2,uswc_departure_delay_288h,20260919,1,78286034.82482226,888.1080907519238
D2,uswc_departure_delay_288h,20260919,2,78310159.58364832,887.7505473700791
D2,uswc_departure_delay_288h,20260920,1,78413307.91272397,888.868440535061
D2,uswc_departure_delay_288h,20260920,2,78425318.81692098,888.527316817702
D2,uswc_departure_delay_288h,20260920,3,78425427.87510411,888.4993301870153
D2,uswc_departure_delay_288h,20260920,4,78434281.78673336,888.151276676386
D2,uswc_departure_delay_288h,20260921,1,78113956.6548715,887.5171841444263
D2,uswc_departure_delay_288h,20260921,2,78141923.74587625,887.3616935889951
D2,uswc_departure_delay_288h,20260922,1,78000533.41003618,885.7434099233446
D2,uswc_departure_delay_288h,20260922,2,78012499.67968075,885.6760227759268
D2,uswc_departure_delay_288h,20260923,1,78485436.74485485,888.2193104702454
D2,uswc_departure_delay_288h,20260923,2,78489774.35059856,887.9347239386084
D2,uswc_departure_delay_288h,20260923,3,78520015.90535647,887.6809440942703
D2,uswc_departure_delay_288h,20260924,1,78416977.6662023,888.6419139461367
D2,uswc_departure_delay_288h,20260924,2,78417550.14007595,888.6216375523438
D2,uswc_departure_delay_288h,20260925,1,77956747.03251138,886.9076855282427
D2,uswc_departure_delay_288h,20260925,2,77985809.02179499,886.8264541952487
D2,uswc_departure_delay_288h,20260925,3,77993021.58368161,886.7704716693162
D2,uswc_departure_delay_288h,20260926,1,78159534.6215701,886.799474445052
D2,uswc_departure_delay_288h,20260927,1,78005114.43265128,887.2057832399189
D2,uswc_departure_delay_288h,20260927,2,78073025.81408872,887.0138058482531
D2,uswc_departure_delay_288h,20260927,3,78100595.4534419,886.9259338607661
D2,uswc_departure_delay_288h,20260928,1,78005830.32449448,886.8658743908383
D2,uswc_departure_delay_288h,20260928,2,78008714.58181342,886.1753369280435
D2,uswc_departure_delay_288h,20260928,3,78034496.61554852,886.1591771741282
D2,uswc_departure_delay_288h,20260928,4,78051128.16877961,886.0739828140644
D2,uswc_departure_delay_288h,20260929,1,78191268.68168841,886.2744882262432
D2,uswc_departure_delay_288h,20260930,1,78319724.66557321,887.9456647986927
D2,uswc_departure_delay_288h,20260931,1,78091122.24731256,886.3580632980294
D2,uswc_departure_delay_288h,20260932,1,77862807.09652655,886.1374372897538
D2,uswc_departure_delay_288h,20260932,2,77873156.84287146,886.1344516185869
D2,uswc_departure_delay_288h,20260932,3,77879283.61035591,886.1192270575656
D2,uswc_departure_delay_288h,20260932,4,77882301.53828494,885.9829955402596
D2,uswc_departure_delay_288h,20260932,5,77903864.76630431,885.9147498390583
D2,uswc_departure_delay_288h,20260932,6,77915189.40138309,885.9079777376987
D2,uswc_departure_delay_288h,20260932,7,77925267.8676946,885.7069965941961
D2,uswc_departure_delay_288h,20260932,8,77954314.85957626,885.7020257444542
D2,uswc_departure_delay_288h,20260932,9,77970004.7115742,885.7010218058962
D2,uswc_departure_delay_288h,20260932,10,77985022.19888371,885.6943480055154
D2,uswc_departure_delay_288h,20260932,11,77985864.07878509,885.6766950708075
D2,uswc_departure_delay_288h,20260933,1,78208300.25356404,886.4177369006868
D2,uswc_departure_delay_288h,20260933,2,78209986.87622935,886.3904914209851
D2,uswc_departure_delay_288h,20260933,3,78214838.08513226,886.3680849456447
D2,uswc_departure_delay_288h,20260934,1,78220189.98327078,887.9602816675743
D2,uswc_departure_delay_288h,20260935,1,77959089.9863635,886.8849817465486
D2,uswc_departure_delay_312h,20260906,1,83077301.04865317,902.6019903875588
D2,uswc_departure_delay_312h,20260906,2,83079889.51367228,902.4995797636204
D2,uswc_departure_delay_312h,20260906,3,83083797.75429954,902.4457391012583
D2,uswc_departure_delay_312h,20260906,4,83088936.78431799,902.3756264225116
D2,uswc_departure_delay_312h,20260906,5,83092683.96162038,902.3606921580765
D2,uswc_departure_delay_312h,20260906,6,83095101.51469025,902.3501268068038
D2,uswc_departure_delay_312h,20260906,7,83095218.1014031,902.341990164251
D2,uswc_departure_delay_312h,20260906,8,83097260.92685577,902.310813637269
D2,uswc_departure_delay_312h,20260906,9,83098012.039887,902.2922411724775
D2,uswc_departure_delay_312h,20260906,10,83099088.98241618,902.2775657640767
D2,uswc_departure_delay_312h,20260906,11,83100126.8339554,902.2746256348804
D2,uswc_departure_delay_312h,20260906,12,83107481.17067477,902.2417960075238
D2,uswc_departure_delay_312h,20260907,1,83130045.43372467,902.7557317787919
D2,uswc_departure_delay_312h,20260907,2,83161597.81127009,902.6810669205971
D2,uswc_departure_delay_312h,20260908,1,83042408.72297071,903.1593837204297
D2,uswc_departure_delay_312h,20260908,2,83052024.49735637,903.0019122267553
D2,uswc_departure_delay_312h,20260908,3,83077879.53263125,902.7523938044687
D2,uswc_departure_delay_312h,20260908,4,83089401.06967866,902.7362811042917
D2,uswc_departure_delay_312h,20260908,5,83105428.57986684,902.5559581891316
D2,uswc_departure_delay_312h,20260909,1,83004309.37948863,903.1371184820176
D2,uswc_departure_delay_312h,20260909,2,83021244.38779227,903.0650819624726
D2,uswc_departure_delay_312h,20260909,3,83022395.64599903,902.974628273498
D2,uswc_departure_delay_312h,20260909,4,83024804.85367838,902.8284673756527
D2,uswc_departure_delay_312h,20260909,5,83054792.54993916,902.8175124620844
D2,uswc_departure_delay_312h,20260909,6,83060560.80587776,902.7574407956993
D2,uswc_departure_delay_312h,20260909,7,83095668.64870569,902.7537298730279
D2,uswc_departure_delay_312h,20260910,1,82991294.28768197,902.3695502886071
D2,uswc_departure_delay_312h,20260910,2,82993539.64930928,902.3683885031292
D2,uswc_departure_delay_312h,20260910,3,82994900.33609161,902.3464004837291
D2,uswc_departure_delay_312h,20260910,4,82998067.53585579,902.3294378788801
D2,uswc_departure_delay_312h,20260910,5,82999645.73436283,902.3278802735744
D2,uswc_departure_delay_312h,20260910,6,83002209.89120843,902.2976239786503
D2,uswc_departure_delay_312h,20260910,7,83003546.00731821,902.2454996838552
D2,uswc_departure_delay_312h,20260910,8,83007723.07154837,902.2206847347878
D2,uswc_departure_delay_312h,20260910,9,83023718.639658,902.2074974251755
D2,uswc_departure_delay_312h,20260910,10,83027592.33384141,902.1897007465133
D2,uswc_departure_delay_312h,20260910,11,83027807.07437739,902.1854004438696
D2,uswc_departure_delay_312h,20260910,12,83032663.08694783,902.1708933840356
D2,uswc_departure_delay_312h,20260910,13,83033172.39254847,902.1706527032603
D2,uswc_departure_delay_312h,20260910,14,83054719.11677344,902.1308153402098
D2,uswc_departure_delay_312h,20260911,1,83161106.5455671,902.836537994947
D2,uswc_departure_delay_312h,20260912,1,83150296.90163414,902.8797085292156
D2,uswc_departure_delay_312h,20260912,2,83153769.79497212,902.8147701419038
D2,uswc_departure_delay_312h,20260913,1,83079453.68836789,903.724370313495
D2,uswc_departure_delay_312h,20260913,2,83089879.58052738,903.6371567844121
D2,uswc_departure_delay_312h,20260913,3,83092169.51719241,903.3830977911533
D2,uswc_departure_delay_312h,20260913,4,83094110.97289377,903.2584226347783
D2,uswc_departure_delay_312h,20260914,1,83032170.5668239,903.3535852480508
D2,uswc_departure_delay_312h,20260914,2,83047601.33758818,903.2622862913852
D2,uswc_departure_delay_312h,20260914,3,83061844.15879871,903.0165580720247
D2,uswc_departure_delay_312h,20260914,4,83074819.59157188,902.9867653364173
D2,uswc_departure_delay_312h,20260915,1,83149353.55352996,903.5883217834263
D2,uswc_departure_delay_312h,20260915,2,83161097.47990789,903.575189991087
D2,uswc_departure_delay_312h,20260916,1,82945224.03710312,902.9492234659535
D2,uswc_departure_delay_312h,20260916,2,82949154.31863545,902.8956825386291
D2,uswc_departure_delay_312h,20260916,3,82957756.18507011,902.8896311166465
D2,uswc_departure_delay_312h,20260916,4,82958381.05260205,902.8762927723689
D2,uswc_departure_delay_312h,20260916,5,82958937.87589704,902.7968180607159
D2,uswc_departure_delay_312h,20260916,6,82969781.53125829,902.7962305066719
D2,uswc_departure_delay_312h,20260916,7,82969874.43518865,902.7765580543322
D2,uswc_departure_delay_312h,20260916,8,82971998.0666615,902.6947161238865
D2,uswc_departure_delay_312h,20260916,9,82976113.63169354,902.684061294987
D2,uswc_departure_delay_312h,20260916,10,82976357.93596649,902.6798348556435
D2,uswc_departure_delay_312h,20260916,11,82977506.4227959,902.6318710370672
D2,uswc_departure_delay_312h,20260916,12,82982854.70124353,902.5676636308242
D2,uswc_departure_delay_312h,20260916,13,82985887.03435619,902.5254420739589
D2,uswc_departure_delay_312h,20260916,14,82986320.10466129,902.4827161113496
D2,uswc_departure_delay_312h,20260916,15,83000486.62030382,902.4601998586766
D2,uswc_departure_delay_312h,20260916,16,83027643.83463912,902.4520244696996
D2,uswc_departure_delay_312h,20260916,17,83041152.32974088,902.4366293004596
D2,uswc_departure_delay_312h,20260917,1,83076358.80057251,902.355461203571
D2,uswc_departure_delay_312h,20260917,2,83079615.83343036,902.2757130219394
D2,uswc_departure_delay_312h,20260917,3,83088395.86641747,902.1955592606445
D2,uswc_departure_delay_312h,20260917,4,83107537.68378878,902.0954091572165
D2,uswc_departure_delay_312h,20260918,1,83173525.7582313,903.9648837839311
D2,uswc_departure_delay_312h,20260918,2,83184380.8195033,903.8995340677332
D2,uswc_departure_delay_312h,20260918,3,83217159.3387508,903.6274498186704
D2,uswc_departure_delay_312h,20260918,4,83224808.00879593,903.5386310347816
D2,uswc_departure_delay_312h,20260919,1,83019714.62646325,902.799074737582
D2,uswc_departure_delay_312h,20260919,2,83021003.49225374,902.6685607389185
D2,uswc_departure_delay_312h,20260919,3,83029874.10627395,902.640160716228
D2,uswc_departure_delay_312h,20260919,4,83036514.91029352,902.6262983017772
D2,uswc_departure_delay_312h,20260919,5,83036525.0307273,902.5741174505948
D2,uswc_departure_delay_312h,20260919,6,83036789.48841724,902.5295178661762
D2,uswc_departure_delay_312h,20260919,7,83052423.134748,902.5019369563562
D2,uswc_departure_delay_312h,20260919,8,83058634.69200456,902.495375740335
D2,uswc_departure_delay_312h,20260919,9,83068101.3558134,902.4483426932502
D2,uswc_departure_delay_312h,20260919,10,83080270.90315387,902.4394000523585
D2,uswc_departure_delay_312h,20260920,1,83209158.58664547,904.5321384121078
D2,uswc_departure_delay_312h,20260920,2,83209876.4594566,904.3421119632553
D2,uswc_departure_delay_312h,20260920,3,83233426.5075421,903.9467610957296
D2,uswc_departure_delay_312h,20260921,1,83094251.54354896,902.4116541630423
D2,uswc_departure_delay_312h,20260921,2,83101961.37140818,902.3638546879262
D2,uswc_departure_delay_312h,20260921,3,83107134.20550376,902.3467294569665
D2,uswc_departure_delay_312h,20260922,1,83098938.90849234,902.724030378066
D2,uswc_departure_delay_312h,20260922,2,83106367.26041682,902.6056500966117
D2,uswc_departure_delay_312h,20260922,3,83109017.39079848,902.6043823868368
D2,uswc_departure_delay_312h,20260922,4,83110117.66421139,902.5130046155397
D2,uswc_departure_delay_312h,20260922,5,83117146.27539328,902.4396055571943
D2,uswc_departure_delay_312h,20260922,6,83125589.2248931,902.4359390753992
D2,uswc_departure_delay_312h,20260923,1,83201845.96682474,902.9168864577039
D2,uswc_departure_delay_312h,20260923,2,83216728.47016011,902.6885789431328
D2,uswc_departure_delay_312h,20260924,1,83179070.5929278,904.0357756430147
D2,uswc_departure_delay_312h,20260924,2,83196500.13662761,903.7903890643471
D2,uswc_departure_delay_312h,20260924,3,83206932.45371069,903.6987016486631
D2,uswc_departure_delay_312h,20260925,1,83148925.3989129,903.9302044717147
D2,uswc_departure_delay_312h,20260926,1,83050579.30202559,902.2965223245528
D2,uswc_departure_delay_312h,20260926,2,83053857.26971357,902.1906828801051
D2,uswc_departure_delay_312h,20260926,3,83069280.91697961,902.1585123508928
D2,uswc_departure_delay_312h,20260926,4,83071214.13444717,902.099935634458
D2,uswc_departure_delay_312h,20260926,5,83084910.06129624,902.0173961467266
D2,uswc_departure_delay_312h,20260926,6,83091810.14732322,901.9584314780651
D2,uswc_departure_delay_312h,20260926,7,83092289.30342522,901.8766697856181
D2,uswc_departure_delay_312h,20260926,8,83108891.89461344,901.8733374295607
D2,uswc_departure_delay_312h,20260927,1,83222261.01950662,903.8628000216979
D2,uswc_departure_delay_312h,20260927,2,83249147.79403439,903.5919241593828
D2,uswc_departure_delay_312h,20260927,3,83254708.78241715,903.4442992823703
D2,uswc_departure_delay_312h,20260928,1,83080063.38888334,902.517359606305
D2,uswc_departure_delay_312h,20260928,2,83091224.10221873,902.4763901369126
D2,uswc_departure_delay_312h,20260928,3,83093104.08501095,902.3334574483605
D2,uswc_departure_delay_312h,20260928,4,83103982.67846535,902.3074592027355
D2,uswc_departure_delay_312h,20260928,5,83148568.6735195,902.2955144081055
D2,uswc_departure_delay_312h,20260929,1,83163590.83372706,903.3718043820778
D2,uswc_departure_delay_312h,20260929,2,83167343.40763067,903.2813803186349
D2,uswc_departure_delay_312h,20260930,1,83189082.00108291,903.5185343704096
D2,uswc_departure_delay_312h,20260930,2,83191362.87132889,903.4655843366857
D2,uswc_departure_delay_312h,20260930,3,83194235.84063318,902.9581849851737
D2,uswc_departure_delay_312h,20260931,1,83094234.4223809,903.7049408978629
D2,uswc_departure_delay_312h,20260931,2,83130427.24890085,903.5774056594906
D2,uswc_departure_delay_312h,20260931,3,83162667.9441205,903.5763097472227
D2,uswc_departure_delay_312h,20260931,4,83166765.57551993,903.4472556421898
D2,uswc_departure_delay_312h,20260932,1,82992294.27983546,903.0402671141163
D2,uswc_departure_delay_312h,20260932,2,83009896.69593437,902.9669687435002
D2,uswc_departure_delay_312h,20260932,3,83021932.93891217,902.8874958315291
D2,uswc_departure_delay_312h,20260932,4,83065203.23723732,902.8720455299926
D2,uswc_departure_delay_312h,20260932,5,83073620.88651311,902.8008985448458
D2,uswc_departure_delay_312h,20260932,6,83118262.95985366,902.7994760157351
D2,uswc_departure_delay_312h,20260933,1,83024479.47897242,902.8174083415448
D2,uswc_departure_delay_312h,20260933,2,83035608.87856276,902.8077894604348
D2,uswc_departure_delay_312h,20260933,3,83038767.53267814,902.7885398747873
D2,uswc_departure_delay_312h,20260933,4,83041912.93907428,902.7801442816976
D2,uswc_departure_delay_312h,20260933,5,83042226.02243124,902.723374009604
D2,uswc_departure_delay_312h,20260933,6,83045012.29952323,902.6653637248961
D2,uswc_departure_delay_312h,20260933,7,83052574.92607729,902.6527540159785
D2,uswc_departure_delay_312h,20260933,8,83059301.47777161,902.6357648937702
D2,uswc_departure_delay_312h,20260933,9,83066947.95269641,902.6094766666655
D2,uswc_departure_delay_312h,20260933,10,83068187.913712,902.5685418492992
D2,uswc_departure_delay_312h,20260933,11,83086966.315647,902.553148779464
D2,uswc_departure_delay_312h,20260934,1,83080444.98459671,903.8283398787912
D2,uswc_departure_delay_312h,20260934,2,83086582.78472705,903.799513092503
D2,uswc_departure_delay_312h,20260934,3,83091101.63617355,903.5733594156948
D2,uswc_departure_delay_312h,20260934,4,83091517.87101762,903.2544307363577
D2,uswc_departure_delay_312h,20260934,5,83141198.21703017,903.2387017103124
D2,uswc_departure_delay_312h,20260934,6,83167541.15855907,903.1305228033593
D2,uswc_departure_delay_312h,20260935,1,83041799.64831251,903.0799673088121
D2,uswc_departure_delay_312h,20260935,2,83043192.0992416,903.0413334440055
D2,uswc_departure_delay_312h,20260935,3,83056786.05390643,902.5929007242944
D2,uswc_departure_delay_312h,20260935,4,83057226.99489905,902.5911164330768
