case_id,scenario,seed,point_id,total_cost_usd,quantity_weighted_mean_delivery_time_h
D1,pilot_baseline,20260906,1,24842445.19812098,660.4667559181308
D1,pilot_baseline,20260906,2,24848650.87177561,660.0019607945736
D1,pilot_baseline,20260906,3,24883568.201326527,658.6343352527729
D1,pilot_baseline,20260906,4,24888497.304555107,653.2299622158317
D1,pilot_baseline,20260906,5,24952312.852573715,653.0169489543077
D1,pilot_baseline,20260906,6,24988661.712288722,651.8252915182069
D1,pilot_baseline,20260906,7,25015801.614312228,651.7410650440858
D1,pilot_baseline,20260906,8,25027305.75699999,648.6471827837831
D1,pilot_baseline,20260906,9,25048405.284625843,647.9674761935964
D1,pilot_baseline,20260906,10,25145924.420690563,647.4400488001354
D1,pilot_baseline,20260906,11,25150426.31195558,646.7272102563984
D1,pilot_baseline,20260906,12,25154848.34343224,646.6180078702163
D1,pilot_baseline,20260906,13,25188914.647872046,646.3377804512452
D1,pilot_baseline,20260906,14,25199644.344163164,645.1663163603041
D1,pilot_baseline,20260906,15,25225807.3685105,644.9990615099886
D1,pilot_baseline,20260906,16,25235562.131221257,644.0806653495912
D1,pilot_baseline,20260906,17,25265622.552143905,643.663892986668
D1,pilot_baseline,20260906,18,25328875.70402395,641.6593479719946
D1,pilot_baseline,20260906,19,25347784.00330648,641.6503052642785
D1,pilot_baseline,20260906,20,25382374.25321296,641.1780168299465
D1,pilot_baseline,20260906,21,25406501.118695565,641.1564961377708
D1,pilot_baseline,20260906,22,25413860.21512293,640.8729296946593
D1,pilot_baseline,20260906,23,25428318.67171302,639.5562269976799
D1,pilot_baseline,20260906,24,25466791.631174527,639.23369680844
D1,pilot_baseline,20260906,25,25496271.231104188,638.9750733223315
D1,pilot_baseline,20260906,26,25528977.60741526,637.2316774242043
D1,pilot_baseline,20260906,27,25585741.09869602,636.280724362476
D1,pilot_baseline,20260906,28,25682307.22827803,635.3666007365327
D1,pilot_baseline,20260906,29,25725192.068091244,634.1608453701832
D1,pilot_baseline,20260906,30,25818989.951902088,633.8079642605746
D1,pilot_baseline,20260906,31,25856661.762419228,633.510879734796
D1,pilot_baseline,20260906,32,25901222.197184246,632.582684116353
D1,pilot_baseline,20260906,33,25911130.396912266,632.5420664255878
D1,pilot_baseline,20260906,34,25975975.35893859,631.6242363557697
D1,pilot_baseline,20260906,35,25998172.60153971,631.2515582168876
D1,pilot_baseline,20260907,1,25515584.528721776,637.2205203095821
D1,pilot_baseline,20260907,2,25620902.531485274,635.5733909367095
D1,pilot_baseline,20260907,3,25623247.38542823,635.1519240875718
D1,pilot_baseline,20260907,4,25657061.830689576,634.0006210006823
D1,pilot_baseline,20260907,5,25706562.99155427,633.899031074905
D1,pilot_baseline,20260907,6,25714056.7532288,633.215569767905
D1,pilot_baseline,20260907,7,25749933.094815228,633.154105845488
D1,pilot_baseline,20260907,8,25770731.185936656,631.7839823708351
D1,pilot_baseline,20260907,9,25791075.857666016,631.7374406694797
D1,pilot_baseline,20260907,10,25808551.542048603,631.5903011304222
D1,pilot_baseline,20260907,11,25861031.111345444,631.5218828871377
D1,pilot_baseline,20260907,12,25865253.891941797,629.8700540283422
D1,pilot_baseline,20260907,13,25878216.912805896,629.7755001901951
D1,pilot_baseline,20260907,14,25910296.26820939,629.1493882830247
D1,pilot_baseline,20260907,15,25956831.96966935,628.7640578669642
D1,pilot_baseline,20260907,16,25968386.719464336,628.0829014497755
D1,pilot_baseline,20260907,17,26045315.289891113,627.9440771909673
D1,pilot_baseline,20260907,18,26077676.990641564,625.7509840262627
D1,pilot_baseline,20260907,19,26135342.25658021,625.3264300953057
D1,pilot_baseline,20260907,20,26170097.21344345,624.8175497032934
D1,pilot_baseline,20260907,21,26224929.613859504,624.384011503617
D1,pilot_baseline,20260907,22,26253169.346764177,623.2196006854163
D1,pilot_baseline,20260907,23,26383436.3174519,622.4211651481015
D1,pilot_baseline,20260907,24,26433508.648432508,621.8179393911123
D1,pilot_baseline,20260907,25,26496816.95811369,621.7517947671583
D1,pilot_baseline,20260907,26,26532732.01100971,621.7254501031407
D1,pilot_baseline,20260907,27,26558303.62036694,621.3333777254197
D1,pilot_baseline,20260907,28,26578512.6989591,621.112912229917
D1,pilot_baseline,20260907,29,26615105.99959738,620.8929751749603
D1,pilot_baseline,20260908,1,25569653.57766146,643.2490537541479
D1,pilot_baseline,20260908,2,25585600.162476636,642.6693062086963
D1,pilot_baseline,20260908,3,25590714.27888235,641.8297374504839
D1,pilot_baseline,20260908,4,25599234.620449055,641.1274200900903
D1,pilot_baseline,20260908,5,25664151.79630316,640.6178010864054
D1,pilot_baseline,20260908,6,25675346.828891296,639.4914318113738
D1,pilot_baseline,20260908,7,25700093.927073404,638.5788825481712
D1,pilot_baseline,20260908,8,25701362.297984626,638.5094480043022
D1,pilot_baseline,20260908,9,25715790.77828963,637.9845397205809
D1,pilot_baseline,20260908,10,25758214.409107592,637.7287885941262
D1,pilot_baseline,20260908,11,25806342.485517405,636.7115435234059
D1,pilot_baseline,20260908,12,25815241.134053946,636.7113405020044
D1,pilot_baseline,20260908,13,25824004.52562045,635.9725901452422
D1,pilot_baseline,20260908,14,25866704.958671384,635.3606375096465
D1,pilot_baseline,20260908,15,25866924.654443823,635.2928970797474
D1,pilot_baseline,20260908,16,25896193.51172176,634.7939321993465
D1,pilot_baseline,20260908,17,25927974.267856654,634.4700537560285
D1,pilot_baseline,20260908,18,25959247.415870894,632.124489188383
D1,pilot_baseline,20260908,19,26158042.43756334,630.8455056081859
D1,pilot_baseline,20260908,20,26297868.328916032,630.2243950326952
D1,pilot_baseline,20260908,21,26300243.748966,629.9853612920809
D1,pilot_baseline,20260908,22,26319453.82146737,629.9132421937734
D1,pilot_baseline,20260908,23,26337897.37820761,629.7112994179522
D1,pilot_baseline,20260908,24,26373147.501373306,629.3261007057918
D1,pilot_baseline,20260908,25,26487901.591862988,629.0580670168874
D1,pilot_baseline,20260909,1,25186500.8418719,648.7589091170166
D1,pilot_baseline,20260909,2,25295805.67524192,648.666203342206
D1,pilot_baseline,20260909,3,25332939.933975033,645.593111149567
D1,pilot_baseline,20260909,4,25351431.39267285,645.512151568296
D1,pilot_baseline,20260909,5,25444977.56000669,642.9897936939889
D1,pilot_baseline,20260909,6,25488035.879195068,641.7552418295371
D1,pilot_baseline,20260909,7,25628744.62548679,640.338302574162
D1,pilot_baseline,20260909,8,25726772.029235654,639.3758180594139
D1,pilot_baseline,20260909,9,25753240.881821677,638.2552034083086
D1,pilot_baseline,20260909,10,25806591.63403712,638.1298648587618
D1,pilot_baseline,20260909,11,25816288.117910914,637.459398566509
D1,pilot_baseline,20260909,12,25868169.478535615,636.3045775157976
D1,pilot_baseline,20260909,13,25880298.037390098,634.2379506333701
D1,pilot_baseline,20260909,14,26027449.19222768,633.8813330854091
D1,pilot_baseline,20260909,15,26062513.577219535,633.3742687731949
D1,pilot_baseline,20260909,16,26093314.62754559,632.4381684971136
D1,pilot_baseline,20260909,17,26109803.782246135,632.3757292903705
D1,pilot_baseline,20260909,18,26127833.087367702,632.3499690495411
D1,pilot_baseline,20260909,19,26166871.210726663,632.1632792467772
D1,pilot_baseline,20260909,20,26265034.51877553,631.7567943638668
D1,pilot_baseline,20260909,21,26295979.5753254,631.3154137070624
D1,pilot_baseline,20260909,22,26341335.38386176,631.0239602248188
D1,pilot_baseline,20260909,23,26356328.206610635,630.5950551057432
D1,pilot_baseline,20260910,1,25543194.307037503,636.1502187915288
D1,pilot_baseline,20260910,2,25553597.79702551,635.927436946215
D1,pilot_baseline,20260910,3,25594301.142557595,635.0943767766494
D1,pilot_baseline,20260910,4,25595603.752489034,634.240919292238
D1,pilot_baseline,20260910,5,25598324.328409843,634.1194362680767
D1,pilot_baseline,20260910,6,25642640.8365964,633.811750401531
D1,pilot_baseline,20260910,7,25646327.53211014,633.3991652461439
D1,pilot_baseline,20260910,8,25675199.67529814,633.1586648938659
D1,pilot_baseline,20260910,9,25678166.14762445,632.9859612908238
D1,pilot_baseline,20260910,10,25705122.2138276,632.7574207709341
D1,pilot_baseline,20260910,11,25710043.09525872,632.3504087610308
D1,pilot_baseline,20260910,12,25717788.63417224,631.8707999042517
D1,pilot_baseline,20260910,13,25719501.830180798,631.8336063253263
D1,pilot_baseline,20260910,14,25725544.99823288,631.411519419499
D1,pilot_baseline,20260910,15,25751508.477882527,631.0989283197708
D1,pilot_baseline,20260910,16,25768993.027129825,631.032942338149
D1,pilot_baseline,20260910,17,25806140.285817236,630.8919140112657
D1,pilot_baseline,20260910,18,25808318.345368013,630.6778599882159
D1,pilot_baseline,20260910,19,25834455.093100745,629.2733599892481
D1,pilot_baseline,20260910,20,25859368.590736073,628.9719720164038
D1,pilot_baseline,20260910,21,25900869.62881985,628.5775930246496
D1,pilot_baseline,20260910,22,25921599.591465797,628.4200679700799
D1,pilot_baseline,20260910,23,25928953.6534971,628.1352480697936
D1,pilot_baseline,20260910,24,25939186.943665594,627.8859066825698
D1,pilot_baseline,20260910,25,25943225.59049013,627.6887883535592
D1,pilot_baseline,20260910,26,25974529.57037899,627.3268927952392
D1,pilot_baseline,20260910,27,25996714.00648878,626.8158269891264
D1,pilot_baseline,20260910,28,26019800.670100495,626.7465547417428
D1,pilot_baseline,20260910,29,26041658.91395786,626.5563781795345
D1,pilot_baseline,20260910,30,26042153.22670304,626.1420040627064
D1,pilot_baseline,20260910,31,26061004.669380616,625.5516359389645
D1,pilot_baseline,20260910,32,26103114.054816194,625.5276258900418
D1,pilot_baseline,20260910,33,26118682.75787815,625.2616115718986
D1,pilot_baseline,20260910,34,26132006.14756985,624.9904691821175
D1,pilot_baseline,20260910,35,26160898.492347013,624.739398357382
D1,pilot_baseline,20260910,36,26187037.532719918,624.7090004472288
D1,pilot_baseline,20260910,37,26198951.237348758,624.5223369323317
D1,pilot_baseline,20260910,38,26212181.638554037,624.2282350635643
D1,pilot_baseline,20260910,39,26250688.339329865,623.8233025041261
D1,pilot_baseline,20260910,40,26258844.765750214,623.3423736769988
D1,pilot_baseline,20260910,41,26301766.80735034,623.0216401700635
D1,pilot_baseline,20260910,42,26304386.470322747,623.0096050964462
D1,pilot_baseline,20260910,43,26352152.514588222,622.1081927874935
D1,pilot_baseline,20260910,44,26376937.71531788,621.9535636825186
D1,pilot_baseline,20260910,45,26486097.13701124,621.4380841491148
D1,pilot_baseline,20260910,46,26627159.790792927,620.5607815634917
D1,pilot_baseline,20260911,1,25452940.511781923,638.9422297340157
D1,pilot_baseline,20260911,2,25521753.453229576,638.2814219906166
D1,pilot_baseline,20260911,3,25550932.09455942,637.8247952168063
D1,pilot_baseline,20260911,4,25583781.97178784,637.0302675463153
D1,pilot_baseline,20260911,5,25605716.17837789,636.9542960810268
D1,pilot_baseline,20260911,6,25616231.421673365,636.8742920218441
D1,pilot_baseline,20260911,7,25620358.679046754,636.0685278128616
D1,pilot_baseline,20260911,8,25648448.124826983,635.6815092324551
D1,pilot_baseline,20260911,9,25653123.60463834,635.5012637291155
D1,pilot_baseline,20260911,10,25658425.090352144,635.1157002602989
D1,pilot_baseline,20260911,11,25677204.374347933,635.0829135684136
D1,pilot_baseline,20260911,12,25682643.37723832,634.9153754807761
D1,pilot_baseline,20260911,13,25688616.650376193,634.6452151906564
D1,pilot_baseline,20260911,14,25703541.40021563,634.4208666147356
D1,pilot_baseline,20260911,15,25709667.123967614,633.9097143143409
D1,pilot_baseline,20260911,16,25732496.827466566,633.1104074992705
D1,pilot_baseline,20260911,17,25794232.431939688,632.3911969640288
D1,pilot_baseline,20260911,18,25801410.235765472,632.1328226291049
D1,pilot_baseline,20260911,19,25859638.97260895,632.0434742401817
D1,pilot_baseline,20260911,20,25877252.383324165,631.569528749631
D1,pilot_baseline,20260911,21,25882036.163126793,631.4062376480973
D1,pilot_baseline,20260911,22,25888875.929197337,631.352478299272
D1,pilot_baseline,20260911,23,25892344.822915625,630.921930672695
D1,pilot_baseline,20260911,24,25911530.091693122,630.8441388826525
D1,pilot_baseline,20260911,25,25926144.992315553,630.8190385438957
D1,pilot_baseline,20260911,26,25931354.973455988,630.8144959821427
D1,pilot_baseline,20260911,27,25932965.174951654,629.7254661182445
D1,pilot_baseline,20260911,28,25971450.162077703,629.605439429792
D1,pilot_baseline,20260911,29,25977524.118726984,628.7852652853054
D1,pilot_baseline,20260911,30,26021303.990828425,628.6795616370722
D1,pilot_baseline,20260911,31,26041967.564053077,628.0105068508527
D1,pilot_baseline,20260911,32,26046021.50326532,627.956716059946
D1,pilot_baseline,20260911,33,26085468.176780522,627.7955907371883
D1,pilot_baseline,20260911,34,26091121.09258288,627.172243064992
D1,pilot_baseline,20260911,35,26094510.06666396,626.8844005062749
D1,pilot_baseline,20260911,36,26219021.957933735,626.8089972612214
D1,pilot_baseline,20260911,37,26227528.66297718,626.0584977481992
D1,pilot_baseline,20260911,38,26321489.098261315,625.2348010408822
D1,pilot_baseline,20260911,39,26363755.057348873,624.965866943694
D1,pilot_baseline,20260911,40,26403862.73718207,624.8222293280704
D1,pilot_baseline,20260911,41,26685608.64502754,624.39263151076
D1,pilot_baseline,20260912,1,25232421.79304781,644.8722060697754
D1,pilot_baseline,20260912,2,25245563.86645435,640.9869864564172
D1,pilot_baseline,20260912,3,25296118.36958161,638.6596958843554
D1,pilot_baseline,20260912,4,25353868.040414687,638.2170411906886
D1,pilot_baseline,20260912,5,25373170.16865519,637.603351320569
D1,pilot_baseline,20260912,6,25412396.694947865,637.3121527390931
D1,pilot_baseline,20260912,7,25423521.02363151,637.2648125806578
D1,pilot_baseline,20260912,8,25456374.23878965,636.9003595121578
D1,pilot_baseline,20260912,9,25461760.841661215,636.8820774962544
D1,pilot_baseline,20260912,10,25468005.484867007,636.5931779135104
D1,pilot_baseline,20260912,11,25477489.42523127,636.0770864938119
D1,pilot_baseline,20260912,12,25497276.206754316,635.6778320291311
D1,pilot_baseline,20260912,13,25508184.76637093,635.6563762272409
D1,pilot_baseline,20260912,14,25511794.069225244,635.385771678844
D1,pilot_baseline,20260912,15,25512405.61914239,635.1958254120451
D1,pilot_baseline,20260912,16,25520009.66088834,635.0912322279218
D1,pilot_baseline,20260912,17,25530175.039977346,634.3162187577074
D1,pilot_baseline,20260912,18,25534679.101430047,634.2467667372729
D1,pilot_baseline,20260912,19,25587673.487320356,634.1905147805985
D1,pilot_baseline,20260912,20,25589599.156443063,633.6585786905
D1,pilot_baseline,20260912,21,25606115.69696911,633.477243524744
D1,pilot_baseline,20260912,22,25608682.029926307,633.3881903918789
D1,pilot_baseline,20260912,23,25632437.050621632,633.1062400407546
D1,pilot_baseline,20260912,24,25637883.522405136,632.4363962140179
D1,pilot_baseline,20260912,25,25677210.57674277,632.3940335074105
D1,pilot_baseline,20260912,26,25690957.30946771,631.1828970683052
D1,pilot_baseline,20260912,27,25702106.96553333,631.1226613497582
D1,pilot_baseline,20260912,28,25730764.36837456,630.9079053726175
D1,pilot_baseline,20260912,29,25742052.779472794,630.2527356495924
D1,pilot_baseline,20260912,30,25781620.233055748,630.1124616298766
D1,pilot_baseline,20260912,31,25812509.71700343,629.3405611577682
D1,pilot_baseline,20260912,32,25814149.475949068,629.3334545117166
D1,pilot_baseline,20260912,33,25870622.926614717,628.9388904683203
D1,pilot_baseline,20260912,34,25878452.421356156,628.8285340779732
D1,pilot_baseline,20260912,35,25887881.881216742,627.5799754051783
D1,pilot_baseline,20260912,36,26071141.217871428,626.7443542432873
D1,pilot_baseline,20260913,1,25677113.651315615,641.8739652243304
D1,pilot_baseline,20260913,2,25741948.735790946,639.6417416504653
D1,pilot_baseline,20260913,3,25815535.42347362,637.2409730020661
D1,pilot_baseline,20260913,4,25832874.26834858,636.8302006110644
D1,pilot_baseline,20260913,5,25918380.02907975,635.9713385016503
D1,pilot_baseline,20260913,6,25943980.94111524,635.2132156711289
D1,pilot_baseline,20260913,7,25945355.188194927,634.7239446167398
D1,pilot_baseline,20260913,8,26016764.499461357,633.7633232747618
D1,pilot_baseline,20260913,9,26082035.107870404,633.7457583201142
D1,pilot_baseline,20260913,10,26143375.879960954,633.7041293035408
D1,pilot_baseline,20260913,11,26148996.749371164,631.2225314780912
D1,pilot_baseline,20260913,12,26149343.239089154,631.2209396591026
D1,pilot_baseline,20260913,13,26187891.2863478,630.5949272910727
D1,pilot_baseline,20260913,14,26334894.632491756,630.2245088884248
D1,pilot_baseline,20260913,15,26389964.99082485,628.5960554010862
D1,pilot_baseline,20260914,1,25641665.444374107,639.3164058208616
D1,pilot_baseline,20260914,2,25724761.045536876,637.9155216672841
D1,pilot_baseline,20260914,3,25731952.53023847,635.4375863076849
D1,pilot_baseline,20260914,4,25791218.577747047,635.3887287238376
D1,pilot_baseline,20260914,5,25841394.901847813,634.8240904626854
D1,pilot_baseline,20260914,6,25856230.28756758,634.3563113059744
D1,pilot_baseline,20260914,7,25858925.036822375,633.5194718357737
D1,pilot_baseline,20260914,8,25872479.74753276,632.7826195322596
D1,pilot_baseline,20260914,9,25931820.645270005,632.6559848506517
D1,pilot_baseline,20260914,10,25955538.66035601,632.4588608684553
D1,pilot_baseline,20260914,11,25960742.378286704,631.8037790154199
D1,pilot_baseline,20260914,12,25992541.35987777,630.6866821870829
D1,pilot_baseline,20260914,13,26022956.444789205,629.3579646600288
D1,pilot_baseline,20260914,14,26042800.931291144,629.2667964989087
D1,pilot_baseline,20260914,15,26047003.349094756,628.9615403381049
D1,pilot_baseline,20260914,16,26066711.142920315,628.4835682682882
D1,pilot_baseline,20260914,17,26139206.712648883,628.4105607292986
D1,pilot_baseline,20260914,18,26144355.57658307,628.0369904582989
D1,pilot_baseline,20260914,19,26181421.18317733,626.696364271017
D1,pilot_baseline,20260914,20,26208390.971822597,626.0530068618955
D1,pilot_baseline,20260914,21,26251656.720121853,624.604337114224
D1,pilot_baseline,20260914,22,26359008.466065962,623.2766008450466
D1,pilot_baseline,20260914,23,26400033.251309406,623.0759643335538
D1,pilot_baseline,20260914,24,26479701.57275516,622.4755309273198
D1,pilot_baseline,20260914,25,26565207.834589176,620.4554428150458
D1,pilot_baseline,20260915,1,25546508.438125897,641.6682396177019
D1,pilot_baseline,20260915,2,25548174.027015716,639.4843874360017
D1,pilot_baseline,20260915,3,25583265.246239167,638.378189647724
D1,pilot_baseline,20260915,4,25591905.002230182,637.2498503592373
D1,pilot_baseline,20260915,5,25638643.021946546,635.7426071527607
D1,pilot_baseline,20260915,6,25691237.16619974,634.8948853507796
D1,pilot_baseline,20260915,7,25725866.38477326,633.5294423879636
D1,pilot_baseline,20260915,8,25767533.542703822,631.8335527230702
D1,pilot_baseline,20260915,9,25911037.8127414,630.3340094163707
D1,pilot_baseline,20260915,10,25939090.578551874,629.9401797330644
D1,pilot_baseline,20260915,11,25970411.015060477,629.3971479546166
D1,pilot_baseline,20260915,12,25990461.501505096,628.6671949535269
D1,pilot_baseline,20260915,13,26017163.24744846,627.7422077028143
D1,pilot_baseline,20260915,14,26037861.649797305,627.0251849911382
D1,pilot_baseline,20260915,15,26140801.864670314,624.3270286459999
D1,pilot_baseline,20260915,16,26233293.24761584,624.2908541248804
D1,pilot_baseline,20260915,17,26248158.17034864,623.3646103950789
D1,pilot_baseline,20260915,18,26275898.518873133,622.3822629291874
D1,pilot_baseline,20260915,19,26330726.298515372,621.8672247275412
D1,pilot_baseline,20260915,20,26392117.21652725,621.5701665620029
D1,pilot_baseline,20260915,21,26415846.09966147,620.5479820542768
D1,pilot_baseline,20260915,22,26444285.805538926,620.2367866632407
D1,pilot_baseline,20260915,23,26449549.724924035,620.0092005356732
D1,pilot_baseline,20260915,24,26469059.059917103,619.6854423631269
D1,pilot_baseline,20260915,25,26478502.06672025,619.3641697795872
D1,pilot_baseline,20260915,26,26530623.826993868,619.3612708983297
D1,pilot_baseline,20260915,27,26544322.097125288,618.1737686731917
D1,pilot_baseline,20260915,28,26571173.55595367,617.897496926095
D1,pilot_baseline,20260915,29,26591906.179263618,617.5779448683761
D1,pilot_baseline,20260915,30,26653399.489870492,617.1121999235975
D1,pilot_baseline,20260915,31,26720476.696201835,616.6216548441273
D1,pilot_baseline,20260915,32,26772109.384655178,615.6406286172274
D1,pilot_baseline,20260916,1,25224257.32314798,643.9620247169289
D1,pilot_baseline,20260916,2,25259436.414711647,643.262574300841
D1,pilot_baseline,20260916,3,25262083.169189945,643.179273356162
D1,pilot_baseline,20260916,4,25283076.642090704,641.4862975415458
D1,pilot_baseline,20260916,5,25329938.796260674,640.7272631890303
D1,pilot_baseline,20260916,6,25404739.803603634,639.0615320644649
D1,pilot_baseline,20260916,7,25424360.160568565,638.7335791625172
D1,pilot_baseline,20260916,8,25470562.262803257,637.4521925850048
D1,pilot_baseline,20260916,9,25517624.743841536,637.2825477621068
D1,pilot_baseline,20260916,10,25522344.608799003,637.2649529959575
D1,pilot_baseline,20260916,11,25540302.797305122,636.2646187223376
D1,pilot_baseline,20260916,12,25571807.6013829,635.4107870308264
D1,pilot_baseline,20260916,13,25650113.52104336,633.8518833017393
D1,pilot_baseline,20260916,14,25663468.798091285,633.5185135999088
D1,pilot_baseline,20260916,15,25717183.312521294,633.1430247375855
D1,pilot_baseline,20260916,16,25718006.070057243,633.0375307892954
D1,pilot_baseline,20260916,17,25736936.43931471,632.6490733036276
D1,pilot_baseline,20260916,18,25765592.69604083,632.3343877563547
D1,pilot_baseline,20260916,19,25797096.581005905,631.8732107575103
D1,pilot_baseline,20260916,20,25811510.361707777,631.6745597730478
D1,pilot_baseline,20260916,21,25816374.419025227,630.7826301288442
D1,pilot_baseline,20260916,22,25905746.518740088,629.69900671479
D1,pilot_baseline,20260916,23,25924608.542887248,629.3197978621702
D1,pilot_baseline,20260916,24,25947417.79725011,629.2365391623985
D1,pilot_baseline,20260916,25,25996731.05548243,628.7209051914167
D1,pilot_baseline,20260916,26,26009368.47166175,627.5916912464411
D1,pilot_baseline,20260916,27,26110363.473348066,627.539911267944
D1,pilot_baseline,20260916,28,26135690.81098775,626.3434869371217
D1,pilot_baseline,20260916,29,26243222.46508418,625.6292437624636
D1,pilot_baseline,20260916,30,26336794.199422516,625.1349055846833
D1,pilot_baseline,20260917,1,25323906.030142374,647.6589865097285
D1,pilot_baseline,20260917,2,25375487.61541241,645.0838417311365
D1,pilot_baseline,20260917,3,25391473.664917167,643.3906671028036
D1,pilot_baseline,20260917,4,25404769.51977209,640.2249648172635
D1,pilot_baseline,20260917,5,25498640.030231208,640.0595849633328
D1,pilot_baseline,20260917,6,25516554.212096434,639.5410471987911
D1,pilot_baseline,20260917,7,25528186.753814027,638.8111544409797
D1,pilot_baseline,20260917,8,25542402.17899768,637.9651231772291
D1,pilot_baseline,20260917,9,25565563.709388882,637.4607628596923
D1,pilot_baseline,20260917,10,25597149.207072448,636.8364055246668
D1,pilot_baseline,20260917,11,25627381.82794508,636.0637542789007
D1,pilot_baseline,20260917,12,25663088.35708208,635.0466584065722
D1,pilot_baseline,20260917,13,25702296.356706318,634.8384811132414
D1,pilot_baseline,20260917,14,25714567.739497192,634.5672735505808
D1,pilot_baseline,20260917,15,25747522.014574062,634.4080424998729
D1,pilot_baseline,20260917,16,25771054.18199981,633.8233358203951
D1,pilot_baseline,20260917,17,25792427.518270683,633.3889759211851
D1,pilot_baseline,20260917,18,25801708.401400544,632.7519602096695
D1,pilot_baseline,20260917,19,25847626.903512876,632.595956505499
D1,pilot_baseline,20260917,20,25855665.263499256,631.2812110387557
D1,pilot_baseline,20260917,21,25897891.834741842,630.9002258573302
D1,pilot_baseline,20260917,22,25922747.97662566,630.4440181114427
D1,pilot_baseline,20260917,23,25959410.083832674,629.8362895683293
D1,pilot_baseline,20260917,24,26030425.935684327,628.6051507021965
D1,pilot_baseline,20260917,25,26079962.95358165,627.7587399617862
D1,pilot_baseline,20260917,26,26101308.66713637,627.6092645276401
D1,pilot_baseline,20260917,27,26110489.947020583,627.5597368300334
D1,pilot_baseline,20260917,28,26127025.00164085,626.9876315451799
D1,pilot_baseline,20260917,29,26246091.688902173,626.8386358562379
D1,pilot_baseline,20260917,30,26246575.41334154,624.7825049819822
D1,pilot_baseline,20260917,31,26269494.778895844,624.6304701063306
D1,pilot_baseline,20260917,32,26327717.399040814,623.1969666843478
D1,pilot_baseline,20260918,1,25439066.657839645,639.3375230372843
D1,pilot_baseline,20260918,2,25558934.30386637,638.5325325063026
D1,pilot_baseline,20260918,3,25594461.872836437,638.4979894290741
D1,pilot_baseline,20260918,4,25596497.341210578,638.4505540929713
D1,pilot_baseline,20260918,5,25613136.29110713,637.8237628906111
D1,pilot_baseline,20260918,6,25630325.812718693,637.3202236641132
D1,pilot_baseline,20260918,7,25650828.82046929,636.9066960741326
D1,pilot_baseline,20260918,8,25661582.70294674,636.3470151814324
D1,pilot_baseline,20260918,9,25667301.76259176,636.2655343544279
D1,pilot_baseline,20260918,10,25704283.983893923,635.8264195749649
D1,pilot_baseline,20260918,11,25744335.641109567,635.1069250972351
D1,pilot_baseline,20260918,12,25745140.047972485,633.4647765648988
D1,pilot_baseline,20260918,13,25771784.28088523,632.8437338498122
D1,pilot_baseline,20260918,14,25822068.03717313,632.512214415559
D1,pilot_baseline,20260918,15,25828637.26260522,631.911596594025
D1,pilot_baseline,20260918,16,25877573.539101206,630.4965625781168
D1,pilot_baseline,20260918,17,25924092.658719577,630.2150672080566
D1,pilot_baseline,20260918,18,25930539.174440317,629.9956976248351
D1,pilot_baseline,20260918,19,25955085.99376309,629.6935988784751
D1,pilot_baseline,20260918,20,25972443.247597925,629.0102841021884
D1,pilot_baseline,20260918,21,25979886.97572184,628.8298682597244
D1,pilot_baseline,20260918,22,25994488.173771095,628.6584582279866
D1,pilot_baseline,20260918,23,25999534.819486976,628.5935995301936
D1,pilot_baseline,20260918,24,26007851.464247253,628.5442031147404
D1,pilot_baseline,20260918,25,26040595.13521354,627.2256214737456
D1,pilot_baseline,20260918,26,26041799.34337699,626.9725586875247
D1,pilot_baseline,20260918,27,26076849.52134899,626.7197493737148
D1,pilot_baseline,20260918,28,26084420.891115505,626.5842386250191
D1,pilot_baseline,20260918,29,26103129.739972156,626.2342686064846
D1,pilot_baseline,20260918,30,26107609.59230003,626.1987733814216
D1,pilot_baseline,20260918,31,26110012.508305017,625.9429041982536
D1,pilot_baseline,20260918,32,26152026.33572184,625.6740433438995
D1,pilot_baseline,20260918,33,26152972.19443838,625.5234589117487
D1,pilot_baseline,20260918,34,26158028.77951523,625.0870866227893
D1,pilot_baseline,20260918,35,26193355.18357342,624.957173423683
D1,pilot_baseline,20260918,36,26228304.611324165,623.8556147986967
D1,pilot_baseline,20260918,37,26232525.467941087,623.8035699753569
D1,pilot_baseline,20260918,38,26247778.033877306,623.2193982297009
D1,pilot_baseline,20260918,39,26268673.190851644,622.8767365769627
D1,pilot_baseline,20260918,40,26329105.7553544,622.4414703722043
D1,pilot_baseline,20260918,41,26331248.578893136,622.1003244271112
D1,pilot_baseline,20260918,42,26563045.84895343,620.2759784168749
D1,pilot_baseline,20260919,1,25535165.286814276,639.0252421048277
D1,pilot_baseline,20260919,2,25546960.59438624,635.3437262823032
D1,pilot_baseline,20260919,3,25650402.99238624,633.8808350561414
D1,pilot_baseline,20260919,4,25664818.41504202,633.5147057557721
D1,pilot_baseline,20260919,5,25692118.8197834,631.4931516567245
D1,pilot_baseline,20260919,6,25720094.793925118,631.2203110411389
D1,pilot_baseline,20260919,7,25768595.227908093,630.9886691460429
D1,pilot_baseline,20260919,8,25787608.990992732,630.6391894535649
D1,pilot_baseline,20260919,9,25802339.734882653,630.2314664657414
D1,pilot_baseline,20260919,10,25803203.91030607,629.3660663701088
D1,pilot_baseline,20260919,11,25846232.231168162,629.0724324911059
D1,pilot_baseline,20260919,12,25857258.972807407,628.9213561793625
D1,pilot_baseline,20260919,13,25862706.932600424,628.9000338295732
D1,pilot_baseline,20260919,14,25869293.52808094,628.753567408335
D1,pilot_baseline,20260919,15,25886865.302254815,628.4312324491389
D1,pilot_baseline,20260919,16,25897557.139185477,628.3422799180878
D1,pilot_baseline,20260919,17,25903782.44236409,627.6840220810772
D1,pilot_baseline,20260919,18,25931529.082742684,627.5862004893377
D1,pilot_baseline,20260919,19,25947772.611799456,627.1956124114544
D1,pilot_baseline,20260919,20,25960495.03648061,627.1248792493246
D1,pilot_baseline,20260919,21,25960787.670548104,626.3455665972414
D1,pilot_baseline,20260919,22,25983177.346789252,626.3118013667607
D1,pilot_baseline,20260919,23,25997748.121965338,626.1687929646013
D1,pilot_baseline,20260919,24,25997923.600412298,626.0923877941717
D1,pilot_baseline,20260919,25,26012100.002830815,625.5983008306623
D1,pilot_baseline,20260919,26,26035957.91802891,625.3908509426325
D1,pilot_baseline,20260919,27,26047000.380012766,624.6409284071755
D1,pilot_baseline,20260919,28,26078454.04174026,624.6269236616813
D1,pilot_baseline,20260919,29,26088108.51695721,624.3071479515643
D1,pilot_baseline,20260919,30,26106149.48305315,624.1270090013602
D1,pilot_baseline,20260919,31,26141080.43551318,623.4929835591001
D1,pilot_baseline,20260919,32,26166187.815320842,622.7309224621099
D1,pilot_baseline,20260919,33,26181550.811070465,622.6004955759352
D1,pilot_baseline,20260919,34,26207714.111823913,622.1477503571793
D1,pilot_baseline,20260919,35,26230472.702329084,622.1421780482056
D1,pilot_baseline,20260919,36,26233073.149938818,621.8821146802418
D1,pilot_baseline,20260919,37,26286310.200127587,620.976794992271
D1,pilot_baseline,20260919,38,26309731.3301426,620.748467188563
D1,pilot_baseline,20260920,1,25320529.721365545,645.8130853199035
D1,pilot_baseline,20260920,2,25332519.41646077,644.9103283596188
D1,pilot_baseline,20260920,3,25352298.748791788,643.833496650026
D1,pilot_baseline,20260920,4,25412199.497721646,643.1880128443081
D1,pilot_baseline,20260920,5,25423608.098721597,641.6821138507967
D1,pilot_baseline,20260920,6,25445641.911983274,641.6302334484351
D1,pilot_baseline,20260920,7,25489041.783847872,641.4405167634861
D1,pilot_baseline,20260920,8,25514469.45828815,640.2310309596539
D1,pilot_baseline,20260920,9,25575607.25538219,636.291047996839
D1,pilot_baseline,20260920,10,25692357.69887235,635.0842473539492
D1,pilot_baseline,20260920,11,25780151.97525545,633.490879811863
D1,pilot_baseline,20260920,12,25806821.992924023,632.6645387852752
D1,pilot_baseline,20260920,13,25826099.320965346,632.427271601745
D1,pilot_baseline,20260920,14,25900750.792613868,632.4091046830546
D1,pilot_baseline,20260920,15,25929640.93410472,631.6311555096523
D1,pilot_baseline,20260920,16,25953421.447442275,631.5063439246078
D1,pilot_baseline,20260920,17,25957317.388629436,631.5040062651963
D1,pilot_baseline,20260920,18,25976291.169071414,630.4517895858581
D1,pilot_baseline,20260920,19,25988333.921152208,629.7247298762834
D1,pilot_baseline,20260920,20,26018999.156321924,629.1639335927192
D1,pilot_baseline,20260920,21,26060801.342539195,629.1390873390781
D1,pilot_baseline,20260920,22,26076491.44376612,628.8765171179325
D1,pilot_baseline,20260920,23,26094120.379449725,628.680821532335
D1,pilot_baseline,20260920,24,26147011.496369623,627.0311459777286
D1,pilot_baseline,20260920,25,26197294.065205578,627.0306930912741
D1,pilot_baseline,20260920,26,26226308.309078697,625.8715992701982
D1,pilot_baseline,20260920,27,26245128.654627725,625.4211348938
D1,pilot_baseline,20260920,28,26274734.536546204,625.3666378941573
D1,pilot_baseline,20260920,29,26311435.96192102,624.8572711702907
D1,pilot_baseline,20260920,30,26348491.81221562,623.3904813000314
D1,pilot_baseline,20260920,31,26363788.028747834,622.9831909866182
D1,pilot_baseline,20260920,32,26537995.489915565,622.3257658006755
D1,pilot_baseline,20260920,33,26548840.032395475,622.0569124172507
D1,pilot_baseline,20260920,34,26689559.690831885,620.4134857169181
D1,pilot_baseline,20260921,1,25593553.10810194,638.0505081964764
D1,pilot_baseline,20260921,2,25608253.86374567,636.7484177325744
D1,pilot_baseline,20260921,3,25628794.235229712,635.7745595911415
D1,pilot_baseline,20260921,4,25655815.778350126,634.8993021575341
D1,pilot_baseline,20260921,5,25666944.452787966,634.1095741866246
D1,pilot_baseline,20260921,6,25736312.01297158,633.7659902868346
D1,pilot_baseline,20260921,7,25739434.994592916,632.1827323206975
D1,pilot_baseline,20260921,8,25804923.526994612,631.2895189076404
D1,pilot_baseline,20260921,9,25813203.827997237,630.6436385568015
D1,pilot_baseline,20260921,10,25830181.644958813,630.524349971757
D1,pilot_baseline,20260921,11,25849550.61586979,630.2357676360147
D1,pilot_baseline,20260921,12,25861003.178373147,630.0089839635175
D1,pilot_baseline,20260921,13,25875569.362512104,629.8846809153739
D1,pilot_baseline,20260921,14,25897464.667531107,629.3945700279712
D1,pilot_baseline,20260921,15,25906021.2425329,628.9131871605873
D1,pilot_baseline,20260921,16,25933972.291087884,628.5888519244577
D1,pilot_baseline,20260921,17,25941050.575634014,628.5868087949868
D1,pilot_baseline,20260921,18,25956713.596557315,628.3993163773151
D1,pilot_baseline,20260921,19,25980913.383698553,628.1911941904326
D1,pilot_baseline,20260921,20,25995095.619312186,628.1765193378457
D1,pilot_baseline,20260921,21,26009338.731947154,627.3788120201377
D1,pilot_baseline,20260921,22,26025924.225117084,626.5123835681596
D1,pilot_baseline,20260921,23,26044717.361427817,625.5199432816236
D1,pilot_baseline,20260921,24,26133603.879982315,624.6869084553487
D1,pilot_baseline,20260921,25,26164826.763605215,624.6103503495652
D1,pilot_baseline,20260921,26,26204518.59734997,623.7987060838724
D1,pilot_baseline,20260921,27,26258167.194258075,623.3058198912405
D1,pilot_baseline,20260921,28,26293162.159019753,622.5504277446438
D1,pilot_baseline,20260921,29,26331465.630615726,621.7266284343323
D1,pilot_baseline,20260921,30,26494158.176261406,621.2529400389718
D1,pilot_baseline,20260922,1,25234968.73262493,646.3661740568311
D1,pilot_baseline,20260922,2,25261301.582684394,644.4500570632828
D1,pilot_baseline,20260922,3,25271558.0072847,644.43196121641
D1,pilot_baseline,20260922,4,25288130.753308605,643.8578211937521
D1,pilot_baseline,20260922,5,25325907.264441237,642.9316730449799
D1,pilot_baseline,20260922,6,25361306.253043223,641.5725605967763
D1,pilot_baseline,20260922,7,25372255.74201613,641.5387006620809
D1,pilot_baseline,20260922,8,25372845.81259229,641.2002728805272
D1,pilot_baseline,20260922,9,25399918.821736563,640.9609736899863
D1,pilot_baseline,20260922,10,25414462.350720644,640.4134645846144
D1,pilot_baseline,20260922,11,25434978.38237117,640.4055404332452
D1,pilot_baseline,20260922,12,25446087.66366829,639.8281161736116
D1,pilot_baseline,20260922,13,25475905.103421595,639.5201555423287
D1,pilot_baseline,20260922,14,25478585.273914915,639.1004382000049
D1,pilot_baseline,20260922,15,25481531.804213863,639.0690560616704
D1,pilot_baseline,20260922,16,25519644.105008274,638.6416288992422
D1,pilot_baseline,20260922,17,25526637.31727602,638.4392355990365
D1,pilot_baseline,20260922,18,25544873.55917215,638.4070375748461
D1,pilot_baseline,20260922,19,25547779.639786232,638.1059255239098
D1,pilot_baseline,20260922,20,25574456.68314259,638.0623928877088
D1,pilot_baseline,20260922,21,25599455.982145075,636.2994755233669
D1,pilot_baseline,20260922,22,25654769.91902031,636.089988525972
D1,pilot_baseline,20260922,23,25689612.605071347,635.9929799291992
D1,pilot_baseline,20260922,24,25689671.58035521,635.9209864338617
D1,pilot_baseline,20260922,25,25689844.059368063,635.5096030450328
D1,pilot_baseline,20260922,26,25699626.73537154,635.065138317055
D1,pilot_baseline,20260922,27,25707735.800777867,634.5026871604183
D1,pilot_baseline,20260922,28,25750524.982042313,633.321772225644
D1,pilot_baseline,20260922,29,25805505.32891177,632.5973409201738
D1,pilot_baseline,20260922,30,25859650.87345287,632.2962030184791
D1,pilot_baseline,20260922,31,25877269.61606455,632.2210659844135
D1,pilot_baseline,20260922,32,25901553.037306122,631.2246748509215
D1,pilot_baseline,20260922,33,25931141.660602458,630.845631793723
D1,pilot_baseline,20260922,34,25935233.45337409,630.8250630943546
D1,pilot_baseline,20260922,35,25959995.180544812,629.8998549025188
D1,pilot_baseline,20260922,36,25991772.160231166,629.5038370542268
D1,pilot_baseline,20260922,37,26049983.838110983,629.3449586888821
D1,pilot_baseline,20260922,38,26056233.71415843,628.9827245046368
D1,pilot_baseline,20260922,39,26077144.59469715,628.2787860268077
D1,pilot_baseline,20260922,40,26145262.28143644,627.481665638027
D1,pilot_baseline,20260922,41,26287791.88504662,626.4514838209875
D1,pilot_baseline,20260922,42,26388456.584783763,625.1420091598114
D1,pilot_baseline,20260923,1,25183901.81765151,644.1530559632971
D1,pilot_baseline,20260923,2,25195300.396754384,644.1155008779716
D1,pilot_baseline,20260923,3,25247070.940768193,643.639920359932
D1,pilot_baseline,20260923,4,25247663.655500207,643.0382410463534
D1,pilot_baseline,20260923,5,25257251.47692852,642.9033025053299
D1,pilot_baseline,20260923,6,25270126.254086334,642.1747869184802
D1,pilot_baseline,20260923,7,25272264.993002344,641.7452312468929
D1,pilot_baseline,20260923,8,25277326.945285127,641.7284499374732
D1,pilot_baseline,20260923,9,25311754.94752618,641.5863436240427
D1,pilot_baseline,20260923,10,25313615.41520862,641.4088422638623
D1,pilot_baseline,20260923,11,25319476.461015645,641.1051390451919
D1,pilot_baseline,20260923,12,25338491.64143267,640.4831173217914
D1,pilot_baseline,20260923,13,25366989.55077805,640.4649999323547
D1,pilot_baseline,20260923,14,25371248.326776683,640.3076483193449
D1,pilot_baseline,20260923,15,25394178.891545177,639.8844047045123
D1,pilot_baseline,20260923,16,25399658.85810671,639.8058393081258
D1,pilot_baseline,20260923,17,25425886.441648453,639.4157591319025
D1,pilot_baseline,20260923,18,25441037.2788487,638.7448377666641
D1,pilot_baseline,20260923,19,25448803.743347812,638.6995722912586
D1,pilot_baseline,20260923,20,25459145.798376635,638.6502269276473
D1,pilot_baseline,20260923,21,25470212.05162327,638.1139823059827
D1,pilot_baseline,20260923,22,25479129.73513795,637.2596558564484
D1,pilot_baseline,20260923,23,25499179.74770753,637.2594746574058
D1,pilot_baseline,20260923,24,25524103.32804938,636.8878704415046
D1,pilot_baseline,20260923,25,25535844.373741806,636.4673320647407
D1,pilot_baseline,20260923,26,25553742.421773266,636.3032915742285
D1,pilot_baseline,20260923,27,25562167.98731805,635.2176798272276
D1,pilot_baseline,20260923,28,25649033.299818426,634.637021845826
D1,pilot_baseline,20260923,29,25690785.76470841,634.451161061759
D1,pilot_baseline,20260923,30,25696342.688447468,634.2740036360308
D1,pilot_baseline,20260923,31,25701005.000392918,633.3388967913046
D1,pilot_baseline,20260923,32,25726748.207111396,633.0866912656778
D1,pilot_baseline,20260923,33,25744577.58454062,633.0636842159666
D1,pilot_baseline,20260923,34,25756433.7863972,633.0149140999097
D1,pilot_baseline,20260923,35,25804775.60843015,632.773194535449
D1,pilot_baseline,20260923,36,25808830.71779076,632.1662053839483
D1,pilot_baseline,20260923,37,25822143.727572806,631.4532431111815
D1,pilot_baseline,20260923,38,25853919.86830888,630.4054938741673
D1,pilot_baseline,20260923,39,26038047.67176661,629.1674619902507
D1,pilot_baseline,20260923,40,26100336.483825278,627.507329158215
D1,pilot_baseline,20260924,1,25394621.600913357,643.3684031560016
D1,pilot_baseline,20260924,2,25402504.593428686,642.3430440283615
D1,pilot_baseline,20260924,3,25477160.74681939,641.2396351517569
D1,pilot_baseline,20260924,4,25519860.842778966,638.7014453758611
D1,pilot_baseline,20260924,5,25570305.213174373,637.38838809404
D1,pilot_baseline,20260924,6,25578002.982373152,637.012345923545
D1,pilot_baseline,20260924,7,25621400.735943433,635.9872563248358
D1,pilot_baseline,20260924,8,25628311.57278793,635.9699909154806
D1,pilot_baseline,20260924,9,25649345.49532244,635.4824238773416
D1,pilot_baseline,20260924,10,25651359.412305374,634.4137233504348
D1,pilot_baseline,20260924,11,25667216.377880264,633.23236239796
D1,pilot_baseline,20260924,12,25787480.480191648,633.0424533973567
D1,pilot_baseline,20260924,13,25789759.229910176,632.9952041944279
D1,pilot_baseline,20260924,14,25798058.8077736,632.4111945371626
D1,pilot_baseline,20260924,15,25819146.07020503,632.2818186384354
D1,pilot_baseline,20260924,16,25851027.30308785,631.923740976876
D1,pilot_baseline,20260924,17,25856955.127591662,631.5050906828717
D1,pilot_baseline,20260924,18,25866816.45957945,631.2325261514387
D1,pilot_baseline,20260924,19,25880095.68104978,629.9396656359679
D1,pilot_baseline,20260924,20,25935726.31772592,629.4264668666765
D1,pilot_baseline,20260924,21,25937837.502456956,629.2646538842492
D1,pilot_baseline,20260924,22,25949437.21079511,628.8939724740341
D1,pilot_baseline,20260924,23,25960397.976188622,628.4344310075724
D1,pilot_baseline,20260924,24,26022561.642365273,627.5930846739038
D1,pilot_baseline,20260924,25,26055592.542292733,627.3863733394069
D1,pilot_baseline,20260924,26,26068156.539118186,627.3025330665939
D1,pilot_baseline,20260924,27,26081106.899012733,625.891488411863
D1,pilot_baseline,20260924,28,26170637.58194855,625.6568461625299
D1,pilot_baseline,20260924,29,26196762.395157773,624.9657742464981
D1,pilot_baseline,20260924,30,26223546.20094115,624.669063521113
D1,pilot_baseline,20260924,31,26301989.451168556,624.1858127790252
D1,pilot_baseline,20260924,32,26425114.487613235,622.6056029608883
D1,pilot_baseline,20260924,33,26438568.814116746,622.4143702737733
D1,pilot_baseline,20260925,1,25475960.521740958,636.8898286244781
D1,pilot_baseline,20260925,2,25509846.903514605,636.0346836885634
D1,pilot_baseline,20260925,3,25656594.5173773,634.916180038541
D1,pilot_baseline,20260925,4,25663112.98227913,634.5386977891881
D1,pilot_baseline,20260925,5,25689670.673209067,633.3042187539322
D1,pilot_baseline,20260925,6,25752228.694571134,633.1753809039622
D1,pilot_baseline,20260925,7,25787468.345811248,631.1092875184271
D1,pilot_baseline,20260925,8,25845139.259729378,631.0809644336053
D1,pilot_baseline,20260925,9,25848205.049712684,631.079328440737
D1,pilot_baseline,20260925,10,25852911.269922465,629.8664686607788
D1,pilot_baseline,20260925,11,25876779.566169858,629.4752171481899
D1,pilot_baseline,20260925,12,25931064.0386568,628.0637893153105
D1,pilot_baseline,20260925,13,25975475.912166137,627.6806676844184
D1,pilot_baseline,20260925,14,26005328.419173308,627.5548781060321
D1,pilot_baseline,20260925,15,26014196.35949434,626.8437698488551
D1,pilot_baseline,20260925,16,26034479.761337467,626.7666502890861
D1,pilot_baseline,20260925,17,26039459.963232927,626.6519074763096
D1,pilot_baseline,20260925,18,26064574.664573647,626.0909052500132
D1,pilot_baseline,20260925,19,26076034.232504383,626.0480586733406
D1,pilot_baseline,20260925,20,26079200.548070394,625.8867643146722
D1,pilot_baseline,20260925,21,26079230.74352991,625.8700371685536
D1,pilot_baseline,20260925,22,26099387.80083846,625.3861936027852
D1,pilot_baseline,20260925,23,26115635.47876587,625.0336409457065
D1,pilot_baseline,20260925,24,26181561.9512034,624.0764708813913
D1,pilot_baseline,20260925,25,26203887.159399107,623.7535194615406
D1,pilot_baseline,20260925,26,26210870.582578044,623.7299525954143
D1,pilot_baseline,20260925,27,26222571.314852472,623.6546396756605
D1,pilot_baseline,20260925,28,26227436.36457129,622.9422774610679
D1,pilot_baseline,20260925,29,26263266.61698149,622.2918215456365
D1,pilot_baseline,20260925,30,26326037.801424354,621.7441651433633
D1,pilot_baseline,20260925,31,26368960.530778196,621.4155184502372
D1,pilot_baseline,20260925,32,26372686.286862228,620.773580174368
D1,pilot_baseline,20260925,33,26389990.185705308,620.6939774268258
D1,pilot_baseline,20260925,34,26398415.777893074,620.4481500402061
D1,pilot_baseline,20260925,35,26412051.673197955,619.9291129020464
D1,pilot_baseline,20260926,1,25366926.301028013,640.8583903634482
D1,pilot_baseline,20260926,2,25432791.27313407,638.2414929595327
D1,pilot_baseline,20260926,3,25461253.148537613,637.6781308795967
D1,pilot_baseline,20260926,4,25477108.9769142,636.5382900550981
D1,pilot_baseline,20260926,5,25553824.702285953,636.1988759094163
D1,pilot_baseline,20260926,6,25557408.376786586,635.9034203434461
D1,pilot_baseline,20260926,7,25586809.816567097,635.0672353120714
D1,pilot_baseline,20260926,8,25617679.761354025,634.6036882851121
D1,pilot_baseline,20260926,9,25636559.929083187,633.8874669051602
D1,pilot_baseline,20260926,10,25724570.651664708,632.7746494386706
D1,pilot_baseline,20260926,11,25745206.033248894,631.7367544008049
D1,pilot_baseline,20260926,12,25788303.655771594,631.0844034613224
D1,pilot_baseline,20260926,13,25825544.765328005,630.1900814138913
D1,pilot_baseline,20260926,14,25858761.600235432,629.6754215243017
D1,pilot_baseline,20260926,15,25892381.25552608,628.5728736299801
D1,pilot_baseline,20260926,16,25964852.668052573,628.3161304370599
D1,pilot_baseline,20260926,17,25970535.39905631,628.1470907957598
D1,pilot_baseline,20260926,18,25974518.573540967,627.9846595878342
D1,pilot_baseline,20260926,19,26026956.54241488,627.0396238052468
D1,pilot_baseline,20260926,20,26059103.338793237,626.402628017496
D1,pilot_baseline,20260926,21,26089314.173237134,625.9447778437981
D1,pilot_baseline,20260926,22,26121391.496080235,625.771061622611
D1,pilot_baseline,20260926,23,26146241.54454614,625.5110925191758
D1,pilot_baseline,20260926,24,26165056.403478593,625.1414514282725
D1,pilot_baseline,20260926,25,26168437.19112799,624.7294940689799
D1,pilot_baseline,20260926,26,26196764.133969158,624.2357278165274
D1,pilot_baseline,20260926,27,26232007.031190492,623.9923343122362
D1,pilot_baseline,20260926,28,26264896.493192837,623.2562291041393
D1,pilot_baseline,20260926,29,26272685.212261524,622.6326844882426
D1,pilot_baseline,20260926,30,26367535.15252536,621.55561392907
D1,pilot_baseline,20260926,31,26461175.860475134,620.9698082921404
D1,pilot_baseline,20260926,32,26462131.13778864,620.8968614879144
D1,pilot_baseline,20260926,33,26511504.159440715,619.8972063148808
D1,pilot_baseline,20260926,34,26544374.394544657,619.7029206277575
D1,pilot_baseline,20260926,35,26572819.40866806,619.242945797227
D1,pilot_baseline,20260926,36,26607549.524446946,618.824875091831
D1,pilot_baseline,20260926,37,26737960.914852448,618.5277925788452
D1,pilot_baseline,20260926,38,26744999.85748614,617.7039590188061
D1,pilot_baseline,20260927,1,25328678.692612767,640.8225102107075
D1,pilot_baseline,20260927,2,25345231.80292813,639.858329336382
D1,pilot_baseline,20260927,3,25357024.18507221,639.1538463778824
D1,pilot_baseline,20260927,4,25372722.242728848,638.7131823137445
D1,pilot_baseline,20260927,5,25432997.633851934,638.4877312115462
D1,pilot_baseline,20260927,6,25445635.25113614,637.2454267380139
D1,pilot_baseline,20260927,7,25498888.558210626,636.9213929810047
D1,pilot_baseline,20260927,8,25552148.403075933,635.0599822482977
D1,pilot_baseline,20260927,9,25582181.001656357,634.7483609093964
D1,pilot_baseline,20260927,10,25608496.09698758,634.605315045759
D1,pilot_baseline,20260927,11,25616337.336233795,634.5692913692125
D1,pilot_baseline,20260927,12,25619704.380212445,633.305472433005
D1,pilot_baseline,20260927,13,25647730.228882376,633.1437177136983
D1,pilot_baseline,20260927,14,25662951.233464547,632.9639054989043
D1,pilot_baseline,20260927,15,25693831.88428696,632.7544752046412
D1,pilot_baseline,20260927,16,25699491.776779197,631.5810336127153
D1,pilot_baseline,20260927,17,25753808.723733537,630.4456270403969
D1,pilot_baseline,20260927,18,25784054.978321053,630.3424861200963
D1,pilot_baseline,20260927,19,25800303.300344165,629.6261588855657
D1,pilot_baseline,20260927,20,25861969.193790667,629.0191942395774
D1,pilot_baseline,20260927,21,25874523.312749244,627.7748981606636
D1,pilot_baseline,20260927,22,25956432.29926929,627.3362869644875
D1,pilot_baseline,20260927,23,25962097.664023798,627.1412745458033
D1,pilot_baseline,20260927,24,25966712.930857,626.4500721604938
D1,pilot_baseline,20260927,25,26001529.756005846,626.3685114645535
D1,pilot_baseline,20260927,26,26013785.19261052,626.3608266875545
D1,pilot_baseline,20260927,27,26030883.03599652,625.8666923794202
D1,pilot_baseline,20260927,28,26041528.754809827,625.1327766265262
D1,pilot_baseline,20260927,29,26083646.222019594,624.882694819157
D1,pilot_baseline,20260927,30,26214629.74176576,623.8893318601287
D1,pilot_baseline,20260928,1,25577762.70665097,639.2288933216088
D1,pilot_baseline,20260928,2,25583894.228163898,638.3076330627866
D1,pilot_baseline,20260928,3,25648020.329842288,637.6941829758398
D1,pilot_baseline,20260928,4,25673231.301821895,636.7398462413556
D1,pilot_baseline,20260928,5,25714125.697645172,635.8991542013056
D1,pilot_baseline,20260928,6,25721887.27785899,635.6320438454594
D1,pilot_baseline,20260928,7,25739409.54261229,635.5602130436196
D1,pilot_baseline,20260928,8,25764198.346406624,634.9474890978669
D1,pilot_baseline,20260928,9,25798567.18054871,634.3972521574693
D1,pilot_baseline,20260928,10,25835740.158097886,634.0681147041566
D1,pilot_baseline,20260928,11,25842178.075727604,633.1388620676132
D1,pilot_baseline,20260928,12,25858128.052416105,632.7735801241661
D1,pilot_baseline,20260928,13,25967034.402072825,631.2845156553177
D1,pilot_baseline,20260928,14,25993227.165409602,630.7514559760937
D1,pilot_baseline,20260928,15,26023221.340667732,630.2867194119673
D1,pilot_baseline,20260928,16,26026694.437033184,629.8475582136952
D1,pilot_baseline,20260928,17,26042344.293522384,629.6333417331493
D1,pilot_baseline,20260928,18,26064792.251950283,629.4308923348746
D1,pilot_baseline,20260928,19,26080684.319279846,628.9673681792716
D1,pilot_baseline,20260928,20,26113701.400057245,628.4764132054379
D1,pilot_baseline,20260928,21,26150806.679311994,628.0686251132005
D1,pilot_baseline,20260928,22,26158755.90333514,627.2034942636557
D1,pilot_baseline,20260928,23,26235055.86839437,626.9294800896992
D1,pilot_baseline,20260928,24,26278177.68498942,626.0312424363452
D1,pilot_baseline,20260928,25,26337529.10130518,625.9670474951944
D1,pilot_baseline,20260928,26,26360957.09697042,625.5643886070394
D1,pilot_baseline,20260928,27,26368214.71058622,624.2330823192063
D1,pilot_baseline,20260928,28,26413854.644569535,623.2855024274461
D1,pilot_baseline,20260929,1,25191742.798955087,646.6681598705802
D1,pilot_baseline,20260929,2,25260773.855420917,643.7558160522327
D1,pilot_baseline,20260929,3,25291848.962923996,642.3633874071581
D1,pilot_baseline,20260929,4,25306294.563429154,642.1654557957394
D1,pilot_baseline,20260929,5,25321526.578455985,641.3646906289632
D1,pilot_baseline,20260929,6,25336870.723020878,641.320675105913
D1,pilot_baseline,20260929,7,25345797.541058134,640.2949206553566
D1,pilot_baseline,20260929,8,25379013.47321479,640.2620136200128
D1,pilot_baseline,20260929,9,25389973.85173387,640.0947714513236
D1,pilot_baseline,20260929,10,25393566.048265442,639.9904394681334
D1,pilot_baseline,20260929,11,25407977.538516957,639.8621723181644
D1,pilot_baseline,20260929,12,25412223.029900502,639.1776755855877
D1,pilot_baseline,20260929,13,25453359.54628005,637.9722725800525
D1,pilot_baseline,20260929,14,25470577.218195807,637.9650369094794
D1,pilot_baseline,20260929,15,25489886.459888253,637.7513695346538
D1,pilot_baseline,20260929,16,25515081.037037347,637.6704364752785
D1,pilot_baseline,20260929,17,25519262.53028733,637.2782475306798
D1,pilot_baseline,20260929,18,25537241.538565822,637.0917655910258
D1,pilot_baseline,20260929,19,25548727.31141238,636.0136633024076
D1,pilot_baseline,20260929,20,25587761.896878153,635.614137716042
D1,pilot_baseline,20260929,21,25588016.540015418,635.6114028981414
D1,pilot_baseline,20260929,22,25620070.871657822,634.7274723343648
D1,pilot_baseline,20260929,23,25649141.771141205,633.1719161877047
D1,pilot_baseline,20260929,24,25750141.717360377,631.3202876770873
D1,pilot_baseline,20260929,25,25806930.663967397,631.039787094751
D1,pilot_baseline,20260929,26,25834668.670127247,630.5608311271773
D1,pilot_baseline,20260929,27,25848098.114121735,630.4108639716671
D1,pilot_baseline,20260929,28,25868877.154735297,630.373260176659
D1,pilot_baseline,20260929,29,25876403.432297383,629.9798207316286
D1,pilot_baseline,20260929,30,25889564.317678187,629.8572118142241
D1,pilot_baseline,20260929,31,25907861.271361466,629.8416539505562
D1,pilot_baseline,20260929,32,25925486.037942253,629.0431625787012
D1,pilot_baseline,20260929,33,25956701.177537058,628.873470107427
D1,pilot_baseline,20260930,1,25564523.014464915,638.1160581766995
D1,pilot_baseline,20260930,2,25615742.096453585,637.0637937243298
D1,pilot_baseline,20260930,3,25697265.994698767,635.670755760856
D1,pilot_baseline,20260930,4,25778747.266356777,634.602959628247
D1,pilot_baseline,20260930,5,25793948.019377235,633.8934771682575
D1,pilot_baseline,20260930,6,25834147.509690255,633.5450966208499
D1,pilot_baseline,20260930,7,25871792.778281685,632.4836052988177
D1,pilot_baseline,20260930,8,25937366.393669777,632.2126174276211
D1,pilot_baseline,20260930,9,25945902.78503243,632.1771912684811
D1,pilot_baseline,20260930,10,25971176.36448593,631.430163650698
D1,pilot_baseline,20260930,11,26003340.489189845,631.1242564997569
D1,pilot_baseline,20260930,12,26015013.3286985,631.1049126404002
D1,pilot_baseline,20260930,13,26048563.038515642,631.0446258653079
D1,pilot_baseline,20260930,14,26049624.835114196,630.5426428243802
D1,pilot_baseline,20260930,15,26074002.773670677,630.3797204254286
D1,pilot_baseline,20260930,16,26084066.445916083,628.0984453112729
D1,pilot_baseline,20260930,17,26167919.79816241,627.6828344533781
D1,pilot_baseline,20260930,18,26180240.80322816,627.2426272409505
D1,pilot_baseline,20260930,19,26199788.594974376,627.0721719040413
D1,pilot_baseline,20260930,20,26209438.379032902,626.9218322809327
D1,pilot_baseline,20260930,21,26216620.255340166,626.5955464501361
D1,pilot_baseline,20260930,22,26244872.741652146,626.372125519224
D1,pilot_baseline,20260930,23,26313550.829597153,626.2666553763507
D1,pilot_baseline,20260930,24,26346708.26947063,625.0963108684484
D1,pilot_baseline,20260930,25,26349763.915273104,625.0953548596742
D1,pilot_baseline,20260930,26,26353277.04003566,624.2828278627807
D1,pilot_baseline,20260930,27,26415425.684040315,624.1604563890671
D1,pilot_baseline,20260930,28,26454098.234764278,623.4270092929619
D1,pilot_baseline,20260930,29,26461595.78413248,623.2558819284242
D1,pilot_baseline,20260930,30,26498495.25319767,622.4087870922739
D1,pilot_baseline,20260930,31,26855577.960465163,620.6624744076898
D1,pilot_baseline,20260931,1,25217481.649182767,644.8518486671293
D1,pilot_baseline,20260931,2,25224292.780971788,643.5283194704546
D1,pilot_baseline,20260931,3,25271195.60166781,642.3714511100861
D1,pilot_baseline,20260931,4,25331034.518151656,641.2497420862205
D1,pilot_baseline,20260931,5,25336398.797592327,641.0256415974993
D1,pilot_baseline,20260931,6,25365058.734810013,639.6478610396282
D1,pilot_baseline,20260931,7,25395509.812541317,639.341062464337
D1,pilot_baseline,20260931,8,25420910.062527973,638.1662968063333
D1,pilot_baseline,20260931,9,25445093.531817906,637.7422087246957
D1,pilot_baseline,20260931,10,25502823.944204208,637.2209149692378
D1,pilot_baseline,20260931,11,25514033.02465913,636.6516185786451
D1,pilot_baseline,20260931,12,25517414.04448134,636.3796960547265
D1,pilot_baseline,20260931,13,25563787.980620436,635.1187790101736
D1,pilot_baseline,20260931,14,25600614.299221657,634.8789600010391
D1,pilot_baseline,20260931,15,25606577.4271227,634.3156527025691
D1,pilot_baseline,20260931,16,25661294.140487995,633.7232488684609
D1,pilot_baseline,20260931,17,25680464.184339054,632.5139277166393
D1,pilot_baseline,20260931,18,25727877.990879137,632.351451099611
D1,pilot_baseline,20260931,19,25735384.799906638,631.5223809223507
D1,pilot_baseline,20260931,20,25775286.113860894,631.1054044598267
D1,pilot_baseline,20260931,21,25780206.667602915,631.0067873646636
D1,pilot_baseline,20260931,22,25806591.992000245,630.9790128085674
D1,pilot_baseline,20260931,23,25840555.758293703,630.3712911688114
D1,pilot_baseline,20260931,24,25876131.868821017,629.6651898676179
D1,pilot_baseline,20260931,25,25888057.231684893,629.6588180135126
D1,pilot_baseline,20260931,26,25907031.327534214,628.3091076231975
D1,pilot_baseline,20260931,27,25925070.24855057,628.2760986120314
D1,pilot_baseline,20260931,28,25977277.571877703,627.9046698621706
D1,pilot_baseline,20260931,29,25988942.227367606,627.1959683585279
D1,pilot_baseline,20260931,30,26039110.4527892,626.4226177767099
D1,pilot_baseline,20260932,1,25221481.169953357,642.4337207184383
D1,pilot_baseline,20260932,2,25276929.882421024,641.6546110469192
D1,pilot_baseline,20260932,3,25313310.103698507,638.1804410406907
D1,pilot_baseline,20260932,4,25381113.971172906,637.462174937037
D1,pilot_baseline,20260932,5,25412277.976145215,637.3194423787354
D1,pilot_baseline,20260932,6,25412552.53586355,636.2742574455212
D1,pilot_baseline,20260932,7,25487990.91266626,635.4987189178859
D1,pilot_baseline,20260932,8,25546193.23518686,634.8606509432127
D1,pilot_baseline,20260932,9,25549003.199095216,634.7094351613022
D1,pilot_baseline,20260932,10,25567415.52840977,634.2834865220427
D1,pilot_baseline,20260932,11,25571105.24786311,634.0019876096361
D1,pilot_baseline,20260932,12,25588168.39353081,633.7394485510819
D1,pilot_baseline,20260932,13,25630303.21725872,633.1538114376112
D1,pilot_baseline,20260932,14,25645354.423819527,633.1086327919894
D1,pilot_baseline,20260932,15,25650651.972384043,632.7526737019109
D1,pilot_baseline,20260932,16,25651239.058656085,632.613441472862
D1,pilot_baseline,20260932,17,25663193.9963302,632.3481515333553
D1,pilot_baseline,20260932,18,25689245.819080215,632.1039281575665
D1,pilot_baseline,20260932,19,25708388.335972656,631.2622761535116
D1,pilot_baseline,20260932,20,25716731.660818268,631.1504687416709
D1,pilot_baseline,20260932,21,25721284.12020118,630.8132637265082
D1,pilot_baseline,20260932,22,25759881.81206547,630.7190080183216
D1,pilot_baseline,20260932,23,25782069.58653237,629.0165537528575
D1,pilot_baseline,20260932,24,25784411.552524347,628.929771282216
D1,pilot_baseline,20260932,25,25850159.04732197,628.6040771836915
D1,pilot_baseline,20260932,26,25896421.894936528,628.0502968251626
D1,pilot_baseline,20260932,27,25978071.889775064,626.0830615249329
D1,pilot_baseline,20260932,28,26159016.401727483,625.3734260052327
D1,pilot_baseline,20260932,29,26250909.084836513,625.3548305169752
D1,pilot_baseline,20260932,30,26473664.384831097,624.4256273744387
D1,pilot_baseline,20260933,1,25177392.60003796,645.9118055369357
D1,pilot_baseline,20260933,2,25213844.15011067,643.8694508795252
D1,pilot_baseline,20260933,3,25260978.28291325,643.6407961743145
D1,pilot_baseline,20260933,4,25282567.015662335,642.2266275959652
D1,pilot_baseline,20260933,5,25325169.534874536,641.1265300434125
D1,pilot_baseline,20260933,6,25381163.187927205,641.1185312515055
D1,pilot_baseline,20260933,7,25393557.945906878,641.0079798258903
D1,pilot_baseline,20260933,8,25398902.077305257,639.486067821607
D1,pilot_baseline,20260933,9,25404470.447334588,639.1575271437841
D1,pilot_baseline,20260933,10,25443313.00579809,638.5756466734504
D1,pilot_baseline,20260933,11,25471303.516407475,637.2306923947283
D1,pilot_baseline,20260933,12,25510445.029246762,636.4001747011883
D1,pilot_baseline,20260933,13,25556579.1629821,636.0561241214742
D1,pilot_baseline,20260933,14,25584685.32007614,635.678115894723
D1,pilot_baseline,20260933,15,25590440.608560033,635.5306007368114
D1,pilot_baseline,20260933,16,25603709.32639545,634.7785945405763
D1,pilot_baseline,20260933,17,25630600.203694157,634.7397906376283
D1,pilot_baseline,20260933,18,25644132.52033402,634.3474131917777
D1,pilot_baseline,20260933,19,25661506.240786877,634.0688130902723
D1,pilot_baseline,20260933,20,25666586.71492515,633.3273107447832
D1,pilot_baseline,20260933,21,25668093.349031176,633.2911466254044
D1,pilot_baseline,20260933,22,25686183.580508936,632.7298983362402
D1,pilot_baseline,20260933,23,25729071.281443547,631.2950710923118
D1,pilot_baseline,20260933,24,25759468.54328873,631.0582086528208
D1,pilot_baseline,20260933,25,25822637.017794475,630.7902310942475
D1,pilot_baseline,20260933,26,25829818.46520852,630.7212747174742
D1,pilot_baseline,20260933,27,25834072.81940153,630.2088211779542
D1,pilot_baseline,20260933,28,25845355.09828648,630.109740943813
D1,pilot_baseline,20260933,29,25856150.445219096,629.5842602687388
D1,pilot_baseline,20260933,30,25868954.281179726,629.551112416654
D1,pilot_baseline,20260933,31,25892975.03782466,628.5720807203139
D1,pilot_baseline,20260933,32,25899554.194757767,628.3977893981352
D1,pilot_baseline,20260933,33,25963628.089064624,627.9180034474782
D1,pilot_baseline,20260933,34,25978326.332716227,627.9041207739822
D1,pilot_baseline,20260933,35,25990111.542146407,627.742713962587
D1,pilot_baseline,20260933,36,26007990.115360204,627.62392696558
D1,pilot_baseline,20260933,37,26076377.462591603,627.4405759733177
D1,pilot_baseline,20260933,38,26086007.789581113,627.4013499136591
D1,pilot_baseline,20260933,39,26110141.713889554,627.3463708448324
D1,pilot_baseline,20260933,40,26125370.525435567,627.2195766268801
D1,pilot_baseline,20260933,41,26158280.966459066,627.1490287112258
D1,pilot_baseline,20260933,42,26237550.150719654,626.8240724828619
D1,pilot_baseline,20260933,43,26261026.103434805,626.8107717035168
D1,pilot_baseline,20260933,44,26350492.92539215,625.6500334808647
D1,pilot_baseline,20260934,1,25345585.86754619,644.4734970906119
D1,pilot_baseline,20260934,2,25379130.213189896,644.2009238098219
D1,pilot_baseline,20260934,3,25425549.78334832,641.9707208623475
D1,pilot_baseline,20260934,4,25455837.452732,640.6449675172898
D1,pilot_baseline,20260934,5,25457824.023377683,640.4828542316815
D1,pilot_baseline,20260934,6,25479744.567736644,639.5395851464868
D1,pilot_baseline,20260934,7,25505206.419391442,639.4168643876649
D1,pilot_baseline,20260934,8,25513474.990027823,639.2352442880405
D1,pilot_baseline,20260934,9,25523994.34258501,639.1265827275628
D1,pilot_baseline,20260934,10,25524870.612030175,639.0371238067637
D1,pilot_baseline,20260934,11,25537217.37280098,638.3911126508151
D1,pilot_baseline,20260934,12,25543607.722376596,637.9548193328919
D1,pilot_baseline,20260934,13,25573728.26322246,636.9956834022474
D1,pilot_baseline,20260934,14,25610374.42241405,636.7042397035425
D1,pilot_baseline,20260934,15,25624949.35700274,636.7027801689233
D1,pilot_baseline,20260934,16,25625167.05221741,636.2894474091867
D1,pilot_baseline,20260934,17,25626094.473673463,635.2497768868357
D1,pilot_baseline,20260934,18,25636834.447769627,634.7675929229692
D1,pilot_baseline,20260934,19,25691233.115121804,634.6463104299278
D1,pilot_baseline,20260934,20,25712602.47131315,634.5983231956645
D1,pilot_baseline,20260934,21,25718485.052928906,634.446882760164
D1,pilot_baseline,20260934,22,25734761.00836848,633.1330132449663
D1,pilot_baseline,20260934,23,25785954.2690688,632.2613417621386
D1,pilot_baseline,20260934,24,25828320.029967394,632.0076201921494
D1,pilot_baseline,20260934,25,25875695.653940625,631.712606244226
D1,pilot_baseline,20260934,26,25876908.730251353,631.5879275132078
D1,pilot_baseline,20260934,27,25881880.627453294,631.303110624996
D1,pilot_baseline,20260934,28,25898353.49339308,631.2548644170474
D1,pilot_baseline,20260934,29,25907229.293933675,631.2270179826453
D1,pilot_baseline,20260934,30,25912820.3112631,630.7766011039214
D1,pilot_baseline,20260934,31,25926207.42372979,629.720017812489
D1,pilot_baseline,20260934,32,25959739.602524854,629.7034031329073
D1,pilot_baseline,20260934,33,25961810.804833844,629.4426749902345
D1,pilot_baseline,20260934,34,25988556.760179915,629.0853629883162
D1,pilot_baseline,20260934,35,26048833.17086236,628.5651872611556
D1,pilot_baseline,20260934,36,26064804.54077546,628.2668695776051
D1,pilot_baseline,20260934,37,26096233.570412338,627.4683029898956
D1,pilot_baseline,20260934,38,26114646.5229704,627.0924289688495
D1,pilot_baseline,20260934,39,26170190.06008249,626.8331661021354
D1,pilot_baseline,20260934,40,26185547.22806589,626.3282514198103
D1,pilot_baseline,20260935,1,25305074.64729478,645.2936755793843
D1,pilot_baseline,20260935,2,25318679.399112962,642.8511280322806
D1,pilot_baseline,20260935,3,25342517.146670774,642.272226081307
D1,pilot_baseline,20260935,4,25353440.718442414,642.1929563602209
D1,pilot_baseline,20260935,5,25373997.328994613,640.7221159231971
D1,pilot_baseline,20260935,6,25423280.474663086,639.8719553017372
D1,pilot_baseline,20260935,7,25433599.075827487,638.4611240613195
D1,pilot_baseline,20260935,8,25504977.256441634,638.4328879380911
D1,pilot_baseline,20260935,9,25509706.03742217,636.9068695217242
D1,pilot_baseline,20260935,10,25528406.088333856,636.7213482336828
D1,pilot_baseline,20260935,11,25568494.817689534,635.7377460424772
D1,pilot_baseline,20260935,12,25589009.63037595,635.6578103912229
D1,pilot_baseline,20260935,13,25596769.33193069,634.9869573670676
D1,pilot_baseline,20260935,14,25647192.340239383,634.2053574315955
D1,pilot_baseline,20260935,15,25651821.475173105,634.105215080957
D1,pilot_baseline,20260935,16,25685962.36883547,633.3265059485755
D1,pilot_baseline,20260935,17,25706900.435281873,633.1862134698548
D1,pilot_baseline,20260935,18,25724739.60731982,633.0572463255013
D1,pilot_baseline,20260935,19,25733171.088545587,632.6762461517475
D1,pilot_baseline,20260935,20,25768952.641128335,632.0105095049246
D1,pilot_baseline,20260935,21,25777526.091444865,631.798167901018
D1,pilot_baseline,20260935,22,25800380.08568828,631.7319785840666
D1,pilot_baseline,20260935,23,25814927.410206333,631.436853091189
D1,pilot_baseline,20260935,24,25828923.798846196,630.9404263883247
D1,pilot_baseline,20260935,25,25833561.96735933,630.5578199909575
D1,pilot_baseline,20260935,26,25859285.13018034,630.4841220116423
D1,pilot_baseline,20260935,27,25865378.41862684,630.0223735442098
D1,pilot_baseline,20260935,28,25916138.338042784,628.5138661961796
D1,pilot_baseline,20260935,29,25929913.755093366,628.4337302561133
D1,pilot_baseline,20260935,30,25956293.11653524,628.1428843395453
D1,pilot_baseline,20260935,31,25967262.014788534,627.7759064875311
D1,pilot_baseline,20260935,32,25992202.05882983,627.5873135076366
D1,pilot_baseline,20260935,33,26011086.148148257,627.2481503498068
D1,pilot_baseline,20260935,34,26027286.946663983,626.9548860391716
D1,pilot_baseline,20260935,35,26032243.578721855,626.8861541464968
D1,pilot_baseline,20260935,36,26041641.354740497,626.4208691821877
D1,pilot_baseline,20260935,37,26066514.97413366,626.1852708059263
D1,pilot_baseline,20260935,38,26113591.41374101,625.9499721444728
D1,pilot_baseline,20260935,39,26116570.035119303,625.8947594632788
D1,pilot_baseline,20260935,40,26135975.16021384,624.6138215141061
D1,pilot_baseline,20260935,41,26158113.303943463,624.5253420864577
D1,pilot_baseline,20260935,42,26219796.5521527,623.4853390659347
D1,pilot_baseline,20260935,43,26294031.2682473,623.4647620672237
D1,pilot_baseline,20260935,44,26331713.982996713,622.6867207910227
D1,pilot_baseline,20260935,45,26345269.111775577,622.3403608816645
D1,pilot_baseline,20260935,46,26438722.1189385,621.8283722195181
D1,pilot_baseline,20260935,47,26530258.324545868,621.3079809518541
D1,uswc_compound_30pct_delay_168h,20260906,1,60133537.33960749,839.7069428739487
D1,uswc_compound_30pct_delay_168h,20260906,2,60136643.17298155,839.6589564547963
D1,uswc_compound_30pct_delay_168h,20260906,3,60294878.7243936,839.6344795130501
D1,uswc_compound_30pct_delay_168h,20260906,4,60306726.82857514,839.4634229041756
D1,uswc_compound_30pct_delay_168h,20260906,5,60310263.67927871,839.3392095684044
D1,uswc_compound_30pct_delay_168h,20260907,1,60761758.42546511,841.651589552441
D1,uswc_compound_30pct_delay_168h,20260907,2,60797184.39919284,841.4029139424889
D1,uswc_compound_30pct_delay_168h,20260907,3,60814365.881283976,841.3217431605522
D1,uswc_compound_30pct_delay_168h,20260907,4,60840751.43208518,841.2233536788451
D1,uswc_compound_30pct_delay_168h,20260907,5,60878053.549430415,841.075857604183
D1,uswc_compound_30pct_delay_168h,20260907,6,60921464.64515453,840.8278517354062
D1,uswc_compound_30pct_delay_168h,20260907,7,61001062.156781584,840.7915269424337
D1,uswc_compound_30pct_delay_168h,20260907,8,61011131.28356393,840.3344474895574
D1,uswc_compound_30pct_delay_168h,20260908,1,60625317.26960539,843.4318254007961
D1,uswc_compound_30pct_delay_168h,20260908,2,60784291.446850546,843.1226882075092
D1,uswc_compound_30pct_delay_168h,20260908,3,60828223.39053403,842.4230587854378
D1,uswc_compound_30pct_delay_168h,20260909,1,59722121.72350065,840.8269796809514
D1,uswc_compound_30pct_delay_168h,20260909,2,59777276.46737094,840.4131522379895
D1,uswc_compound_30pct_delay_168h,20260910,1,59904755.135980755,842.4080012801694
D1,uswc_compound_30pct_delay_168h,20260910,2,60318240.36741146,842.3125323286099
D1,uswc_compound_30pct_delay_168h,20260910,3,60328697.32090248,841.8524736198692
D1,uswc_compound_30pct_delay_168h,20260911,1,60430439.40923119,841.5006303776662
D1,uswc_compound_30pct_delay_168h,20260911,2,60489002.61706825,841.4850115498576
D1,uswc_compound_30pct_delay_168h,20260911,3,60504134.04325212,841.4561502605097
D1,uswc_compound_30pct_delay_168h,20260911,4,60682704.98064066,841.1241416014915
D1,uswc_compound_30pct_delay_168h,20260911,5,60711079.295228116,840.9409000334775
D1,uswc_compound_30pct_delay_168h,20260912,1,60925876.11678811,840.8257383540847
D1,uswc_compound_30pct_delay_168h,20260912,2,61233505.8585086,840.7023385853171
D1,uswc_compound_30pct_delay_168h,20260912,3,61298606.45036468,840.6396385449734
D1,uswc_compound_30pct_delay_168h,20260912,4,61597967.608499564,840.6044809542764
D1,uswc_compound_30pct_delay_168h,20260912,5,62105327.76431714,840.5896629141979
D1,uswc_compound_30pct_delay_168h,20260913,1,60633860.36658027,842.8683660395033
D1,uswc_compound_30pct_delay_168h,20260913,2,60709515.341175914,841.8812691718791
D1,uswc_compound_30pct_delay_168h,20260913,3,60737592.60304413,841.8800453830333
D1,uswc_compound_30pct_delay_168h,20260913,4,60934469.43198525,841.3602533217987
D1,uswc_compound_30pct_delay_168h,20260913,5,61071441.67838233,841.3573332742793
D1,uswc_compound_30pct_delay_168h,20260913,6,61094570.43711053,840.8873567375622
D1,uswc_compound_30pct_delay_168h,20260914,1,61012648.02406641,842.0134967994826
D1,uswc_compound_30pct_delay_168h,20260914,2,61123407.48602176,841.9456262452896
D1,uswc_compound_30pct_delay_168h,20260914,3,61142992.69378237,841.768662594615
D1,uswc_compound_30pct_delay_168h,20260914,4,61156663.5082861,841.5248954206668
D1,uswc_compound_30pct_delay_168h,20260914,5,61169357.67886929,841.4651908291497
D1,uswc_compound_30pct_delay_168h,20260914,6,61172374.79597634,840.8938587106232
D1,uswc_compound_30pct_delay_168h,20260914,7,61294522.01218232,840.793017034931
D1,uswc_compound_30pct_delay_168h,20260914,8,61309401.362669945,840.5452807711558
D1,uswc_compound_30pct_delay_168h,20260914,9,61368384.82137237,839.996452253932
D1,uswc_compound_30pct_delay_168h,20260915,1,61196078.69655129,842.8663200358259
D1,uswc_compound_30pct_delay_168h,20260915,2,61251416.906783506,842.3777064640076
D1,uswc_compound_30pct_delay_168h,20260915,3,61314937.31290132,841.6273201273602
D1,uswc_compound_30pct_delay_168h,20260915,4,61485344.159189954,841.556359115276
D1,uswc_compound_30pct_delay_168h,20260915,5,61577511.294056036,841.5122921538451
D1,uswc_compound_30pct_delay_168h,20260915,6,61601270.433926195,841.5077916504367
D1,uswc_compound_30pct_delay_168h,20260915,7,61628250.222724654,841.4174407006615
D1,uswc_compound_30pct_delay_168h,20260915,8,61794728.27840269,841.2006483786943
D1,uswc_compound_30pct_delay_168h,20260915,9,61810514.577839494,841.1386333805277
D1,uswc_compound_30pct_delay_168h,20260915,10,62092357.39979708,840.8452232028517
D1,uswc_compound_30pct_delay_168h,20260916,1,60490867.28610078,840.0616034631571
D1,uswc_compound_30pct_delay_168h,20260916,2,60622659.74902878,840.0556501057824
D1,uswc_compound_30pct_delay_168h,20260916,3,60666537.145812824,839.8570987859371
D1,uswc_compound_30pct_delay_168h,20260916,4,60688175.480091505,839.7804432226711
D1,uswc_compound_30pct_delay_168h,20260916,5,60762782.420178294,839.7778966485447
D1,uswc_compound_30pct_delay_168h,20260916,6,60815574.95672773,839.6912020614066
D1,uswc_compound_30pct_delay_168h,20260916,7,60874344.92085507,839.6569822162232
D1,uswc_compound_30pct_delay_168h,20260917,1,59731275.72507268,841.6685795770202
D1,uswc_compound_30pct_delay_168h,20260917,2,59763273.110079184,841.3666826761098
D1,uswc_compound_30pct_delay_168h,20260917,3,59815728.2709588,841.2239093498075
D1,uswc_compound_30pct_delay_168h,20260917,4,60124428.85967399,841.2169154491461
D1,uswc_compound_30pct_delay_168h,20260918,1,59926094.609966345,841.5931374119193
D1,uswc_compound_30pct_delay_168h,20260918,2,59990169.90518041,840.84989428489
D1,uswc_compound_30pct_delay_168h,20260918,3,60099892.88205849,840.2985066584108
D1,uswc_compound_30pct_delay_168h,20260919,1,60152862.18979061,841.9351552073053
D1,uswc_compound_30pct_delay_168h,20260919,2,60189042.04671071,841.5253670253434
D1,uswc_compound_30pct_delay_168h,20260919,3,60228292.85724463,840.9045624382941
D1,uswc_compound_30pct_delay_168h,20260920,1,60070932.99072032,841.6464118137815
D1,uswc_compound_30pct_delay_168h,20260920,2,60153812.504948094,841.0154376963338
D1,uswc_compound_30pct_delay_168h,20260920,3,60159162.33587551,840.9606114620555
D1,uswc_compound_30pct_delay_168h,20260920,4,60189454.87662422,840.8795442795937
D1,uswc_compound_30pct_delay_168h,20260920,5,60296585.25435074,840.7593924672153
D1,uswc_compound_30pct_delay_168h,20260920,6,60318658.97585778,840.6936009455283
D1,uswc_compound_30pct_delay_168h,20260921,1,60595950.556979075,842.253074776951
D1,uswc_compound_30pct_delay_168h,20260921,2,60766739.66743188,842.187115079056
D1,uswc_compound_30pct_delay_168h,20260921,3,60800185.97545745,841.9314802634865
D1,uswc_compound_30pct_delay_168h,20260921,4,60848750.47432231,841.5868806313421
D1,uswc_compound_30pct_delay_168h,20260921,5,60920597.31553666,841.5771316209047
D1,uswc_compound_30pct_delay_168h,20260922,1,60108539.77526445,842.5512778668226
D1,uswc_compound_30pct_delay_168h,20260922,2,60203255.716853045,842.00764975221
D1,uswc_compound_30pct_delay_168h,20260922,3,60390728.880729266,841.5731895546401
D1,uswc_compound_30pct_delay_168h,20260923,1,60301965.83704751,841.1618946413149
D1,uswc_compound_30pct_delay_168h,20260923,2,60317384.604027934,841.0310552231405
D1,uswc_compound_30pct_delay_168h,20260923,3,60347234.71028079,840.7367146449675
D1,uswc_compound_30pct_delay_168h,20260924,1,60300317.750894345,842.7551691879476
D1,uswc_compound_30pct_delay_168h,20260924,2,60572702.871726476,842.1579849401439
D1,uswc_compound_30pct_delay_168h,20260925,1,60506869.05601984,841.7160142741717
D1,uswc_compound_30pct_delay_168h,20260925,2,60789354.75680016,841.3039151937012
D1,uswc_compound_30pct_delay_168h,20260925,3,60875570.09996753,841.2980361556741
D1,uswc_compound_30pct_delay_168h,20260925,4,61020875.76489193,841.0512389787643
D1,uswc_compound_30pct_delay_168h,20260925,5,61104726.657742396,840.8994877280444
D1,uswc_compound_30pct_delay_168h,20260926,1,61415348.579608954,842.5966680757195
D1,uswc_compound_30pct_delay_168h,20260926,2,61416338.03096317,842.5411163867033
D1,uswc_compound_30pct_delay_168h,20260926,3,61427403.780634046,841.7152436245811
D1,uswc_compound_30pct_delay_168h,20260927,1,60629675.151348285,840.3571268227112
D1,uswc_compound_30pct_delay_168h,20260927,2,60669816.95843436,840.2364911099332
D1,uswc_compound_30pct_delay_168h,20260928,1,60129526.56800381,841.2335095833989
D1,uswc_compound_30pct_delay_168h,20260928,2,60308336.78156852,840.9525256040898
D1,uswc_compound_30pct_delay_168h,20260928,3,60342040.851523116,840.086580951974
D1,uswc_compound_30pct_delay_168h,20260928,4,60363614.15106714,839.8146147407772
D1,uswc_compound_30pct_delay_168h,20260928,5,60524150.29146881,839.7887630157154
D1,uswc_compound_30pct_delay_168h,20260929,1,60660503.10772523,841.8552787302878
D1,uswc_compound_30pct_delay_168h,20260929,2,60766684.92161791,841.5790175220186
D1,uswc_compound_30pct_delay_168h,20260929,3,60787577.75056189,840.9487672200456
D1,uswc_compound_30pct_delay_168h,20260929,4,60973082.63570622,840.7959935699225
D1,uswc_compound_30pct_delay_168h,20260929,5,61152502.58922825,840.4918672148082
D1,uswc_compound_30pct_delay_168h,20260929,6,61259827.03771201,840.4720180741718
D1,uswc_compound_30pct_delay_168h,20260929,7,61389351.57615694,840.1824395996333
D1,uswc_compound_30pct_delay_168h,20260929,8,61410692.480852745,840.1072360972147
D1,uswc_compound_30pct_delay_168h,20260930,1,60405127.33023859,841.6940777809036
D1,uswc_compound_30pct_delay_168h,20260930,2,60486703.95247891,841.4811042071261
D1,uswc_compound_30pct_delay_168h,20260930,3,60501000.240014054,840.9517046445708
D1,uswc_compound_30pct_delay_168h,20260930,4,60597712.42569605,840.6930355533893
D1,uswc_compound_30pct_delay_168h,20260930,5,60620777.5160285,840.6153753811193
D1,uswc_compound_30pct_delay_168h,20260930,6,60622870.65751379,840.5577921748082
D1,uswc_compound_30pct_delay_168h,20260930,7,60640288.54216597,840.175221070324
D1,uswc_compound_30pct_delay_168h,20260931,1,61162137.151437774,841.7240552035424
D1,uswc_compound_30pct_delay_168h,20260931,2,61268625.38388394,841.5688087507482
D1,uswc_compound_30pct_delay_168h,20260931,3,61307855.0882301,841.2350624667936
D1,uswc_compound_30pct_delay_168h,20260931,4,61403548.90652835,841.1880951445172
D1,uswc_compound_30pct_delay_168h,20260931,5,61428696.132367104,840.9056146203133
D1,uswc_compound_30pct_delay_168h,20260932,1,59604141.85182337,839.8662851254668
D1,uswc_compound_30pct_delay_168h,20260932,2,59906289.64973164,839.5700101613573
D1,uswc_compound_30pct_delay_168h,20260932,3,59987704.24769427,839.107531905242
D1,uswc_compound_30pct_delay_168h,20260933,1,60064203.9024329,841.2718537253613
D1,uswc_compound_30pct_delay_168h,20260933,2,60274701.313280284,841.196583172186
D1,uswc_compound_30pct_delay_168h,20260933,3,60310977.72147631,841.0064171226395
D1,uswc_compound_30pct_delay_168h,20260934,1,60398608.131981775,842.1593723091434
D1,uswc_compound_30pct_delay_168h,20260934,2,60399666.45470862,841.6516008552443
D1,uswc_compound_30pct_delay_168h,20260934,3,60418456.88994276,841.5657305441365
D1,uswc_compound_30pct_delay_168h,20260934,4,60500664.12730356,841.3689570663162
D1,uswc_compound_30pct_delay_168h,20260934,5,60519179.80478491,840.9405630404281
D1,uswc_compound_30pct_delay_168h,20260934,6,60527355.38848209,840.8414161142646
D1,uswc_compound_30pct_delay_168h,20260934,7,60584793.10531654,840.193792213487
D1,uswc_compound_30pct_delay_168h,20260935,1,60254347.588000156,842.255135939095
D1,uswc_compound_30pct_delay_168h,20260935,2,60291425.77501072,841.9413640226273
D1,uswc_compound_30pct_delay_168h,20260935,3,60296110.626049936,841.91711977902
D1,uswc_compound_30pct_delay_168h,20260935,4,60301830.747103296,841.6641129298807
D1,uswc_compound_30pct_delay_168h,20260935,5,60599975.55534433,841.5142554897681
D1,uswc_compound_30pct_delay_168h,20260935,6,60710473.513518624,841.2255873916299
D1,uswc_compound_40pct_delay_168h,20260906,1,56156845.39432624,827.2029032245482
D1,uswc_compound_40pct_delay_168h,20260906,2,56420047.60967215,827.0815873341445
D1,uswc_compound_40pct_delay_168h,20260906,3,56426548.39865338,827.0179222279822
D1,uswc_compound_40pct_delay_168h,20260906,4,56427115.66166234,826.9608179282269
D1,uswc_compound_40pct_delay_168h,20260906,5,56561188.04520309,826.8285832694304
D1,uswc_compound_40pct_delay_168h,20260906,6,56582134.86719292,826.6673409924538
D1,uswc_compound_40pct_delay_168h,20260907,1,56728037.0844636,822.9712636347549
D1,uswc_compound_40pct_delay_168h,20260908,1,55874780.580602586,827.2925331559178
D1,uswc_compound_40pct_delay_168h,20260909,1,55139550.72826414,825.2580177605944
D1,uswc_compound_40pct_delay_168h,20260909,2,55229304.81552407,824.2773382714116
D1,uswc_compound_40pct_delay_168h,20260910,1,56422698.46715608,826.4069228351026
D1,uswc_compound_40pct_delay_168h,20260910,2,56500375.07010017,825.934243882158
D1,uswc_compound_40pct_delay_168h,20260910,3,56514053.889610276,825.8279823949877
D1,uswc_compound_40pct_delay_168h,20260910,4,56631218.51389169,825.2766974503844
D1,uswc_compound_40pct_delay_168h,20260910,5,56799569.09109569,825.2657820243928
D1,uswc_compound_40pct_delay_168h,20260911,1,56249297.396722905,826.2642052944707
D1,uswc_compound_40pct_delay_168h,20260911,2,56355635.1481769,826.1191861631263
D1,uswc_compound_40pct_delay_168h,20260911,3,56363089.686115846,825.9444974371014
D1,uswc_compound_40pct_delay_168h,20260911,4,56439441.413205,825.9311106287198
D1,uswc_compound_40pct_delay_168h,20260911,5,56485506.5766492,825.8105528078733
D1,uswc_compound_40pct_delay_168h,20260911,6,56502971.68739969,825.6458936372054
D1,uswc_compound_40pct_delay_168h,20260911,7,56637937.510618106,825.5402280160943
D1,uswc_compound_40pct_delay_168h,20260911,8,56689359.20760821,825.4789271905552
D1,uswc_compound_40pct_delay_168h,20260911,9,56829235.62344862,825.4073230885363
D1,uswc_compound_40pct_delay_168h,20260911,10,56856464.056094006,825.1589908943224
D1,uswc_compound_40pct_delay_168h,20260911,11,56977962.14100148,825.0867137378966
D1,uswc_compound_40pct_delay_168h,20260912,1,56337374.268849075,827.3869236335436
D1,uswc_compound_40pct_delay_168h,20260912,2,56357064.29891636,826.7172958946413
D1,uswc_compound_40pct_delay_168h,20260912,3,56879443.61367701,826.4487138064559
D1,uswc_compound_40pct_delay_168h,20260913,1,56367682.6486254,826.1843421946053
D1,uswc_compound_40pct_delay_168h,20260913,2,56415273.97874728,826.1222881486312
D1,uswc_compound_40pct_delay_168h,20260913,3,56440743.87897406,826.1041947222232
D1,uswc_compound_40pct_delay_168h,20260913,4,56709044.02502442,825.6956525116678
D1,uswc_compound_40pct_delay_168h,20260913,5,56853128.8868135,825.5890315765897
D1,uswc_compound_40pct_delay_168h,20260914,1,56336165.63873988,827.2894389150086
D1,uswc_compound_40pct_delay_168h,20260914,2,56596291.473555736,827.2805350527225
D1,uswc_compound_40pct_delay_168h,20260914,3,56614182.15568448,826.7143635663487
D1,uswc_compound_40pct_delay_168h,20260914,4,56642225.439028546,826.4598007342441
D1,uswc_compound_40pct_delay_168h,20260914,5,56646593.37692262,825.98506850959
D1,uswc_compound_40pct_delay_168h,20260914,6,56688312.986749835,825.8923012151838
D1,uswc_compound_40pct_delay_168h,20260914,7,56761302.36262708,825.8410667190823
D1,uswc_compound_40pct_delay_168h,20260914,8,56803085.05235657,825.577846448973
D1,uswc_compound_40pct_delay_168h,20260914,9,56813022.4575887,825.5100329428423
D1,uswc_compound_40pct_delay_168h,20260914,10,56821000.16881634,825.2732522796291
D1,uswc_compound_40pct_delay_168h,20260914,11,57167978.04853361,825.2295873374211
D1,uswc_compound_40pct_delay_168h,20260915,1,55858775.5974503,825.7231981573401
D1,uswc_compound_40pct_delay_168h,20260915,2,55865178.814392135,824.3390268645169
D1,uswc_compound_40pct_delay_168h,20260915,3,55942367.37841602,824.270510550294
D1,uswc_compound_40pct_delay_168h,20260916,1,56483844.73425232,826.7921439202241
D1,uswc_compound_40pct_delay_168h,20260916,2,56522814.2571043,826.6803097333345
D1,uswc_compound_40pct_delay_168h,20260916,3,56634836.28527192,826.4861541026291
D1,uswc_compound_40pct_delay_168h,20260916,4,56661848.39775364,826.3271928624465
D1,uswc_compound_40pct_delay_168h,20260916,5,56739605.11014977,826.1369894775193
D1,uswc_compound_40pct_delay_168h,20260916,6,56747521.63523304,825.8568758817149
D1,uswc_compound_40pct_delay_168h,20260916,7,56945388.07264623,825.8537382461698
D1,uswc_compound_40pct_delay_168h,20260916,8,56955283.18649932,825.6030852401292
D1,uswc_compound_40pct_delay_168h,20260916,9,57281967.031242155,825.5457100229053
D1,uswc_compound_40pct_delay_168h,20260917,1,56885359.47489423,827.2786812826293
D1,uswc_compound_40pct_delay_168h,20260917,2,57097234.62098999,826.0677261257914
D1,uswc_compound_40pct_delay_168h,20260918,1,56720706.9543416,825.3063493496987
D1,uswc_compound_40pct_delay_168h,20260918,2,56773109.72495136,825.2331429494668
D1,uswc_compound_40pct_delay_168h,20260918,3,56978470.37317715,825.0751810841724
D1,uswc_compound_40pct_delay_168h,20260918,4,57114589.25024614,824.7244767549073
D1,uswc_compound_40pct_delay_168h,20260918,5,57129947.616588466,824.2195288615594
D1,uswc_compound_40pct_delay_168h,20260918,6,57233842.788129985,823.9470369069322
D1,uswc_compound_40pct_delay_168h,20260918,7,57613921.53057607,823.768489946061
D1,uswc_compound_40pct_delay_168h,20260919,1,56437840.72560058,825.9860189907639
D1,uswc_compound_40pct_delay_168h,20260919,2,56495235.713882126,825.8322178826478
D1,uswc_compound_40pct_delay_168h,20260920,1,57167079.72414525,828.756839556394
D1,uswc_compound_40pct_delay_168h,20260920,2,57182034.98166319,828.2319296644994
D1,uswc_compound_40pct_delay_168h,20260920,3,57182570.530000865,827.6407729017653
D1,uswc_compound_40pct_delay_168h,20260920,4,57306336.76583656,827.4321892271905
D1,uswc_compound_40pct_delay_168h,20260920,5,57369821.79767956,827.3597938414252
D1,uswc_compound_40pct_delay_168h,20260920,6,57384439.87684376,827.2818757270287
D1,uswc_compound_40pct_delay_168h,20260920,7,57399214.13759071,827.2652574056054
D1,uswc_compound_40pct_delay_168h,20260920,8,57433520.34232022,827.134010011559
D1,uswc_compound_40pct_delay_168h,20260920,9,57525392.13776161,827.1169321082012
D1,uswc_compound_40pct_delay_168h,20260920,10,57556268.49376965,827.1057922858025
D1,uswc_compound_40pct_delay_168h,20260920,11,57584621.37476454,826.8328826470491
D1,uswc_compound_40pct_delay_168h,20260921,1,56524198.714303575,825.4348927085408
D1,uswc_compound_40pct_delay_168h,20260921,2,56698353.50253785,825.0006865290233
D1,uswc_compound_40pct_delay_168h,20260922,1,55971100.61885549,827.7076212813981
D1,uswc_compound_40pct_delay_168h,20260922,2,56025914.09181044,826.5140362757078
D1,uswc_compound_40pct_delay_168h,20260922,3,56060802.44799476,826.3543246274481
D1,uswc_compound_40pct_delay_168h,20260922,4,56106314.509555005,826.0430401319054
D1,uswc_compound_40pct_delay_168h,20260922,5,56150950.48925596,825.6440674300782
D1,uswc_compound_40pct_delay_168h,20260922,6,56374881.69593567,825.1489229007198
D1,uswc_compound_40pct_delay_168h,20260922,7,56421098.02438595,824.4738319045257
D1,uswc_compound_40pct_delay_168h,20260923,1,56236058.778913915,826.2958794276233
D1,uswc_compound_40pct_delay_168h,20260923,2,56264257.67307546,826.1906990760174
D1,uswc_compound_40pct_delay_168h,20260923,3,56278444.492143266,825.8379638989444
D1,uswc_compound_40pct_delay_168h,20260923,4,56339291.298949204,824.9785804059298
D1,uswc_compound_40pct_delay_168h,20260923,5,56355742.47174093,824.8404393503317
D1,uswc_compound_40pct_delay_168h,20260923,6,56403390.16346973,824.618614030482
D1,uswc_compound_40pct_delay_168h,20260923,7,56419293.311234854,824.1822875632439
D1,uswc_compound_40pct_delay_168h,20260923,8,56480210.51301488,823.9498361325418
D1,uswc_compound_40pct_delay_168h,20260923,9,56853816.1934407,823.8521415175564
D1,uswc_compound_40pct_delay_168h,20260923,10,57045203.5460131,823.5737649095072
D1,uswc_compound_40pct_delay_168h,20260924,1,55632333.39707736,824.0220977639704
D1,uswc_compound_40pct_delay_168h,20260924,2,56163908.96879353,823.9408018386209
D1,uswc_compound_40pct_delay_168h,20260925,1,56323589.663338736,827.0173050743302
D1,uswc_compound_40pct_delay_168h,20260925,2,56341512.15689855,826.267728486491
D1,uswc_compound_40pct_delay_168h,20260925,3,56367187.9626552,825.6646376015476
D1,uswc_compound_40pct_delay_168h,20260925,4,56579303.120252095,825.3528674126093
D1,uswc_compound_40pct_delay_168h,20260925,5,56592427.798300125,825.1385546808137
D1,uswc_compound_40pct_delay_168h,20260926,1,55008374.97447692,823.7865285718317
D1,uswc_compound_40pct_delay_168h,20260926,2,55051715.88558378,823.6837241478703
D1,uswc_compound_40pct_delay_168h,20260927,1,55996783.863197215,825.5467894490968
D1,uswc_compound_40pct_delay_168h,20260927,2,56017325.69326845,825.4035907770443
D1,uswc_compound_40pct_delay_168h,20260927,3,56183975.832239084,825.3590453980918
D1,uswc_compound_40pct_delay_168h,20260927,4,56231507.71200084,825.1375992500025
D1,uswc_compound_40pct_delay_168h,20260927,5,56239581.17177434,825.0477607115154
D1,uswc_compound_40pct_delay_168h,20260927,6,56261203.42057685,825.0165122805488
D1,uswc_compound_40pct_delay_168h,20260927,7,56298665.48132693,824.9993336561386
D1,uswc_compound_40pct_delay_168h,20260927,8,56422453.05097219,824.9328244028568
D1,uswc_compound_40pct_delay_168h,20260928,1,56640723.055451035,829.3437496281155
D1,uswc_compound_40pct_delay_168h,20260928,2,56699482.629000686,829.0661109025592
D1,uswc_compound_40pct_delay_168h,20260928,3,56721503.680225745,828.784210859685
D1,uswc_compound_40pct_delay_168h,20260928,4,56790853.19537666,828.6619792949091
D1,uswc_compound_40pct_delay_168h,20260928,5,56833683.36134644,828.5131029081844
D1,uswc_compound_40pct_delay_168h,20260928,6,56879234.64508471,828.4790937891385
D1,uswc_compound_40pct_delay_168h,20260928,7,56917308.26239524,828.0523795504049
D1,uswc_compound_40pct_delay_168h,20260928,8,56966187.16082386,827.8746942411673
D1,uswc_compound_40pct_delay_168h,20260928,9,57026433.279675536,827.8194134563687
D1,uswc_compound_40pct_delay_168h,20260928,10,57128208.8035897,827.3383427433322
D1,uswc_compound_40pct_delay_168h,20260928,11,57492996.85530034,827.2805539709728
D1,uswc_compound_40pct_delay_168h,20260928,12,57679966.24240799,826.4363095348427
D1,uswc_compound_40pct_delay_168h,20260929,1,56190287.11650265,825.7309133414147
D1,uswc_compound_40pct_delay_168h,20260929,2,56506766.12351133,825.0734347577352
D1,uswc_compound_40pct_delay_168h,20260929,3,56628023.71832493,825.0704555342413
D1,uswc_compound_40pct_delay_168h,20260929,4,56838138.06651858,824.9571833268524
D1,uswc_compound_40pct_delay_168h,20260929,5,56942527.11686715,824.8782890852252
D1,uswc_compound_40pct_delay_168h,20260929,6,56953269.53348632,824.8255272121158
D1,uswc_compound_40pct_delay_168h,20260929,7,56965079.55380262,824.638663118476
D1,uswc_compound_40pct_delay_168h,20260929,8,57015902.10178898,824.4922204279806
D1,uswc_compound_40pct_delay_168h,20260930,1,55989863.13029745,825.2775476851563
D1,uswc_compound_40pct_delay_168h,20260930,2,56026156.78025552,824.7869388780648
D1,uswc_compound_40pct_delay_168h,20260930,3,56052925.95361073,824.4522975992431
D1,uswc_compound_40pct_delay_168h,20260930,4,56086383.11103847,824.3541391059414
D1,uswc_compound_40pct_delay_168h,20260931,1,56574499.98989998,826.7075820096626
D1,uswc_compound_40pct_delay_168h,20260931,2,56582691.82048333,826.4069946761963
D1,uswc_compound_40pct_delay_168h,20260931,3,56589593.824218705,825.8459962665922
D1,uswc_compound_40pct_delay_168h,20260931,4,56654348.690755144,825.161783288216
D1,uswc_compound_40pct_delay_168h,20260931,5,56671705.53910279,824.2433241642948
D1,uswc_compound_40pct_delay_168h,20260932,1,55797799.25599103,824.885726333321
D1,uswc_compound_40pct_delay_168h,20260932,2,55800955.29380266,824.6642665110514
D1,uswc_compound_40pct_delay_168h,20260932,3,55897448.06543071,824.1781977528125
D1,uswc_compound_40pct_delay_168h,20260932,4,55931374.58730917,823.7294963999616
D1,uswc_compound_40pct_delay_168h,20260932,5,56446472.91243159,823.5489268951221
D1,uswc_compound_40pct_delay_168h,20260932,6,56512767.714094475,823.5267331900491
D1,uswc_compound_40pct_delay_168h,20260933,1,56028935.09484436,829.1371754458869
D1,uswc_compound_40pct_delay_168h,20260933,2,56031573.57214759,829.0079142826289
D1,uswc_compound_40pct_delay_168h,20260933,3,56035399.52425761,828.5630818981848
D1,uswc_compound_40pct_delay_168h,20260933,4,56039859.4288303,827.7180210057918
D1,uswc_compound_40pct_delay_168h,20260933,5,57021730.643681854,827.6948503493468
D1,uswc_compound_40pct_delay_168h,20260934,1,56042851.94120387,826.0278216752531
D1,uswc_compound_40pct_delay_168h,20260934,2,56089826.16982579,825.8736701784654
D1,uswc_compound_40pct_delay_168h,20260934,3,56102432.982763045,825.4585337357661
D1,uswc_compound_40pct_delay_168h,20260934,4,56128916.92138596,825.4230427260655
D1,uswc_compound_40pct_delay_168h,20260934,5,56160364.175566085,824.934290983916
D1,uswc_compound_40pct_delay_168h,20260934,6,56269599.86648926,824.7776122817734
D1,uswc_compound_40pct_delay_168h,20260934,7,56298098.014979534,824.5952973711267
D1,uswc_compound_40pct_delay_168h,20260934,8,56380651.16971813,824.5204348530831
D1,uswc_compound_40pct_delay_168h,20260935,1,55757303.497212976,823.41191092014
D1,uswc_compound_40pct_delay_168h,20260935,2,55861080.76689492,823.298058320943
D1,uswc_departure_delay_240h,20260906,1,64369302.18211224,843.7197610084932
D1,uswc_departure_delay_240h,20260906,2,64370470.07887554,843.2045360760225
D1,uswc_departure_delay_240h,20260906,3,64373059.81739669,843.0903038723417
D1,uswc_departure_delay_240h,20260906,4,64374196.80877686,843.0394419734181
D1,uswc_departure_delay_240h,20260906,5,64377674.74111883,843.0259627163281
D1,uswc_departure_delay_240h,20260907,1,64480783.6763805,843.5648255094809
D1,uswc_departure_delay_240h,20260907,2,64486988.78962562,842.9064795545986
D1,uswc_departure_delay_240h,20260907,3,64546104.414199375,842.8827209055135
D1,uswc_departure_delay_240h,20260908,1,64673479.73807099,843.9770383509828
D1,uswc_departure_delay_240h,20260908,2,64680615.301060215,843.8677878160953
D1,uswc_departure_delay_240h,20260908,3,64692992.00859419,843.8360655044713
D1,uswc_departure_delay_240h,20260908,4,64742232.112733215,843.7707296677903
D1,uswc_departure_delay_240h,20260909,1,64760531.38758607,844.1177669375456
D1,uswc_departure_delay_240h,20260909,2,64761660.648846366,843.7206591357644
D1,uswc_departure_delay_240h,20260909,3,64773850.26783509,843.5162050012759
D1,uswc_departure_delay_240h,20260909,4,64806451.25027215,843.4471024900165
D1,uswc_departure_delay_240h,20260910,1,64623898.774018265,843.6512267030057
D1,uswc_departure_delay_240h,20260911,1,64791494.457838655,844.8454781849698
D1,uswc_departure_delay_240h,20260911,2,64798725.57738892,844.7638543141132
D1,uswc_departure_delay_240h,20260911,3,64801267.34522251,844.2576629599636
D1,uswc_departure_delay_240h,20260911,4,64904929.036324166,844.2500898157326
D1,uswc_departure_delay_240h,20260912,1,65571113.22335595,846.6940322521951
D1,uswc_departure_delay_240h,20260912,2,65608720.636443615,846.3926258262788
D1,uswc_departure_delay_240h,20260913,1,64599440.63138111,843.7405244762385
D1,uswc_departure_delay_240h,20260913,2,64606743.97617816,843.5758837050296
D1,uswc_departure_delay_240h,20260913,3,64611731.594020605,843.547070126578
D1,uswc_departure_delay_240h,20260913,4,64628811.09711369,843.3876377759769
D1,uswc_departure_delay_240h,20260913,5,64664044.35621071,843.325204638211
D1,uswc_departure_delay_240h,20260913,6,64682988.105170004,843.2094131462272
D1,uswc_departure_delay_240h,20260913,7,64697135.52048714,843.1793947121097
D1,uswc_departure_delay_240h,20260914,1,64500042.628161505,843.6022719408267
D1,uswc_departure_delay_240h,20260914,2,64541914.02916822,843.4143348370021
D1,uswc_departure_delay_240h,20260914,3,64580254.51438356,843.3532034374746
D1,uswc_departure_delay_240h,20260914,4,64639234.93586282,843.2668924801939
D1,uswc_departure_delay_240h,20260914,5,64656968.12003857,843.1075903020064
D1,uswc_departure_delay_240h,20260914,6,64672876.13124182,843.0730913049973
D1,uswc_departure_delay_240h,20260915,1,64679661.8622928,844.2431892523364
D1,uswc_departure_delay_240h,20260915,2,64682179.38081265,843.5937362261218
D1,uswc_departure_delay_240h,20260915,3,64721115.099164076,843.2810939787564
D1,uswc_departure_delay_240h,20260915,4,64756997.27570192,843.1986165427601
D1,uswc_departure_delay_240h,20260915,5,64758572.6931247,843.1225889072886
D1,uswc_departure_delay_240h,20260915,6,64761554.9905849,843.0661124183146
D1,uswc_departure_delay_240h,20260916,1,64776758.2371564,843.5519645724287
D1,uswc_departure_delay_240h,20260916,2,64837434.27374319,843.3430711868101
D1,uswc_departure_delay_240h,20260916,3,64840579.22782663,843.1833406841515
D1,uswc_departure_delay_240h,20260916,4,64846101.60373613,842.9945086205822
D1,uswc_departure_delay_240h,20260917,1,64668716.13802662,844.0736746249905
D1,uswc_departure_delay_240h,20260917,2,64677698.74030142,843.9236259272518
D1,uswc_departure_delay_240h,20260917,3,64714055.74393229,843.9195728975322
D1,uswc_departure_delay_240h,20260917,4,64719970.50447043,843.8635756450852
D1,uswc_departure_delay_240h,20260917,5,64721956.23243951,843.7622576410089
D1,uswc_departure_delay_240h,20260917,6,64722081.587511845,842.9792904177424
D1,uswc_departure_delay_240h,20260917,7,64793293.95267955,842.8821084064555
D1,uswc_departure_delay_240h,20260918,1,64609285.20251998,842.9463677603751
D1,uswc_departure_delay_240h,20260918,2,64682343.45153766,842.8636078494476
D1,uswc_departure_delay_240h,20260918,3,64694492.839264035,842.7810886323697
D1,uswc_departure_delay_240h,20260918,4,64707775.41346235,842.778123629289
D1,uswc_departure_delay_240h,20260919,1,64864712.67738528,844.078563919794
D1,uswc_departure_delay_240h,20260919,2,64890703.61167219,843.4703473232954
D1,uswc_departure_delay_240h,20260919,3,64891189.00524623,843.1567546539549
D1,uswc_departure_delay_240h,20260919,4,64963147.58590061,843.1365508328887
D1,uswc_departure_delay_240h,20260920,1,64439356.37736434,843.2442949530802
D1,uswc_departure_delay_240h,20260920,2,64471359.773423806,842.8002400232668
D1,uswc_departure_delay_240h,20260920,3,64478036.877752475,842.7884919510025
D1,uswc_departure_delay_240h,20260920,4,64511208.91873938,842.7614607232533
D1,uswc_departure_delay_240h,20260921,1,64597407.04931402,843.5592323367024
D1,uswc_departure_delay_240h,20260921,2,64619123.2440844,843.3608288587085
D1,uswc_departure_delay_240h,20260921,3,64626952.69886552,843.2560587424172
D1,uswc_departure_delay_240h,20260921,4,64629298.24306592,842.9576107342484
D1,uswc_departure_delay_240h,20260921,5,64641381.46584262,842.9538960510617
D1,uswc_departure_delay_240h,20260921,6,64674097.16951007,842.9446229812784
D1,uswc_departure_delay_240h,20260922,1,64807597.824252695,843.3246137304615
D1,uswc_departure_delay_240h,20260922,2,64828468.38201655,843.0174235032853
D1,uswc_departure_delay_240h,20260922,3,64835874.548240736,842.9979600443961
D1,uswc_departure_delay_240h,20260923,1,65113086.44132907,846.0277199112612
D1,uswc_departure_delay_240h,20260923,2,65150175.05483841,845.928894565966
D1,uswc_departure_delay_240h,20260923,3,65235034.63941068,845.823104931359
D1,uswc_departure_delay_240h,20260924,1,64738981.95114384,843.7074687595851
D1,uswc_departure_delay_240h,20260925,1,64736960.70298981,843.3752745379437
D1,uswc_departure_delay_240h,20260925,2,64931793.975893006,843.3494840111692
D1,uswc_departure_delay_240h,20260926,1,64577748.87031463,843.1816262233299
D1,uswc_departure_delay_240h,20260926,2,64604010.0984265,843.005509435763
D1,uswc_departure_delay_240h,20260927,1,64865110.16559717,844.0627034559624
D1,uswc_departure_delay_240h,20260927,2,64882737.412514254,844.0324390873392
D1,uswc_departure_delay_240h,20260927,3,64895477.53626371,843.9148422797001
D1,uswc_departure_delay_240h,20260927,4,64909965.65974368,843.7409934064895
D1,uswc_departure_delay_240h,20260928,1,64555672.0514509,844.0032957211031
D1,uswc_departure_delay_240h,20260928,2,64595364.22427496,843.7234713306646
D1,uswc_departure_delay_240h,20260928,3,64732988.31258898,843.5714175301911
D1,uswc_departure_delay_240h,20260929,1,64825933.709271185,844.0061459721662
D1,uswc_departure_delay_240h,20260929,2,64880516.63353755,843.7655661667496
D1,uswc_departure_delay_240h,20260930,1,64827659.05983822,843.9220872155219
D1,uswc_departure_delay_240h,20260930,2,64839546.96646892,843.3085496676131
D1,uswc_departure_delay_240h,20260930,3,64856903.82459125,843.236907750055
D1,uswc_departure_delay_240h,20260931,1,64919166.51441357,845.2370212849119
D1,uswc_departure_delay_240h,20260932,1,64601992.19343655,843.8474940885282
D1,uswc_departure_delay_240h,20260932,2,64724534.26335174,843.3775652183195
D1,uswc_departure_delay_240h,20260933,1,64902345.08420356,846.743886070369
D1,uswc_departure_delay_240h,20260933,2,64929597.3277921,846.6947204175759
D1,uswc_departure_delay_240h,20260933,3,64931994.61580653,846.5395662435661
D1,uswc_departure_delay_240h,20260933,4,64944281.50592065,845.801130320628
D1,uswc_departure_delay_240h,20260933,5,65059634.70612461,845.5885210081028
D1,uswc_departure_delay_240h,20260934,1,64852542.99131369,843.1141417799435
D1,uswc_departure_delay_240h,20260934,2,64858143.599897616,842.9382841715117
D1,uswc_departure_delay_240h,20260934,3,64877701.6227431,842.8795326996232
D1,uswc_departure_delay_240h,20260934,4,64880455.73474959,842.8223363824019
D1,uswc_departure_delay_240h,20260934,5,64882390.09610362,842.8109785997999
D1,uswc_departure_delay_240h,20260934,6,64890148.54268738,842.8029445627704
D1,uswc_departure_delay_240h,20260934,7,64909789.78621966,842.7652638419595
D1,uswc_departure_delay_240h,20260935,1,64832381.24109951,843.4291467099523
D1,uswc_departure_delay_240h,20260935,2,64842042.042247325,843.1175481702952
D1,uswc_departure_delay_240h,20260935,3,64852649.25065924,842.9292090296342
D1,uswc_departure_delay_240h,20260935,4,64879761.57961957,842.7693866412882
D1,uswc_departure_delay_240h,20260935,5,64893164.845323175,842.764774307615
D1,uswc_departure_delay_240h,20260935,6,64911087.21685271,842.7643413419845
D1,uswc_departure_delay_240h,20260935,7,64927795.93506184,842.7569994072766
D1,uswc_departure_delay_336h,20260906,1,83295549.57118106,912.4780902743072
D1,uswc_departure_delay_336h,20260906,2,83332856.33690922,912.1532715709776
D1,uswc_departure_delay_336h,20260906,3,83373754.91387624,911.4040194078186
D1,uswc_departure_delay_336h,20260906,4,83432239.17844765,910.9455748239403
D1,uswc_departure_delay_336h,20260906,5,83451562.52013057,910.8338203685576
D1,uswc_departure_delay_336h,20260906,6,83494973.03120889,910.5371456893616
D1,uswc_departure_delay_336h,20260906,7,83555703.31849411,910.4109054877295
D1,uswc_departure_delay_336h,20260907,1,83022006.25761406,912.4666751380146
D1,uswc_departure_delay_336h,20260907,2,83078058.24044581,912.1565250804723
D1,uswc_departure_delay_336h,20260907,3,83079739.96247813,912.1044117846766
D1,uswc_departure_delay_336h,20260907,4,83079882.65445746,912.0654995784416
D1,uswc_departure_delay_336h,20260907,5,83099555.388781,911.8938428166947
D1,uswc_departure_delay_336h,20260907,6,83109932.67368631,911.8534339197893
D1,uswc_departure_delay_336h,20260907,7,83114315.02096164,911.7922299809765
D1,uswc_departure_delay_336h,20260907,8,83148662.06757218,911.6257126635123
D1,uswc_departure_delay_336h,20260907,9,83174773.81701973,911.505316559904
D1,uswc_departure_delay_336h,20260907,10,83194461.90497452,911.3302390902879
D1,uswc_departure_delay_336h,20260907,11,83199282.4221208,911.2029020502786
D1,uswc_departure_delay_336h,20260907,12,83266521.10222106,911.1087852218927
D1,uswc_departure_delay_336h,20260908,1,83181029.71936303,913.4797014332358
D1,uswc_departure_delay_336h,20260908,2,83194586.66232738,913.1264221600188
D1,uswc_departure_delay_336h,20260908,3,83204253.92081495,912.7702800277241
D1,uswc_departure_delay_336h,20260908,4,83230011.25245629,912.5979602017441
D1,uswc_departure_delay_336h,20260908,5,83242130.74348788,912.1322735731184
D1,uswc_departure_delay_336h,20260909,1,83304459.85046944,911.9464457816656
D1,uswc_departure_delay_336h,20260909,2,83317309.06808236,911.2094595079798
D1,uswc_departure_delay_336h,20260909,3,83370162.80878581,911.0848169632169
D1,uswc_departure_delay_336h,20260909,4,83372783.24762645,910.8493213360956
D1,uswc_departure_delay_336h,20260909,5,83380605.69781585,910.6343028360113
D1,uswc_departure_delay_336h,20260909,6,83389374.6157361,910.5125511177749
D1,uswc_departure_delay_336h,20260909,7,83426918.32405685,910.3104369196836
D1,uswc_departure_delay_336h,20260910,1,83387349.57701953,913.0742559101029
D1,uswc_departure_delay_336h,20260910,2,83467070.31771229,913.0409701273439
D1,uswc_departure_delay_336h,20260910,3,83485763.61545102,912.9450316584165
D1,uswc_departure_delay_336h,20260910,4,83510940.28127272,912.7782816548602
D1,uswc_departure_delay_336h,20260910,5,83516754.18493904,912.1812362235308
D1,uswc_departure_delay_336h,20260910,6,83615094.4715102,912.1265078300106
D1,uswc_departure_delay_336h,20260910,7,83621200.81565751,911.9745570686458
D1,uswc_departure_delay_336h,20260910,8,83702318.46717963,911.9346491429045
D1,uswc_departure_delay_336h,20260911,1,83197010.49662466,911.9509935361579
D1,uswc_departure_delay_336h,20260911,2,83310634.87445198,911.5740144842931
D1,uswc_departure_delay_336h,20260912,1,82958317.382359,912.5746244207126
D1,uswc_departure_delay_336h,20260912,2,83002198.46721321,912.2102726224088
D1,uswc_departure_delay_336h,20260912,3,83008003.31512249,912.1706938272888
D1,uswc_departure_delay_336h,20260912,4,83010998.28316581,912.0993709571701
D1,uswc_departure_delay_336h,20260912,5,83011080.32725546,912.0035803300564
D1,uswc_departure_delay_336h,20260912,6,83011807.8641612,911.8415258849325
D1,uswc_departure_delay_336h,20260912,7,83013565.24597356,911.7923536807803
D1,uswc_departure_delay_336h,20260912,8,83027872.68769759,911.7696020515893
D1,uswc_departure_delay_336h,20260912,9,83088045.81842355,911.6150880724203
D1,uswc_departure_delay_336h,20260912,10,83098479.4961137,911.4726296432561
D1,uswc_departure_delay_336h,20260913,1,83350480.92543608,911.5034394321455
D1,uswc_departure_delay_336h,20260913,2,83361413.64409776,911.3678562503371
D1,uswc_departure_delay_336h,20260913,3,83378821.42563848,910.8555088936148
D1,uswc_departure_delay_336h,20260913,4,83474955.96804892,910.8078621521234
D1,uswc_departure_delay_336h,20260913,5,83493716.65375978,910.5900000345371
D1,uswc_departure_delay_336h,20260914,1,83163508.04733221,912.2644519192663
D1,uswc_departure_delay_336h,20260914,2,83220191.82060128,911.9601412010928
D1,uswc_departure_delay_336h,20260914,3,83245356.74165533,911.646936989426
D1,uswc_departure_delay_336h,20260914,4,83251338.21238795,911.3955604184133
D1,uswc_departure_delay_336h,20260914,5,83261726.84005071,910.8774637255999
D1,uswc_departure_delay_336h,20260914,6,83304574.16395792,910.6154527625293
D1,uswc_departure_delay_336h,20260914,7,83415931.36403097,910.4901760985871
D1,uswc_departure_delay_336h,20260914,8,83449964.96427839,910.3011631212244
D1,uswc_departure_delay_336h,20260915,1,83491286.38080359,912.7962555689567
D1,uswc_departure_delay_336h,20260915,2,83537512.70894012,911.9877841015585
D1,uswc_departure_delay_336h,20260915,3,83602941.97557539,911.7645536994024
D1,uswc_departure_delay_336h,20260915,4,83685846.28271572,911.7519647767946
D1,uswc_departure_delay_336h,20260915,5,83693646.5295357,911.6423183389447
D1,uswc_departure_delay_336h,20260915,6,83695606.21337494,911.5205366721508
D1,uswc_departure_delay_336h,20260915,7,83763830.36753958,911.5057929261586
D1,uswc_departure_delay_336h,20260916,1,83026500.54236668,912.5632475779373
D1,uswc_departure_delay_336h,20260916,2,83052647.57130638,911.7893338971697
D1,uswc_departure_delay_336h,20260916,3,83061213.45027652,911.5570540147354
D1,uswc_departure_delay_336h,20260917,1,83564342.0219895,910.1906778526611
D1,uswc_departure_delay_336h,20260917,2,83613348.35397631,910.0636448605048
D1,uswc_departure_delay_336h,20260917,3,83617636.56891897,909.8744485847344
D1,uswc_departure_delay_336h,20260917,4,83804777.63500151,909.832112505777
D1,uswc_departure_delay_336h,20260918,1,83266940.58815458,912.6254644003932
D1,uswc_departure_delay_336h,20260918,2,83292828.92290413,912.6139548142497
D1,uswc_departure_delay_336h,20260918,3,83293270.90669765,912.3004238382852
D1,uswc_departure_delay_336h,20260918,4,83349462.66397932,911.9105424701057
D1,uswc_departure_delay_336h,20260918,5,83371516.75330913,911.5965196786381
D1,uswc_departure_delay_336h,20260918,6,83417323.8546741,911.5226647721726
D1,uswc_departure_delay_336h,20260918,7,83436594.03532875,911.092922748846
D1,uswc_departure_delay_336h,20260918,8,83458272.15159425,911.0479493282774
D1,uswc_departure_delay_336h,20260919,1,83386434.06313571,911.2321698344989
D1,uswc_departure_delay_336h,20260919,2,83481320.12033491,911.0277836475453
D1,uswc_departure_delay_336h,20260919,3,83511640.60030577,911.0122454979985
D1,uswc_departure_delay_336h,20260919,4,83519574.94952025,910.8429058634534
D1,uswc_departure_delay_336h,20260919,5,83553776.12444928,910.7858714469614
D1,uswc_departure_delay_336h,20260919,6,83618374.544124,910.7221625565492
D1,uswc_departure_delay_336h,20260920,1,83364783.48995282,910.8598359754183
D1,uswc_departure_delay_336h,20260920,2,83386618.97208698,910.4414601880849
D1,uswc_departure_delay_336h,20260920,3,83412435.41357155,910.3862677246772
D1,uswc_departure_delay_336h,20260921,1,83455779.99692562,912.1754914125396
D1,uswc_departure_delay_336h,20260921,2,83515382.4414143,911.8125754327168
D1,uswc_departure_delay_336h,20260921,3,83540665.80306776,911.7175194741486
D1,uswc_departure_delay_336h,20260921,4,83571735.78736532,911.4959234628946
D1,uswc_departure_delay_336h,20260921,5,83581799.29057197,911.322397201516
D1,uswc_departure_delay_336h,20260921,6,83613113.17693613,911.318536719282
D1,uswc_departure_delay_336h,20260922,1,83200102.50130948,913.1320676251017
D1,uswc_departure_delay_336h,20260922,2,83241901.14397189,912.9021622948848
D1,uswc_departure_delay_336h,20260922,3,83247292.4554428,912.5868275586971
D1,uswc_departure_delay_336h,20260922,4,83285424.92966704,912.5728185735826
D1,uswc_departure_delay_336h,20260922,5,83334142.71570575,912.4360727400541
D1,uswc_departure_delay_336h,20260923,1,83478940.3008502,912.6409064314857
D1,uswc_departure_delay_336h,20260923,2,83481067.80571075,912.195991327783
D1,uswc_departure_delay_336h,20260923,3,83543266.5117601,911.8106609081328
D1,uswc_departure_delay_336h,20260923,4,83697031.30447483,911.7470982501405
D1,uswc_departure_delay_336h,20260923,5,83721928.70193437,911.7038329453128
D1,uswc_departure_delay_336h,20260923,6,83760196.53009428,911.2908620540505
D1,uswc_departure_delay_336h,20260924,1,83389364.3785657,912.5785189272017
D1,uswc_departure_delay_336h,20260924,2,83397433.8358857,912.4700258825634
D1,uswc_departure_delay_336h,20260924,3,83406015.57990654,912.2108854205819
D1,uswc_departure_delay_336h,20260924,4,83452439.38131794,912.185676550627
D1,uswc_departure_delay_336h,20260924,5,83488310.38410051,912.1483780438753
D1,uswc_departure_delay_336h,20260924,6,83500668.77361947,911.7945960306125
D1,uswc_departure_delay_336h,20260924,7,83500814.68741104,911.6900892458335
D1,uswc_departure_delay_336h,20260924,8,83529271.42539656,911.6441536495416
D1,uswc_departure_delay_336h,20260925,1,83589160.19491231,914.4369280448225
D1,uswc_departure_delay_336h,20260925,2,83593254.38661404,914.4308692727574
D1,uswc_departure_delay_336h,20260925,3,83602795.69786048,914.2594584894039
D1,uswc_departure_delay_336h,20260925,4,83606398.02842192,913.6090102259294
D1,uswc_departure_delay_336h,20260925,5,83628381.53203242,913.5786488381232
D1,uswc_departure_delay_336h,20260925,6,83665599.1323317,913.2546482778764
D1,uswc_departure_delay_336h,20260925,7,83710283.50237948,912.7394092346202
D1,uswc_departure_delay_336h,20260925,8,83730709.1777875,912.5288288998275
D1,uswc_departure_delay_336h,20260925,9,83745515.85673432,912.3571269165445
D1,uswc_departure_delay_336h,20260925,10,83841492.06708814,912.1815930143573
D1,uswc_departure_delay_336h,20260926,1,83283653.5281622,912.0630890077977
D1,uswc_departure_delay_336h,20260926,2,83290936.22956593,911.7658768018242
D1,uswc_departure_delay_336h,20260926,3,83298270.30666493,911.6407647703184
D1,uswc_departure_delay_336h,20260926,4,83303896.97564313,911.1215827703629
D1,uswc_departure_delay_336h,20260926,5,83321009.72710387,910.7670383407307
D1,uswc_departure_delay_336h,20260927,1,83099989.44158944,912.3866486748879
D1,uswc_departure_delay_336h,20260927,2,83116206.2280876,911.8905672448747
D1,uswc_departure_delay_336h,20260927,3,83148074.70600295,911.8554230473853
D1,uswc_departure_delay_336h,20260927,4,83166604.30612195,911.6722566745839
D1,uswc_departure_delay_336h,20260927,5,83236808.32298627,911.6553281722514
D1,uswc_departure_delay_336h,20260927,6,83244872.17392138,911.4120481952059
D1,uswc_departure_delay_336h,20260927,7,83254139.32202964,911.1798779177831
D1,uswc_departure_delay_336h,20260928,1,83078125.10336667,913.1257804919022
D1,uswc_departure_delay_336h,20260928,2,83078343.70718768,913.0542894987793
D1,uswc_departure_delay_336h,20260928,3,83079196.12608874,912.4052195671651
D1,uswc_departure_delay_336h,20260928,4,83154489.12071186,912.2266504352979
D1,uswc_departure_delay_336h,20260928,5,83167239.34946853,912.182130029727
D1,uswc_departure_delay_336h,20260928,6,83183995.30055791,912.1048598791506
D1,uswc_departure_delay_336h,20260928,7,83186268.20984524,912.0099673158512
D1,uswc_departure_delay_336h,20260928,8,83197980.51738319,911.9755524040378
D1,uswc_departure_delay_336h,20260928,9,83211489.13724014,911.9668450379495
D1,uswc_departure_delay_336h,20260928,10,83278224.27947688,911.8019360220574
D1,uswc_departure_delay_336h,20260929,1,82929769.21975762,911.9641609434376
D1,uswc_departure_delay_336h,20260929,2,82997835.46695393,911.9337716967844
D1,uswc_departure_delay_336h,20260929,3,83009375.57962796,911.5003180460534
D1,uswc_departure_delay_336h,20260929,4,83028946.15305877,911.0577407419154
D1,uswc_departure_delay_336h,20260929,5,83120420.94833544,911.0074234987234
D1,uswc_departure_delay_336h,20260929,6,83146834.72836357,910.9349078814425
D1,uswc_departure_delay_336h,20260930,1,83161389.26766984,915.3370829642581
D1,uswc_departure_delay_336h,20260930,2,83178229.58398563,914.4945499334651
D1,uswc_departure_delay_336h,20260930,3,83190346.7736501,913.8716614421178
D1,uswc_departure_delay_336h,20260930,4,83202871.90985747,913.4413393879872
D1,uswc_departure_delay_336h,20260930,5,83211551.81312416,913.3291258845065
D1,uswc_departure_delay_336h,20260930,6,83218389.15044986,912.8311081115074
D1,uswc_departure_delay_336h,20260931,1,83656936.81296422,912.2339985287715
D1,uswc_departure_delay_336h,20260931,2,83709323.54841141,912.1845637091302
D1,uswc_departure_delay_336h,20260931,3,83744854.68781671,912.151725128016
D1,uswc_departure_delay_336h,20260931,4,83778362.21676083,912.081872164705
D1,uswc_departure_delay_336h,20260931,5,83844227.21837309,911.9847141867552
D1,uswc_departure_delay_336h,20260932,1,83018385.46844141,912.3681702179939
D1,uswc_departure_delay_336h,20260932,2,83032385.51995109,911.614565818653
D1,uswc_departure_delay_336h,20260932,3,83063103.7781519,911.2736131400197
D1,uswc_departure_delay_336h,20260932,4,83086602.73073223,911.2342120241095
D1,uswc_departure_delay_336h,20260932,5,83113909.74378034,911.0334145316723
D1,uswc_departure_delay_336h,20260932,6,83138703.42025517,911.0218715839186
D1,uswc_departure_delay_336h,20260932,7,83170455.75831117,910.945602495385
D1,uswc_departure_delay_336h,20260932,8,83223518.99214908,910.9281639112675
D1,uswc_departure_delay_336h,20260932,9,83239768.84067224,910.7867950205786
D1,uswc_departure_delay_336h,20260932,10,83249788.91303605,910.7497639646318
D1,uswc_departure_delay_336h,20260932,11,83265967.10606511,910.5340709318754
D1,uswc_departure_delay_336h,20260932,12,83371165.3843347,910.5148607075043
D1,uswc_departure_delay_336h,20260933,1,82986149.90803082,912.249412357148
D1,uswc_departure_delay_336h,20260933,2,83028478.58750731,911.8531383221525
D1,uswc_departure_delay_336h,20260933,3,83038140.898836,911.7992801060424
D1,uswc_departure_delay_336h,20260933,4,83039088.70304804,911.6561245589089
D1,uswc_departure_delay_336h,20260933,5,83057389.78967482,911.6306189975138
D1,uswc_departure_delay_336h,20260933,6,83058051.83579713,911.6096542104374
D1,uswc_departure_delay_336h,20260933,7,83117468.71945529,911.376828361745
D1,uswc_departure_delay_336h,20260933,8,83121081.46271393,911.319573101925
D1,uswc_departure_delay_336h,20260933,9,83125867.56106883,911.223813776796
D1,uswc_departure_delay_336h,20260933,10,83142064.7420896,911.2025289663874
D1,uswc_departure_delay_336h,20260933,11,83147147.17095518,911.1686037709582
D1,uswc_departure_delay_336h,20260933,12,83161075.18606034,911.0119406031487
D1,uswc_departure_delay_336h,20260933,13,83174512.75081816,910.8317098953431
D1,uswc_departure_delay_336h,20260934,1,83529788.55313966,910.9147515252332
D1,uswc_departure_delay_336h,20260934,2,83559250.67749718,910.9051824692214
D1,uswc_departure_delay_336h,20260934,3,83573321.54409212,910.7569803494955
D1,uswc_departure_delay_336h,20260934,4,83578416.120428,910.4998038600897
D1,uswc_departure_delay_336h,20260934,5,83596341.0524767,910.3528010844169
D1,uswc_departure_delay_336h,20260934,6,83627678.60599445,910.296380927469
D1,uswc_departure_delay_336h,20260934,7,83637236.68378669,910.1477652053534
D1,uswc_departure_delay_336h,20260934,8,83656261.56594236,910.0829632289823
D1,uswc_departure_delay_336h,20260935,1,83359222.24142453,913.0260397651116
D1,uswc_departure_delay_336h,20260935,2,83368893.63033202,912.5712434854587
D1,uswc_departure_delay_336h,20260935,3,83400990.27800272,912.2867363948886
D1,uswc_departure_delay_336h,20260935,4,83504809.21324259,912.1330559459701
D1,uswc_departure_delay_336h,20260935,5,83564902.97131437,912.0470571001251
D1,uswc_port_capacity_675pct,20260906,1,24842445.19812098,660.4667559181308
D1,uswc_port_capacity_675pct,20260906,2,24848650.87177561,660.0019607945736
D1,uswc_port_capacity_675pct,20260906,3,24883568.201326527,658.6343352527729
D1,uswc_port_capacity_675pct,20260906,4,24888497.304555107,653.2299622158317
D1,uswc_port_capacity_675pct,20260906,5,24952312.852573715,653.0169489543077
D1,uswc_port_capacity_675pct,20260906,6,24988661.712288722,651.8252915182069
D1,uswc_port_capacity_675pct,20260906,7,25015801.614312228,651.7410650440858
D1,uswc_port_capacity_675pct,20260906,8,25027305.75699999,648.6471827837831
D1,uswc_port_capacity_675pct,20260906,9,25048405.284625843,647.9674761935964
D1,uswc_port_capacity_675pct,20260906,10,25145924.420690563,647.4400488001354
D1,uswc_port_capacity_675pct,20260906,11,25150426.31195558,646.7272102563984
D1,uswc_port_capacity_675pct,20260906,12,25154848.34343224,646.6180078702163
D1,uswc_port_capacity_675pct,20260906,13,25188914.647872046,646.3377804512452
D1,uswc_port_capacity_675pct,20260906,14,25199644.344163164,645.1663163603041
D1,uswc_port_capacity_675pct,20260906,15,25225807.3685105,644.9990615099886
D1,uswc_port_capacity_675pct,20260906,16,25235562.131221257,644.0806653495912
D1,uswc_port_capacity_675pct,20260906,17,25265622.552143905,643.663892986668
D1,uswc_port_capacity_675pct,20260906,18,25328875.70402395,641.6593479719946
D1,uswc_port_capacity_675pct,20260906,19,25347784.00330648,641.6503052642785
D1,uswc_port_capacity_675pct,20260906,20,25382374.25321296,641.1780168299465
D1,uswc_port_capacity_675pct,20260906,21,25406501.118695565,641.1564961377708
D1,uswc_port_capacity_675pct,20260906,22,25413860.21512293,640.8729296946593
D1,uswc_port_capacity_675pct,20260906,23,25428318.67171302,639.5562269976799
D1,uswc_port_capacity_675pct,20260906,24,25466791.631174527,639.23369680844
D1,uswc_port_capacity_675pct,20260906,25,25496271.231104188,638.9750733223315
D1,uswc_port_capacity_675pct,20260906,26,25528977.60741526,637.2316774242043
D1,uswc_port_capacity_675pct,20260906,27,25585741.09869602,636.280724362476
D1,uswc_port_capacity_675pct,20260906,28,25682307.22827803,635.3666007365327
D1,uswc_port_capacity_675pct,20260906,29,25725192.068091244,634.1608453701832
D1,uswc_port_capacity_675pct,20260906,30,25818989.951902088,633.8079642605746
D1,uswc_port_capacity_675pct,20260906,31,25856661.762419228,633.510879734796
D1,uswc_port_capacity_675pct,20260906,32,25901222.197184246,632.582684116353
D1,uswc_port_capacity_675pct,20260906,33,25911130.396912266,632.5420664255878
D1,uswc_port_capacity_675pct,20260906,34,25975975.35893859,631.6242363557697
D1,uswc_port_capacity_675pct,20260906,35,25998172.60153971,631.2515582168876
D1,uswc_port_capacity_675pct,20260907,1,25515584.528721776,637.2205203095821
D1,uswc_port_capacity_675pct,20260907,2,25620902.531485274,635.5733909367095
D1,uswc_port_capacity_675pct,20260907,3,25623247.38542823,635.1519240875718
D1,uswc_port_capacity_675pct,20260907,4,25657061.830689576,634.0006210006823
D1,uswc_port_capacity_675pct,20260907,5,25706562.99155427,633.899031074905
D1,uswc_port_capacity_675pct,20260907,6,25714056.7532288,633.215569767905
D1,uswc_port_capacity_675pct,20260907,7,25749933.094815228,633.154105845488
D1,uswc_port_capacity_675pct,20260907,8,25770731.185936656,631.7839823708351
D1,uswc_port_capacity_675pct,20260907,9,25791075.857666016,631.7374406694797
D1,uswc_port_capacity_675pct,20260907,10,25808551.542048603,631.5903011304222
D1,uswc_port_capacity_675pct,20260907,11,25861031.111345444,631.5218828871377
D1,uswc_port_capacity_675pct,20260907,12,25865253.891941797,629.8700540283422
D1,uswc_port_capacity_675pct,20260907,13,25878216.912805896,629.7755001901951
D1,uswc_port_capacity_675pct,20260907,14,25910296.26820939,629.1493882830247
D1,uswc_port_capacity_675pct,20260907,15,25956831.96966935,628.7640578669642
D1,uswc_port_capacity_675pct,20260907,16,25968386.719464336,628.0829014497755
D1,uswc_port_capacity_675pct,20260907,17,26045315.289891113,627.9440771909673
D1,uswc_port_capacity_675pct,20260907,18,26077676.990641564,625.7509840262627
D1,uswc_port_capacity_675pct,20260907,19,26135342.25658021,625.3264300953057
D1,uswc_port_capacity_675pct,20260907,20,26170097.21344345,624.8175497032934
D1,uswc_port_capacity_675pct,20260907,21,26224929.613859504,624.384011503617
D1,uswc_port_capacity_675pct,20260907,22,26253169.346764177,623.2196006854163
D1,uswc_port_capacity_675pct,20260907,23,26383436.3174519,622.4211651481015
D1,uswc_port_capacity_675pct,20260907,24,26433508.648432508,621.8179393911123
D1,uswc_port_capacity_675pct,20260907,25,26496816.95811369,621.7517947671583
D1,uswc_port_capacity_675pct,20260907,26,26532732.01100971,621.7254501031407
D1,uswc_port_capacity_675pct,20260907,27,26558303.62036694,621.3333777254197
D1,uswc_port_capacity_675pct,20260907,28,26578512.6989591,621.112912229917
D1,uswc_port_capacity_675pct,20260907,29,26615105.99959738,620.8929751749603
D1,uswc_port_capacity_675pct,20260908,1,25569653.57766146,643.2490537541479
D1,uswc_port_capacity_675pct,20260908,2,25585600.162476636,642.6693062086963
D1,uswc_port_capacity_675pct,20260908,3,25590714.27888235,641.8297374504839
D1,uswc_port_capacity_675pct,20260908,4,25599234.620449055,641.1274200900903
D1,uswc_port_capacity_675pct,20260908,5,25664151.79630316,640.6178010864054
D1,uswc_port_capacity_675pct,20260908,6,25675346.828891296,639.4914318113738
D1,uswc_port_capacity_675pct,20260908,7,25700093.927073404,638.5788825481712
D1,uswc_port_capacity_675pct,20260908,8,25701362.297984626,638.5094480043022
D1,uswc_port_capacity_675pct,20260908,9,25715790.77828963,637.9845397205809
D1,uswc_port_capacity_675pct,20260908,10,25758214.409107592,637.7287885941262
D1,uswc_port_capacity_675pct,20260908,11,25806342.485517405,636.7115435234059
D1,uswc_port_capacity_675pct,20260908,12,25815241.134053946,636.7113405020044
D1,uswc_port_capacity_675pct,20260908,13,25824004.52562045,635.9725901452422
D1,uswc_port_capacity_675pct,20260908,14,25866704.958671384,635.3606375096465
D1,uswc_port_capacity_675pct,20260908,15,25866924.654443823,635.2928970797474
D1,uswc_port_capacity_675pct,20260908,16,25896193.51172176,634.7939321993465
D1,uswc_port_capacity_675pct,20260908,17,25927974.267856654,634.4700537560285
D1,uswc_port_capacity_675pct,20260908,18,25959247.415870894,632.124489188383
D1,uswc_port_capacity_675pct,20260908,19,26158042.43756334,630.8455056081859
D1,uswc_port_capacity_675pct,20260908,20,26297868.328916032,630.2243950326952
D1,uswc_port_capacity_675pct,20260908,21,26300243.748966,629.9853612920809
D1,uswc_port_capacity_675pct,20260908,22,26319453.82146737,629.9132421937734
D1,uswc_port_capacity_675pct,20260908,23,26337897.37820761,629.7112994179522
D1,uswc_port_capacity_675pct,20260908,24,26373147.501373306,629.3261007057918
D1,uswc_port_capacity_675pct,20260908,25,26487901.591862988,629.0580670168874
D1,uswc_port_capacity_675pct,20260909,1,25186500.8418719,648.7589091170166
D1,uswc_port_capacity_675pct,20260909,2,25295805.67524192,648.666203342206
D1,uswc_port_capacity_675pct,20260909,3,25332939.933975033,645.593111149567
D1,uswc_port_capacity_675pct,20260909,4,25351431.39267285,645.512151568296
D1,uswc_port_capacity_675pct,20260909,5,25444977.56000669,642.9897936939889
D1,uswc_port_capacity_675pct,20260909,6,25488035.879195068,641.7552418295371
D1,uswc_port_capacity_675pct,20260909,7,25628744.62548679,640.338302574162
D1,uswc_port_capacity_675pct,20260909,8,25726772.029235654,639.3758180594139
D1,uswc_port_capacity_675pct,20260909,9,25753240.881821677,638.2552034083086
D1,uswc_port_capacity_675pct,20260909,10,25806591.63403712,638.1298648587618
D1,uswc_port_capacity_675pct,20260909,11,25816288.117910914,637.459398566509
D1,uswc_port_capacity_675pct,20260909,12,25868169.478535615,636.3045775157976
D1,uswc_port_capacity_675pct,20260909,13,25880298.037390098,634.2379506333701
D1,uswc_port_capacity_675pct,20260909,14,26027449.19222768,633.8813330854091
D1,uswc_port_capacity_675pct,20260909,15,26062513.577219535,633.3742687731949
D1,uswc_port_capacity_675pct,20260909,16,26093314.62754559,632.4381684971136
D1,uswc_port_capacity_675pct,20260909,17,26109803.782246135,632.3757292903705
D1,uswc_port_capacity_675pct,20260909,18,26127833.087367702,632.3499690495411
D1,uswc_port_capacity_675pct,20260909,19,26166871.210726663,632.1632792467772
D1,uswc_port_capacity_675pct,20260909,20,26265034.51877553,631.7567943638668
D1,uswc_port_capacity_675pct,20260909,21,26295979.5753254,631.3154137070624
D1,uswc_port_capacity_675pct,20260909,22,26341335.38386176,631.0239602248188
D1,uswc_port_capacity_675pct,20260909,23,26356328.206610635,630.5950551057432
D1,uswc_port_capacity_675pct,20260910,1,25543194.307037503,636.1502187915288
D1,uswc_port_capacity_675pct,20260910,2,25553597.79702551,635.927436946215
D1,uswc_port_capacity_675pct,20260910,3,25594301.142557595,635.0943767766494
D1,uswc_port_capacity_675pct,20260910,4,25595603.752489034,634.240919292238
D1,uswc_port_capacity_675pct,20260910,5,25598324.328409843,634.1194362680767
D1,uswc_port_capacity_675pct,20260910,6,25642640.8365964,633.811750401531
D1,uswc_port_capacity_675pct,20260910,7,25646327.53211014,633.3991652461439
D1,uswc_port_capacity_675pct,20260910,8,25675199.67529814,633.1586648938659
D1,uswc_port_capacity_675pct,20260910,9,25678166.14762445,632.9859612908238
D1,uswc_port_capacity_675pct,20260910,10,25705122.2138276,632.7574207709341
D1,uswc_port_capacity_675pct,20260910,11,25710043.09525872,632.3504087610308
D1,uswc_port_capacity_675pct,20260910,12,25717788.63417224,631.8707999042517
D1,uswc_port_capacity_675pct,20260910,13,25719501.830180798,631.8336063253263
D1,uswc_port_capacity_675pct,20260910,14,25725544.99823288,631.411519419499
D1,uswc_port_capacity_675pct,20260910,15,25751508.477882527,631.0989283197708
D1,uswc_port_capacity_675pct,20260910,16,25768993.027129825,631.032942338149
D1,uswc_port_capacity_675pct,20260910,17,25806140.285817236,630.8919140112657
D1,uswc_port_capacity_675pct,20260910,18,25808318.345368013,630.6778599882159
D1,uswc_port_capacity_675pct,20260910,19,25834455.093100745,629.2733599892481
D1,uswc_port_capacity_675pct,20260910,20,25859368.590736073,628.9719720164038
D1,uswc_port_capacity_675pct,20260910,21,25900869.62881985,628.5775930246496
D1,uswc_port_capacity_675pct,20260910,22,25921599.591465797,628.4200679700799
D1,uswc_port_capacity_675pct,20260910,23,25928953.6534971,628.1352480697936
D1,uswc_port_capacity_675pct,20260910,24,25939186.943665594,627.8859066825698
D1,uswc_port_capacity_675pct,20260910,25,25943225.59049013,627.6887883535592
D1,uswc_port_capacity_675pct,20260910,26,25974529.57037899,627.3268927952392
D1,uswc_port_capacity_675pct,20260910,27,25996714.00648878,626.8158269891264
D1,uswc_port_capacity_675pct,20260910,28,26019800.670100495,626.7465547417428
D1,uswc_port_capacity_675pct,20260910,29,26041658.91395786,626.5563781795345
D1,uswc_port_capacity_675pct,20260910,30,26042153.22670304,626.1420040627064
D1,uswc_port_capacity_675pct,20260910,31,26061004.669380616,625.5516359389645
D1,uswc_port_capacity_675pct,20260910,32,26103114.054816194,625.5276258900418
D1,uswc_port_capacity_675pct,20260910,33,26118682.75787815,625.2616115718986
D1,uswc_port_capacity_675pct,20260910,34,26132006.14756985,624.9904691821175
D1,uswc_port_capacity_675pct,20260910,35,26160898.492347013,624.739398357382
D1,uswc_port_capacity_675pct,20260910,36,26187037.532719918,624.7090004472288
D1,uswc_port_capacity_675pct,20260910,37,26198951.237348758,624.5223369323317
D1,uswc_port_capacity_675pct,20260910,38,26212181.638554037,624.2282350635643
D1,uswc_port_capacity_675pct,20260910,39,26250688.339329865,623.8233025041261
D1,uswc_port_capacity_675pct,20260910,40,26258844.765750214,623.3423736769988
D1,uswc_port_capacity_675pct,20260910,41,26301766.80735034,623.0216401700635
D1,uswc_port_capacity_675pct,20260910,42,26304386.470322747,623.0096050964462
D1,uswc_port_capacity_675pct,20260910,43,26352152.514588222,622.1081927874935
D1,uswc_port_capacity_675pct,20260910,44,26376937.71531788,621.9535636825186
D1,uswc_port_capacity_675pct,20260910,45,26486097.13701124,621.4380841491148
D1,uswc_port_capacity_675pct,20260910,46,26627159.790792927,620.5607815634917
D1,uswc_port_capacity_675pct,20260911,1,25452940.511781923,638.9422297340157
D1,uswc_port_capacity_675pct,20260911,2,25521753.453229576,638.2814219906166
D1,uswc_port_capacity_675pct,20260911,3,25550932.09455942,637.8247952168063
D1,uswc_port_capacity_675pct,20260911,4,25583781.97178784,637.0302675463153
D1,uswc_port_capacity_675pct,20260911,5,25605716.17837789,636.9542960810268
D1,uswc_port_capacity_675pct,20260911,6,25616231.421673365,636.8742920218441
D1,uswc_port_capacity_675pct,20260911,7,25620358.679046754,636.0685278128616
D1,uswc_port_capacity_675pct,20260911,8,25648448.124826983,635.6815092324551
D1,uswc_port_capacity_675pct,20260911,9,25653123.60463834,635.5012637291155
D1,uswc_port_capacity_675pct,20260911,10,25658425.090352144,635.1157002602989
D1,uswc_port_capacity_675pct,20260911,11,25677204.374347933,635.0829135684136
D1,uswc_port_capacity_675pct,20260911,12,25682643.37723832,634.9153754807761
D1,uswc_port_capacity_675pct,20260911,13,25688616.650376193,634.6452151906564
D1,uswc_port_capacity_675pct,20260911,14,25703541.40021563,634.4208666147356
D1,uswc_port_capacity_675pct,20260911,15,25709667.123967614,633.9097143143409
D1,uswc_port_capacity_675pct,20260911,16,25732496.827466566,633.1104074992705
D1,uswc_port_capacity_675pct,20260911,17,25794232.431939688,632.3911969640288
D1,uswc_port_capacity_675pct,20260911,18,25801410.235765472,632.1328226291049
D1,uswc_port_capacity_675pct,20260911,19,25859638.97260895,632.0434742401817
D1,uswc_port_capacity_675pct,20260911,20,25877252.383324165,631.569528749631
D1,uswc_port_capacity_675pct,20260911,21,25882036.163126793,631.4062376480973
D1,uswc_port_capacity_675pct,20260911,22,25888875.929197337,631.352478299272
D1,uswc_port_capacity_675pct,20260911,23,25892344.822915625,630.921930672695
D1,uswc_port_capacity_675pct,20260911,24,25911530.091693122,630.8441388826525
D1,uswc_port_capacity_675pct,20260911,25,25926144.992315553,630.8190385438957
D1,uswc_port_capacity_675pct,20260911,26,25931354.973455988,630.8144959821427
D1,uswc_port_capacity_675pct,20260911,27,25932965.174951654,629.7254661182445
D1,uswc_port_capacity_675pct,20260911,28,25971450.162077703,629.605439429792
D1,uswc_port_capacity_675pct,20260911,29,25977524.118726984,628.7852652853054
D1,uswc_port_capacity_675pct,20260911,30,26021303.990828425,628.6795616370722
D1,uswc_port_capacity_675pct,20260911,31,26041967.564053077,628.0105068508527
D1,uswc_port_capacity_675pct,20260911,32,26046021.50326532,627.956716059946
D1,uswc_port_capacity_675pct,20260911,33,26085468.176780522,627.7955907371883
D1,uswc_port_capacity_675pct,20260911,34,26091121.09258288,627.172243064992
D1,uswc_port_capacity_675pct,20260911,35,26094510.06666396,626.8844005062749
D1,uswc_port_capacity_675pct,20260911,36,26219021.957933735,626.8089972612214
D1,uswc_port_capacity_675pct,20260911,37,26227528.66297718,626.0584977481992
D1,uswc_port_capacity_675pct,20260911,38,26321489.098261315,625.2348010408822
D1,uswc_port_capacity_675pct,20260911,39,26363755.057348873,624.965866943694
D1,uswc_port_capacity_675pct,20260911,40,26403862.73718207,624.8222293280704
D1,uswc_port_capacity_675pct,20260911,41,26685608.64502754,624.39263151076
D1,uswc_port_capacity_675pct,20260912,1,25232421.79304781,644.8722060697754
D1,uswc_port_capacity_675pct,20260912,2,25245563.86645435,640.9869864564172
D1,uswc_port_capacity_675pct,20260912,3,25296118.36958161,638.6596958843554
D1,uswc_port_capacity_675pct,20260912,4,25353868.040414687,638.2170411906886
D1,uswc_port_capacity_675pct,20260912,5,25373170.16865519,637.603351320569
D1,uswc_port_capacity_675pct,20260912,6,25412396.694947865,637.3121527390931
D1,uswc_port_capacity_675pct,20260912,7,25423521.02363151,637.2648125806578
D1,uswc_port_capacity_675pct,20260912,8,25456374.23878965,636.9003595121578
D1,uswc_port_capacity_675pct,20260912,9,25461760.841661215,636.8820774962544
D1,uswc_port_capacity_675pct,20260912,10,25468005.484867007,636.5931779135104
D1,uswc_port_capacity_675pct,20260912,11,25477489.42523127,636.0770864938119
D1,uswc_port_capacity_675pct,20260912,12,25497276.206754316,635.6778320291311
D1,uswc_port_capacity_675pct,20260912,13,25508184.76637093,635.6563762272409
D1,uswc_port_capacity_675pct,20260912,14,25511794.069225244,635.385771678844
D1,uswc_port_capacity_675pct,20260912,15,25512405.61914239,635.1958254120451
D1,uswc_port_capacity_675pct,20260912,16,25520009.66088834,635.0912322279218
D1,uswc_port_capacity_675pct,20260912,17,25530175.039977346,634.3162187577074
D1,uswc_port_capacity_675pct,20260912,18,25534679.101430047,634.2467667372729
D1,uswc_port_capacity_675pct,20260912,19,25587673.487320356,634.1905147805985
D1,uswc_port_capacity_675pct,20260912,20,25589599.156443063,633.6585786905
D1,uswc_port_capacity_675pct,20260912,21,25606115.69696911,633.477243524744
D1,uswc_port_capacity_675pct,20260912,22,25608682.029926307,633.3881903918789
D1,uswc_port_capacity_675pct,20260912,23,25632437.050621632,633.1062400407546
D1,uswc_port_capacity_675pct,20260912,24,25637883.522405136,632.4363962140179
D1,uswc_port_capacity_675pct,20260912,25,25677210.57674277,632.3940335074105
D1,uswc_port_capacity_675pct,20260912,26,25690957.30946771,631.1828970683052
D1,uswc_port_capacity_675pct,20260912,27,25702106.96553333,631.1226613497582
D1,uswc_port_capacity_675pct,20260912,28,25730764.36837456,630.9079053726175
D1,uswc_port_capacity_675pct,20260912,29,25742052.779472794,630.2527356495924
D1,uswc_port_capacity_675pct,20260912,30,25781620.233055748,630.1124616298766
D1,uswc_port_capacity_675pct,20260912,31,25812509.71700343,629.3405611577682
D1,uswc_port_capacity_675pct,20260912,32,25814149.475949068,629.3334545117166
D1,uswc_port_capacity_675pct,20260912,33,25870622.926614717,628.9388904683203
D1,uswc_port_capacity_675pct,20260912,34,25878452.421356156,628.8285340779732
D1,uswc_port_capacity_675pct,20260912,35,25887881.881216742,627.5799754051783
D1,uswc_port_capacity_675pct,20260912,36,26071141.217871428,626.7443542432873
D1,uswc_port_capacity_675pct,20260913,1,25677113.651315615,641.8739652243304
D1,uswc_port_capacity_675pct,20260913,2,25741948.735790946,639.6417416504653
D1,uswc_port_capacity_675pct,20260913,3,25815535.42347362,637.2409730020661
D1,uswc_port_capacity_675pct,20260913,4,25832874.26834858,636.8302006110644
D1,uswc_port_capacity_675pct,20260913,5,25918380.02907975,635.9713385016503
D1,uswc_port_capacity_675pct,20260913,6,25943980.94111524,635.2132156711289
D1,uswc_port_capacity_675pct,20260913,7,25945355.188194927,634.7239446167398
D1,uswc_port_capacity_675pct,20260913,8,26016764.499461357,633.7633232747618
D1,uswc_port_capacity_675pct,20260913,9,26082035.107870404,633.7457583201142
D1,uswc_port_capacity_675pct,20260913,10,26143375.879960954,633.7041293035408
D1,uswc_port_capacity_675pct,20260913,11,26148996.749371164,631.2225314780912
D1,uswc_port_capacity_675pct,20260913,12,26149343.239089154,631.2209396591026
D1,uswc_port_capacity_675pct,20260913,13,26187891.2863478,630.5949272910727
D1,uswc_port_capacity_675pct,20260913,14,26334894.632491756,630.2245088884248
D1,uswc_port_capacity_675pct,20260913,15,26389964.99082485,628.5960554010862
D1,uswc_port_capacity_675pct,20260914,1,25641665.444374107,639.3164058208616
D1,uswc_port_capacity_675pct,20260914,2,25724761.045536876,637.9155216672841
D1,uswc_port_capacity_675pct,20260914,3,25731952.53023847,635.4375863076849
D1,uswc_port_capacity_675pct,20260914,4,25791218.577747047,635.3887287238376
D1,uswc_port_capacity_675pct,20260914,5,25841394.901847813,634.8240904626854
D1,uswc_port_capacity_675pct,20260914,6,25856230.28756758,634.3563113059744
D1,uswc_port_capacity_675pct,20260914,7,25858925.036822375,633.5194718357737
D1,uswc_port_capacity_675pct,20260914,8,25872479.74753276,632.7826195322596
D1,uswc_port_capacity_675pct,20260914,9,25931820.645270005,632.6559848506517
D1,uswc_port_capacity_675pct,20260914,10,25955538.66035601,632.4588608684553
D1,uswc_port_capacity_675pct,20260914,11,25960742.378286704,631.8037790154199
D1,uswc_port_capacity_675pct,20260914,12,25992541.35987777,630.6866821870829
D1,uswc_port_capacity_675pct,20260914,13,26022956.444789205,629.3579646600288
D1,uswc_port_capacity_675pct,20260914,14,26042800.931291144,629.2667964989087
D1,uswc_port_capacity_675pct,20260914,15,26047003.349094756,628.9615403381049
D1,uswc_port_capacity_675pct,20260914,16,26066711.142920315,628.4835682682882
D1,uswc_port_capacity_675pct,20260914,17,26139206.712648883,628.4105607292986
D1,uswc_port_capacity_675pct,20260914,18,26144355.57658307,628.0369904582989
D1,uswc_port_capacity_675pct,20260914,19,26181421.18317733,626.696364271017
D1,uswc_port_capacity_675pct,20260914,20,26208390.971822597,626.0530068618955
D1,uswc_port_capacity_675pct,20260914,21,26251656.720121853,624.604337114224
D1,uswc_port_capacity_675pct,20260914,22,26359008.466065962,623.2766008450466
D1,uswc_port_capacity_675pct,20260914,23,26400033.251309406,623.0759643335538
D1,uswc_port_capacity_675pct,20260914,24,26479701.57275516,622.4755309273198
D1,uswc_port_capacity_675pct,20260914,25,26565207.834589176,620.4554428150458
D1,uswc_port_capacity_675pct,20260915,1,25828342.0658483,632.7775775995417
D1,uswc_port_capacity_675pct,20260915,2,25951215.80643131,631.5386038316354
D1,uswc_port_capacity_675pct,20260915,3,26041632.179596793,630.0488982713767
D1,uswc_port_capacity_675pct,20260915,4,26069740.49164918,629.2398998541166
D1,uswc_port_capacity_675pct,20260915,5,26099314.434005,628.9968823326518
D1,uswc_port_capacity_675pct,20260915,6,26147711.29365374,627.2895033522449
D1,uswc_port_capacity_675pct,20260915,7,26152465.45139209,627.2125986703646
D1,uswc_port_capacity_675pct,20260915,8,26202714.13158985,624.9503734418188
D1,uswc_port_capacity_675pct,20260915,9,26269331.33398014,623.3935874604857
D1,uswc_port_capacity_675pct,20260915,10,26362785.91646491,623.3499099617562
D1,uswc_port_capacity_675pct,20260915,11,26375374.33975484,622.8153337184771
D1,uswc_port_capacity_675pct,20260915,12,26396875.64926615,621.8092896846201
D1,uswc_port_capacity_675pct,20260915,13,26434597.76946188,620.9797926447652
D1,uswc_port_capacity_675pct,20260915,14,26454809.953675464,620.8835257330879
D1,uswc_port_capacity_675pct,20260915,15,26461144.378174596,620.8171736727934
D1,uswc_port_capacity_675pct,20260915,16,26488146.67054734,620.6777739346629
D1,uswc_port_capacity_675pct,20260915,17,26512150.39685391,620.6200962529712
D1,uswc_port_capacity_675pct,20260915,18,26551374.84922556,620.3240121690365
D1,uswc_port_capacity_675pct,20260915,19,26607387.863472395,619.8184377240763
D1,uswc_port_capacity_675pct,20260915,20,26614000.397311106,619.5545542839928
D1,uswc_port_capacity_675pct,20260915,21,26778280.20347625,619.455181703351
D1,uswc_port_capacity_675pct,20260915,22,26782513.346025243,619.2949232785336
D1,uswc_port_capacity_675pct,20260915,23,26827196.045646217,618.9562207255348
D1,uswc_port_capacity_675pct,20260915,24,26940649.959050737,618.904061782084
D1,uswc_port_capacity_675pct,20260915,25,27049678.61617833,618.5330721521065
D1,uswc_port_capacity_675pct,20260916,1,25224257.32314798,643.9620247169289
D1,uswc_port_capacity_675pct,20260916,2,25259436.414711647,643.262574300841
D1,uswc_port_capacity_675pct,20260916,3,25262083.169189945,643.179273356162
D1,uswc_port_capacity_675pct,20260916,4,25283076.642090704,641.4862975415458
D1,uswc_port_capacity_675pct,20260916,5,25329938.796260674,640.7272631890303
D1,uswc_port_capacity_675pct,20260916,6,25404739.803603634,639.0615320644649
D1,uswc_port_capacity_675pct,20260916,7,25424360.160568565,638.7335791625172
D1,uswc_port_capacity_675pct,20260916,8,25470562.262803257,637.4521925850048
D1,uswc_port_capacity_675pct,20260916,9,25517624.743841536,637.2825477621068
D1,uswc_port_capacity_675pct,20260916,10,25522344.608799003,637.2649529959575
D1,uswc_port_capacity_675pct,20260916,11,25540302.797305122,636.2646187223376
D1,uswc_port_capacity_675pct,20260916,12,25571807.6013829,635.4107870308264
D1,uswc_port_capacity_675pct,20260916,13,25650113.52104336,633.8518833017393
D1,uswc_port_capacity_675pct,20260916,14,25663468.798091285,633.5185135999088
D1,uswc_port_capacity_675pct,20260916,15,25717183.312521294,633.1430247375855
D1,uswc_port_capacity_675pct,20260916,16,25718006.070057243,633.0375307892954
D1,uswc_port_capacity_675pct,20260916,17,25736936.43931471,632.6490733036276
D1,uswc_port_capacity_675pct,20260916,18,25765592.69604083,632.3343877563547
D1,uswc_port_capacity_675pct,20260916,19,25797096.581005905,631.8732107575103
D1,uswc_port_capacity_675pct,20260916,20,25811510.361707777,631.6745597730478
D1,uswc_port_capacity_675pct,20260916,21,25816374.419025227,630.7826301288442
D1,uswc_port_capacity_675pct,20260916,22,25905746.518740088,629.69900671479
D1,uswc_port_capacity_675pct,20260916,23,25924608.542887248,629.3197978621702
D1,uswc_port_capacity_675pct,20260916,24,25947417.79725011,629.2365391623985
D1,uswc_port_capacity_675pct,20260916,25,25996731.05548243,628.7209051914167
D1,uswc_port_capacity_675pct,20260916,26,26009368.47166175,627.5916912464411
D1,uswc_port_capacity_675pct,20260916,27,26110363.473348066,627.539911267944
D1,uswc_port_capacity_675pct,20260916,28,26135690.81098775,626.3434869371217
D1,uswc_port_capacity_675pct,20260916,29,26243222.46508418,625.6292437624636
D1,uswc_port_capacity_675pct,20260916,30,26336794.199422516,625.1349055846833
D1,uswc_port_capacity_675pct,20260917,1,25323906.030142374,647.6589865097285
D1,uswc_port_capacity_675pct,20260917,2,25375487.61541241,645.0838417311365
D1,uswc_port_capacity_675pct,20260917,3,25391473.664917167,643.3906671028036
D1,uswc_port_capacity_675pct,20260917,4,25404769.51977209,640.2249648172635
D1,uswc_port_capacity_675pct,20260917,5,25498640.030231208,640.0595849633328
D1,uswc_port_capacity_675pct,20260917,6,25516554.212096434,639.5410471987911
D1,uswc_port_capacity_675pct,20260917,7,25528186.753814027,638.8111544409797
D1,uswc_port_capacity_675pct,20260917,8,25542402.17899768,637.9651231772291
D1,uswc_port_capacity_675pct,20260917,9,25565563.709388882,637.4607628596923
D1,uswc_port_capacity_675pct,20260917,10,25597149.207072448,636.8364055246668
D1,uswc_port_capacity_675pct,20260917,11,25627381.82794508,636.0637542789007
D1,uswc_port_capacity_675pct,20260917,12,25663088.35708208,635.0466584065722
D1,uswc_port_capacity_675pct,20260917,13,25702296.356706318,634.8384811132414
D1,uswc_port_capacity_675pct,20260917,14,25714567.739497192,634.5672735505808
D1,uswc_port_capacity_675pct,20260917,15,25747522.014574062,634.4080424998729
D1,uswc_port_capacity_675pct,20260917,16,25771054.18199981,633.8233358203951
D1,uswc_port_capacity_675pct,20260917,17,25792427.518270683,633.3889759211851
D1,uswc_port_capacity_675pct,20260917,18,25801708.401400544,632.7519602096695
D1,uswc_port_capacity_675pct,20260917,19,25847626.903512876,632.595956505499
D1,uswc_port_capacity_675pct,20260917,20,25855665.263499256,631.2812110387557
D1,uswc_port_capacity_675pct,20260917,21,25897891.834741842,630.9002258573302
D1,uswc_port_capacity_675pct,20260917,22,25922747.97662566,630.4440181114427
D1,uswc_port_capacity_675pct,20260917,23,25959410.083832674,629.8362895683293
D1,uswc_port_capacity_675pct,20260917,24,26030425.935684327,628.6051507021965
D1,uswc_port_capacity_675pct,20260917,25,26079962.95358165,627.7587399617862
D1,uswc_port_capacity_675pct,20260917,26,26101308.66713637,627.6092645276401
D1,uswc_port_capacity_675pct,20260917,27,26110489.947020583,627.5597368300334
D1,uswc_port_capacity_675pct,20260917,28,26127025.00164085,626.9876315451799
D1,uswc_port_capacity_675pct,20260917,29,26246091.688902173,626.8386358562379
D1,uswc_port_capacity_675pct,20260917,30,26246575.41334154,624.7825049819822
D1,uswc_port_capacity_675pct,20260917,31,26269494.778895844,624.6304701063306
D1,uswc_port_capacity_675pct,20260917,32,26327717.399040814,623.1969666843478
D1,uswc_port_capacity_675pct,20260918,1,25439066.657839645,639.3375230372843
D1,uswc_port_capacity_675pct,20260918,2,25558934.30386637,638.5325325063026
D1,uswc_port_capacity_675pct,20260918,3,25594461.872836437,638.4979894290741
D1,uswc_port_capacity_675pct,20260918,4,25596497.341210578,638.4505540929713
D1,uswc_port_capacity_675pct,20260918,5,25613136.29110713,637.8237628906111
D1,uswc_port_capacity_675pct,20260918,6,25630325.812718693,637.3202236641132
D1,uswc_port_capacity_675pct,20260918,7,25650828.82046929,636.9066960741326
D1,uswc_port_capacity_675pct,20260918,8,25661582.70294674,636.3470151814324
D1,uswc_port_capacity_675pct,20260918,9,25667301.76259176,636.2655343544279
D1,uswc_port_capacity_675pct,20260918,10,25704283.983893923,635.8264195749649
D1,uswc_port_capacity_675pct,20260918,11,25744335.641109567,635.1069250972351
D1,uswc_port_capacity_675pct,20260918,12,25745140.047972485,633.4647765648988
D1,uswc_port_capacity_675pct,20260918,13,25771784.28088523,632.8437338498122
D1,uswc_port_capacity_675pct,20260918,14,25822068.03717313,632.512214415559
D1,uswc_port_capacity_675pct,20260918,15,25828637.26260522,631.911596594025
D1,uswc_port_capacity_675pct,20260918,16,25877573.539101206,630.4965625781168
D1,uswc_port_capacity_675pct,20260918,17,25924092.658719577,630.2150672080566
D1,uswc_port_capacity_675pct,20260918,18,25930539.174440317,629.9956976248351
D1,uswc_port_capacity_675pct,20260918,19,25955085.99376309,629.6935988784751
D1,uswc_port_capacity_675pct,20260918,20,25972443.247597925,629.0102841021884
D1,uswc_port_capacity_675pct,20260918,21,25979886.97572184,628.8298682597244
D1,uswc_port_capacity_675pct,20260918,22,25994488.173771095,628.6584582279866
D1,uswc_port_capacity_675pct,20260918,23,25999534.819486976,628.5935995301936
D1,uswc_port_capacity_675pct,20260918,24,26007851.464247253,628.5442031147404
D1,uswc_port_capacity_675pct,20260918,25,26040595.13521354,627.2256214737456
D1,uswc_port_capacity_675pct,20260918,26,26041799.34337699,626.9725586875247
D1,uswc_port_capacity_675pct,20260918,27,26076849.52134899,626.7197493737148
D1,uswc_port_capacity_675pct,20260918,28,26084420.891115505,626.5842386250191
D1,uswc_port_capacity_675pct,20260918,29,26103129.739972156,626.2342686064846
D1,uswc_port_capacity_675pct,20260918,30,26107609.59230003,626.1987733814216
D1,uswc_port_capacity_675pct,20260918,31,26110012.508305017,625.9429041982536
D1,uswc_port_capacity_675pct,20260918,32,26152026.33572184,625.6740433438995
D1,uswc_port_capacity_675pct,20260918,33,26152972.19443838,625.5234589117487
D1,uswc_port_capacity_675pct,20260918,34,26158028.77951523,625.0870866227893
D1,uswc_port_capacity_675pct,20260918,35,26193355.18357342,624.957173423683
D1,uswc_port_capacity_675pct,20260918,36,26228304.611324165,623.8556147986967
D1,uswc_port_capacity_675pct,20260918,37,26232525.467941087,623.8035699753569
D1,uswc_port_capacity_675pct,20260918,38,26247778.033877306,623.2193982297009
D1,uswc_port_capacity_675pct,20260918,39,26268673.190851644,622.8767365769627
D1,uswc_port_capacity_675pct,20260918,40,26329105.7553544,622.4414703722043
D1,uswc_port_capacity_675pct,20260918,41,26331248.578893136,622.1003244271112
D1,uswc_port_capacity_675pct,20260918,42,26563045.84895343,620.2759784168749
D1,uswc_port_capacity_675pct,20260919,1,25535165.286814276,639.0252421048277
D1,uswc_port_capacity_675pct,20260919,2,25546960.59438624,635.3437262823032
D1,uswc_port_capacity_675pct,20260919,3,25650402.99238624,633.8808350561414
D1,uswc_port_capacity_675pct,20260919,4,25664818.41504202,633.5147057557721
D1,uswc_port_capacity_675pct,20260919,5,25692118.8197834,631.4931516567245
D1,uswc_port_capacity_675pct,20260919,6,25720094.793925118,631.2203110411389
D1,uswc_port_capacity_675pct,20260919,7,25768595.227908093,630.9886691460429
D1,uswc_port_capacity_675pct,20260919,8,25787608.990992732,630.6391894535649
D1,uswc_port_capacity_675pct,20260919,9,25802339.734882653,630.2314664657414
D1,uswc_port_capacity_675pct,20260919,10,25803203.91030607,629.3660663701088
D1,uswc_port_capacity_675pct,20260919,11,25846232.231168162,629.0724324911059
D1,uswc_port_capacity_675pct,20260919,12,25857258.972807407,628.9213561793625
D1,uswc_port_capacity_675pct,20260919,13,25862706.932600424,628.9000338295732
D1,uswc_port_capacity_675pct,20260919,14,25869293.52808094,628.753567408335
D1,uswc_port_capacity_675pct,20260919,15,25886865.302254815,628.4312324491389
D1,uswc_port_capacity_675pct,20260919,16,25897557.139185477,628.3422799180878
D1,uswc_port_capacity_675pct,20260919,17,25903782.44236409,627.6840220810772
D1,uswc_port_capacity_675pct,20260919,18,25931529.082742684,627.5862004893377
D1,uswc_port_capacity_675pct,20260919,19,25947772.611799456,627.1956124114544
D1,uswc_port_capacity_675pct,20260919,20,25960495.03648061,627.1248792493246
D1,uswc_port_capacity_675pct,20260919,21,25960787.670548104,626.3455665972414
D1,uswc_port_capacity_675pct,20260919,22,25983177.346789252,626.3118013667607
D1,uswc_port_capacity_675pct,20260919,23,25997748.121965338,626.1687929646013
D1,uswc_port_capacity_675pct,20260919,24,25997923.600412298,626.0923877941717
D1,uswc_port_capacity_675pct,20260919,25,26012100.002830815,625.5983008306623
D1,uswc_port_capacity_675pct,20260919,26,26035957.91802891,625.3908509426325
D1,uswc_port_capacity_675pct,20260919,27,26047000.380012766,624.6409284071755
D1,uswc_port_capacity_675pct,20260919,28,26078454.04174026,624.6269236616813
D1,uswc_port_capacity_675pct,20260919,29,26088108.51695721,624.3071479515643
D1,uswc_port_capacity_675pct,20260919,30,26106149.48305315,624.1270090013602
D1,uswc_port_capacity_675pct,20260919,31,26141080.43551318,623.4929835591001
D1,uswc_port_capacity_675pct,20260919,32,26166187.815320842,622.7309224621099
D1,uswc_port_capacity_675pct,20260919,33,26181550.811070465,622.6004955759352
D1,uswc_port_capacity_675pct,20260919,34,26207714.111823913,622.1477503571793
D1,uswc_port_capacity_675pct,20260919,35,26230472.702329084,622.1421780482056
D1,uswc_port_capacity_675pct,20260919,36,26233073.149938818,621.8821146802418
D1,uswc_port_capacity_675pct,20260919,37,26286310.200127587,620.976794992271
D1,uswc_port_capacity_675pct,20260919,38,26309731.3301426,620.748467188563
D1,uswc_port_capacity_675pct,20260920,1,25320529.721365545,645.8130853199035
D1,uswc_port_capacity_675pct,20260920,2,25332519.41646077,644.9103283596188
D1,uswc_port_capacity_675pct,20260920,3,25352298.748791788,643.833496650026
D1,uswc_port_capacity_675pct,20260920,4,25412199.497721646,643.1880128443081
D1,uswc_port_capacity_675pct,20260920,5,25423608.098721597,641.6821138507967
D1,uswc_port_capacity_675pct,20260920,6,25445641.911983274,641.6302334484351
D1,uswc_port_capacity_675pct,20260920,7,25489041.783847872,641.4405167634861
D1,uswc_port_capacity_675pct,20260920,8,25514469.45828815,640.2310309596539
D1,uswc_port_capacity_675pct,20260920,9,25575607.25538219,636.291047996839
D1,uswc_port_capacity_675pct,20260920,10,25692357.69887235,635.0842473539492
D1,uswc_port_capacity_675pct,20260920,11,25780151.97525545,633.490879811863
D1,uswc_port_capacity_675pct,20260920,12,25806821.992924023,632.6645387852752
D1,uswc_port_capacity_675pct,20260920,13,25826099.320965346,632.427271601745
D1,uswc_port_capacity_675pct,20260920,14,25900750.792613868,632.4091046830546
D1,uswc_port_capacity_675pct,20260920,15,25929640.93410472,631.6311555096523
D1,uswc_port_capacity_675pct,20260920,16,25953421.447442275,631.5063439246078
D1,uswc_port_capacity_675pct,20260920,17,25957317.388629436,631.5040062651963
D1,uswc_port_capacity_675pct,20260920,18,25976291.169071414,630.4517895858581
D1,uswc_port_capacity_675pct,20260920,19,25988333.921152208,629.7247298762834
D1,uswc_port_capacity_675pct,20260920,20,26018999.156321924,629.1639335927192
D1,uswc_port_capacity_675pct,20260920,21,26060801.342539195,629.1390873390781
D1,uswc_port_capacity_675pct,20260920,22,26076491.44376612,628.8765171179325
D1,uswc_port_capacity_675pct,20260920,23,26094120.379449725,628.680821532335
D1,uswc_port_capacity_675pct,20260920,24,26147011.496369623,627.0311459777286
D1,uswc_port_capacity_675pct,20260920,25,26197294.065205578,627.0306930912741
D1,uswc_port_capacity_675pct,20260920,26,26226308.309078697,625.8715992701982
D1,uswc_port_capacity_675pct,20260920,27,26245128.654627725,625.4211348938
D1,uswc_port_capacity_675pct,20260920,28,26274734.536546204,625.3666378941573
D1,uswc_port_capacity_675pct,20260920,29,26311435.96192102,624.8572711702907
D1,uswc_port_capacity_675pct,20260920,30,26348491.81221562,623.3904813000314
D1,uswc_port_capacity_675pct,20260920,31,26363788.028747834,622.9831909866182
D1,uswc_port_capacity_675pct,20260920,32,26537995.489915565,622.3257658006755
D1,uswc_port_capacity_675pct,20260920,33,26548840.032395475,622.0569124172507
D1,uswc_port_capacity_675pct,20260920,34,26689559.690831885,620.4134857169181
D1,uswc_port_capacity_675pct,20260921,1,25593553.10810194,638.0505081964764
D1,uswc_port_capacity_675pct,20260921,2,25608253.86374567,636.7484177325744
D1,uswc_port_capacity_675pct,20260921,3,25628794.235229712,635.7745595911415
D1,uswc_port_capacity_675pct,20260921,4,25655815.778350126,634.8993021575341
D1,uswc_port_capacity_675pct,20260921,5,25666944.452787966,634.1095741866246
D1,uswc_port_capacity_675pct,20260921,6,25736312.01297158,633.7659902868346
D1,uswc_port_capacity_675pct,20260921,7,25739434.994592916,632.1827323206975
D1,uswc_port_capacity_675pct,20260921,8,25804923.526994612,631.2895189076404
D1,uswc_port_capacity_675pct,20260921,9,25813203.827997237,630.6436385568015
D1,uswc_port_capacity_675pct,20260921,10,25830181.644958813,630.524349971757
D1,uswc_port_capacity_675pct,20260921,11,25849550.61586979,630.2357676360147
D1,uswc_port_capacity_675pct,20260921,12,25861003.178373147,630.0089839635175
D1,uswc_port_capacity_675pct,20260921,13,25875569.362512104,629.8846809153739
D1,uswc_port_capacity_675pct,20260921,14,25897464.667531107,629.3945700279712
D1,uswc_port_capacity_675pct,20260921,15,25906021.2425329,628.9131871605873
D1,uswc_port_capacity_675pct,20260921,16,25933972.291087884,628.5888519244577
D1,uswc_port_capacity_675pct,20260921,17,25941050.575634014,628.5868087949868
D1,uswc_port_capacity_675pct,20260921,18,25956713.596557315,628.3993163773151
D1,uswc_port_capacity_675pct,20260921,19,25980913.383698553,628.1911941904326
D1,uswc_port_capacity_675pct,20260921,20,25995095.619312186,628.1765193378457
D1,uswc_port_capacity_675pct,20260921,21,26009338.731947154,627.3788120201377
D1,uswc_port_capacity_675pct,20260921,22,26025924.225117084,626.5123835681596
D1,uswc_port_capacity_675pct,20260921,23,26044717.361427817,625.5199432816236
D1,uswc_port_capacity_675pct,20260921,24,26133603.879982315,624.6869084553487
D1,uswc_port_capacity_675pct,20260921,25,26164826.763605215,624.6103503495652
D1,uswc_port_capacity_675pct,20260921,26,26204518.59734997,623.7987060838724
D1,uswc_port_capacity_675pct,20260921,27,26258167.194258075,623.3058198912405
D1,uswc_port_capacity_675pct,20260921,28,26293162.159019753,622.5504277446438
D1,uswc_port_capacity_675pct,20260921,29,26331465.630615726,621.7266284343323
D1,uswc_port_capacity_675pct,20260921,30,26494158.176261406,621.2529400389718
D1,uswc_port_capacity_675pct,20260922,1,25234968.73262493,646.3661740568311
D1,uswc_port_capacity_675pct,20260922,2,25261301.582684394,644.4500570632828
D1,uswc_port_capacity_675pct,20260922,3,25271558.0072847,644.43196121641
D1,uswc_port_capacity_675pct,20260922,4,25288130.753308605,643.8578211937521
D1,uswc_port_capacity_675pct,20260922,5,25325907.264441237,642.9316730449799
D1,uswc_port_capacity_675pct,20260922,6,25361306.253043223,641.5725605967763
D1,uswc_port_capacity_675pct,20260922,7,25372255.74201613,641.5387006620809
D1,uswc_port_capacity_675pct,20260922,8,25372845.81259229,641.2002728805272
D1,uswc_port_capacity_675pct,20260922,9,25399918.821736563,640.9609736899863
D1,uswc_port_capacity_675pct,20260922,10,25414462.350720644,640.4134645846144
D1,uswc_port_capacity_675pct,20260922,11,25434978.38237117,640.4055404332452
D1,uswc_port_capacity_675pct,20260922,12,25446087.66366829,639.8281161736116
D1,uswc_port_capacity_675pct,20260922,13,25475905.103421595,639.5201555423287
D1,uswc_port_capacity_675pct,20260922,14,25478585.273914915,639.1004382000049
D1,uswc_port_capacity_675pct,20260922,15,25481531.804213863,639.0690560616704
D1,uswc_port_capacity_675pct,20260922,16,25519644.105008274,638.6416288992422
D1,uswc_port_capacity_675pct,20260922,17,25526637.31727602,638.4392355990365
D1,uswc_port_capacity_675pct,20260922,18,25544873.55917215,638.4070375748461
D1,uswc_port_capacity_675pct,20260922,19,25547779.639786232,638.1059255239098
D1,uswc_port_capacity_675pct,20260922,20,25574456.68314259,638.0623928877088
D1,uswc_port_capacity_675pct,20260922,21,25599455.982145075,636.2994755233669
D1,uswc_port_capacity_675pct,20260922,22,25654769.91902031,636.089988525972
D1,uswc_port_capacity_675pct,20260922,23,25689612.605071347,635.9929799291992
D1,uswc_port_capacity_675pct,20260922,24,25689671.58035521,635.9209864338617
D1,uswc_port_capacity_675pct,20260922,25,25689844.059368063,635.5096030450328
D1,uswc_port_capacity_675pct,20260922,26,25699626.73537154,635.065138317055
D1,uswc_port_capacity_675pct,20260922,27,25707735.800777867,634.5026871604183
D1,uswc_port_capacity_675pct,20260922,28,25750524.982042313,633.321772225644
D1,uswc_port_capacity_675pct,20260922,29,25805505.32891177,632.5973409201738
D1,uswc_port_capacity_675pct,20260922,30,25859650.87345287,632.2962030184791
D1,uswc_port_capacity_675pct,20260922,31,25877269.61606455,632.2210659844135
D1,uswc_port_capacity_675pct,20260922,32,25901553.037306122,631.2246748509215
D1,uswc_port_capacity_675pct,20260922,33,25931141.660602458,630.845631793723
D1,uswc_port_capacity_675pct,20260922,34,25935233.45337409,630.8250630943546
D1,uswc_port_capacity_675pct,20260922,35,25959995.180544812,629.8998549025188
D1,uswc_port_capacity_675pct,20260922,36,25991772.160231166,629.5038370542268
D1,uswc_port_capacity_675pct,20260922,37,26049983.838110983,629.3449586888821
D1,uswc_port_capacity_675pct,20260922,38,26056233.71415843,628.9827245046368
D1,uswc_port_capacity_675pct,20260922,39,26077144.59469715,628.2787860268077
D1,uswc_port_capacity_675pct,20260922,40,26145262.28143644,627.481665638027
D1,uswc_port_capacity_675pct,20260922,41,26287791.88504662,626.4514838209875
D1,uswc_port_capacity_675pct,20260922,42,26388456.584783763,625.1420091598114
D1,uswc_port_capacity_675pct,20260923,1,25183901.81765151,644.1530559632971
D1,uswc_port_capacity_675pct,20260923,2,25195300.396754384,644.1155008779716
D1,uswc_port_capacity_675pct,20260923,3,25247070.940768193,643.639920359932
D1,uswc_port_capacity_675pct,20260923,4,25247663.655500207,643.0382410463534
D1,uswc_port_capacity_675pct,20260923,5,25257251.47692852,642.9033025053299
D1,uswc_port_capacity_675pct,20260923,6,25270126.254086334,642.1747869184802
D1,uswc_port_capacity_675pct,20260923,7,25272264.993002344,641.7452312468929
D1,uswc_port_capacity_675pct,20260923,8,25277326.945285127,641.7284499374732
D1,uswc_port_capacity_675pct,20260923,9,25311754.94752618,641.5863436240427
D1,uswc_port_capacity_675pct,20260923,10,25313615.41520862,641.4088422638623
D1,uswc_port_capacity_675pct,20260923,11,25319476.461015645,641.1051390451919
D1,uswc_port_capacity_675pct,20260923,12,25338491.64143267,640.4831173217914
D1,uswc_port_capacity_675pct,20260923,13,25366989.55077805,640.4649999323547
D1,uswc_port_capacity_675pct,20260923,14,25371248.326776683,640.3076483193449
D1,uswc_port_capacity_675pct,20260923,15,25394178.891545177,639.8844047045123
D1,uswc_port_capacity_675pct,20260923,16,25399658.85810671,639.8058393081258
D1,uswc_port_capacity_675pct,20260923,17,25425886.441648453,639.4157591319025
D1,uswc_port_capacity_675pct,20260923,18,25441037.2788487,638.7448377666641
D1,uswc_port_capacity_675pct,20260923,19,25448803.743347812,638.6995722912586
D1,uswc_port_capacity_675pct,20260923,20,25459145.798376635,638.6502269276473
D1,uswc_port_capacity_675pct,20260923,21,25470212.05162327,638.1139823059827
D1,uswc_port_capacity_675pct,20260923,22,25479129.73513795,637.2596558564484
D1,uswc_port_capacity_675pct,20260923,23,25499179.74770753,637.2594746574058
D1,uswc_port_capacity_675pct,20260923,24,25524103.32804938,636.8878704415046
D1,uswc_port_capacity_675pct,20260923,25,25535844.373741806,636.4673320647407
D1,uswc_port_capacity_675pct,20260923,26,25553742.421773266,636.3032915742285
D1,uswc_port_capacity_675pct,20260923,27,25562167.98731805,635.2176798272276
D1,uswc_port_capacity_675pct,20260923,28,25649033.299818426,634.637021845826
D1,uswc_port_capacity_675pct,20260923,29,25690785.76470841,634.451161061759
D1,uswc_port_capacity_675pct,20260923,30,25696342.688447468,634.2740036360308
D1,uswc_port_capacity_675pct,20260923,31,25701005.000392918,633.3388967913046
D1,uswc_port_capacity_675pct,20260923,32,25726748.207111396,633.0866912656778
D1,uswc_port_capacity_675pct,20260923,33,25744577.58454062,633.0636842159666
D1,uswc_port_capacity_675pct,20260923,34,25756433.7863972,633.0149140999097
D1,uswc_port_capacity_675pct,20260923,35,25804775.60843015,632.773194535449
D1,uswc_port_capacity_675pct,20260923,36,25808830.71779076,632.1662053839483
D1,uswc_port_capacity_675pct,20260923,37,25822143.727572806,631.4532431111815
D1,uswc_port_capacity_675pct,20260923,38,25853919.86830888,630.4054938741673
D1,uswc_port_capacity_675pct,20260923,39,26038047.67176661,629.1674619902507
D1,uswc_port_capacity_675pct,20260923,40,26100336.483825278,627.507329158215
D1,uswc_port_capacity_675pct,20260924,1,25394621.600913357,643.3684031560016
D1,uswc_port_capacity_675pct,20260924,2,25402504.593428686,642.3430440283615
D1,uswc_port_capacity_675pct,20260924,3,25477160.74681939,641.2396351517569
D1,uswc_port_capacity_675pct,20260924,4,25519860.842778966,638.7014453758611
D1,uswc_port_capacity_675pct,20260924,5,25570305.213174373,637.38838809404
D1,uswc_port_capacity_675pct,20260924,6,25578002.982373152,637.012345923545
D1,uswc_port_capacity_675pct,20260924,7,25621400.735943433,635.9872563248358
D1,uswc_port_capacity_675pct,20260924,8,25628311.57278793,635.9699909154806
D1,uswc_port_capacity_675pct,20260924,9,25649345.49532244,635.4824238773416
D1,uswc_port_capacity_675pct,20260924,10,25651359.412305374,634.4137233504348
D1,uswc_port_capacity_675pct,20260924,11,25667216.377880264,633.23236239796
D1,uswc_port_capacity_675pct,20260924,12,25787480.480191648,633.0424533973567
D1,uswc_port_capacity_675pct,20260924,13,25789759.229910176,632.9952041944279
D1,uswc_port_capacity_675pct,20260924,14,25798058.8077736,632.4111945371626
D1,uswc_port_capacity_675pct,20260924,15,25819146.07020503,632.2818186384354
D1,uswc_port_capacity_675pct,20260924,16,25851027.30308785,631.923740976876
D1,uswc_port_capacity_675pct,20260924,17,25856955.127591662,631.5050906828717
D1,uswc_port_capacity_675pct,20260924,18,25866816.45957945,631.2325261514387
D1,uswc_port_capacity_675pct,20260924,19,25880095.68104978,629.9396656359679
D1,uswc_port_capacity_675pct,20260924,20,25935726.31772592,629.4264668666765
D1,uswc_port_capacity_675pct,20260924,21,25937837.502456956,629.2646538842492
D1,uswc_port_capacity_675pct,20260924,22,25949437.21079511,628.8939724740341
D1,uswc_port_capacity_675pct,20260924,23,25960397.976188622,628.4344310075724
D1,uswc_port_capacity_675pct,20260924,24,26022561.642365273,627.5930846739038
D1,uswc_port_capacity_675pct,20260924,25,26055592.542292733,627.3863733394069
D1,uswc_port_capacity_675pct,20260924,26,26068156.539118186,627.3025330665939
D1,uswc_port_capacity_675pct,20260924,27,26081106.899012733,625.891488411863
D1,uswc_port_capacity_675pct,20260924,28,26170637.58194855,625.6568461625299
D1,uswc_port_capacity_675pct,20260924,29,26196762.395157773,624.9657742464981
D1,uswc_port_capacity_675pct,20260924,30,26223546.20094115,624.669063521113
D1,uswc_port_capacity_675pct,20260924,31,26301989.451168556,624.1858127790252
D1,uswc_port_capacity_675pct,20260924,32,26425114.487613235,622.6056029608883
D1,uswc_port_capacity_675pct,20260924,33,26438568.814116746,622.4143702737733
D1,uswc_port_capacity_675pct,20260925,1,25475960.521740958,636.8898286244781
D1,uswc_port_capacity_675pct,20260925,2,25509846.903514605,636.0346836885634
D1,uswc_port_capacity_675pct,20260925,3,25656594.5173773,634.916180038541
D1,uswc_port_capacity_675pct,20260925,4,25663112.98227913,634.5386977891881
D1,uswc_port_capacity_675pct,20260925,5,25689670.673209067,633.3042187539322
D1,uswc_port_capacity_675pct,20260925,6,25752228.694571134,633.1753809039622
D1,uswc_port_capacity_675pct,20260925,7,25787468.345811248,631.1092875184271
D1,uswc_port_capacity_675pct,20260925,8,25845139.259729378,631.0809644336053
D1,uswc_port_capacity_675pct,20260925,9,25848205.049712684,631.079328440737
D1,uswc_port_capacity_675pct,20260925,10,25852911.269922465,629.8664686607788
D1,uswc_port_capacity_675pct,20260925,11,25876779.566169858,629.4752171481899
D1,uswc_port_capacity_675pct,20260925,12,25931064.0386568,628.0637893153105
D1,uswc_port_capacity_675pct,20260925,13,25975475.912166137,627.6806676844184
D1,uswc_port_capacity_675pct,20260925,14,26005328.419173308,627.5548781060321
D1,uswc_port_capacity_675pct,20260925,15,26014196.35949434,626.8437698488551
D1,uswc_port_capacity_675pct,20260925,16,26034479.761337467,626.7666502890861
D1,uswc_port_capacity_675pct,20260925,17,26039459.963232927,626.6519074763096
D1,uswc_port_capacity_675pct,20260925,18,26064574.664573647,626.0909052500132
D1,uswc_port_capacity_675pct,20260925,19,26076034.232504383,626.0480586733406
D1,uswc_port_capacity_675pct,20260925,20,26079200.548070394,625.8867643146722
D1,uswc_port_capacity_675pct,20260925,21,26079230.74352991,625.8700371685536
D1,uswc_port_capacity_675pct,20260925,22,26099387.80083846,625.3861936027852
D1,uswc_port_capacity_675pct,20260925,23,26115635.47876587,625.0336409457065
D1,uswc_port_capacity_675pct,20260925,24,26181561.9512034,624.0764708813913
D1,uswc_port_capacity_675pct,20260925,25,26203887.159399107,623.7535194615406
D1,uswc_port_capacity_675pct,20260925,26,26210870.582578044,623.7299525954143
D1,uswc_port_capacity_675pct,20260925,27,26222571.314852472,623.6546396756605
D1,uswc_port_capacity_675pct,20260925,28,26227436.36457129,622.9422774610679
D1,uswc_port_capacity_675pct,20260925,29,26263266.61698149,622.2918215456365
D1,uswc_port_capacity_675pct,20260925,30,26326037.801424354,621.7441651433633
D1,uswc_port_capacity_675pct,20260925,31,26368960.530778196,621.4155184502372
D1,uswc_port_capacity_675pct,20260925,32,26372686.286862228,620.773580174368
D1,uswc_port_capacity_675pct,20260925,33,26389990.185705308,620.6939774268258
D1,uswc_port_capacity_675pct,20260925,34,26398415.777893074,620.4481500402061
D1,uswc_port_capacity_675pct,20260925,35,26412051.673197955,619.9291129020464
D1,uswc_port_capacity_675pct,20260926,1,25366926.301028013,640.8583903634482
D1,uswc_port_capacity_675pct,20260926,2,25432791.27313407,638.2414929595327
D1,uswc_port_capacity_675pct,20260926,3,25461253.148537613,637.6781308795967
D1,uswc_port_capacity_675pct,20260926,4,25477108.9769142,636.5382900550981
D1,uswc_port_capacity_675pct,20260926,5,25553824.702285953,636.1988759094163
D1,uswc_port_capacity_675pct,20260926,6,25557408.376786586,635.9034203434461
D1,uswc_port_capacity_675pct,20260926,7,25586809.816567097,635.0672353120714
D1,uswc_port_capacity_675pct,20260926,8,25617679.761354025,634.6036882851121
D1,uswc_port_capacity_675pct,20260926,9,25636559.929083187,633.8874669051602
D1,uswc_port_capacity_675pct,20260926,10,25724570.651664708,632.7746494386706
D1,uswc_port_capacity_675pct,20260926,11,25745206.033248894,631.7367544008049
D1,uswc_port_capacity_675pct,20260926,12,25788303.655771594,631.0844034613224
D1,uswc_port_capacity_675pct,20260926,13,25825544.765328005,630.1900814138913
D1,uswc_port_capacity_675pct,20260926,14,25858761.600235432,629.6754215243017
D1,uswc_port_capacity_675pct,20260926,15,25892381.25552608,628.5728736299801
D1,uswc_port_capacity_675pct,20260926,16,25964852.668052573,628.3161304370599
D1,uswc_port_capacity_675pct,20260926,17,25970535.39905631,628.1470907957598
D1,uswc_port_capacity_675pct,20260926,18,25974518.573540967,627.9846595878342
D1,uswc_port_capacity_675pct,20260926,19,26026956.54241488,627.0396238052468
D1,uswc_port_capacity_675pct,20260926,20,26059103.338793237,626.402628017496
D1,uswc_port_capacity_675pct,20260926,21,26089314.173237134,625.9447778437981
D1,uswc_port_capacity_675pct,20260926,22,26121391.496080235,625.771061622611
D1,uswc_port_capacity_675pct,20260926,23,26146241.54454614,625.5110925191758
D1,uswc_port_capacity_675pct,20260926,24,26165056.403478593,625.1414514282725
D1,uswc_port_capacity_675pct,20260926,25,26168437.19112799,624.7294940689799
D1,uswc_port_capacity_675pct,20260926,26,26196764.133969158,624.2357278165274
D1,uswc_port_capacity_675pct,20260926,27,26232007.031190492,623.9923343122362
D1,uswc_port_capacity_675pct,20260926,28,26264896.493192837,623.2562291041393
D1,uswc_port_capacity_675pct,20260926,29,26272685.212261524,622.6326844882426
D1,uswc_port_capacity_675pct,20260926,30,26367535.15252536,621.55561392907
D1,uswc_port_capacity_675pct,20260926,31,26461175.860475134,620.9698082921404
D1,uswc_port_capacity_675pct,20260926,32,26462131.13778864,620.8968614879144
D1,uswc_port_capacity_675pct,20260926,33,26511504.159440715,619.8972063148808
D1,uswc_port_capacity_675pct,20260926,34,26544374.394544657,619.7029206277575
D1,uswc_port_capacity_675pct,20260926,35,26572819.40866806,619.242945797227
D1,uswc_port_capacity_675pct,20260926,36,26607549.524446946,618.824875091831
D1,uswc_port_capacity_675pct,20260926,37,26737960.914852448,618.5277925788452
D1,uswc_port_capacity_675pct,20260927,1,25328678.692612767,640.8225102107075
D1,uswc_port_capacity_675pct,20260927,2,25345231.80292813,639.858329336382
D1,uswc_port_capacity_675pct,20260927,3,25357024.18507221,639.1538463778824
D1,uswc_port_capacity_675pct,20260927,4,25372722.242728848,638.7131823137445
D1,uswc_port_capacity_675pct,20260927,5,25432997.633851934,638.4877312115462
D1,uswc_port_capacity_675pct,20260927,6,25445635.25113614,637.2454267380139
D1,uswc_port_capacity_675pct,20260927,7,25498888.558210626,636.9213929810047
D1,uswc_port_capacity_675pct,20260927,8,25552148.403075933,635.0599822482977
D1,uswc_port_capacity_675pct,20260927,9,25582181.001656357,634.7483609093964
D1,uswc_port_capacity_675pct,20260927,10,25608496.09698758,634.605315045759
D1,uswc_port_capacity_675pct,20260927,11,25616337.336233795,634.5692913692125
D1,uswc_port_capacity_675pct,20260927,12,25619704.380212445,633.305472433005
D1,uswc_port_capacity_675pct,20260927,13,25647730.228882376,633.1437177136983
D1,uswc_port_capacity_675pct,20260927,14,25662951.233464547,632.9639054989043
D1,uswc_port_capacity_675pct,20260927,15,25693831.88428696,632.7544752046412
D1,uswc_port_capacity_675pct,20260927,16,25699491.776779197,631.5810336127153
D1,uswc_port_capacity_675pct,20260927,17,25753808.723733537,630.4456270403969
D1,uswc_port_capacity_675pct,20260927,18,25784054.978321053,630.3424861200963
D1,uswc_port_capacity_675pct,20260927,19,25800303.300344165,629.6261588855657
D1,uswc_port_capacity_675pct,20260927,20,25861969.193790667,629.0191942395774
D1,uswc_port_capacity_675pct,20260927,21,25874523.312749244,627.7748981606636
D1,uswc_port_capacity_675pct,20260927,22,25956432.29926929,627.3362869644875
D1,uswc_port_capacity_675pct,20260927,23,25962097.664023798,627.1412745458033
D1,uswc_port_capacity_675pct,20260927,24,25966712.930857,626.4500721604938
D1,uswc_port_capacity_675pct,20260927,25,26001529.756005846,626.3685114645535
D1,uswc_port_capacity_675pct,20260927,26,26013785.19261052,626.3608266875545
D1,uswc_port_capacity_675pct,20260927,27,26030883.03599652,625.8666923794202
D1,uswc_port_capacity_675pct,20260927,28,26041528.754809827,625.1327766265262
D1,uswc_port_capacity_675pct,20260927,29,26083646.222019594,624.882694819157
D1,uswc_port_capacity_675pct,20260927,30,26214629.74176576,623.8893318601287
D1,uswc_port_capacity_675pct,20260928,1,25577762.70665097,639.2288933216088
D1,uswc_port_capacity_675pct,20260928,2,25583894.228163898,638.3076330627866
D1,uswc_port_capacity_675pct,20260928,3,25648020.329842288,637.6941829758398
D1,uswc_port_capacity_675pct,20260928,4,25673231.301821895,636.7398462413556
D1,uswc_port_capacity_675pct,20260928,5,25714125.697645172,635.8991542013056
D1,uswc_port_capacity_675pct,20260928,6,25721887.27785899,635.6320438454594
D1,uswc_port_capacity_675pct,20260928,7,25739409.54261229,635.5602130436196
D1,uswc_port_capacity_675pct,20260928,8,25764198.346406624,634.9474890978669
D1,uswc_port_capacity_675pct,20260928,9,25798567.18054871,634.3972521574693
D1,uswc_port_capacity_675pct,20260928,10,25835740.158097886,634.0681147041566
D1,uswc_port_capacity_675pct,20260928,11,25842178.075727604,633.1388620676132
D1,uswc_port_capacity_675pct,20260928,12,25858128.052416105,632.7735801241661
D1,uswc_port_capacity_675pct,20260928,13,25967034.402072825,631.2845156553177
D1,uswc_port_capacity_675pct,20260928,14,25993227.165409602,630.7514559760937
D1,uswc_port_capacity_675pct,20260928,15,26023221.340667732,630.2867194119673
D1,uswc_port_capacity_675pct,20260928,16,26026694.437033184,629.8475582136952
D1,uswc_port_capacity_675pct,20260928,17,26042344.293522384,629.6333417331493
D1,uswc_port_capacity_675pct,20260928,18,26064792.251950283,629.4308923348746
D1,uswc_port_capacity_675pct,20260928,19,26080684.319279846,628.9673681792716
D1,uswc_port_capacity_675pct,20260928,20,26113701.400057245,628.4764132054379
D1,uswc_port_capacity_675pct,20260928,21,26150806.679311994,628.0686251132005
D1,uswc_port_capacity_675pct,20260928,22,26158755.90333514,627.2034942636557
D1,uswc_port_capacity_675pct,20260928,23,26235055.86839437,626.9294800896992
D1,uswc_port_capacity_675pct,20260928,24,26278177.68498942,626.0312424363452
D1,uswc_port_capacity_675pct,20260928,25,26337529.10130518,625.9670474951944
D1,uswc_port_capacity_675pct,20260928,26,26360957.09697042,625.5643886070394
D1,uswc_port_capacity_675pct,20260928,27,26368214.71058622,624.2330823192063
D1,uswc_port_capacity_675pct,20260928,28,26413854.644569535,623.2855024274461
D1,uswc_port_capacity_675pct,20260929,1,25191742.798955087,646.6681598705802
D1,uswc_port_capacity_675pct,20260929,2,25260773.855420917,643.7558160522327
D1,uswc_port_capacity_675pct,20260929,3,25291848.962923996,642.3633874071581
D1,uswc_port_capacity_675pct,20260929,4,25306294.563429154,642.1654557957394
D1,uswc_port_capacity_675pct,20260929,5,25321526.578455985,641.3646906289632
D1,uswc_port_capacity_675pct,20260929,6,25336870.723020878,641.320675105913
D1,uswc_port_capacity_675pct,20260929,7,25345797.541058134,640.2949206553566
D1,uswc_port_capacity_675pct,20260929,8,25379013.47321479,640.2620136200128
D1,uswc_port_capacity_675pct,20260929,9,25389973.85173387,640.0947714513236
D1,uswc_port_capacity_675pct,20260929,10,25393566.048265442,639.9904394681334
D1,uswc_port_capacity_675pct,20260929,11,25407977.538516957,639.8621723181644
D1,uswc_port_capacity_675pct,20260929,12,25412223.029900502,639.1776755855877
D1,uswc_port_capacity_675pct,20260929,13,25453359.54628005,637.9722725800525
D1,uswc_port_capacity_675pct,20260929,14,25470577.218195807,637.9650369094794
D1,uswc_port_capacity_675pct,20260929,15,25489886.459888253,637.7513695346538
D1,uswc_port_capacity_675pct,20260929,16,25515081.037037347,637.6704364752785
D1,uswc_port_capacity_675pct,20260929,17,25519262.53028733,637.2782475306798
D1,uswc_port_capacity_675pct,20260929,18,25537241.538565822,637.0917655910258
D1,uswc_port_capacity_675pct,20260929,19,25548727.31141238,636.0136633024076
D1,uswc_port_capacity_675pct,20260929,20,25587761.896878153,635.614137716042
D1,uswc_port_capacity_675pct,20260929,21,25588016.540015418,635.6114028981414
D1,uswc_port_capacity_675pct,20260929,22,25620070.871657822,634.7274723343648
D1,uswc_port_capacity_675pct,20260929,23,25649141.771141205,633.1719161877047
D1,uswc_port_capacity_675pct,20260929,24,25750141.717360377,631.3202876770873
D1,uswc_port_capacity_675pct,20260929,25,25806930.663967397,631.039787094751
D1,uswc_port_capacity_675pct,20260929,26,25834668.670127247,630.5608311271773
D1,uswc_port_capacity_675pct,20260929,27,25848098.114121735,630.4108639716671
D1,uswc_port_capacity_675pct,20260929,28,25868877.154735297,630.373260176659
D1,uswc_port_capacity_675pct,20260929,29,25876403.432297383,629.9798207316286
D1,uswc_port_capacity_675pct,20260929,30,25889564.317678187,629.8572118142241
D1,uswc_port_capacity_675pct,20260929,31,25907861.271361466,629.8416539505562
D1,uswc_port_capacity_675pct,20260929,32,25925486.037942253,629.0431625787012
D1,uswc_port_capacity_675pct,20260929,33,25956701.177537058,628.873470107427
D1,uswc_port_capacity_675pct,20260930,1,25564523.014464915,638.1160581766995
D1,uswc_port_capacity_675pct,20260930,2,25615742.096453585,637.0637937243298
D1,uswc_port_capacity_675pct,20260930,3,25697265.994698767,635.670755760856
D1,uswc_port_capacity_675pct,20260930,4,25778747.266356777,634.602959628247
D1,uswc_port_capacity_675pct,20260930,5,25793948.019377235,633.8934771682575
D1,uswc_port_capacity_675pct,20260930,6,25834147.509690255,633.5450966208499
D1,uswc_port_capacity_675pct,20260930,7,25871792.778281685,632.4836052988177
D1,uswc_port_capacity_675pct,20260930,8,25937366.393669777,632.2126174276211
D1,uswc_port_capacity_675pct,20260930,9,25945902.78503243,632.1771912684811
D1,uswc_port_capacity_675pct,20260930,10,25971176.36448593,631.430163650698
D1,uswc_port_capacity_675pct,20260930,11,26003340.489189845,631.1242564997569
D1,uswc_port_capacity_675pct,20260930,12,26015013.3286985,631.1049126404002
D1,uswc_port_capacity_675pct,20260930,13,26048563.038515642,631.0446258653079
D1,uswc_port_capacity_675pct,20260930,14,26049624.835114196,630.5426428243802
D1,uswc_port_capacity_675pct,20260930,15,26074002.773670677,630.3797204254286
D1,uswc_port_capacity_675pct,20260930,16,26084066.445916083,628.0984453112729
D1,uswc_port_capacity_675pct,20260930,17,26167919.79816241,627.6828344533781
D1,uswc_port_capacity_675pct,20260930,18,26180240.80322816,627.2426272409505
D1,uswc_port_capacity_675pct,20260930,19,26199788.594974376,627.0721719040413
D1,uswc_port_capacity_675pct,20260930,20,26209438.379032902,626.9218322809327
D1,uswc_port_capacity_675pct,20260930,21,26216620.255340166,626.5955464501361
D1,uswc_port_capacity_675pct,20260930,22,26244872.741652146,626.372125519224
D1,uswc_port_capacity_675pct,20260930,23,26313550.829597153,626.2666553763507
D1,uswc_port_capacity_675pct,20260930,24,26346708.26947063,625.0963108684484
D1,uswc_port_capacity_675pct,20260930,25,26349763.915273104,625.0953548596742
D1,uswc_port_capacity_675pct,20260930,26,26353277.04003566,624.2828278627807
D1,uswc_port_capacity_675pct,20260930,27,26415425.684040315,624.1604563890671
D1,uswc_port_capacity_675pct,20260930,28,26454098.234764278,623.4270092929619
D1,uswc_port_capacity_675pct,20260930,29,26461595.78413248,623.2558819284242
D1,uswc_port_capacity_675pct,20260930,30,26498495.25319767,622.4087870922739
D1,uswc_port_capacity_675pct,20260930,31,26855577.960465163,620.6624744076898
D1,uswc_port_capacity_675pct,20260931,1,25217481.649182767,644.8518486671293
D1,uswc_port_capacity_675pct,20260931,2,25224292.780971788,643.5283194704546
D1,uswc_port_capacity_675pct,20260931,3,25271195.60166781,642.3714511100861
D1,uswc_port_capacity_675pct,20260931,4,25331034.518151656,641.2497420862205
D1,uswc_port_capacity_675pct,20260931,5,25336398.797592327,641.0256415974993
D1,uswc_port_capacity_675pct,20260931,6,25365058.734810013,639.6478610396282
D1,uswc_port_capacity_675pct,20260931,7,25395509.812541317,639.341062464337
D1,uswc_port_capacity_675pct,20260931,8,25420910.062527973,638.1662968063333
D1,uswc_port_capacity_675pct,20260931,9,25445093.531817906,637.7422087246957
D1,uswc_port_capacity_675pct,20260931,10,25502823.944204208,637.2209149692378
D1,uswc_port_capacity_675pct,20260931,11,25514033.02465913,636.6516185786451
D1,uswc_port_capacity_675pct,20260931,12,25517414.04448134,636.3796960547265
D1,uswc_port_capacity_675pct,20260931,13,25563787.980620436,635.1187790101736
D1,uswc_port_capacity_675pct,20260931,14,25600614.299221657,634.8789600010391
D1,uswc_port_capacity_675pct,20260931,15,25606577.4271227,634.3156527025691
D1,uswc_port_capacity_675pct,20260931,16,25661294.140487995,633.7232488684609
D1,uswc_port_capacity_675pct,20260931,17,25680464.184339054,632.5139277166393
D1,uswc_port_capacity_675pct,20260931,18,25727877.990879137,632.351451099611
D1,uswc_port_capacity_675pct,20260931,19,25735384.799906638,631.5223809223507
D1,uswc_port_capacity_675pct,20260931,20,25775286.113860894,631.1054044598267
D1,uswc_port_capacity_675pct,20260931,21,25780206.667602915,631.0067873646636
D1,uswc_port_capacity_675pct,20260931,22,25806591.992000245,630.9790128085674
D1,uswc_port_capacity_675pct,20260931,23,25840555.758293703,630.3712911688114
D1,uswc_port_capacity_675pct,20260931,24,25876131.868821017,629.6651898676179
D1,uswc_port_capacity_675pct,20260931,25,25888057.231684893,629.6588180135126
D1,uswc_port_capacity_675pct,20260931,26,25907031.327534214,628.3091076231975
D1,uswc_port_capacity_675pct,20260931,27,25925070.24855057,628.2760986120314
D1,uswc_port_capacity_675pct,20260931,28,25977277.571877703,627.9046698621706
D1,uswc_port_capacity_675pct,20260931,29,25988942.227367606,627.1959683585279
D1,uswc_port_capacity_675pct,20260931,30,26039110.4527892,626.4226177767099
D1,uswc_port_capacity_675pct,20260932,1,25221481.169953357,642.4337207184383
D1,uswc_port_capacity_675pct,20260932,2,25276929.882421024,641.6546110469192
D1,uswc_port_capacity_675pct,20260932,3,25313310.103698507,638.1804410406907
D1,uswc_port_capacity_675pct,20260932,4,25381113.971172906,637.462174937037
D1,uswc_port_capacity_675pct,20260932,5,25412277.976145215,637.3194423787354
D1,uswc_port_capacity_675pct,20260932,6,25412552.53586355,636.2742574455212
D1,uswc_port_capacity_675pct,20260932,7,25487990.91266626,635.4987189178859
D1,uswc_port_capacity_675pct,20260932,8,25546193.23518686,634.8606509432127
D1,uswc_port_capacity_675pct,20260932,9,25549003.199095216,634.7094351613022
D1,uswc_port_capacity_675pct,20260932,10,25567415.52840977,634.2834865220427
D1,uswc_port_capacity_675pct,20260932,11,25571105.24786311,634.0019876096361
D1,uswc_port_capacity_675pct,20260932,12,25588168.39353081,633.7394485510819
D1,uswc_port_capacity_675pct,20260932,13,25630303.21725872,633.1538114376112
D1,uswc_port_capacity_675pct,20260932,14,25645354.423819527,633.1086327919894
D1,uswc_port_capacity_675pct,20260932,15,25650651.972384043,632.7526737019109
D1,uswc_port_capacity_675pct,20260932,16,25651239.058656085,632.613441472862
D1,uswc_port_capacity_675pct,20260932,17,25663193.9963302,632.3481515333553
D1,uswc_port_capacity_675pct,20260932,18,25689245.819080215,632.1039281575665
D1,uswc_port_capacity_675pct,20260932,19,25708388.335972656,631.2622761535116
D1,uswc_port_capacity_675pct,20260932,20,25716731.660818268,631.1504687416709
D1,uswc_port_capacity_675pct,20260932,21,25721284.12020118,630.8132637265082
D1,uswc_port_capacity_675pct,20260932,22,25759881.81206547,630.7190080183216
D1,uswc_port_capacity_675pct,20260932,23,25782069.58653237,629.0165537528575
D1,uswc_port_capacity_675pct,20260932,24,25784411.552524347,628.929771282216
D1,uswc_port_capacity_675pct,20260932,25,25850159.04732197,628.6040771836915
D1,uswc_port_capacity_675pct,20260932,26,25896421.894936528,628.0502968251626
D1,uswc_port_capacity_675pct,20260932,27,25978071.889775064,626.0830615249329
D1,uswc_port_capacity_675pct,20260932,28,26159016.401727483,625.3734260052327
D1,uswc_port_capacity_675pct,20260932,29,26250909.084836513,625.3548305169752
D1,uswc_port_capacity_675pct,20260932,30,26473664.384831097,624.4256273744387
D1,uswc_port_capacity_675pct,20260933,1,25177392.60003796,645.9118055369357
D1,uswc_port_capacity_675pct,20260933,2,25213844.15011067,643.8694508795252
D1,uswc_port_capacity_675pct,20260933,3,25260978.28291325,643.6407961743145
D1,uswc_port_capacity_675pct,20260933,4,25282567.015662335,642.2266275959652
D1,uswc_port_capacity_675pct,20260933,5,25325169.534874536,641.1265300434125
D1,uswc_port_capacity_675pct,20260933,6,25381163.187927205,641.1185312515055
D1,uswc_port_capacity_675pct,20260933,7,25393557.945906878,641.0079798258903
D1,uswc_port_capacity_675pct,20260933,8,25398902.077305257,639.486067821607
D1,uswc_port_capacity_675pct,20260933,9,25404470.447334588,639.1575271437841
D1,uswc_port_capacity_675pct,20260933,10,25443313.00579809,638.5756466734504
D1,uswc_port_capacity_675pct,20260933,11,25471303.516407475,637.2306923947283
D1,uswc_port_capacity_675pct,20260933,12,25510445.029246762,636.4001747011883
D1,uswc_port_capacity_675pct,20260933,13,25556579.1629821,636.0561241214742
D1,uswc_port_capacity_675pct,20260933,14,25584685.32007614,635.678115894723
D1,uswc_port_capacity_675pct,20260933,15,25590440.608560033,635.5306007368114
D1,uswc_port_capacity_675pct,20260933,16,25603709.32639545,634.7785945405763
D1,uswc_port_capacity_675pct,20260933,17,25630600.203694157,634.7397906376283
D1,uswc_port_capacity_675pct,20260933,18,25644132.52033402,634.3474131917777
D1,uswc_port_capacity_675pct,20260933,19,25661506.240786877,634.0688130902723
D1,uswc_port_capacity_675pct,20260933,20,25666586.71492515,633.3273107447832
D1,uswc_port_capacity_675pct,20260933,21,25668093.349031176,633.2911466254044
D1,uswc_port_capacity_675pct,20260933,22,25686183.580508936,632.7298983362402
D1,uswc_port_capacity_675pct,20260933,23,25729071.281443547,631.2950710923118
D1,uswc_port_capacity_675pct,20260933,24,25759468.54328873,631.0582086528208
D1,uswc_port_capacity_675pct,20260933,25,25822637.017794475,630.7902310942475
D1,uswc_port_capacity_675pct,20260933,26,25829818.46520852,630.7212747174742
D1,uswc_port_capacity_675pct,20260933,27,25834072.81940153,630.2088211779542
D1,uswc_port_capacity_675pct,20260933,28,25845355.09828648,630.109740943813
D1,uswc_port_capacity_675pct,20260933,29,25856150.445219096,629.5842602687388
D1,uswc_port_capacity_675pct,20260933,30,25868954.281179726,629.551112416654
D1,uswc_port_capacity_675pct,20260933,31,25892975.03782466,628.5720807203139
D1,uswc_port_capacity_675pct,20260933,32,25899554.194757767,628.3977893981352
D1,uswc_port_capacity_675pct,20260933,33,25963628.089064624,627.9180034474782
D1,uswc_port_capacity_675pct,20260933,34,25978326.332716227,627.9041207739822
D1,uswc_port_capacity_675pct,20260933,35,25990111.542146407,627.742713962587
D1,uswc_port_capacity_675pct,20260933,36,26007990.115360204,627.62392696558
D1,uswc_port_capacity_675pct,20260933,37,26076377.462591603,627.4405759733177
D1,uswc_port_capacity_675pct,20260933,38,26086007.789581113,627.4013499136591
D1,uswc_port_capacity_675pct,20260933,39,26110141.713889554,627.3463708448324
D1,uswc_port_capacity_675pct,20260933,40,26125370.525435567,627.2195766268801
D1,uswc_port_capacity_675pct,20260933,41,26158280.966459066,627.1490287112258
D1,uswc_port_capacity_675pct,20260933,42,26237550.150719654,626.8240724828619
D1,uswc_port_capacity_675pct,20260933,43,26261026.103434805,626.8107717035168
D1,uswc_port_capacity_675pct,20260933,44,26350492.92539215,625.6500334808647
D1,uswc_port_capacity_675pct,20260934,1,25345585.86754619,644.4734970906119
D1,uswc_port_capacity_675pct,20260934,2,25379130.213189896,644.2009238098219
D1,uswc_port_capacity_675pct,20260934,3,25425549.78334832,641.9707208623475
D1,uswc_port_capacity_675pct,20260934,4,25455837.452732,640.6449675172898
D1,uswc_port_capacity_675pct,20260934,5,25457824.023377683,640.4828542316815
D1,uswc_port_capacity_675pct,20260934,6,25479744.567736644,639.5395851464868
D1,uswc_port_capacity_675pct,20260934,7,25505206.419391442,639.4168643876649
D1,uswc_port_capacity_675pct,20260934,8,25513474.990027823,639.2352442880405
D1,uswc_port_capacity_675pct,20260934,9,25523994.34258501,639.1265827275628
D1,uswc_port_capacity_675pct,20260934,10,25524870.612030175,639.0371238067637
D1,uswc_port_capacity_675pct,20260934,11,25537217.37280098,638.3911126508151
D1,uswc_port_capacity_675pct,20260934,12,25543607.722376596,637.9548193328919
D1,uswc_port_capacity_675pct,20260934,13,25573728.26322246,636.9956834022474
D1,uswc_port_capacity_675pct,20260934,14,25610374.42241405,636.7042397035425
D1,uswc_port_capacity_675pct,20260934,15,25624949.35700274,636.7027801689233
D1,uswc_port_capacity_675pct,20260934,16,25625167.05221741,636.2894474091867
D1,uswc_port_capacity_675pct,20260934,17,25626094.473673463,635.2497768868357
D1,uswc_port_capacity_675pct,20260934,18,25636834.447769627,634.7675929229692
D1,uswc_port_capacity_675pct,20260934,19,25691233.115121804,634.6463104299278
D1,uswc_port_capacity_675pct,20260934,20,25712602.47131315,634.5983231956645
D1,uswc_port_capacity_675pct,20260934,21,25718485.052928906,634.446882760164
D1,uswc_port_capacity_675pct,20260934,22,25734761.00836848,633.1330132449663
D1,uswc_port_capacity_675pct,20260934,23,25785954.2690688,632.2613417621386
D1,uswc_port_capacity_675pct,20260934,24,25828320.029967394,632.0076201921494
D1,uswc_port_capacity_675pct,20260934,25,25875695.653940625,631.712606244226
D1,uswc_port_capacity_675pct,20260934,26,25876908.730251353,631.5879275132078
D1,uswc_port_capacity_675pct,20260934,27,25881880.627453294,631.303110624996
D1,uswc_port_capacity_675pct,20260934,28,25898353.49339308,631.2548644170474
D1,uswc_port_capacity_675pct,20260934,29,25907229.293933675,631.2270179826453
D1,uswc_port_capacity_675pct,20260934,30,25912820.3112631,630.7766011039214
D1,uswc_port_capacity_675pct,20260934,31,25926207.42372979,629.720017812489
D1,uswc_port_capacity_675pct,20260934,32,25959739.602524854,629.7034031329073
D1,uswc_port_capacity_675pct,20260934,33,25961810.804833844,629.4426749902345
D1,uswc_port_capacity_675pct,20260934,34,25988556.760179915,629.0853629883162
D1,uswc_port_capacity_675pct,20260934,35,26048833.17086236,628.5651872611556
D1,uswc_port_capacity_675pct,20260934,36,26064804.54077546,628.2668695776051
D1,uswc_port_capacity_675pct,20260934,37,26096233.570412338,627.4683029898956
D1,uswc_port_capacity_675pct,20260934,38,26114646.5229704,627.0924289688495
D1,uswc_port_capacity_675pct,20260934,39,26170190.06008249,626.8331661021354
D1,uswc_port_capacity_675pct,20260934,40,26185547.22806589,626.3282514198103
D1,uswc_port_capacity_675pct,20260935,1,25305074.64729478,645.2936755793843
D1,uswc_port_capacity_675pct,20260935,2,25318679.399112962,642.8511280322806
D1,uswc_port_capacity_675pct,20260935,3,25342517.146670774,642.272226081307
D1,uswc_port_capacity_675pct,20260935,4,25353440.718442414,642.1929563602209
D1,uswc_port_capacity_675pct,20260935,5,25373997.328994613,640.7221159231971
D1,uswc_port_capacity_675pct,20260935,6,25423280.474663086,639.8719553017372
D1,uswc_port_capacity_675pct,20260935,7,25433599.075827487,638.4611240613195
D1,uswc_port_capacity_675pct,20260935,8,25504977.256441634,638.4328879380911
D1,uswc_port_capacity_675pct,20260935,9,25509706.03742217,636.9068695217242
D1,uswc_port_capacity_675pct,20260935,10,25528406.088333856,636.7213482336828
D1,uswc_port_capacity_675pct,20260935,11,25568494.817689534,635.7377460424772
D1,uswc_port_capacity_675pct,20260935,12,25589009.63037595,635.6578103912229
D1,uswc_port_capacity_675pct,20260935,13,25596769.33193069,634.9869573670676
D1,uswc_port_capacity_675pct,20260935,14,25647192.340239383,634.2053574315955
D1,uswc_port_capacity_675pct,20260935,15,25651821.475173105,634.105215080957
D1,uswc_port_capacity_675pct,20260935,16,25685962.36883547,633.3265059485755
D1,uswc_port_capacity_675pct,20260935,17,25706900.435281873,633.1862134698548
D1,uswc_port_capacity_675pct,20260935,18,25724739.60731982,633.0572463255013
D1,uswc_port_capacity_675pct,20260935,19,25733171.088545587,632.6762461517475
D1,uswc_port_capacity_675pct,20260935,20,25768952.641128335,632.0105095049246
D1,uswc_port_capacity_675pct,20260935,21,25777526.091444865,631.798167901018
D1,uswc_port_capacity_675pct,20260935,22,25800380.08568828,631.7319785840666
D1,uswc_port_capacity_675pct,20260935,23,25814927.410206333,631.436853091189
D1,uswc_port_capacity_675pct,20260935,24,25828923.798846196,630.9404263883247
D1,uswc_port_capacity_675pct,20260935,25,25833561.96735933,630.5578199909575
D1,uswc_port_capacity_675pct,20260935,26,25859285.13018034,630.4841220116423
D1,uswc_port_capacity_675pct,20260935,27,25865378.41862684,630.0223735442098
D1,uswc_port_capacity_675pct,20260935,28,25916138.338042784,628.5138661961796
D1,uswc_port_capacity_675pct,20260935,29,25929913.755093366,628.4337302561133
D1,uswc_port_capacity_675pct,20260935,30,25956293.11653524,628.1428843395453
D1,uswc_port_capacity_675pct,20260935,31,25967262.014788534,627.7759064875311
D1,uswc_port_capacity_675pct,20260935,32,25992202.05882983,627.5873135076366
D1,uswc_port_capacity_675pct,20260935,33,26011086.148148257,627.2481503498068
D1,uswc_port_capacity_675pct,20260935,34,26027286.946663983,626.9548860391716
D1,uswc_port_capacity_675pct,20260935,35,26032243.578721855,626.8861541464968
D1,uswc_port_capacity_675pct,20260935,36,26041641.354740497,626.4208691821877
D1,uswc_port_capacity_675pct,20260935,37,26066514.97413366,626.1852708059263
D1,uswc_port_capacity_675pct,20260935,38,26113591.41374101,625.9499721444728
D1,uswc_port_capacity_675pct,20260935,39,26116570.035119303,625.8947594632788
D1,uswc_port_capacity_675pct,20260935,40,26135975.16021384,624.6138215141061
D1,uswc_port_capacity_675pct,20260935,41,26158113.303943463,624.5253420864577
D1,uswc_port_capacity_675pct,20260935,42,26219796.5521527,623.4853390659347
D1,uswc_port_capacity_675pct,20260935,43,26294031.2682473,623.4647620672237
D1,uswc_port_capacity_675pct,20260935,44,26331713.982996713,622.6867207910227
D1,uswc_port_capacity_675pct,20260935,45,26345269.111775577,622.3403608816645
D1,uswc_port_capacity_675pct,20260935,46,26438722.1189385,621.8283722195181
D1,uswc_port_capacity_675pct,20260935,47,26530258.324545868,621.3079809518541
D2,pilot_baseline,20260906,1,25278806.236593403,638.8546430523016
D2,pilot_baseline,20260906,2,25295508.105803654,638.6285393726911
D2,pilot_baseline,20260906,3,25322376.540326305,637.6967583750304
D2,pilot_baseline,20260906,4,25328435.923904087,637.6557963968486
D2,pilot_baseline,20260906,5,25329630.393025145,636.607042780391
D2,pilot_baseline,20260906,6,25369179.782324202,634.5528531576776
D2,pilot_baseline,20260906,7,25377602.351010762,634.492325900014
D2,pilot_baseline,20260906,8,25397427.749183558,633.2231007225279
D2,pilot_baseline,20260906,9,25404271.36913276,633.1679466320787
D2,pilot_baseline,20260906,10,25412125.877074648,633.0791903648766
D2,pilot_baseline,20260906,11,25430020.435286667,632.4540716970558
D2,pilot_baseline,20260906,12,25430736.18185801,631.1960711480034
D2,pilot_baseline,20260906,13,25499861.575218193,629.7875890518245
D2,pilot_baseline,20260906,14,25500842.92127178,629.5642742503057
D2,pilot_baseline,20260906,15,25519014.59465819,629.4154662873646
D2,pilot_baseline,20260906,16,25529855.482890747,628.7777425077956
D2,pilot_baseline,20260906,17,25569552.304976646,628.1056927316248
D2,pilot_baseline,20260906,18,25594777.830699734,627.972887756051
D2,pilot_baseline,20260906,19,25597400.906917226,626.144447429317
D2,pilot_baseline,20260906,20,25601678.15364254,625.7158261883684
D2,pilot_baseline,20260906,21,25652598.692263667,625.5372822727976
D2,pilot_baseline,20260906,22,25655705.55398586,625.1539048497207
D2,pilot_baseline,20260906,23,25683887.361110028,625.074478718014
D2,pilot_baseline,20260906,24,25697645.140898794,624.3030594721258
D2,pilot_baseline,20260906,25,25727277.4797128,623.844415765974
D2,pilot_baseline,20260906,26,25745391.553804997,623.5173394186402
D2,pilot_baseline,20260906,27,25786654.795779914,623.4133369609763
D2,pilot_baseline,20260906,28,25800181.021975413,622.7686675712108
D2,pilot_baseline,20260906,29,25913459.7646329,622.2258020108534
D2,pilot_baseline,20260906,30,25954417.324675906,621.6229447704113
D2,pilot_baseline,20260907,1,25123601.95313961,640.498511398455
D2,pilot_baseline,20260907,2,25192382.15001176,640.0968255175579
D2,pilot_baseline,20260907,3,25210061.441271886,639.5408239790185
D2,pilot_baseline,20260907,4,25234924.395301078,637.2224628867671
D2,pilot_baseline,20260907,5,25302525.51591871,636.9635411230789
D2,pilot_baseline,20260907,6,25328838.788991667,636.063080287496
D2,pilot_baseline,20260907,7,25374378.879386827,633.3307797471152
D2,pilot_baseline,20260907,8,25392963.179506138,631.7994220423735
D2,pilot_baseline,20260907,9,25431246.56664019,629.9795527873047
D2,pilot_baseline,20260907,10,25457084.08944573,629.2751264127904
D2,pilot_baseline,20260907,11,25466839.268604327,628.5948166992692
D2,pilot_baseline,20260907,12,25473356.43644938,628.5781034232864
D2,pilot_baseline,20260907,13,25491220.94671713,628.4892322765168
D2,pilot_baseline,20260907,14,25499463.71247387,628.1744849371514
D2,pilot_baseline,20260907,15,25503005.89779293,627.6269904846594
D2,pilot_baseline,20260907,16,25570238.236914013,626.8389041963942
D2,pilot_baseline,20260907,17,25585448.35692099,626.3159025548955
D2,pilot_baseline,20260907,18,25589853.419982806,626.2680161979367
D2,pilot_baseline,20260907,19,25608904.837411042,625.6654868792275
D2,pilot_baseline,20260907,20,25680325.147596333,624.9609508331072
D2,pilot_baseline,20260907,21,25713949.573236518,624.9335683450423
D2,pilot_baseline,20260907,22,25723825.189022943,624.7608609386314
D2,pilot_baseline,20260907,23,25743219.303012077,624.7542382574602
D2,pilot_baseline,20260907,24,25793242.997324392,623.3949797234089
D2,pilot_baseline,20260908,1,25276617.754388966,637.4490508863815
D2,pilot_baseline,20260908,2,25332892.888147745,636.9381956147882
D2,pilot_baseline,20260908,3,25336134.906678997,635.8257462708908
D2,pilot_baseline,20260908,4,25353994.617591873,635.1449851747584
D2,pilot_baseline,20260908,5,25379058.261081245,634.7420049057619
D2,pilot_baseline,20260908,6,25379654.783476662,634.1880670198829
D2,pilot_baseline,20260908,7,25389471.13663658,634.0336922061426
D2,pilot_baseline,20260908,8,25412807.136534497,633.381822910889
D2,pilot_baseline,20260908,9,25437437.69946519,633.2408823857054
D2,pilot_baseline,20260908,10,25443179.278808493,633.045034124717
D2,pilot_baseline,20260908,11,25453630.171803635,632.9710437864361
D2,pilot_baseline,20260908,12,25454561.723480474,632.705892720304
D2,pilot_baseline,20260908,13,25464910.33148602,631.5788044519255
D2,pilot_baseline,20260908,14,25482057.460032452,631.038588026956
D2,pilot_baseline,20260908,15,25501092.0060114,630.7441049537889
D2,pilot_baseline,20260908,16,25506509.27444552,630.4417837482406
D2,pilot_baseline,20260908,17,25525988.043714292,630.0741114265725
D2,pilot_baseline,20260908,18,25528136.778972764,630.0509072568415
D2,pilot_baseline,20260908,19,25531565.177483775,629.9349240826849
D2,pilot_baseline,20260908,20,25541677.507170077,629.6088504933726
D2,pilot_baseline,20260908,21,25555384.31573732,629.3469199986754
D2,pilot_baseline,20260908,22,25555456.652955927,629.3458047578656
D2,pilot_baseline,20260908,23,25572516.0457166,629.0730181487013
D2,pilot_baseline,20260908,24,25572562.24568654,629.0513902575966
D2,pilot_baseline,20260908,25,25578550.942653697,627.8914242321989
D2,pilot_baseline,20260908,26,25666841.460563697,627.3810242672735
D2,pilot_baseline,20260908,27,25694197.46418512,627.0514092724268
D2,pilot_baseline,20260908,28,25698841.641005445,626.8401227935077
D2,pilot_baseline,20260908,29,25756452.588530842,626.1416425016846
D2,pilot_baseline,20260909,1,25222033.63080329,645.9146849147328
D2,pilot_baseline,20260909,2,25225311.899793066,643.6572457715511
D2,pilot_baseline,20260909,3,25226265.991335243,641.5725323960468
D2,pilot_baseline,20260909,4,25264138.456976198,640.4085295248553
D2,pilot_baseline,20260909,5,25277714.90354581,638.7979439120901
D2,pilot_baseline,20260909,6,25297659.742993504,637.2721357753428
D2,pilot_baseline,20260909,7,25338298.760456305,635.7854928888444
D2,pilot_baseline,20260909,8,25364311.216082353,634.9698388404868
D2,pilot_baseline,20260909,9,25407080.288236678,633.9168105656373
D2,pilot_baseline,20260909,10,25433219.442333993,633.4291822338018
D2,pilot_baseline,20260909,11,25434279.511992022,633.1011684880451
D2,pilot_baseline,20260909,12,25436467.28654071,633.0525070083025
D2,pilot_baseline,20260909,13,25444829.964695655,632.2619837932883
D2,pilot_baseline,20260909,14,25469841.566458255,632.0348844856817
D2,pilot_baseline,20260909,15,25478193.20058587,631.0472535474507
D2,pilot_baseline,20260909,16,25486508.0509743,631.0120526655585
D2,pilot_baseline,20260909,17,25504556.12658955,631.0017425620074
D2,pilot_baseline,20260909,18,25505608.73078145,630.8044138738849
D2,pilot_baseline,20260909,19,25513764.119758517,628.7042968630315
D2,pilot_baseline,20260909,20,25516839.52710849,628.2934923685028
D2,pilot_baseline,20260909,21,25578518.475807596,627.6497776872372
D2,pilot_baseline,20260909,22,25610509.95374054,626.6017870164333
D2,pilot_baseline,20260909,23,25629757.636859227,626.5057302121976
D2,pilot_baseline,20260909,24,25705806.58201122,626.1980657511309
D2,pilot_baseline,20260909,25,25711813.683043852,625.8048858549687
D2,pilot_baseline,20260909,26,25831394.0045745,623.0041655196293
D2,pilot_baseline,20260910,1,25220434.03676876,642.4638824970235
D2,pilot_baseline,20260910,2,25266971.459324453,640.0304450820934
D2,pilot_baseline,20260910,3,25338557.393131446,637.5115755628397
D2,pilot_baseline,20260910,4,25376538.69678712,637.3265017283745
D2,pilot_baseline,20260910,5,25387191.417789683,636.2278673916469
D2,pilot_baseline,20260910,6,25426404.68350182,634.4363935723475
D2,pilot_baseline,20260910,7,25524443.342465065,633.8619674428895
D2,pilot_baseline,20260910,8,25579057.474883072,633.5410059181797
D2,pilot_baseline,20260910,9,25583344.359249517,632.3452881301338
D2,pilot_baseline,20260910,10,25593004.4303226,631.8190960826221
D2,pilot_baseline,20260910,11,25612308.67827584,631.7926349831092
D2,pilot_baseline,20260910,12,25619967.410944875,630.8397149342993
D2,pilot_baseline,20260910,13,25709623.94349682,629.6296737481323
D2,pilot_baseline,20260910,14,25728065.024482466,629.5425246911943
D2,pilot_baseline,20260910,15,25814933.512159575,629.264198375716
D2,pilot_baseline,20260910,16,25821691.497219257,628.5660585560566
D2,pilot_baseline,20260910,17,25883111.88921467,626.6652683044628
D2,pilot_baseline,20260910,18,25943552.804189995,626.248146854048
D2,pilot_baseline,20260910,19,25945645.882549416,624.9707764712274
D2,pilot_baseline,20260910,20,26068157.287594788,624.9403341947013
D2,pilot_baseline,20260910,21,26189366.39805717,624.2966856805494
D2,pilot_baseline,20260910,22,26239934.17687971,623.3083772259624
D2,pilot_baseline,20260910,23,26343110.91346962,622.3389121773472
D2,pilot_baseline,20260910,24,26362675.0692333,621.8956441583435
D2,pilot_baseline,20260911,1,25494817.407277174,634.9637883661226
D2,pilot_baseline,20260911,2,25507010.86752346,634.1197545832463
D2,pilot_baseline,20260911,3,25533346.35780574,630.192981785241
D2,pilot_baseline,20260911,4,25539868.274698522,630.1220836310035
D2,pilot_baseline,20260911,5,25555190.06467473,629.9689072589903
D2,pilot_baseline,20260911,6,25563546.268514182,629.8021517719236
D2,pilot_baseline,20260911,7,25571681.321895517,629.2623043801764
D2,pilot_baseline,20260911,8,25579052.078231245,628.5992003296147
D2,pilot_baseline,20260911,9,25602816.03854947,628.4288517275622
D2,pilot_baseline,20260911,10,25624337.873691037,627.6957575118952
D2,pilot_baseline,20260911,11,25625039.431706145,626.1773068650363
D2,pilot_baseline,20260911,12,25636850.07129179,625.512702978964
D2,pilot_baseline,20260911,13,25688129.310186777,625.5089449029299
D2,pilot_baseline,20260911,14,25723418.47854265,625.2787145315015
D2,pilot_baseline,20260911,15,25723636.449986614,625.2752785126378
D2,pilot_baseline,20260911,16,25735638.75126014,625.0871856879528
D2,pilot_baseline,20260911,17,25736758.24490729,624.3260590209138
D2,pilot_baseline,20260911,18,25740936.177558694,623.0177986233296
D2,pilot_baseline,20260911,19,25757605.707190003,622.6509516290739
D2,pilot_baseline,20260911,20,25796998.59051408,622.6370707559895
D2,pilot_baseline,20260911,21,25803190.811682057,622.445087964583
D2,pilot_baseline,20260911,22,25816806.130616743,622.2307553110896
D2,pilot_baseline,20260911,23,25829309.050018687,622.1611630203605
D2,pilot_baseline,20260911,24,25832119.64620598,619.7038403487876
D2,pilot_baseline,20260912,1,25360262.129742343,642.202109239451
D2,pilot_baseline,20260912,2,25365171.094150066,638.2355682520601
D2,pilot_baseline,20260912,3,25375043.990152404,637.9837813062767
D2,pilot_baseline,20260912,4,25414832.92995974,634.9662703420782
D2,pilot_baseline,20260912,5,25442305.46037907,631.9050067143078
D2,pilot_baseline,20260912,6,25444447.64805501,631.8277579297302
D2,pilot_baseline,20260912,7,25453109.682705484,629.2989185349071
D2,pilot_baseline,20260912,8,25468386.53545641,628.1971766236668
D2,pilot_baseline,20260912,9,25552655.337300465,626.5027680464499
D2,pilot_baseline,20260912,10,25589096.206727024,626.3765709588581
D2,pilot_baseline,20260912,11,25599945.98074576,626.1500819989092
D2,pilot_baseline,20260912,12,25610608.06659073,625.2536312405269
D2,pilot_baseline,20260912,13,25665872.76063996,625.1377547646917
D2,pilot_baseline,20260912,14,25671902.15892024,624.7274211933633
D2,pilot_baseline,20260912,15,25672047.09102811,624.6267682160751
D2,pilot_baseline,20260912,16,25706495.530365884,624.1967092957162
D2,pilot_baseline,20260912,17,25714339.06910908,624.0027483237384
D2,pilot_baseline,20260912,18,25765724.577178802,623.5053481768506
D2,pilot_baseline,20260912,19,25809910.03229964,623.2891712620441
D2,pilot_baseline,20260912,20,25818061.983154472,623.0134792687965
D2,pilot_baseline,20260912,21,25821859.41356024,622.9777980079365
D2,pilot_baseline,20260912,22,25853254.03644478,622.6692480597904
D2,pilot_baseline,20260912,23,25858895.042726964,622.609001623188
D2,pilot_baseline,20260912,24,25872168.213004276,622.3108303762234
D2,pilot_baseline,20260912,25,25898399.433871504,621.9021457946275
D2,pilot_baseline,20260912,26,25921134.365301114,621.432700724432
D2,pilot_baseline,20260912,27,25956086.57590377,621.1331761230117
D2,pilot_baseline,20260912,28,26017015.03673888,620.9122361587146
D2,pilot_baseline,20260912,29,26055068.96114284,620.8774365157986
D2,pilot_baseline,20260912,30,26129511.8262105,619.875972887289
D2,pilot_baseline,20260913,1,25391934.626830075,636.4731899332672
D2,pilot_baseline,20260913,2,25394861.432609297,631.3462963263936
D2,pilot_baseline,20260913,3,25446580.427380525,631.0610139070556
D2,pilot_baseline,20260913,4,25448301.137601197,630.4253873684434
D2,pilot_baseline,20260913,5,25463888.456711184,629.842538562421
D2,pilot_baseline,20260913,6,25470578.770739116,629.4291429201277
D2,pilot_baseline,20260913,7,25482284.2526093,628.6298653499625
D2,pilot_baseline,20260913,8,25497268.99012955,627.102011127323
D2,pilot_baseline,20260913,9,25515821.637684263,625.9934186404483
D2,pilot_baseline,20260913,10,25522690.76392139,625.9461273337572
D2,pilot_baseline,20260913,11,25552039.494012862,623.9774762600699
D2,pilot_baseline,20260913,12,25574083.311105486,623.6055128236682
D2,pilot_baseline,20260913,13,25590031.15209993,622.7237675288716
D2,pilot_baseline,20260913,14,25610640.09504055,621.4628333228625
D2,pilot_baseline,20260913,15,25667830.126707755,620.5290301756492
D2,pilot_baseline,20260913,16,25784729.389636554,619.5386711637505
D2,pilot_baseline,20260913,17,25838283.11479976,619.5307860486353
D2,pilot_baseline,20260913,18,25866973.466935672,619.3579921317546
D2,pilot_baseline,20260913,19,25933244.23989995,618.8921442166463
D2,pilot_baseline,20260913,20,26008226.53176375,617.0197076589014
D2,pilot_baseline,20260914,1,25332476.476330154,641.86511098319
D2,pilot_baseline,20260914,2,25350676.642999507,640.3967632720373
D2,pilot_baseline,20260914,3,25385774.524296273,640.3648611620965
D2,pilot_baseline,20260914,4,25430088.30865283,639.0584740575339
D2,pilot_baseline,20260914,5,25431094.085322764,638.7610284607547
D2,pilot_baseline,20260914,6,25467071.146601208,636.1573495336573
D2,pilot_baseline,20260914,7,25506591.861410446,635.0186685705795
D2,pilot_baseline,20260914,8,25518967.749978792,634.5297656548812
D2,pilot_baseline,20260914,9,25522360.326216213,632.9187132325568
D2,pilot_baseline,20260914,10,25525769.190488715,632.3703825399679
D2,pilot_baseline,20260914,11,25553964.26368456,631.26583139454
D2,pilot_baseline,20260914,12,25560749.500505522,630.8615429881179
D2,pilot_baseline,20260914,13,25627805.80006016,629.1078048162049
D2,pilot_baseline,20260914,14,25644853.360693667,627.7448057125804
D2,pilot_baseline,20260914,15,25651326.684840813,627.5045264691245
D2,pilot_baseline,20260914,16,25651736.243574183,627.2654940039499
D2,pilot_baseline,20260914,17,25668655.773981296,627.101977590608
D2,pilot_baseline,20260914,18,25792850.974342633,626.9987744184899
D2,pilot_baseline,20260914,19,25800030.48033283,626.1763564984802
D2,pilot_baseline,20260914,20,25825818.92164516,625.4982197517103
D2,pilot_baseline,20260914,21,25831157.94822758,625.2229561385215
D2,pilot_baseline,20260914,22,25888377.218861464,624.3158262043069
D2,pilot_baseline,20260914,23,25888844.95751689,624.2243084912697
D2,pilot_baseline,20260914,24,25892461.449498337,624.0986173114145
D2,pilot_baseline,20260914,25,25979889.117308535,623.5690277504273
D2,pilot_baseline,20260914,26,26193042.848182254,622.6667719625208
D2,pilot_baseline,20260915,1,25163166.756595816,648.8895653143628
D2,pilot_baseline,20260915,2,25188217.13928784,647.8720973744005
D2,pilot_baseline,20260915,3,25198512.336213905,644.3093128038497
D2,pilot_baseline,20260915,4,25207616.783379056,642.2754244767256
D2,pilot_baseline,20260915,5,25281599.95037074,638.7737662236964
D2,pilot_baseline,20260915,6,25303468.141896904,638.7394078000356
D2,pilot_baseline,20260915,7,25360852.622606628,638.4429265261457
D2,pilot_baseline,20260915,8,25365520.958836887,638.3156337028529
D2,pilot_baseline,20260915,9,25404154.757335924,634.8982097204948
D2,pilot_baseline,20260915,10,25446794.284384012,634.7176850958283
D2,pilot_baseline,20260915,11,25447141.37352043,634.6909498627977
D2,pilot_baseline,20260915,12,25464638.737155575,634.3345400851009
D2,pilot_baseline,20260915,13,25477197.971850507,633.780087491097
D2,pilot_baseline,20260915,14,25496061.652422953,631.6879367567994
D2,pilot_baseline,20260915,15,25594886.82880882,631.1725760159087
D2,pilot_baseline,20260915,16,25616901.836592346,630.9155418584104
D2,pilot_baseline,20260915,17,25637710.266172923,630.3948601840542
D2,pilot_baseline,20260915,18,25669178.805774104,629.9210453468482
D2,pilot_baseline,20260915,19,25670584.393310744,628.594809785438
D2,pilot_baseline,20260915,20,25738268.5638906,628.3110805157062
D2,pilot_baseline,20260915,21,25851706.93400152,627.6063066959108
D2,pilot_baseline,20260915,22,25862800.150147017,626.1907404954458
D2,pilot_baseline,20260915,23,25920846.927218124,626.1882824126288
D2,pilot_baseline,20260915,24,26001994.53142671,625.7478888226259
D2,pilot_baseline,20260916,1,25266711.35950584,634.292695922953
D2,pilot_baseline,20260916,2,25283977.92856756,633.2506778394743
D2,pilot_baseline,20260916,3,25312257.60926239,632.3700359944182
D2,pilot_baseline,20260916,4,25346003.710807502,632.2001422476108
D2,pilot_baseline,20260916,5,25346400.637536023,632.013786162956
D2,pilot_baseline,20260916,6,25347756.62615107,631.3296386478644
D2,pilot_baseline,20260916,7,25380953.895337347,630.0399696000154
D2,pilot_baseline,20260916,8,25382073.198025323,630.0121431476108
D2,pilot_baseline,20260916,9,25383826.876389563,629.6769995065946
D2,pilot_baseline,20260916,10,25388868.78539882,629.5678583864102
D2,pilot_baseline,20260916,11,25405550.104807574,628.7315927052421
D2,pilot_baseline,20260916,12,25420380.64700014,628.1302206412021
D2,pilot_baseline,20260916,13,25477296.377883106,628.12586953783
D2,pilot_baseline,20260916,14,25479273.89532222,627.3308310479192
D2,pilot_baseline,20260916,15,25496233.899595544,627.3065155355378
D2,pilot_baseline,20260916,16,25512031.318327367,627.1114059994816
D2,pilot_baseline,20260916,17,25516318.180442598,626.5776835508339
D2,pilot_baseline,20260916,18,25568637.939440396,625.815992185581
D2,pilot_baseline,20260916,19,25646331.253373895,625.3024627056179
D2,pilot_baseline,20260917,1,25373371.706048667,635.0120805317468
D2,pilot_baseline,20260917,2,25378175.822600592,634.9067684937519
D2,pilot_baseline,20260917,3,25442396.96342161,632.8011729702007
D2,pilot_baseline,20260917,4,25444750.480043124,632.3799983897835
D2,pilot_baseline,20260917,5,25450460.187408775,632.1033427867951
D2,pilot_baseline,20260917,6,25493886.377310142,631.6556994180282
D2,pilot_baseline,20260917,7,25496089.586701002,630.4489515754875
D2,pilot_baseline,20260917,8,25519534.86585115,630.1235289497636
D2,pilot_baseline,20260917,9,25521347.97290027,629.9590489591308
D2,pilot_baseline,20260917,10,25557179.32790937,629.7233804612873
D2,pilot_baseline,20260917,11,25560492.570093606,629.5281173717194
D2,pilot_baseline,20260917,12,25571579.98419827,626.6645687555615
D2,pilot_baseline,20260917,13,25590583.6349376,625.9854017586183
D2,pilot_baseline,20260917,14,25609543.220803056,625.848027500598
D2,pilot_baseline,20260917,15,25662635.749882285,624.7281362559562
D2,pilot_baseline,20260917,16,25706864.81835801,623.7058078042952
D2,pilot_baseline,20260917,17,25719666.88662111,623.5265866903336
D2,pilot_baseline,20260917,18,25765221.06616766,623.3826091716676
D2,pilot_baseline,20260917,19,25773986.674023528,623.0142203543771
D2,pilot_baseline,20260917,20,25798169.38377745,622.7242170258387
D2,pilot_baseline,20260917,21,25830665.514231108,622.7230375222779
D2,pilot_baseline,20260917,22,25832480.224842627,622.2226752375537
D2,pilot_baseline,20260917,23,25898564.255277354,621.1024928006875
D2,pilot_baseline,20260917,24,25937260.159056086,620.9908651527479
D2,pilot_baseline,20260917,25,25939462.700938817,620.975987139298
D2,pilot_baseline,20260917,26,26062309.650969625,620.5485701489476
D2,pilot_baseline,20260918,1,25146315.907751385,642.184240595627
D2,pilot_baseline,20260918,2,25187421.47749014,641.7373920584139
D2,pilot_baseline,20260918,3,25216376.9245569,638.1732288641252
D2,pilot_baseline,20260918,4,25221300.3293601,637.7905429809007
D2,pilot_baseline,20260918,5,25228935.887190983,637.7734528254964
D2,pilot_baseline,20260918,6,25237247.896579187,637.6745175186339
D2,pilot_baseline,20260918,7,25255986.014608912,635.9866550788166
D2,pilot_baseline,20260918,8,25269422.959739454,635.5888434825613
D2,pilot_baseline,20260918,9,25321282.884688392,634.5173229263332
D2,pilot_baseline,20260918,10,25322705.63074783,634.4212570864919
D2,pilot_baseline,20260918,11,25328301.206782926,634.3038662788836
D2,pilot_baseline,20260918,12,25347353.470267907,633.9707724288008
D2,pilot_baseline,20260918,13,25350907.3357614,632.9904081337638
D2,pilot_baseline,20260918,14,25386393.171536654,632.4728259124901
D2,pilot_baseline,20260918,15,25389445.243640654,631.0806548297811
D2,pilot_baseline,20260918,16,25457489.206106957,629.9738199182277
D2,pilot_baseline,20260918,17,25528364.151977655,629.8542374825071
D2,pilot_baseline,20260918,18,25528904.359157458,628.8791160693036
D2,pilot_baseline,20260918,19,25625277.03018816,628.1132627626886
D2,pilot_baseline,20260918,20,25675230.076603375,627.6964201739594
D2,pilot_baseline,20260918,21,25783505.921815068,627.1387738545376
D2,pilot_baseline,20260918,22,25841289.834383614,626.025888849747
D2,pilot_baseline,20260918,23,25972888.906692896,625.8461908718342
D2,pilot_baseline,20260918,24,25974315.53603547,625.6576653818188
D2,pilot_baseline,20260918,25,26005707.571859438,625.3219435037835
D2,pilot_baseline,20260918,26,26024264.12007824,625.1146866113693
D2,pilot_baseline,20260918,27,26038579.21828055,624.7709068181726
D2,pilot_baseline,20260919,1,25193293.341905214,635.6687707884093
D2,pilot_baseline,20260919,2,25224910.491723917,635.123124280483
D2,pilot_baseline,20260919,3,25230698.312514964,634.7985186472152
D2,pilot_baseline,20260919,4,25232158.574837178,634.7481784650669
D2,pilot_baseline,20260919,5,25261721.687618826,634.0982443961713
D2,pilot_baseline,20260919,6,25268697.9829264,633.3063059927446
D2,pilot_baseline,20260919,7,25283623.192006044,632.7442916622921
D2,pilot_baseline,20260919,8,25289409.092763457,632.519496682952
D2,pilot_baseline,20260919,9,25297568.186163597,631.7038830328336
D2,pilot_baseline,20260919,10,25316536.68282912,630.691152359605
D2,pilot_baseline,20260919,11,25330079.32530109,630.115390172532
D2,pilot_baseline,20260919,12,25357894.65832598,629.9229508441925
D2,pilot_baseline,20260919,13,25370116.783563696,629.567854606044
D2,pilot_baseline,20260919,14,25399034.53660163,628.8658989914115
D2,pilot_baseline,20260919,15,25400858.56461812,628.6564635442271
D2,pilot_baseline,20260919,16,25404369.409010656,628.5200177979875
D2,pilot_baseline,20260919,17,25409701.79123803,627.8954335352838
D2,pilot_baseline,20260919,18,25419043.96174824,627.7622494495813
D2,pilot_baseline,20260919,19,25434805.231274627,627.0167750220664
D2,pilot_baseline,20260919,20,25437868.3185677,626.8213563063872
D2,pilot_baseline,20260919,21,25453184.987443093,626.3297236359927
D2,pilot_baseline,20260919,22,25468696.754395302,625.9368705746316
D2,pilot_baseline,20260919,23,25474926.42379011,625.7334981971501
D2,pilot_baseline,20260919,24,25493201.721248914,625.5674859103249
D2,pilot_baseline,20260919,25,25523670.379105672,625.3561990894391
D2,pilot_baseline,20260919,26,25524432.172126237,625.1324965766598
D2,pilot_baseline,20260919,27,25533765.142147526,624.9665608329423
D2,pilot_baseline,20260919,28,25538295.308761396,624.0365165422298
D2,pilot_baseline,20260919,29,25543649.66928894,623.9295386300438
D2,pilot_baseline,20260919,30,25585944.79980551,623.8405521030321
D2,pilot_baseline,20260919,31,25604062.91784765,623.1393355294646
D2,pilot_baseline,20260919,32,25624644.621522404,623.1160990197664
D2,pilot_baseline,20260919,33,25645002.5353841,622.5295805588866
D2,pilot_baseline,20260919,34,25654606.57354571,622.4150767118058
D2,pilot_baseline,20260919,35,25666908.69541238,621.9778826701856
D2,pilot_baseline,20260919,36,25685555.630145233,621.9457032399242
D2,pilot_baseline,20260919,37,25691431.365954775,621.5373528964682
D2,pilot_baseline,20260919,38,25737607.64090381,621.3628040287466
D2,pilot_baseline,20260919,39,25767612.991483085,620.5208715583808
D2,pilot_baseline,20260919,40,25814790.952340182,620.0285484655707
D2,pilot_baseline,20260919,41,25884650.43085705,619.9533859810009
D2,pilot_baseline,20260919,42,25901068.108342864,619.4015965313907
D2,pilot_baseline,20260919,43,26007335.75861181,619.1556538743874
D2,pilot_baseline,20260919,44,26102125.17335419,619.0224339165679
D2,pilot_baseline,20260920,1,25153932.23040417,642.9570546623337
D2,pilot_baseline,20260920,2,25201693.26927479,641.5172732820778
D2,pilot_baseline,20260920,3,25278337.298990436,640.8418034838751
D2,pilot_baseline,20260920,4,25290168.345697608,639.3993532343395
D2,pilot_baseline,20260920,5,25299559.89998219,639.0830785107962
D2,pilot_baseline,20260920,6,25313173.871926427,638.1800359776721
D2,pilot_baseline,20260920,7,25342130.94813914,637.6928875984443
D2,pilot_baseline,20260920,8,25343146.78360927,637.0610063350598
D2,pilot_baseline,20260920,9,25349536.207034994,637.0033608018014
D2,pilot_baseline,20260920,10,25353120.40653655,635.2751015878183
D2,pilot_baseline,20260920,11,25369670.233522613,635.2167588601261
D2,pilot_baseline,20260920,12,25372989.160195034,635.1953313386476
D2,pilot_baseline,20260920,13,25386055.340817258,635.014977136598
D2,pilot_baseline,20260920,14,25402997.21799684,633.7854942070328
D2,pilot_baseline,20260920,15,25469028.502771873,633.2774420048421
D2,pilot_baseline,20260920,16,25486115.93126628,632.9832770894806
D2,pilot_baseline,20260920,17,25492180.27054171,632.1826474124496
D2,pilot_baseline,20260920,18,25502960.721761923,631.1582530692416
D2,pilot_baseline,20260920,19,25533669.01532985,631.1566512674226
D2,pilot_baseline,20260920,20,25548654.10382952,628.9752834586715
D2,pilot_baseline,20260920,21,25619425.571289,628.8807619799156
D2,pilot_baseline,20260920,22,25622076.577240564,627.0862658294424
D2,pilot_baseline,20260920,23,25689794.273581114,626.0443109310428
D2,pilot_baseline,20260920,24,25705260.70901666,626.0066646406814
D2,pilot_baseline,20260920,25,25729500.214576475,625.6793128299938
D2,pilot_baseline,20260920,26,25760649.934297647,625.4064653610425
D2,pilot_baseline,20260920,27,25847144.492098667,624.4655921870923
D2,pilot_baseline,20260920,28,25854005.596250553,624.1572982220167
D2,pilot_baseline,20260920,29,25907787.612509776,623.6831714819521
D2,pilot_baseline,20260921,1,25635637.652448915,628.2125862621835
D2,pilot_baseline,20260921,2,25637601.820219483,628.1953628649771
D2,pilot_baseline,20260921,3,25656501.814355727,626.0222846526308
D2,pilot_baseline,20260921,4,25676826.173303593,624.483091325793
D2,pilot_baseline,20260921,5,25728757.885203812,623.0029809307017
D2,pilot_baseline,20260921,6,25728872.698382687,622.7421127657869
D2,pilot_baseline,20260921,7,25748200.47433151,622.6507268262004
D2,pilot_baseline,20260921,8,25767951.03738705,621.1704184097796
D2,pilot_baseline,20260921,9,25798299.647647206,620.3933745607299
D2,pilot_baseline,20260921,10,25835564.977467842,620.2446048963757
D2,pilot_baseline,20260921,11,25836264.796507765,619.2942318599185
D2,pilot_baseline,20260921,12,25837663.6136833,618.6212504454
D2,pilot_baseline,20260921,13,25869912.826057147,618.1670617838645
D2,pilot_baseline,20260921,14,25907497.84030334,618.154048093464
D2,pilot_baseline,20260921,15,25912525.61815807,617.684449467495
D2,pilot_baseline,20260921,16,25917515.447880242,617.5255191446895
D2,pilot_baseline,20260921,17,25958929.87185965,617.4288030702173
D2,pilot_baseline,20260921,18,25966714.742599607,616.3705803792104
D2,pilot_baseline,20260921,19,25982644.84135444,616.2275563064204
D2,pilot_baseline,20260921,20,26003590.617530074,615.8760464803038
D2,pilot_baseline,20260921,21,26062362.90782564,615.7764684074817
D2,pilot_baseline,20260921,22,26098224.682954,615.6651105294036
D2,pilot_baseline,20260921,23,26158103.74627222,615.5094569568153
D2,pilot_baseline,20260922,1,25162484.532220487,636.4340384670242
D2,pilot_baseline,20260922,2,25251506.218225747,634.5276644590829
D2,pilot_baseline,20260922,3,25262982.920210816,633.716195204016
D2,pilot_baseline,20260922,4,25319099.254252143,632.3910810780599
D2,pilot_baseline,20260922,5,25319246.540929716,631.6435429413322
D2,pilot_baseline,20260922,6,25381148.419301614,631.1432551978074
D2,pilot_baseline,20260922,7,25392956.001372732,630.6849026889405
D2,pilot_baseline,20260922,8,25398527.99048416,630.6388009897217
D2,pilot_baseline,20260922,9,25421719.443954043,630.4252173879756
D2,pilot_baseline,20260922,10,25424343.997898955,630.2789293187308
D2,pilot_baseline,20260922,11,25440944.499955714,630.0441126175392
D2,pilot_baseline,20260922,12,25443356.75580319,629.9442197438456
D2,pilot_baseline,20260922,13,25444467.903795592,628.5514965456716
D2,pilot_baseline,20260922,14,25454864.22352207,628.5172920473726
D2,pilot_baseline,20260922,15,25457613.335350577,628.4722881133464
D2,pilot_baseline,20260922,16,25467578.563540842,627.7288413017925
D2,pilot_baseline,20260922,17,25487778.111433093,626.9680272774153
D2,pilot_baseline,20260922,18,25534529.871773314,626.6742655950266
D2,pilot_baseline,20260922,19,25536910.840346955,626.6672421599412
D2,pilot_baseline,20260922,20,25550055.50947643,626.2608864354095
D2,pilot_baseline,20260922,21,25554711.97832386,625.8765558356181
D2,pilot_baseline,20260922,22,25566172.968085457,625.7308105229658
D2,pilot_baseline,20260922,23,25568940.708643302,625.6442503957111
D2,pilot_baseline,20260922,24,25594701.240324777,625.3340427227532
D2,pilot_baseline,20260922,25,25607592.55054191,625.0213845316979
D2,pilot_baseline,20260922,26,25614077.48750263,624.857931566699
D2,pilot_baseline,20260922,27,25625059.5374227,624.3932527559159
D2,pilot_baseline,20260922,28,25646240.211182833,624.357114903127
D2,pilot_baseline,20260922,29,25683745.220119435,622.9533985700633
D2,pilot_baseline,20260923,1,25046006.42259322,647.1906140569781
D2,pilot_baseline,20260923,2,25061531.452948302,647.0663569623989
D2,pilot_baseline,20260923,3,25100182.536604483,646.7241288695689
D2,pilot_baseline,20260923,4,25123643.30473013,645.3218862160228
D2,pilot_baseline,20260923,5,25141940.94070526,641.0369310113225
D2,pilot_baseline,20260923,6,25174501.345617477,640.7791300655545
D2,pilot_baseline,20260923,7,25182361.453571737,640.3363259870112
D2,pilot_baseline,20260923,8,25190830.561692324,638.5921035956884
D2,pilot_baseline,20260923,9,25221007.788087424,637.4904245186373
D2,pilot_baseline,20260923,10,25232301.185164962,636.8921406372862
D2,pilot_baseline,20260923,11,25246852.148595713,636.7443471639613
D2,pilot_baseline,20260923,12,25282551.291412458,635.0400530552051
D2,pilot_baseline,20260923,13,25302148.75692602,634.9580045071826
D2,pilot_baseline,20260923,14,25309822.970179904,634.9536665583946
D2,pilot_baseline,20260923,15,25312280.889034152,632.4258064513483
D2,pilot_baseline,20260923,16,25369482.123792775,631.989292875109
D2,pilot_baseline,20260923,17,25377981.054863505,630.9981877561038
D2,pilot_baseline,20260923,18,25389547.05517694,630.9689310300613
D2,pilot_baseline,20260923,19,25409502.35100704,630.3227663141279
D2,pilot_baseline,20260923,20,25435691.043287467,629.9671239534689
D2,pilot_baseline,20260923,21,25443344.588492945,629.8822787297227
D2,pilot_baseline,20260923,22,25451739.9083838,629.206481678167
D2,pilot_baseline,20260923,23,25469747.95152117,628.0145140478517
D2,pilot_baseline,20260923,24,25533849.628099117,626.9230366119989
D2,pilot_baseline,20260923,25,25540940.632049046,626.7202938446053
D2,pilot_baseline,20260923,26,25573610.426836558,626.1707814621815
D2,pilot_baseline,20260923,27,25784820.02871271,625.7831359173924
D2,pilot_baseline,20260924,1,25428893.801923327,634.4466678469511
D2,pilot_baseline,20260924,2,25486606.355511293,632.53094627799
D2,pilot_baseline,20260924,3,25501815.52547134,630.7469574074713
D2,pilot_baseline,20260924,4,25509615.277904198,630.205759223458
D2,pilot_baseline,20260924,5,25518277.251997367,629.0253567662187
D2,pilot_baseline,20260924,6,25616886.587534066,628.6145153453922
D2,pilot_baseline,20260924,7,25727081.393325955,626.5342795585811
D2,pilot_baseline,20260924,8,25769151.51340317,626.3664962296533
D2,pilot_baseline,20260924,9,25872468.93777693,626.2782998802185
D2,pilot_baseline,20260924,10,25874752.05459233,626.226085637523
D2,pilot_baseline,20260924,11,25911253.80227951,625.4852259882723
D2,pilot_baseline,20260924,12,25992101.192310806,624.6391580525574
D2,pilot_baseline,20260924,13,26020899.95600066,624.4779223347535
D2,pilot_baseline,20260924,14,26038208.726799358,624.0847736479225
D2,pilot_baseline,20260924,15,26058956.2238214,623.9093610468125
D2,pilot_baseline,20260925,1,25206519.600066766,640.7017526843566
D2,pilot_baseline,20260925,2,25270970.24036927,637.8195970830534
D2,pilot_baseline,20260925,3,25301883.564870976,634.6280640213215
D2,pilot_baseline,20260925,4,25347088.443657413,634.291120951284
D2,pilot_baseline,20260925,5,25364151.687721595,633.9940311462045
D2,pilot_baseline,20260925,6,25364311.081750304,633.1477427270942
D2,pilot_baseline,20260925,7,25408042.79938714,632.1261987430884
D2,pilot_baseline,20260925,8,25443144.06301096,631.03532127998
D2,pilot_baseline,20260925,9,25475704.51291806,630.2946175194867
D2,pilot_baseline,20260925,10,25484238.83751036,629.854272974657
D2,pilot_baseline,20260925,11,25490998.238136012,629.7828111090898
D2,pilot_baseline,20260925,12,25497895.8156779,628.7671042524615
D2,pilot_baseline,20260925,13,25513064.887221668,628.6822271111157
D2,pilot_baseline,20260925,14,25534954.543110374,626.8201595125378
D2,pilot_baseline,20260925,15,25575290.74852408,626.6914487854882
D2,pilot_baseline,20260925,16,25593104.529804103,626.2893904861016
D2,pilot_baseline,20260925,17,25616330.170467474,625.8766397241035
D2,pilot_baseline,20260925,18,25641974.088829886,625.101137958367
D2,pilot_baseline,20260925,19,25646765.848656572,624.3644992936399
D2,pilot_baseline,20260925,20,25709725.351956606,623.1529388667276
D2,pilot_baseline,20260925,21,25752407.841781694,622.7910994617299
D2,pilot_baseline,20260925,22,25771471.11837194,622.0808303878847
D2,pilot_baseline,20260925,23,25880465.655882798,621.5736911124048
D2,pilot_baseline,20260925,24,25992252.058995426,621.556385549072
D2,pilot_baseline,20260925,25,26006550.955974136,620.6866913464276
D2,pilot_baseline,20260926,1,25308508.040359497,637.1572137255835
D2,pilot_baseline,20260926,2,25356523.527196545,635.9310039173073
D2,pilot_baseline,20260926,3,25416021.994121872,634.6079735364301
D2,pilot_baseline,20260926,4,25429287.922548894,634.4823555242394
D2,pilot_baseline,20260926,5,25437235.045874827,634.4656755956894
D2,pilot_baseline,20260926,6,25441291.71595394,634.2932226452333
D2,pilot_baseline,20260926,7,25450453.396801125,633.5068869307382
D2,pilot_baseline,20260926,8,25457837.812434986,632.9169372883493
D2,pilot_baseline,20260926,9,25480452.6705285,631.96385347375
D2,pilot_baseline,20260926,10,25488181.60779678,630.5219391858747
D2,pilot_baseline,20260926,11,25534203.60898719,630.2653896572804
D2,pilot_baseline,20260926,12,25565531.39855166,630.20339090361
D2,pilot_baseline,20260926,13,25570271.596476883,629.6803960468493
D2,pilot_baseline,20260926,14,25580029.788666684,628.7093270822943
D2,pilot_baseline,20260926,15,25591695.23170025,628.5718270111588
D2,pilot_baseline,20260926,16,25627541.330328066,628.542169713067
D2,pilot_baseline,20260926,17,25636678.93867883,628.5005131467933
D2,pilot_baseline,20260926,18,25640946.323237304,628.4646330521587
D2,pilot_baseline,20260926,19,25641951.50379101,628.3028972099297
D2,pilot_baseline,20260926,20,25643112.647523634,627.3780824341386
D2,pilot_baseline,20260926,21,25661033.74159171,627.2497368165039
D2,pilot_baseline,20260926,22,25666364.477520302,626.9185741903228
D2,pilot_baseline,20260926,23,25674953.34489675,626.6222508507725
D2,pilot_baseline,20260926,24,25693254.58926395,625.3908147089116
D2,pilot_baseline,20260926,25,25761080.284072116,624.7524826236412
D2,pilot_baseline,20260926,26,25790669.994841784,623.7144372669063
D2,pilot_baseline,20260926,27,26057203.524784334,622.5642416460266
D2,pilot_baseline,20260927,1,25315951.693776637,632.8344946836955
D2,pilot_baseline,20260927,2,25360144.72611847,630.3844899976658
D2,pilot_baseline,20260927,3,25372100.341055118,629.8753019552219
D2,pilot_baseline,20260927,4,25387141.52726757,629.4409964318332
D2,pilot_baseline,20260927,5,25415962.423822828,628.1130373270476
D2,pilot_baseline,20260927,6,25464096.248555735,627.7295782436473
D2,pilot_baseline,20260927,7,25466579.133899756,627.4944125134433
D2,pilot_baseline,20260927,8,25473857.767226707,627.403708496712
D2,pilot_baseline,20260927,9,25478208.188481327,627.3717239785201
D2,pilot_baseline,20260927,10,25482634.57541178,627.3098813676763
D2,pilot_baseline,20260927,11,25487665.477889873,627.2868104349083
D2,pilot_baseline,20260927,12,25493705.53988664,626.1433486501772
D2,pilot_baseline,20260927,13,25500787.18292425,626.1280863982761
D2,pilot_baseline,20260927,14,25511315.754804507,625.877202171957
D2,pilot_baseline,20260927,15,25544358.268845975,625.6558672192274
D2,pilot_baseline,20260927,16,25548047.79084356,625.3835621878179
D2,pilot_baseline,20260927,17,25596467.181364372,624.8775138336995
D2,pilot_baseline,20260927,18,25617935.226815335,624.2696220001129
D2,pilot_baseline,20260927,19,25650506.787308488,623.2002851669198
D2,pilot_baseline,20260927,20,25692265.653477505,622.4202509555149
D2,pilot_baseline,20260927,21,25737693.020359747,622.3659257801022
D2,pilot_baseline,20260927,22,25781096.94239122,622.268650282932
D2,pilot_baseline,20260927,23,25813263.499822635,622.0651988317929
D2,pilot_baseline,20260927,24,25825530.407673843,620.9563680692346
D2,pilot_baseline,20260927,25,25903788.17060193,620.9217478133452
D2,pilot_baseline,20260928,1,25531649.809478123,630.6701325578092
D2,pilot_baseline,20260928,2,25584110.61619117,629.0460617201438
D2,pilot_baseline,20260928,3,25643233.437347226,627.6241383486168
D2,pilot_baseline,20260928,4,25671587.182223987,627.3550629445896
D2,pilot_baseline,20260928,5,25708664.26002613,625.3669508795494
D2,pilot_baseline,20260928,6,25779808.417989034,625.2920155412221
D2,pilot_baseline,20260928,7,25782606.942401703,624.8105186439498
D2,pilot_baseline,20260928,8,25884407.367601812,624.8067318479214
D2,pilot_baseline,20260928,9,25934369.90144712,623.3015184757659
D2,pilot_baseline,20260928,10,25956621.871053763,623.1456253035512
D2,pilot_baseline,20260929,1,25042488.426821988,644.2228576954567
D2,pilot_baseline,20260929,2,25050600.72273132,642.432217909916
D2,pilot_baseline,20260929,3,25095579.711493533,642.2834995966234
D2,pilot_baseline,20260929,4,25134676.909554552,641.4293058847891
D2,pilot_baseline,20260929,5,25163201.040813763,640.1915694937994
D2,pilot_baseline,20260929,6,25163871.507212628,639.0365658154413
D2,pilot_baseline,20260929,7,25179908.492219657,638.1187937626412
D2,pilot_baseline,20260929,8,25192996.89555344,637.1054161365837
D2,pilot_baseline,20260929,9,25239088.301337365,636.6248281484455
D2,pilot_baseline,20260929,10,25244183.27986066,635.7839445628
D2,pilot_baseline,20260929,11,25256403.94293954,634.7619517054499
D2,pilot_baseline,20260929,12,25280231.246462002,634.7566601205932
D2,pilot_baseline,20260929,13,25294011.349965982,632.9078015962345
D2,pilot_baseline,20260929,14,25326115.61595032,632.6613508834461
D2,pilot_baseline,20260929,15,25335423.040326536,631.1379833850208
D2,pilot_baseline,20260929,16,25395382.305611234,629.9254527642615
D2,pilot_baseline,20260929,17,25451175.515984233,629.5217157480504
D2,pilot_baseline,20260929,18,25460944.755319707,628.9887876080716
D2,pilot_baseline,20260929,19,25465315.79322897,627.767301916979
D2,pilot_baseline,20260929,20,25636106.250128467,627.5847811424139
D2,pilot_baseline,20260929,21,25636413.543973446,627.579291188083
D2,pilot_baseline,20260929,22,25642957.539612662,626.8519069542903
D2,pilot_baseline,20260929,23,25813051.585674185,626.3759744350394
D2,pilot_baseline,20260929,24,25820225.045476343,626.0001895462509
D2,pilot_baseline,20260930,1,25332159.27667016,631.8821245998486
D2,pilot_baseline,20260930,2,25333240.297432605,631.8703730890566
D2,pilot_baseline,20260930,3,25357825.34553729,631.1986101380364
D2,pilot_baseline,20260930,4,25365390.11139922,630.9514237842127
D2,pilot_baseline,20260930,5,25386792.65467718,630.4672822474862
D2,pilot_baseline,20260930,6,25392728.709530022,630.3787897612476
D2,pilot_baseline,20260930,7,25395994.55298141,629.8099798102744
D2,pilot_baseline,20260930,8,25419539.63228729,629.4908947289007
D2,pilot_baseline,20260930,9,25431954.4489123,628.9382836768348
D2,pilot_baseline,20260930,10,25444660.57514619,628.8938666184091
D2,pilot_baseline,20260930,11,25452455.53915355,627.747361753372
D2,pilot_baseline,20260930,12,25458383.743261963,627.720468633797
D2,pilot_baseline,20260930,13,25459064.619043816,627.3789039382775
D2,pilot_baseline,20260930,14,25469027.677024506,626.8915443870167
D2,pilot_baseline,20260930,15,25499224.018553767,626.3193779110601
D2,pilot_baseline,20260930,16,25510064.463912286,626.0628729507323
D2,pilot_baseline,20260930,17,25524412.18999573,625.8071514121109
D2,pilot_baseline,20260930,18,25533918.23430052,625.1727907997072
D2,pilot_baseline,20260930,19,25534534.047889274,624.2920912511187
D2,pilot_baseline,20260930,20,25539601.414758723,623.5161400669996
D2,pilot_baseline,20260930,21,25595216.80269366,623.2477903979324
D2,pilot_baseline,20260930,22,25597604.282546118,622.9504741256633
D2,pilot_baseline,20260930,23,25610610.00045649,622.699931607193
D2,pilot_baseline,20260930,24,25620553.94122522,621.8910731870019
D2,pilot_baseline,20260930,25,25633062.954829287,621.2534411204771
D2,pilot_baseline,20260930,26,25649841.023257207,621.2252471138917
D2,pilot_baseline,20260930,27,25652582.920221817,620.9692654128704
D2,pilot_baseline,20260930,28,25664685.103188723,620.7679210260043
D2,pilot_baseline,20260930,29,25697786.67339668,620.7393612323949
D2,pilot_baseline,20260930,30,25706271.33015999,620.6317524753082
D2,pilot_baseline,20260930,31,25713105.617012165,620.6236193788742
D2,pilot_baseline,20260930,32,25718729.189081665,619.9599279310055
D2,pilot_baseline,20260930,33,25730308.36739736,619.6616298891954
D2,pilot_baseline,20260930,34,25769537.01109524,619.617784981384
D2,pilot_baseline,20260930,35,25772606.979508296,619.4624657981099
D2,pilot_baseline,20260930,36,25784572.703557115,619.1012276710171
D2,pilot_baseline,20260930,37,25840899.187147472,618.9897738140388
D2,pilot_baseline,20260930,38,25846396.844783336,618.8519408838886
D2,pilot_baseline,20260930,39,25861913.547261577,618.1382253883559
D2,pilot_baseline,20260931,1,25724809.667285755,623.1366687767049
D2,pilot_baseline,20260931,2,25843532.631368183,622.9121405242626
D2,pilot_baseline,20260931,3,25853983.46793571,622.8263385204519
D2,pilot_baseline,20260931,4,25862742.726194337,621.7142188154634
D2,pilot_baseline,20260931,5,25870868.04096861,620.9832880810951
D2,pilot_baseline,20260931,6,25969663.758063268,619.9572844279855
D2,pilot_baseline,20260931,7,25970157.467902403,619.7960568655614
D2,pilot_baseline,20260931,8,26034692.344049,618.7080253097012
D2,pilot_baseline,20260931,9,26037523.97794138,618.5472874449005
D2,pilot_baseline,20260931,10,26086044.193576496,617.4171661977448
D2,pilot_baseline,20260931,11,26200862.33033731,617.0032010108355
D2,pilot_baseline,20260931,12,26205328.164985247,616.6471815365685
D2,pilot_baseline,20260931,13,26238932.27526264,616.3678485987256
D2,pilot_baseline,20260931,14,26296343.928346872,615.9746028929509
D2,pilot_baseline,20260931,15,26307330.49490541,615.1108416850437
D2,pilot_baseline,20260931,16,26437962.158408742,614.5667546170718
D2,pilot_baseline,20260931,17,26640245.027966164,614.2157580011346
D2,pilot_baseline,20260932,1,25559731.174305983,626.0966538496002
D2,pilot_baseline,20260932,2,25658880.322610136,625.9907279989967
D2,pilot_baseline,20260932,3,25661193.312382393,625.5988954595475
D2,pilot_baseline,20260932,4,25662173.57983222,624.7988314610847
D2,pilot_baseline,20260932,5,25714569.955506623,623.4802907466676
D2,pilot_baseline,20260932,6,25718426.81249636,623.4786875804696
D2,pilot_baseline,20260932,7,25730448.21749255,622.1083711577079
D2,pilot_baseline,20260932,8,25786217.910943575,622.027987385564
D2,pilot_baseline,20260932,9,25810740.424474787,621.1810593180439
D2,pilot_baseline,20260932,10,25841530.923687905,621.0199583220672
D2,pilot_baseline,20260932,11,25850049.356466517,619.5333552153443
D2,pilot_baseline,20260932,12,25916694.85788106,618.7566917092909
D2,pilot_baseline,20260932,13,25941453.928020887,618.4875419481988
D2,pilot_baseline,20260932,14,25971652.972479712,618.159560689802
D2,pilot_baseline,20260932,15,26042465.885412697,617.4735513726054
D2,pilot_baseline,20260932,16,26089890.35663573,617.2773705832032
D2,pilot_baseline,20260932,17,26112093.31258397,615.724201528769
D2,pilot_baseline,20260933,1,25101518.18841451,644.7532198797009
D2,pilot_baseline,20260933,2,25178372.01315317,640.449836250504
D2,pilot_baseline,20260933,3,25187823.038561508,639.6078138470434
D2,pilot_baseline,20260933,4,25215047.670849048,639.1944431976456
D2,pilot_baseline,20260933,5,25216969.30803571,638.1110137937333
D2,pilot_baseline,20260933,6,25226878.41922648,637.1963805217963
D2,pilot_baseline,20260933,7,25241448.364668567,636.2262415802248
D2,pilot_baseline,20260933,8,25289573.615892984,636.1541469509332
D2,pilot_baseline,20260933,9,25291576.617042713,633.8351560428281
D2,pilot_baseline,20260933,10,25311503.84219931,633.4144776344696
D2,pilot_baseline,20260933,11,25334576.145390492,632.8525972456048
D2,pilot_baseline,20260933,12,25354157.38789779,632.5929988848699
D2,pilot_baseline,20260933,13,25370630.82644159,630.9024316397033
D2,pilot_baseline,20260933,14,25428745.506816357,630.4679688607548
D2,pilot_baseline,20260933,15,25462254.87210627,629.396000972072
D2,pilot_baseline,20260933,16,25488073.052215826,628.82265002056
D2,pilot_baseline,20260933,17,25495004.934974436,627.8460960436555
D2,pilot_baseline,20260933,18,25525775.03724586,626.9690170312797
D2,pilot_baseline,20260933,19,25541818.049767397,626.9496437200202
D2,pilot_baseline,20260933,20,25557533.609105714,625.9319373137755
D2,pilot_baseline,20260933,21,25621158.942860615,625.4539435575421
D2,pilot_baseline,20260933,22,25651597.49818462,625.36107202392
D2,pilot_baseline,20260933,23,25695172.138009973,625.313556033026
D2,pilot_baseline,20260933,24,25701996.64670718,624.7520806599589
D2,pilot_baseline,20260933,25,25782115.65688202,623.9726919158431
D2,pilot_baseline,20260933,26,25924838.4189985,622.7601558250858
D2,pilot_baseline,20260934,1,25451694.82196437,636.9312295330088
D2,pilot_baseline,20260934,2,25463425.986198872,636.6268079633326
D2,pilot_baseline,20260934,3,25525650.2702105,634.3934918080762
D2,pilot_baseline,20260934,4,25545002.47644904,633.9703868897898
D2,pilot_baseline,20260934,5,25588235.123053703,633.216010974117
D2,pilot_baseline,20260934,6,25591370.813061763,632.5850832754709
D2,pilot_baseline,20260934,7,25606266.781967938,632.5179445757075
D2,pilot_baseline,20260934,8,25626331.185271055,631.6009147208888
D2,pilot_baseline,20260934,9,25626413.194616802,631.3263417454157
D2,pilot_baseline,20260934,10,25667945.33273681,629.9506576744288
D2,pilot_baseline,20260934,11,25678794.6349241,629.7548639757158
D2,pilot_baseline,20260934,12,25709738.13501429,629.5830676092886
D2,pilot_baseline,20260934,13,25712754.35116814,628.0709586641337
D2,pilot_baseline,20260934,14,25765970.1937913,627.7120173945754
D2,pilot_baseline,20260934,15,25778276.60881751,627.4240867378415
D2,pilot_baseline,20260934,16,25811173.70560819,627.2843422520543
D2,pilot_baseline,20260934,17,25818693.967902925,627.0310491034893
D2,pilot_baseline,20260934,18,25821865.722254075,626.2633360111929
D2,pilot_baseline,20260934,19,25854682.138590485,626.2535772530961
D2,pilot_baseline,20260934,20,25855596.22362774,625.8939192402139
D2,pilot_baseline,20260934,21,25871592.416896123,625.8305718767882
D2,pilot_baseline,20260934,22,25897183.660838515,625.4310756216538
D2,pilot_baseline,20260934,23,25922793.68551792,624.6906242285719
D2,pilot_baseline,20260934,24,25946129.387175467,623.7882135603272
D2,pilot_baseline,20260934,25,26150536.75522265,623.237525470693
D2,pilot_baseline,20260935,1,25147443.083006445,638.954472984277
D2,pilot_baseline,20260935,2,25175458.46936603,638.9022394436703
D2,pilot_baseline,20260935,3,25204780.642482918,635.3951792811853
D2,pilot_baseline,20260935,4,25254602.764740624,634.2012627418892
D2,pilot_baseline,20260935,5,25289212.64560864,633.9499342211766
D2,pilot_baseline,20260935,6,25292550.26797677,633.715325983953
D2,pilot_baseline,20260935,7,25308132.21910202,633.4986250655724
D2,pilot_baseline,20260935,8,25327839.24485767,632.9114980880879
D2,pilot_baseline,20260935,9,25348412.56657771,632.90034096392
D2,pilot_baseline,20260935,10,25368897.71678754,632.2376713237741
D2,pilot_baseline,20260935,11,25370527.46639824,632.0399689930852
D2,pilot_baseline,20260935,12,25371882.234277867,631.7299163539548
D2,pilot_baseline,20260935,13,25416818.840990275,631.1250783985054
D2,pilot_baseline,20260935,14,25506233.024725806,630.2903718042927
D2,pilot_baseline,20260935,15,25631385.607847143,629.9480121705758
D2,pilot_baseline,20260935,16,25748116.781646177,628.8273123882916
D2,uswc_compound_30pct_delay_168h,20260906,1,61668176.27777426,846.104388014763
D2,uswc_compound_30pct_delay_168h,20260906,2,61751501.271795176,845.9316757603497
D2,uswc_compound_30pct_delay_168h,20260906,3,61800122.7033767,845.8749830098086
D2,uswc_compound_30pct_delay_168h,20260906,4,61911933.72627236,845.8409975685184
D2,uswc_compound_30pct_delay_168h,20260906,5,61937047.721792184,845.6474086631391
D2,uswc_compound_30pct_delay_168h,20260907,1,62057689.599045195,844.2319216180489
D2,uswc_compound_30pct_delay_168h,20260907,2,62108277.645183556,844.186260776618
D2,uswc_compound_30pct_delay_168h,20260907,3,62131160.3578554,843.9892890463967
D2,uswc_compound_30pct_delay_168h,20260907,4,62169451.1061935,843.7509339252089
D2,uswc_compound_30pct_delay_168h,20260908,1,61500532.69948724,843.0371136971838
D2,uswc_compound_30pct_delay_168h,20260908,2,61544547.561586455,842.8617235480355
D2,uswc_compound_30pct_delay_168h,20260908,3,61623372.84412254,842.6915986123871
D2,uswc_compound_30pct_delay_168h,20260909,1,62395876.490232855,844.6487153252608
D2,uswc_compound_30pct_delay_168h,20260909,2,62404716.96098956,844.5871529000507
D2,uswc_compound_30pct_delay_168h,20260909,3,62405685.73096558,844.5333066790961
D2,uswc_compound_30pct_delay_168h,20260909,4,62490730.94976905,844.3146026131604
D2,uswc_compound_30pct_delay_168h,20260910,1,61540378.84802409,843.458642400453
D2,uswc_compound_30pct_delay_168h,20260910,2,61616116.38308718,843.1186374797704
D2,uswc_compound_30pct_delay_168h,20260910,3,61689151.564788766,842.79890305666
D2,uswc_compound_30pct_delay_168h,20260911,1,61958137.31134964,844.0359763016991
D2,uswc_compound_30pct_delay_168h,20260911,2,62070637.7455156,843.8700268675865
D2,uswc_compound_30pct_delay_168h,20260912,1,61517834.906276904,845.0009142737836
D2,uswc_compound_30pct_delay_168h,20260912,2,61531073.96338862,844.9704272249604
D2,uswc_compound_30pct_delay_168h,20260912,3,61550751.81830385,844.8079228010515
D2,uswc_compound_30pct_delay_168h,20260912,4,61623050.54409924,844.6240105507849
D2,uswc_compound_30pct_delay_168h,20260912,5,61685435.75806181,844.5438536888523
D2,uswc_compound_30pct_delay_168h,20260912,6,61738435.70906719,844.4563471774529
D2,uswc_compound_30pct_delay_168h,20260912,7,61847656.098315194,844.3888472669225
D2,uswc_compound_30pct_delay_168h,20260912,8,61849925.965054005,844.3078220439342
D2,uswc_compound_30pct_delay_168h,20260912,9,61882141.166805804,843.6986128681334
D2,uswc_compound_30pct_delay_168h,20260913,1,61978376.86453915,843.355782297498
D2,uswc_compound_30pct_delay_168h,20260913,2,61996476.56975084,842.9416955410098
D2,uswc_compound_30pct_delay_168h,20260914,1,62511790.531135954,847.9995634510807
D2,uswc_compound_30pct_delay_168h,20260914,2,62756379.12777785,847.4093803093682
D2,uswc_compound_30pct_delay_168h,20260914,3,62821352.66219087,847.2310311908135
D2,uswc_compound_30pct_delay_168h,20260914,4,62825103.60623801,846.7712343559978
D2,uswc_compound_30pct_delay_168h,20260914,5,62879004.19896811,846.6620305559967
D2,uswc_compound_30pct_delay_168h,20260914,6,62924355.2084685,845.9684420371416
D2,uswc_compound_30pct_delay_168h,20260914,7,62926229.457911566,845.9683262023867
D2,uswc_compound_30pct_delay_168h,20260915,1,62290940.69414447,847.1417630142585
D2,uswc_compound_30pct_delay_168h,20260915,2,62320284.32989876,845.8151914776482
D2,uswc_compound_30pct_delay_168h,20260915,3,62467256.00899419,845.3204661492479
D2,uswc_compound_30pct_delay_168h,20260916,1,61957376.91902352,843.8187466442637
D2,uswc_compound_30pct_delay_168h,20260916,2,62040575.53688364,843.6435690591517
D2,uswc_compound_30pct_delay_168h,20260916,3,62609816.98469988,842.9617525253981
D2,uswc_compound_30pct_delay_168h,20260916,4,62695580.968212076,842.9169914305144
D2,uswc_compound_30pct_delay_168h,20260916,5,62739487.77907826,842.8947804271335
D2,uswc_compound_30pct_delay_168h,20260917,1,61760482.63109808,846.164781550498
D2,uswc_compound_30pct_delay_168h,20260917,2,61779630.322989,845.5590763502793
D2,uswc_compound_30pct_delay_168h,20260917,3,61813894.70465892,844.1766400377197
D2,uswc_compound_30pct_delay_168h,20260917,4,61900447.563932516,844.0145581287542
D2,uswc_compound_30pct_delay_168h,20260917,5,62051012.51522634,843.8932130646604
D2,uswc_compound_30pct_delay_168h,20260917,6,62260523.64447941,843.8028379178684
D2,uswc_compound_30pct_delay_168h,20260917,7,62301734.90942689,843.720768633064
D2,uswc_compound_30pct_delay_168h,20260918,1,60899943.658607885,844.5784947917086
D2,uswc_compound_30pct_delay_168h,20260919,1,62274092.54432928,844.6136803922476
D2,uswc_compound_30pct_delay_168h,20260919,2,62439343.49700781,843.9536919373323
D2,uswc_compound_30pct_delay_168h,20260919,3,62813691.7652891,843.0628027703058
D2,uswc_compound_30pct_delay_168h,20260919,4,62857466.65672148,842.8859327958797
D2,uswc_compound_30pct_delay_168h,20260920,1,61935254.568414316,844.0012846692398
D2,uswc_compound_30pct_delay_168h,20260920,2,62312019.596028715,843.8193051306174
D2,uswc_compound_30pct_delay_168h,20260921,1,61731740.85403908,843.9467342900695
D2,uswc_compound_30pct_delay_168h,20260922,1,61531384.67608343,843.7148336711356
D2,uswc_compound_30pct_delay_168h,20260922,2,61566163.15476983,843.6951962089822
D2,uswc_compound_30pct_delay_168h,20260922,3,61628955.101250365,843.2435668290407
D2,uswc_compound_30pct_delay_168h,20260923,1,62071305.77048552,844.8662976901202
D2,uswc_compound_30pct_delay_168h,20260923,2,62143799.32567182,844.4325132495964
D2,uswc_compound_30pct_delay_168h,20260923,3,62213349.00261817,844.3709853726774
D2,uswc_compound_30pct_delay_168h,20260924,1,62074048.39801338,844.6841665869324
D2,uswc_compound_30pct_delay_168h,20260925,1,61687711.00812995,844.0814602771524
D2,uswc_compound_30pct_delay_168h,20260925,2,61717711.012091964,844.0735134849938
D2,uswc_compound_30pct_delay_168h,20260925,3,61785621.776446395,843.9978023662962
D2,uswc_compound_30pct_delay_168h,20260925,4,61844253.8766593,843.9599165406411
D2,uswc_compound_30pct_delay_168h,20260925,5,61858421.72714307,843.9403235107397
D2,uswc_compound_30pct_delay_168h,20260925,6,61884503.55383945,843.915997359613
D2,uswc_compound_30pct_delay_168h,20260925,7,61914477.7176986,843.5862294451993
D2,uswc_compound_30pct_delay_168h,20260926,1,61990552.011503,845.3249771340811
D2,uswc_compound_30pct_delay_168h,20260926,2,62011705.91649533,843.9735362968064
D2,uswc_compound_30pct_delay_168h,20260927,1,61953298.49161153,844.6206276344425
D2,uswc_compound_30pct_delay_168h,20260927,2,62079989.524582766,843.2168776616328
D2,uswc_compound_30pct_delay_168h,20260928,1,61559462.19310963,844.1089069545341
D2,uswc_compound_30pct_delay_168h,20260928,2,61774180.36211176,844.0573252747297
D2,uswc_compound_30pct_delay_168h,20260928,3,62262251.75753664,843.7236724884087
D2,uswc_compound_30pct_delay_168h,20260929,1,62406725.05506041,847.3633270559682
D2,uswc_compound_30pct_delay_168h,20260929,2,62456876.237855494,847.0711753171469
D2,uswc_compound_30pct_delay_168h,20260929,3,62524241.34627901,846.8101443829325
D2,uswc_compound_30pct_delay_168h,20260930,1,61838200.39646291,842.9027126538083
D2,uswc_compound_30pct_delay_168h,20260931,1,61910937.55467067,844.4053938664932
D2,uswc_compound_30pct_delay_168h,20260931,2,62003395.85837233,844.3875496459871
D2,uswc_compound_30pct_delay_168h,20260932,1,61863330.212863915,843.7077848942056
D2,uswc_compound_30pct_delay_168h,20260932,2,61909607.70452743,843.6580631796597
D2,uswc_compound_30pct_delay_168h,20260932,3,61922118.8338041,843.6438214839208
D2,uswc_compound_30pct_delay_168h,20260933,1,61374261.19994121,843.1348622949199
D2,uswc_compound_30pct_delay_168h,20260933,2,61402693.69775966,842.7741721501363
D2,uswc_compound_30pct_delay_168h,20260933,3,61519049.247251816,842.6801379806152
D2,uswc_compound_30pct_delay_168h,20260934,1,62187291.4268675,846.6255928686779
D2,uswc_compound_30pct_delay_168h,20260934,2,62277234.59832783,845.9636080862348
D2,uswc_compound_30pct_delay_168h,20260934,3,62343026.8153977,845.5836877210498
D2,uswc_compound_30pct_delay_168h,20260935,1,62635690.86349913,845.8083333661124
D2,uswc_compound_30pct_delay_168h,20260935,2,62858757.963381715,845.5859873596968
D2,uswc_compound_30pct_delay_168h,20260935,3,62892148.12928205,845.0343829853947
D2,uswc_compound_30pct_delay_168h,20260935,4,63001634.02497446,844.759908098221
D2,uswc_compound_30pct_delay_168h,20260935,5,63156301.358458795,844.6496248122595
D2,uswc_compound_30pct_delay_168h,20260935,6,63254966.44778253,844.5107118016451
D2,uswc_compound_40pct_delay_168h,20260906,1,57060925.5957392,826.6961310464966
D2,uswc_compound_40pct_delay_168h,20260906,2,57076171.53493398,826.5336094561449
D2,uswc_compound_40pct_delay_168h,20260906,3,57139735.44383959,826.5078331386554
D2,uswc_compound_40pct_delay_168h,20260906,4,57197024.77915734,826.4864254729084
D2,uswc_compound_40pct_delay_168h,20260906,5,57230265.0758332,826.4201452865963
D2,uswc_compound_40pct_delay_168h,20260906,6,57294330.51718734,826.1047520146452
D2,uswc_compound_40pct_delay_168h,20260906,7,57485150.27349626,826.0487977218187
D2,uswc_compound_40pct_delay_168h,20260906,8,57729870.86368397,825.9964767825765
D2,uswc_compound_40pct_delay_168h,20260907,1,56388213.467315726,824.948723577903
D2,uswc_compound_40pct_delay_168h,20260908,1,57804124.39812319,828.477806466087
D2,uswc_compound_40pct_delay_168h,20260908,2,57923508.65107021,828.1993203754225
D2,uswc_compound_40pct_delay_168h,20260908,3,58111048.82024653,827.7231354505758
D2,uswc_compound_40pct_delay_168h,20260909,1,57489253.50323506,827.5249851559158
D2,uswc_compound_40pct_delay_168h,20260909,2,57496208.3003444,827.2573843775136
D2,uswc_compound_40pct_delay_168h,20260909,3,57516582.32859682,826.9910488902747
D2,uswc_compound_40pct_delay_168h,20260909,4,57675751.912425056,826.4437631930946
D2,uswc_compound_40pct_delay_168h,20260909,5,57714691.50532856,826.2630218377659
D2,uswc_compound_40pct_delay_168h,20260909,6,57778800.18051413,826.2452820944649
D2,uswc_compound_40pct_delay_168h,20260909,7,57826647.656679995,826.0955509068034
D2,uswc_compound_40pct_delay_168h,20260909,8,57840344.818032116,825.9104749045972
D2,uswc_compound_40pct_delay_168h,20260909,9,58070133.928921916,825.3882641701667
D2,uswc_compound_40pct_delay_168h,20260910,1,56612119.87249609,826.0621881333763
D2,uswc_compound_40pct_delay_168h,20260910,2,56699900.568906195,825.9473035694252
D2,uswc_compound_40pct_delay_168h,20260910,3,56933088.69977218,825.9209770589118
D2,uswc_compound_40pct_delay_168h,20260911,1,57105156.773712605,827.9785060167702
D2,uswc_compound_40pct_delay_168h,20260911,2,57202875.866846144,827.799975350046
D2,uswc_compound_40pct_delay_168h,20260912,1,56686305.38352604,827.2097219962167
D2,uswc_compound_40pct_delay_168h,20260912,2,56821836.91937378,825.2906783476284
D2,uswc_compound_40pct_delay_168h,20260913,1,56561621.12208447,826.2090540349162
D2,uswc_compound_40pct_delay_168h,20260913,2,56580984.930451564,825.9777177183392
D2,uswc_compound_40pct_delay_168h,20260913,3,56719318.54125398,825.7208795155613
D2,uswc_compound_40pct_delay_168h,20260913,4,56734391.647092246,825.679194166043
D2,uswc_compound_40pct_delay_168h,20260913,5,56755946.717313506,825.6324059042095
D2,uswc_compound_40pct_delay_168h,20260914,1,56773703.90211957,825.4787494372555
D2,uswc_compound_40pct_delay_168h,20260914,2,56793388.25973779,824.3497432631195
D2,uswc_compound_40pct_delay_168h,20260914,3,56891507.03701643,823.8031031152036
D2,uswc_compound_40pct_delay_168h,20260915,1,56593276.51796322,825.3245397014421
D2,uswc_compound_40pct_delay_168h,20260915,2,56625162.37720511,825.208586483472
D2,uswc_compound_40pct_delay_168h,20260916,1,57231771.880965665,825.1366510828702
D2,uswc_compound_40pct_delay_168h,20260916,2,57277575.04494044,824.3594960378401
D2,uswc_compound_40pct_delay_168h,20260917,1,56868870.29181242,826.9155546639709
D2,uswc_compound_40pct_delay_168h,20260917,2,57199136.09155935,826.8139008507037
D2,uswc_compound_40pct_delay_168h,20260917,3,57199420.667465046,826.1608107236344
D2,uswc_compound_40pct_delay_168h,20260917,4,57223076.93482606,826.1521762386006
D2,uswc_compound_40pct_delay_168h,20260918,1,56977175.4976668,827.5357237768179
D2,uswc_compound_40pct_delay_168h,20260918,2,56985651.72886183,827.517961492919
D2,uswc_compound_40pct_delay_168h,20260918,3,57094619.43561094,826.8758295067889
D2,uswc_compound_40pct_delay_168h,20260918,4,57096309.483612485,826.7716984215931
D2,uswc_compound_40pct_delay_168h,20260918,5,57212844.0662728,826.6353578784953
D2,uswc_compound_40pct_delay_168h,20260918,6,57219130.34400507,826.6260801436415
D2,uswc_compound_40pct_delay_168h,20260918,7,57336214.40248091,826.5610200932848
D2,uswc_compound_40pct_delay_168h,20260918,8,57390035.22626574,826.0976422044148
D2,uswc_compound_40pct_delay_168h,20260919,1,55515460.14484352,825.5809340165836
D2,uswc_compound_40pct_delay_168h,20260919,2,55520883.679926045,824.2219270948585
D2,uswc_compound_40pct_delay_168h,20260919,3,55604114.525570616,824.2015471581527
D2,uswc_compound_40pct_delay_168h,20260920,1,58234019.689867966,826.8313769326988
D2,uswc_compound_40pct_delay_168h,20260920,2,58312870.255973846,826.7446278837758
D2,uswc_compound_40pct_delay_168h,20260920,3,58355397.77852435,826.2615595055449
D2,uswc_compound_40pct_delay_168h,20260921,1,56404525.38429507,824.5846493903653
D2,uswc_compound_40pct_delay_168h,20260921,2,56466033.49659681,824.2213708271397
D2,uswc_compound_40pct_delay_168h,20260922,1,55838975.14921448,823.1522450227264
D2,uswc_compound_40pct_delay_168h,20260923,1,56334017.655367725,826.6540053530018
D2,uswc_compound_40pct_delay_168h,20260923,2,56533672.57159453,826.0177891351193
D2,uswc_compound_40pct_delay_168h,20260924,1,57805387.547281094,825.8723134082996
D2,uswc_compound_40pct_delay_168h,20260925,1,56906259.52095526,828.0264267751327
D2,uswc_compound_40pct_delay_168h,20260925,2,56992837.29164877,827.9150856621005
D2,uswc_compound_40pct_delay_168h,20260925,3,57021424.465794444,827.6443305821534
D2,uswc_compound_40pct_delay_168h,20260925,4,57109106.1242147,827.157702105094
D2,uswc_compound_40pct_delay_168h,20260925,5,57451608.297212586,827.1337732335636
D2,uswc_compound_40pct_delay_168h,20260926,1,56830586.78037462,826.9888818136727
D2,uswc_compound_40pct_delay_168h,20260926,2,56951349.180407085,823.9531271903297
D2,uswc_compound_40pct_delay_168h,20260926,3,57243299.11703159,823.8782148844598
D2,uswc_compound_40pct_delay_168h,20260927,1,57051396.97178041,827.6839649859506
D2,uswc_compound_40pct_delay_168h,20260927,2,57113822.53867509,827.1198252816727
D2,uswc_compound_40pct_delay_168h,20260927,3,57135023.560140915,826.5063780737544
D2,uswc_compound_40pct_delay_168h,20260927,4,57456536.43822767,826.1190680165544
D2,uswc_compound_40pct_delay_168h,20260928,1,56086257.49801007,826.4791113007781
D2,uswc_compound_40pct_delay_168h,20260928,2,56284952.090124674,824.959492777177
D2,uswc_compound_40pct_delay_168h,20260928,3,56320676.78050193,824.5671858977075
D2,uswc_compound_40pct_delay_168h,20260929,1,56815772.658385895,827.6023434240752
D2,uswc_compound_40pct_delay_168h,20260929,2,57040355.2744282,827.3978469685542
D2,uswc_compound_40pct_delay_168h,20260929,3,57246640.06566845,827.3121640127279
D2,uswc_compound_40pct_delay_168h,20260930,1,57214851.399096645,825.6985461994781
D2,uswc_compound_40pct_delay_168h,20260930,2,57353440.70629911,825.6134071955759
D2,uswc_compound_40pct_delay_168h,20260930,3,57462779.35617916,824.5765035087888
D2,uswc_compound_40pct_delay_168h,20260931,1,57050920.325551994,825.7801736949659
D2,uswc_compound_40pct_delay_168h,20260931,2,57303698.40095291,825.1710259735871
D2,uswc_compound_40pct_delay_168h,20260931,3,57594453.65028033,824.802239131426
D2,uswc_compound_40pct_delay_168h,20260932,1,56209925.33669867,825.1000055877254
D2,uswc_compound_40pct_delay_168h,20260933,1,56589812.34247904,826.6435690422658
D2,uswc_compound_40pct_delay_168h,20260933,2,56715378.17212201,826.6249559742471
D2,uswc_compound_40pct_delay_168h,20260933,3,56743424.06729288,825.7593250510371
D2,uswc_compound_40pct_delay_168h,20260933,4,56810902.566864304,825.3676195248289
D2,uswc_compound_40pct_delay_168h,20260934,1,56977623.84485144,828.0210341633244
D2,uswc_compound_40pct_delay_168h,20260934,2,57163767.94093554,827.0557521851671
D2,uswc_compound_40pct_delay_168h,20260934,3,57188095.729870774,826.6772250414939
D2,uswc_compound_40pct_delay_168h,20260934,4,57211903.860707335,825.8458430340629
D2,uswc_compound_40pct_delay_168h,20260935,1,57302112.05815127,828.6927435188453
D2,uswc_compound_40pct_delay_168h,20260935,2,57341210.71919291,828.1690197288076
D2,uswc_compound_40pct_delay_168h,20260935,3,57523132.97205662,828.0966360302978
D2,uswc_compound_40pct_delay_168h,20260935,4,57603798.23844843,828.0152212769011
D2,uswc_compound_40pct_delay_168h,20260935,5,57854172.13616975,827.8815693916953
D2,uswc_departure_delay_240h,20260906,1,64628107.82740712,845.8042652135748
D2,uswc_departure_delay_240h,20260906,2,64664421.73117692,845.7493334497848
D2,uswc_departure_delay_240h,20260907,1,64434152.52766573,847.2132257647482
D2,uswc_departure_delay_240h,20260907,2,64446832.163773105,847.0292387065941
D2,uswc_departure_delay_240h,20260907,3,64509118.08622508,846.9877380332201
D2,uswc_departure_delay_240h,20260908,1,64016204.777095556,845.680296263406
D2,uswc_departure_delay_240h,20260908,2,64016535.754554935,845.6557898462376
D2,uswc_departure_delay_240h,20260908,3,64020726.937959604,845.5879919326582
D2,uswc_departure_delay_240h,20260909,1,64770066.86756826,847.5427872497645
D2,uswc_departure_delay_240h,20260909,2,64798772.62687903,847.3360148934236
D2,uswc_departure_delay_240h,20260910,1,64406007.74961909,846.211340627535
D2,uswc_departure_delay_240h,20260910,2,64425109.319123045,846.1665533182833
D2,uswc_departure_delay_240h,20260911,1,64723892.18149266,846.0335389315509
D2,uswc_departure_delay_240h,20260912,1,63944530.11360134,846.1987736679902
D2,uswc_departure_delay_240h,20260913,1,63913087.22099316,846.932445197453
D2,uswc_departure_delay_240h,20260913,2,63936973.50584158,846.6358494838264
D2,uswc_departure_delay_240h,20260913,3,64004054.75257281,846.5433072529993
D2,uswc_departure_delay_240h,20260914,1,65148853.9031784,847.9925572039768
D2,uswc_departure_delay_240h,20260914,2,65152439.659286335,847.9292047117032
D2,uswc_departure_delay_240h,20260914,3,65162185.699976,847.806165355258
D2,uswc_departure_delay_240h,20260914,4,65167053.453021266,847.7026781370773
D2,uswc_departure_delay_240h,20260914,5,65233306.26621337,847.6346537749505
D2,uswc_departure_delay_240h,20260915,1,64303769.02443621,846.6078278895457
D2,uswc_departure_delay_240h,20260915,2,64346902.44251168,846.474221289585
D2,uswc_departure_delay_240h,20260915,3,64383155.94961026,846.3569996245294
D2,uswc_departure_delay_240h,20260915,4,64417968.71005884,846.2272636040751
D2,uswc_departure_delay_240h,20260916,1,64503518.17498291,847.4334992313519
D2,uswc_departure_delay_240h,20260916,2,64547413.67520791,847.4314850529662
D2,uswc_departure_delay_240h,20260916,3,64561754.09267854,847.2812127621618
D2,uswc_departure_delay_240h,20260917,1,64320222.978323504,846.4646275032168
D2,uswc_departure_delay_240h,20260917,2,64350289.63088026,846.4205581995025
D2,uswc_departure_delay_240h,20260918,1,64134187.54526941,845.5284729193119
D2,uswc_departure_delay_240h,20260918,2,64149888.80952354,845.5125965654852
D2,uswc_departure_delay_240h,20260919,1,64078724.47671242,846.8974068949697
D2,uswc_departure_delay_240h,20260919,2,64129868.59955218,846.070542128664
D2,uswc_departure_delay_240h,20260919,3,64139870.226791784,846.006602661126
D2,uswc_departure_delay_240h,20260919,4,64142919.18866,845.9812250202747
D2,uswc_departure_delay_240h,20260920,1,64250894.0166817,846.6621964747644
D2,uswc_departure_delay_240h,20260920,2,64287130.474827036,846.2327152846177
D2,uswc_departure_delay_240h,20260920,3,64297979.07202106,846.1831246094744
D2,uswc_departure_delay_240h,20260921,1,64528707.51730628,846.8700733224152
D2,uswc_departure_delay_240h,20260921,2,64557619.16589686,846.798517475665
D2,uswc_departure_delay_240h,20260922,1,64157733.834669955,847.1200762963816
D2,uswc_departure_delay_240h,20260923,1,64462161.336899035,846.0092857426788
D2,uswc_departure_delay_240h,20260923,2,64495437.47279857,845.9482534828111
D2,uswc_departure_delay_240h,20260923,3,64560537.88141952,845.8429304441705
D2,uswc_departure_delay_240h,20260924,1,64325499.01156076,846.5966943891934
D2,uswc_departure_delay_240h,20260924,2,64330927.87802241,845.917733924485
D2,uswc_departure_delay_240h,20260925,1,64905671.560410075,847.7340203188758
D2,uswc_departure_delay_240h,20260925,2,64973017.09041099,847.6943299268703
D2,uswc_departure_delay_240h,20260925,3,65020910.02554034,847.6011446044419
D2,uswc_departure_delay_240h,20260925,4,65024229.29835686,847.5831792379109
D2,uswc_departure_delay_240h,20260926,1,64479224.521562085,846.9861597345575
D2,uswc_departure_delay_240h,20260926,2,64481792.16475425,846.2627579481486
D2,uswc_departure_delay_240h,20260926,3,64494827.27666609,846.1084502321644
D2,uswc_departure_delay_240h,20260926,4,64510466.01265021,846.0368969747664
D2,uswc_departure_delay_240h,20260926,5,64527473.79710984,846.0066494765347
D2,uswc_departure_delay_240h,20260927,1,64737232.3376045,847.4259320583024
D2,uswc_departure_delay_240h,20260927,2,64760909.74326195,847.3705148048372
D2,uswc_departure_delay_240h,20260927,3,64828958.77973202,847.2604432864333
D2,uswc_departure_delay_240h,20260928,1,64555688.98678317,847.2129197094848
D2,uswc_departure_delay_240h,20260928,2,64612272.8110307,847.0935038714058
D2,uswc_departure_delay_240h,20260929,1,64607971.31485045,847.0957963743324
D2,uswc_departure_delay_240h,20260929,2,64712457.122817986,846.7334337852608
D2,uswc_departure_delay_240h,20260929,3,64754742.168317355,846.7003765539711
D2,uswc_departure_delay_240h,20260929,4,64760717.02873427,846.6315447838767
D2,uswc_departure_delay_240h,20260930,1,64501202.54435891,845.9242154221118
D2,uswc_departure_delay_240h,20260930,2,64549026.15136468,845.9188252895477
D2,uswc_departure_delay_240h,20260931,1,64621084.59062078,846.190065108791
D2,uswc_departure_delay_240h,20260931,2,64725817.014122486,846.1895588778955
D2,uswc_departure_delay_240h,20260931,3,64735376.90843378,846.1782073450754
D2,uswc_departure_delay_240h,20260932,1,64268059.95126177,846.0917217378186
D2,uswc_departure_delay_240h,20260932,2,64276056.40162976,846.0774599209122
D2,uswc_departure_delay_240h,20260932,3,64277455.11965787,846.0677179243191
D2,uswc_departure_delay_240h,20260932,4,64282457.74338694,846.0405793956864
D2,uswc_departure_delay_240h,20260933,1,64294102.13756685,846.752687624379
D2,uswc_departure_delay_240h,20260933,2,64298664.64838038,846.7419461370629
D2,uswc_departure_delay_240h,20260933,3,64316470.466632664,846.6889096104577
D2,uswc_departure_delay_240h,20260933,4,64340464.533199586,846.6389133415635
D2,uswc_departure_delay_240h,20260934,1,64295004.56059357,847.6648704704801
D2,uswc_departure_delay_240h,20260934,2,64321785.199705675,846.6968801359476
D2,uswc_departure_delay_240h,20260934,3,64388662.43944654,846.6429434589546
D2,uswc_departure_delay_240h,20260935,1,63849495.517318726,845.9087653054763
D2,uswc_departure_delay_240h,20260935,2,63863461.14880832,845.874845515979
D2,uswc_departure_delay_240h,20260935,3,63866645.1543639,845.8641104741488
D2,uswc_departure_delay_240h,20260935,4,63877243.611141756,845.786937838015
D2,uswc_departure_delay_336h,20260906,1,85544478.83603108,912.4471309622555
D2,uswc_departure_delay_336h,20260907,1,85496154.20378241,912.9705792597764
D2,uswc_departure_delay_336h,20260907,2,85516700.06193644,912.9621657473117
D2,uswc_departure_delay_336h,20260907,3,85541967.47382592,912.9411278794923
D2,uswc_departure_delay_336h,20260908,1,85644624.4860051,915.6021002679789
D2,uswc_departure_delay_336h,20260909,1,85532187.07833882,912.2795386908276
D2,uswc_departure_delay_336h,20260910,1,85544386.82594386,912.8535843313658
D2,uswc_departure_delay_336h,20260910,2,85566944.68264867,912.7456084192584
D2,uswc_departure_delay_336h,20260910,3,85690805.94151355,912.6508413303524
D2,uswc_departure_delay_336h,20260911,1,85888360.47197731,914.4138023018414
D2,uswc_departure_delay_336h,20260912,1,85521133.87868279,912.4976008290178
D2,uswc_departure_delay_336h,20260912,2,85551756.10314138,912.4527869252597
D2,uswc_departure_delay_336h,20260912,3,85552956.331657,912.341889091115
D2,uswc_departure_delay_336h,20260912,4,85582686.40521067,912.3258930151255
D2,uswc_departure_delay_336h,20260912,5,85596253.5410065,912.2966931677952
D2,uswc_departure_delay_336h,20260913,1,85549113.44121024,913.2733995711872
D2,uswc_departure_delay_336h,20260913,2,85570228.54401504,912.9812827785092
D2,uswc_departure_delay_336h,20260913,3,85605584.61541778,912.9132869475285
D2,uswc_departure_delay_336h,20260913,4,85633507.82811193,912.8224258464219
D2,uswc_departure_delay_336h,20260913,5,85639474.7672594,912.713948666251
D2,uswc_departure_delay_336h,20260914,1,85408925.38115557,912.3137149573201
D2,uswc_departure_delay_336h,20260915,1,85525354.6776248,912.569181452831
D2,uswc_departure_delay_336h,20260915,2,85567690.91102906,912.5097075829069
D2,uswc_departure_delay_336h,20260916,1,85500551.99544851,912.7864477747589
D2,uswc_departure_delay_336h,20260916,2,85559166.60400204,912.6598016536886
D2,uswc_departure_delay_336h,20260917,1,85357945.16571961,911.5238352283931
D2,uswc_departure_delay_336h,20260917,2,85366023.84563693,911.5207534844031
D2,uswc_departure_delay_336h,20260918,1,85595882.87349306,913.2844094746788
D2,uswc_departure_delay_336h,20260918,2,85614086.9783295,913.2622594958182
D2,uswc_departure_delay_336h,20260918,3,85648954.49762537,913.214496401469
D2,uswc_departure_delay_336h,20260918,4,85683026.38238963,913.0493160353219
D2,uswc_departure_delay_336h,20260919,1,85610890.49651751,912.7083044359274
D2,uswc_departure_delay_336h,20260919,2,85611009.80197854,912.6889492876201
D2,uswc_departure_delay_336h,20260920,1,85393388.9023698,912.0707677331924
D2,uswc_departure_delay_336h,20260920,2,85409050.95016837,911.8100611008905
D2,uswc_departure_delay_336h,20260921,1,85470844.48250347,913.4986055477327
D2,uswc_departure_delay_336h,20260921,2,85556121.89017071,913.4307833741366
D2,uswc_departure_delay_336h,20260921,3,85558099.77154969,913.3645467611817
D2,uswc_departure_delay_336h,20260921,4,85561324.75947589,913.361860961293
D2,uswc_departure_delay_336h,20260921,5,85566569.60687965,913.3604503813959
D2,uswc_departure_delay_336h,20260921,6,85585209.12585515,913.3194469946001
D2,uswc_departure_delay_336h,20260922,1,85289339.79874822,912.1946894031961
D2,uswc_departure_delay_336h,20260922,2,85312927.59624617,912.1773549383672
D2,uswc_departure_delay_336h,20260922,3,85313961.22481766,911.7811773220607
D2,uswc_departure_delay_336h,20260923,1,85683058.78930056,912.4781576263717
D2,uswc_departure_delay_336h,20260924,1,85504346.63883185,912.8685188643273
D2,uswc_departure_delay_336h,20260924,2,85509113.5230312,912.8501029771072
D2,uswc_departure_delay_336h,20260924,3,85510409.29199539,912.6989709076975
D2,uswc_departure_delay_336h,20260924,4,85514655.88109845,912.5663103935135
D2,uswc_departure_delay_336h,20260924,5,85523240.2104536,912.5399862227647
D2,uswc_departure_delay_336h,20260924,6,85523399.55099013,912.5042311508927
D2,uswc_departure_delay_336h,20260925,1,85410943.22598523,912.3914952668744
D2,uswc_departure_delay_336h,20260926,1,85661755.49887162,912.5390398723616
D2,uswc_departure_delay_336h,20260927,1,85671631.18718448,912.5657228612085
D2,uswc_departure_delay_336h,20260927,2,85692815.05381957,912.3994568251252
D2,uswc_departure_delay_336h,20260928,1,85479060.50906074,912.8667970114791
D2,uswc_departure_delay_336h,20260929,1,85530773.4500532,912.688446569021
D2,uswc_departure_delay_336h,20260929,2,85564556.12743829,912.6879171506622
D2,uswc_departure_delay_336h,20260930,1,85721118.61084443,913.3884556043506
D2,uswc_departure_delay_336h,20260931,1,85586359.51519874,912.9043876240671
D2,uswc_departure_delay_336h,20260932,1,85708904.16702524,914.9804700452167
D2,uswc_departure_delay_336h,20260932,2,85722026.70617697,914.9304064163975
D2,uswc_departure_delay_336h,20260932,3,85722636.51615429,914.9172396732976
D2,uswc_departure_delay_336h,20260932,4,85773481.50486821,914.7358762516448
D2,uswc_departure_delay_336h,20260932,5,85959936.53108282,914.7315661101934
D2,uswc_departure_delay_336h,20260933,1,85533824.24033429,913.1718954781313
D2,uswc_departure_delay_336h,20260933,2,85547429.79707468,913.1101188135088
D2,uswc_departure_delay_336h,20260933,3,85553866.04635791,912.9659732895574
D2,uswc_departure_delay_336h,20260933,4,85567755.4655105,912.9440215156025
D2,uswc_departure_delay_336h,20260933,5,85621142.27951959,912.931866760419
D2,uswc_departure_delay_336h,20260933,6,85643363.77223775,912.8929732469184
D2,uswc_departure_delay_336h,20260933,7,85681276.51621518,912.8340005641277
D2,uswc_departure_delay_336h,20260934,1,85575630.34283583,912.8189405564723
D2,uswc_departure_delay_336h,20260934,2,85582015.37475756,912.7878558763242
D2,uswc_departure_delay_336h,20260934,3,85582167.157435,912.6514106272683
D2,uswc_departure_delay_336h,20260934,4,85599677.36474043,912.644407389375
D2,uswc_departure_delay_336h,20260934,5,85607762.54883935,912.5982514233773
D2,uswc_departure_delay_336h,20260935,1,85767967.25422087,914.7389446542815
D2,uswc_departure_delay_336h,20260935,2,85783364.17058837,914.663385332838
D2,uswc_departure_delay_336h,20260935,3,85785268.27291891,914.5410684229618
D2,uswc_departure_delay_336h,20260935,4,85793741.33403935,914.0835167340274
D2,uswc_departure_delay_336h,20260935,5,85795427.20418116,914.0627335619959
D2,uswc_port_capacity_675pct,20260906,1,25233247.981261317,644.2073138263356
D2,uswc_port_capacity_675pct,20260906,2,25260269.434456162,640.7404175363695
D2,uswc_port_capacity_675pct,20260906,3,25297349.44242999,637.8348409122523
D2,uswc_port_capacity_675pct,20260906,4,25308210.1411452,637.2476502755671
D2,uswc_port_capacity_675pct,20260906,5,25331684.575881895,636.0577111663328
D2,uswc_port_capacity_675pct,20260906,6,25373814.463623516,633.9071048588155
D2,uswc_port_capacity_675pct,20260906,7,25377477.06523212,633.1720654721886
D2,uswc_port_capacity_675pct,20260906,8,25399880.81245175,632.6432981668187
D2,uswc_port_capacity_675pct,20260906,9,25437799.530948576,630.8069659774611
D2,uswc_port_capacity_675pct,20260906,10,25459073.77423013,630.7414152644435
D2,uswc_port_capacity_675pct,20260906,11,25482963.426679283,630.4791483505815
D2,uswc_port_capacity_675pct,20260906,12,25521322.321584053,630.4225779040405
D2,uswc_port_capacity_675pct,20260906,13,25523295.162359703,630.1929930157563
D2,uswc_port_capacity_675pct,20260906,14,25524612.09605093,630.1378436768476
D2,uswc_port_capacity_675pct,20260906,15,25543775.401647817,629.801467648939
D2,uswc_port_capacity_675pct,20260906,16,25553166.366782155,629.048492444724
D2,uswc_port_capacity_675pct,20260906,17,25569959.68917984,628.1008801123314
D2,uswc_port_capacity_675pct,20260906,18,25575782.711177703,627.9393056281889
D2,uswc_port_capacity_675pct,20260906,19,25593374.07655586,627.5763230499244
D2,uswc_port_capacity_675pct,20260906,20,25669202.464553755,626.2999773013297
D2,uswc_port_capacity_675pct,20260906,21,25692393.257994473,626.2522901735524
D2,uswc_port_capacity_675pct,20260906,22,25715928.171146214,625.8630277947971
D2,uswc_port_capacity_675pct,20260906,23,25721397.92316314,625.4946109481565
D2,uswc_port_capacity_675pct,20260906,24,25762116.140093174,625.465654654334
D2,uswc_port_capacity_675pct,20260906,25,25763553.592221007,625.2238098722491
D2,uswc_port_capacity_675pct,20260906,26,25771480.740699258,624.9761249943602
D2,uswc_port_capacity_675pct,20260906,27,25786630.13387311,624.8507814673936
D2,uswc_port_capacity_675pct,20260906,28,25837881.060588412,624.2729142853783
D2,uswc_port_capacity_675pct,20260906,29,25854409.45500972,624.1855658390872
D2,uswc_port_capacity_675pct,20260906,30,25875777.459114797,623.9443405163692
D2,uswc_port_capacity_675pct,20260906,31,25887246.289481148,623.9023028145829
D2,uswc_port_capacity_675pct,20260906,32,25907779.096383054,623.6520414054074
D2,uswc_port_capacity_675pct,20260906,33,25930893.453055326,623.5298145553859
D2,uswc_port_capacity_675pct,20260906,34,25935130.158551585,623.4582126506683
D2,uswc_port_capacity_675pct,20260906,35,25977088.469580337,623.0040452844349
D2,uswc_port_capacity_675pct,20260907,1,25265508.061778773,635.0534028917066
D2,uswc_port_capacity_675pct,20260907,2,25304039.245508343,632.8808572377225
D2,uswc_port_capacity_675pct,20260907,3,25345948.044879325,632.1921092632438
D2,uswc_port_capacity_675pct,20260907,4,25393633.08664744,631.5378347118211
D2,uswc_port_capacity_675pct,20260907,5,25402972.874789782,630.9468895113104
D2,uswc_port_capacity_675pct,20260907,6,25406839.331006635,629.539947114339
D2,uswc_port_capacity_675pct,20260907,7,25415026.409396112,629.2695308354411
D2,uswc_port_capacity_675pct,20260907,8,25442960.752420265,628.6071162822425
D2,uswc_port_capacity_675pct,20260907,9,25450682.586484957,628.1440668495547
D2,uswc_port_capacity_675pct,20260907,10,25487317.01560341,627.6995687241467
D2,uswc_port_capacity_675pct,20260907,11,25495634.80110942,627.2164368921888
D2,uswc_port_capacity_675pct,20260907,12,25511578.17970658,626.9557621837309
D2,uswc_port_capacity_675pct,20260907,13,25564900.307457797,626.3309640935594
D2,uswc_port_capacity_675pct,20260907,14,25569842.36613204,626.1343759720803
D2,uswc_port_capacity_675pct,20260907,15,25657769.63255685,626.0070544426242
D2,uswc_port_capacity_675pct,20260907,16,25669946.990237806,625.7881844688957
D2,uswc_port_capacity_675pct,20260907,17,25726235.28083212,625.6525202891726
D2,uswc_port_capacity_675pct,20260907,18,25792963.049410146,625.314866315873
D2,uswc_port_capacity_675pct,20260907,19,25858473.335988898,624.8417142692799
D2,uswc_port_capacity_675pct,20260907,20,25889405.89360411,624.6566889011267
D2,uswc_port_capacity_675pct,20260908,1,25276617.754388966,637.4490508863815
D2,uswc_port_capacity_675pct,20260908,2,25332892.888147745,636.9381956147882
D2,uswc_port_capacity_675pct,20260908,3,25336134.906678997,635.8257462708908
D2,uswc_port_capacity_675pct,20260908,4,25353994.617591873,635.1449851747584
D2,uswc_port_capacity_675pct,20260908,5,25379058.261081245,634.7420049057619
D2,uswc_port_capacity_675pct,20260908,6,25379654.783476662,634.1880670198829
D2,uswc_port_capacity_675pct,20260908,7,25389471.13663658,634.0336922061426
D2,uswc_port_capacity_675pct,20260908,8,25412807.136534497,633.381822910889
D2,uswc_port_capacity_675pct,20260908,9,25437437.69946519,633.2408823857054
D2,uswc_port_capacity_675pct,20260908,10,25443179.278808493,633.045034124717
D2,uswc_port_capacity_675pct,20260908,11,25453630.171803635,632.9710437864361
D2,uswc_port_capacity_675pct,20260908,12,25454561.723480474,632.705892720304
D2,uswc_port_capacity_675pct,20260908,13,25464910.33148602,631.5788044519255
D2,uswc_port_capacity_675pct,20260908,14,25482057.460032452,631.038588026956
D2,uswc_port_capacity_675pct,20260908,15,25501092.0060114,630.7441049537889
D2,uswc_port_capacity_675pct,20260908,16,25506509.27444552,630.4417837482406
D2,uswc_port_capacity_675pct,20260908,17,25525988.043714292,630.0741114265725
D2,uswc_port_capacity_675pct,20260908,18,25528136.778972764,630.0509072568415
D2,uswc_port_capacity_675pct,20260908,19,25531565.177483775,629.9349240826849
D2,uswc_port_capacity_675pct,20260908,20,25541677.507170077,629.6088504933726
D2,uswc_port_capacity_675pct,20260908,21,25555384.31573732,629.3469199986754
D2,uswc_port_capacity_675pct,20260908,22,25555456.652955927,629.3458047578656
D2,uswc_port_capacity_675pct,20260908,23,25572516.0457166,629.0730181487013
D2,uswc_port_capacity_675pct,20260908,24,25572562.24568654,629.0513902575966
D2,uswc_port_capacity_675pct,20260908,25,25578550.942653697,627.8914242321989
D2,uswc_port_capacity_675pct,20260908,26,25666841.460563697,627.3810242672735
D2,uswc_port_capacity_675pct,20260908,27,25694197.46418512,627.0514092724268
D2,uswc_port_capacity_675pct,20260908,28,25698841.641005445,626.8401227935077
D2,uswc_port_capacity_675pct,20260908,29,25756452.588530842,626.1416425016846
D2,uswc_port_capacity_675pct,20260909,1,25130970.827881232,646.4477176913142
D2,uswc_port_capacity_675pct,20260909,2,25165184.28065924,641.5898460694339
D2,uswc_port_capacity_675pct,20260909,3,25235360.92949944,640.468437904681
D2,uswc_port_capacity_675pct,20260909,4,25291070.276689835,638.1667904476737
D2,uswc_port_capacity_675pct,20260909,5,25311441.85041523,636.7493564784285
D2,uswc_port_capacity_675pct,20260909,6,25319428.964834694,635.9264737487612
D2,uswc_port_capacity_675pct,20260909,7,25356930.490425263,634.4452250020463
D2,uswc_port_capacity_675pct,20260909,8,25402351.70760577,633.9939053595248
D2,uswc_port_capacity_675pct,20260909,9,25406477.683160186,632.9135068344964
D2,uswc_port_capacity_675pct,20260909,10,25436769.141275298,632.3652290251649
D2,uswc_port_capacity_675pct,20260909,11,25463652.063214693,631.7479967453814
D2,uswc_port_capacity_675pct,20260909,12,25473713.73872002,631.4968812497816
D2,uswc_port_capacity_675pct,20260909,13,25489828.987446215,630.3684464334303
D2,uswc_port_capacity_675pct,20260909,14,25512027.6003287,629.7735264291655
D2,uswc_port_capacity_675pct,20260909,15,25524859.622024838,628.8746873871187
D2,uswc_port_capacity_675pct,20260909,16,25551919.406516578,628.611381708117
D2,uswc_port_capacity_675pct,20260909,17,25578093.618877735,628.5919251454853
D2,uswc_port_capacity_675pct,20260909,18,25586884.843754407,628.2903067530216
D2,uswc_port_capacity_675pct,20260909,19,25632085.54903983,627.4415218839476
D2,uswc_port_capacity_675pct,20260909,20,25646177.266866975,627.3532606323822
D2,uswc_port_capacity_675pct,20260909,21,25696294.453727886,626.4328131939574
D2,uswc_port_capacity_675pct,20260909,22,25701874.000783294,626.2692808192702
D2,uswc_port_capacity_675pct,20260909,23,25763343.053612493,625.2438984121229
D2,uswc_port_capacity_675pct,20260909,24,25841721.05606284,625.015865754192
D2,uswc_port_capacity_675pct,20260909,25,25861862.02980869,624.6161142020671
D2,uswc_port_capacity_675pct,20260909,26,25877316.81944148,624.6130082821126
D2,uswc_port_capacity_675pct,20260909,27,25884004.102032382,624.5765172507105
D2,uswc_port_capacity_675pct,20260909,28,25900645.59598965,623.8327674405147
D2,uswc_port_capacity_675pct,20260909,29,25984209.368610855,623.7891127241738
D2,uswc_port_capacity_675pct,20260910,1,25220434.03676876,642.4638824970235
D2,uswc_port_capacity_675pct,20260910,2,25266971.459324453,640.0304450820934
D2,uswc_port_capacity_675pct,20260910,3,25338557.393131446,637.5115755628397
D2,uswc_port_capacity_675pct,20260910,4,25376538.69678712,637.3265017283745
D2,uswc_port_capacity_675pct,20260910,5,25387191.417789683,636.2278673916469
D2,uswc_port_capacity_675pct,20260910,6,25426404.68350182,634.4363935723475
D2,uswc_port_capacity_675pct,20260910,7,25524443.342465065,633.8619674428895
D2,uswc_port_capacity_675pct,20260910,8,25579057.474883072,633.5410059181797
D2,uswc_port_capacity_675pct,20260910,9,25583344.359249517,632.3452881301338
D2,uswc_port_capacity_675pct,20260910,10,25593004.4303226,631.8190960826221
D2,uswc_port_capacity_675pct,20260910,11,25612308.67827584,631.7926349831092
D2,uswc_port_capacity_675pct,20260910,12,25619967.410944875,630.8397149342993
D2,uswc_port_capacity_675pct,20260910,13,25709623.94349682,629.6296737481323
D2,uswc_port_capacity_675pct,20260910,14,25728065.024482466,629.5425246911943
D2,uswc_port_capacity_675pct,20260910,15,25814933.512159575,629.264198375716
D2,uswc_port_capacity_675pct,20260910,16,25821691.497219257,628.5660585560566
D2,uswc_port_capacity_675pct,20260910,17,25883111.88921467,626.6652683044628
D2,uswc_port_capacity_675pct,20260910,18,25943552.804189995,626.248146854048
D2,uswc_port_capacity_675pct,20260910,19,25945645.882549416,624.9707764712274
D2,uswc_port_capacity_675pct,20260910,20,26068157.287594788,624.9403341947013
D2,uswc_port_capacity_675pct,20260910,21,26189366.39805717,624.2966856805494
D2,uswc_port_capacity_675pct,20260910,22,26239934.17687971,623.3083772259624
D2,uswc_port_capacity_675pct,20260910,23,26343110.91346962,622.3389121773472
D2,uswc_port_capacity_675pct,20260910,24,26362675.0692333,621.8956441583435
D2,uswc_port_capacity_675pct,20260911,1,25398172.517141588,637.2887857913353
D2,uswc_port_capacity_675pct,20260911,2,25452779.29062369,635.1800909710945
D2,uswc_port_capacity_675pct,20260911,3,25456152.09559825,634.693192747469
D2,uswc_port_capacity_675pct,20260911,4,25601925.925401952,634.2192970980288
D2,uswc_port_capacity_675pct,20260911,5,25647897.208044667,632.7033720184892
D2,uswc_port_capacity_675pct,20260911,6,25649807.67810565,632.1922610895048
D2,uswc_port_capacity_675pct,20260911,7,25680189.253882334,630.2626960928683
D2,uswc_port_capacity_675pct,20260911,8,25734765.839399368,629.3753932336357
D2,uswc_port_capacity_675pct,20260911,9,25755819.73134854,628.5308312807778
D2,uswc_port_capacity_675pct,20260911,10,25786427.863492195,628.2227075814992
D2,uswc_port_capacity_675pct,20260911,11,25792462.448255338,627.8630559087237
D2,uswc_port_capacity_675pct,20260911,12,25840524.16464786,627.7334109902785
D2,uswc_port_capacity_675pct,20260911,13,25860480.09099847,627.3865230694972
D2,uswc_port_capacity_675pct,20260911,14,25905535.871799722,627.3631486253554
D2,uswc_port_capacity_675pct,20260911,15,25905932.84481603,627.3292134063963
D2,uswc_port_capacity_675pct,20260911,16,25934284.652171414,627.2576181754249
D2,uswc_port_capacity_675pct,20260911,17,25956986.58092673,627.0697862414006
D2,uswc_port_capacity_675pct,20260911,18,25960412.330804255,626.7448048426947
D2,uswc_port_capacity_675pct,20260911,19,25972305.80012908,626.5688665473448
D2,uswc_port_capacity_675pct,20260911,20,26020478.177621514,626.3188594669307
D2,uswc_port_capacity_675pct,20260911,21,26057601.484325793,626.0948898736084
D2,uswc_port_capacity_675pct,20260911,22,26063721.53261068,625.9881092299967
D2,uswc_port_capacity_675pct,20260911,23,26088515.057934612,625.8824303732906
D2,uswc_port_capacity_675pct,20260911,24,26091477.211467065,625.8537463986451
D2,uswc_port_capacity_675pct,20260911,25,26092658.68681718,625.8450784280063
D2,uswc_port_capacity_675pct,20260911,26,26094460.634721696,625.8318583201745
D2,uswc_port_capacity_675pct,20260911,27,26130348.140462395,625.4230612069687
D2,uswc_port_capacity_675pct,20260911,28,26187117.662910372,625.4000807279715
D2,uswc_port_capacity_675pct,20260911,29,26205019.47364083,625.2583399208833
D2,uswc_port_capacity_675pct,20260911,30,26209537.234144624,625.2053948703003
D2,uswc_port_capacity_675pct,20260911,31,26236289.04285522,625.1821178084158
D2,uswc_port_capacity_675pct,20260911,32,26240054.229787227,625.1232985327104
D2,uswc_port_capacity_675pct,20260911,33,26294122.335968565,624.8601987751452
D2,uswc_port_capacity_675pct,20260911,34,26304788.004823923,624.4040401237852
D2,uswc_port_capacity_675pct,20260911,35,26398103.88955432,623.505541934239
D2,uswc_port_capacity_675pct,20260911,36,26430228.64598934,623.3851674318506
D2,uswc_port_capacity_675pct,20260912,1,25384375.666067496,636.7262286753962
D2,uswc_port_capacity_675pct,20260912,2,25430642.938234728,635.8056678546487
D2,uswc_port_capacity_675pct,20260912,3,25436934.151793394,634.8886616812771
D2,uswc_port_capacity_675pct,20260912,4,25440521.686664063,633.1618176814402
D2,uswc_port_capacity_675pct,20260912,5,25476219.926026225,632.9255172552457
D2,uswc_port_capacity_675pct,20260912,6,25483962.46582068,630.7189892346299
D2,uswc_port_capacity_675pct,20260912,7,25528883.839255076,630.450297422285
D2,uswc_port_capacity_675pct,20260912,8,25550302.469869915,629.5500838677852
D2,uswc_port_capacity_675pct,20260912,9,25567219.710361533,629.0185129175096
D2,uswc_port_capacity_675pct,20260912,10,25572358.064072717,628.9612299838631
D2,uswc_port_capacity_675pct,20260912,11,25616377.903199237,628.3361585369336
D2,uswc_port_capacity_675pct,20260912,12,25638826.325100295,628.1375195835624
D2,uswc_port_capacity_675pct,20260912,13,25641566.872511595,627.6493748569073
D2,uswc_port_capacity_675pct,20260912,14,25648875.525605723,626.820718477597
D2,uswc_port_capacity_675pct,20260912,15,25652732.217899337,626.7844803826009
D2,uswc_port_capacity_675pct,20260912,16,25670053.39670464,626.2518965269045
D2,uswc_port_capacity_675pct,20260912,17,25717053.83970638,625.943871394041
D2,uswc_port_capacity_675pct,20260912,18,25769539.761894867,625.6929472810792
D2,uswc_port_capacity_675pct,20260912,19,25839678.555396833,625.6877184211342
D2,uswc_port_capacity_675pct,20260912,20,25849724.32455924,625.0121484746236
D2,uswc_port_capacity_675pct,20260912,21,25860368.516704638,624.6772612856026
D2,uswc_port_capacity_675pct,20260912,22,25928729.88035747,624.056899527427
D2,uswc_port_capacity_675pct,20260912,23,26035445.67971754,622.8898939935473
D2,uswc_port_capacity_675pct,20260912,24,26216635.78944769,622.8531194817706
D2,uswc_port_capacity_675pct,20260912,25,26243899.579367433,622.5436832953659
D2,uswc_port_capacity_675pct,20260912,26,26299750.92481342,621.943490791555
D2,uswc_port_capacity_675pct,20260913,1,25447448.93656607,636.4689206329768
D2,uswc_port_capacity_675pct,20260913,2,25486193.572908163,635.0200077644413
D2,uswc_port_capacity_675pct,20260913,3,25486536.763707306,634.968901785835
D2,uswc_port_capacity_675pct,20260913,4,25509414.09168709,633.6755055644215
D2,uswc_port_capacity_675pct,20260913,5,25513294.747949556,633.1800577713318
D2,uswc_port_capacity_675pct,20260913,6,25519172.85792847,633.1008775718677
D2,uswc_port_capacity_675pct,20260913,7,25532049.35870797,627.9376458451895
D2,uswc_port_capacity_675pct,20260913,8,25535261.732851215,627.911553722362
D2,uswc_port_capacity_675pct,20260913,9,25565965.320075218,627.5966273581597
D2,uswc_port_capacity_675pct,20260913,10,25575305.70099422,626.9672298836291
D2,uswc_port_capacity_675pct,20260913,11,25620753.594554655,626.5464825338215
D2,uswc_port_capacity_675pct,20260913,12,25690305.977144085,626.5255232203888
D2,uswc_port_capacity_675pct,20260913,13,25702130.722250372,626.1172650730591
D2,uswc_port_capacity_675pct,20260913,14,25713099.897375513,625.9521690607295
D2,uswc_port_capacity_675pct,20260913,15,25733424.016966563,625.9326879320535
D2,uswc_port_capacity_675pct,20260913,16,25781945.216634367,625.8447282245279
D2,uswc_port_capacity_675pct,20260913,17,25789992.971384883,625.5960795194037
D2,uswc_port_capacity_675pct,20260913,18,25805417.735597134,625.2482300891872
D2,uswc_port_capacity_675pct,20260913,19,25833877.865579,625.1686363482484
D2,uswc_port_capacity_675pct,20260913,20,25870960.965749986,624.8105310557377
D2,uswc_port_capacity_675pct,20260913,21,25912398.616339672,623.5912870259621
D2,uswc_port_capacity_675pct,20260913,22,26070867.21443087,622.9661155471281
D2,uswc_port_capacity_675pct,20260914,1,25336550.080596857,645.3136328045738
D2,uswc_port_capacity_675pct,20260914,2,25342231.230769236,640.2156953059139
D2,uswc_port_capacity_675pct,20260914,3,25358922.122900933,639.1046110245568
D2,uswc_port_capacity_675pct,20260914,4,25398492.8918075,636.5165721606323
D2,uswc_port_capacity_675pct,20260914,5,25443400.23180137,636.4228155744578
D2,uswc_port_capacity_675pct,20260914,6,25475436.70428491,636.1457953981495
D2,uswc_port_capacity_675pct,20260914,7,25490083.132919293,634.5630443523637
D2,uswc_port_capacity_675pct,20260914,8,25518967.749978792,634.5297656548812
D2,uswc_port_capacity_675pct,20260914,9,25554690.82247111,633.6279737182942
D2,uswc_port_capacity_675pct,20260914,10,25558782.710779004,632.331954096353
D2,uswc_port_capacity_675pct,20260914,11,25575601.871697307,631.1205428597457
D2,uswc_port_capacity_675pct,20260914,12,25604580.069051653,630.4806949548965
D2,uswc_port_capacity_675pct,20260914,13,25644853.360693667,627.7448057125804
D2,uswc_port_capacity_675pct,20260914,14,25720713.134299714,627.6696745167042
D2,uswc_port_capacity_675pct,20260914,15,25735877.715707384,627.5438716692769
D2,uswc_port_capacity_675pct,20260914,16,25755509.360112138,626.947832779502
D2,uswc_port_capacity_675pct,20260914,17,25827995.884080343,626.5520887307086
D2,uswc_port_capacity_675pct,20260914,18,25931249.936707474,626.2975326241882
D2,uswc_port_capacity_675pct,20260914,19,25944120.864815664,626.0531128813482
D2,uswc_port_capacity_675pct,20260914,20,25972303.836895764,625.2873520519972
D2,uswc_port_capacity_675pct,20260914,21,26029844.63139842,625.0102491992277
D2,uswc_port_capacity_675pct,20260914,22,26077626.960492965,624.9624266113636
D2,uswc_port_capacity_675pct,20260914,23,26141804.20180922,623.9329932917108
D2,uswc_port_capacity_675pct,20260915,1,25163166.756595816,648.8895653143628
D2,uswc_port_capacity_675pct,20260915,2,25188217.13928784,647.8720973744005
D2,uswc_port_capacity_675pct,20260915,3,25198512.336213905,644.3093128038497
D2,uswc_port_capacity_675pct,20260915,4,25207616.783379056,642.2754244767256
D2,uswc_port_capacity_675pct,20260915,5,25281599.95037074,638.7737662236964
D2,uswc_port_capacity_675pct,20260915,6,25303468.141896904,638.7394078000356
D2,uswc_port_capacity_675pct,20260915,7,25360852.622606628,638.4429265261457
D2,uswc_port_capacity_675pct,20260915,8,25365520.958836887,638.3156337028529
D2,uswc_port_capacity_675pct,20260915,9,25404154.757335924,634.8982097204948
D2,uswc_port_capacity_675pct,20260915,10,25446794.284384012,634.7176850958283
D2,uswc_port_capacity_675pct,20260915,11,25447141.37352043,634.6909498627977
D2,uswc_port_capacity_675pct,20260915,12,25464638.737155575,634.3345400851009
D2,uswc_port_capacity_675pct,20260915,13,25477197.971850507,633.780087491097
D2,uswc_port_capacity_675pct,20260915,14,25496061.652422953,631.6879367567994
D2,uswc_port_capacity_675pct,20260915,15,25594886.82880882,631.1725760159087
D2,uswc_port_capacity_675pct,20260915,16,25616901.836592346,630.9155418584104
D2,uswc_port_capacity_675pct,20260915,17,25637710.266172923,630.3948601840542
D2,uswc_port_capacity_675pct,20260915,18,25669178.805774104,629.9210453468482
D2,uswc_port_capacity_675pct,20260915,19,25670584.393310744,628.594809785438
D2,uswc_port_capacity_675pct,20260915,20,25738268.5638906,628.3110805157062
D2,uswc_port_capacity_675pct,20260915,21,25851706.93400152,627.6063066959108
D2,uswc_port_capacity_675pct,20260915,22,25862800.150147017,626.1907404954458
D2,uswc_port_capacity_675pct,20260915,23,25920846.927218124,626.1882824126288
D2,uswc_port_capacity_675pct,20260915,24,26001994.53142671,625.7478888226259
D2,uswc_port_capacity_675pct,20260916,1,25204421.952515636,638.3967291709962
D2,uswc_port_capacity_675pct,20260916,2,25270702.74820912,634.880976111512
D2,uswc_port_capacity_675pct,20260916,3,25279837.171843138,634.8797992855934
D2,uswc_port_capacity_675pct,20260916,4,25288335.615656883,634.292905877099
D2,uswc_port_capacity_675pct,20260916,5,25292357.97573642,634.058503825326
D2,uswc_port_capacity_675pct,20260916,6,25297189.316783898,633.1308562540657
D2,uswc_port_capacity_675pct,20260916,7,25351762.737970047,632.7393119534607
D2,uswc_port_capacity_675pct,20260916,8,25355252.494193215,630.9599333518328
D2,uswc_port_capacity_675pct,20260916,9,25356177.038443025,629.8694440520213
D2,uswc_port_capacity_675pct,20260916,10,25392363.87358073,629.7775856841952
D2,uswc_port_capacity_675pct,20260916,11,25398056.72748817,628.8499859201271
D2,uswc_port_capacity_675pct,20260916,12,25418926.923117585,628.6506376880246
D2,uswc_port_capacity_675pct,20260916,13,25460654.301993422,627.9373263394626
D2,uswc_port_capacity_675pct,20260916,14,25474298.956487976,627.2893956908575
D2,uswc_port_capacity_675pct,20260916,15,25526567.87567446,627.1762091079103
D2,uswc_port_capacity_675pct,20260916,16,25527910.749520842,626.8792085843219
D2,uswc_port_capacity_675pct,20260916,17,25529104.784479048,626.8719694648504
D2,uswc_port_capacity_675pct,20260916,18,25531646.907562867,626.858236212959
D2,uswc_port_capacity_675pct,20260916,19,25557097.18070457,626.6723067693883
D2,uswc_port_capacity_675pct,20260916,20,25578969.34433499,626.639371384551
D2,uswc_port_capacity_675pct,20260916,21,25582635.41392606,626.5416065024128
D2,uswc_port_capacity_675pct,20260916,22,25596323.654636446,626.216215325539
D2,uswc_port_capacity_675pct,20260916,23,25617986.318894025,626.1001827299393
D2,uswc_port_capacity_675pct,20260916,24,25640968.645433035,626.024148156658
D2,uswc_port_capacity_675pct,20260916,25,25643875.161690142,626.0040843462316
D2,uswc_port_capacity_675pct,20260916,26,25668778.87763869,625.9440020040348
D2,uswc_port_capacity_675pct,20260916,27,25678253.61660201,625.475164135657
D2,uswc_port_capacity_675pct,20260916,28,25761368.734095216,625.0964675457194
D2,uswc_port_capacity_675pct,20260916,29,25848563.07928428,624.7990074902957
D2,uswc_port_capacity_675pct,20260917,1,25306844.78043836,643.7253905488174
D2,uswc_port_capacity_675pct,20260917,2,25434104.554807488,637.1853887504407
D2,uswc_port_capacity_675pct,20260917,3,25442238.971334703,636.7445538419463
D2,uswc_port_capacity_675pct,20260917,4,25477423.8405997,635.5248533379888
D2,uswc_port_capacity_675pct,20260917,5,25505592.421080615,634.5895717226942
D2,uswc_port_capacity_675pct,20260917,6,25524791.57742325,634.3268224229791
D2,uswc_port_capacity_675pct,20260917,7,25535184.803694583,630.7036842886686
D2,uswc_port_capacity_675pct,20260917,8,25553208.846133795,628.3794143344003
D2,uswc_port_capacity_675pct,20260917,9,25565773.87871773,628.2512528080076
D2,uswc_port_capacity_675pct,20260917,10,25605280.952346094,627.6954459115378
D2,uswc_port_capacity_675pct,20260917,11,25618223.57019695,627.5501943194743
D2,uswc_port_capacity_675pct,20260917,12,25619307.844165094,627.1993722014607
D2,uswc_port_capacity_675pct,20260917,13,25635028.945123687,626.5982807634118
D2,uswc_port_capacity_675pct,20260917,14,25641626.014660005,626.377597009804
D2,uswc_port_capacity_675pct,20260917,15,25664023.85679906,626.2251289193997
D2,uswc_port_capacity_675pct,20260917,16,25699980.27814541,626.1805398671768
D2,uswc_port_capacity_675pct,20260917,17,25701039.229093123,626.1530810701179
D2,uswc_port_capacity_675pct,20260917,18,25741706.414916463,625.9411173452513
D2,uswc_port_capacity_675pct,20260917,19,25763765.28137078,625.7913888833775
D2,uswc_port_capacity_675pct,20260917,20,25768105.23448523,625.742067171089
D2,uswc_port_capacity_675pct,20260917,21,25774883.982767083,625.2463572779001
D2,uswc_port_capacity_675pct,20260917,22,25843662.075342033,624.7119098275228
D2,uswc_port_capacity_675pct,20260917,23,25844932.445962306,624.6756528358885
D2,uswc_port_capacity_675pct,20260917,24,25928296.36676956,624.4193221873204
D2,uswc_port_capacity_675pct,20260917,25,25949156.3132509,624.2407506694609
D2,uswc_port_capacity_675pct,20260917,26,25956491.333222546,624.1024009557192
D2,uswc_port_capacity_675pct,20260917,27,25977844.909869,623.4503478867501
D2,uswc_port_capacity_675pct,20260917,28,25994104.358073615,623.3047871968421
D2,uswc_port_capacity_675pct,20260917,29,26040824.055416264,623.2824443332198
D2,uswc_port_capacity_675pct,20260917,30,26064988.20145825,622.8654368366658
D2,uswc_port_capacity_675pct,20260917,31,26123360.471642748,621.9944909486964
D2,uswc_port_capacity_675pct,20260917,32,26165624.567210678,621.9603568486825
D2,uswc_port_capacity_675pct,20260917,33,26195232.978381492,621.8810560405304
D2,uswc_port_capacity_675pct,20260917,34,26254621.273837283,621.6448284189723
D2,uswc_port_capacity_675pct,20260918,1,25146315.907751385,642.184240595627
D2,uswc_port_capacity_675pct,20260918,2,25187421.47749014,641.7373920584139
D2,uswc_port_capacity_675pct,20260918,3,25216376.9245569,638.1732288641252
D2,uswc_port_capacity_675pct,20260918,4,25221300.3293601,637.7905429809007
D2,uswc_port_capacity_675pct,20260918,5,25228935.887190983,637.7734528254964
D2,uswc_port_capacity_675pct,20260918,6,25237247.896579187,637.6745175186339
D2,uswc_port_capacity_675pct,20260918,7,25255986.014608912,635.9866550788166
D2,uswc_port_capacity_675pct,20260918,8,25269422.959739454,635.5888434825613
D2,uswc_port_capacity_675pct,20260918,9,25321282.884688392,634.5173229263332
D2,uswc_port_capacity_675pct,20260918,10,25322705.63074783,634.4212570864919
D2,uswc_port_capacity_675pct,20260918,11,25328301.206782926,634.3038662788836
D2,uswc_port_capacity_675pct,20260918,12,25347353.470267907,633.9707724288008
D2,uswc_port_capacity_675pct,20260918,13,25350907.3357614,632.9904081337638
D2,uswc_port_capacity_675pct,20260918,14,25386393.171536654,632.4728259124901
D2,uswc_port_capacity_675pct,20260918,15,25389445.243640654,631.0806548297811
D2,uswc_port_capacity_675pct,20260918,16,25457489.206106957,629.9738199182277
D2,uswc_port_capacity_675pct,20260918,17,25528364.151977655,629.8542374825071
D2,uswc_port_capacity_675pct,20260918,18,25528904.359157458,628.8791160693036
D2,uswc_port_capacity_675pct,20260918,19,25625277.03018816,628.1132627626886
D2,uswc_port_capacity_675pct,20260918,20,25675230.076603375,627.6964201739594
D2,uswc_port_capacity_675pct,20260918,21,25783505.921815068,627.1387738545376
D2,uswc_port_capacity_675pct,20260918,22,25841289.834383614,626.025888849747
D2,uswc_port_capacity_675pct,20260918,23,25972888.906692896,625.8461908718342
D2,uswc_port_capacity_675pct,20260918,24,25974315.53603547,625.6576653818188
D2,uswc_port_capacity_675pct,20260918,25,26005707.571859438,625.3219435037835
D2,uswc_port_capacity_675pct,20260918,26,26024264.12007824,625.1146866113693
D2,uswc_port_capacity_675pct,20260918,27,26038579.21828055,624.7709068181726
D2,uswc_port_capacity_675pct,20260919,1,25250273.116230186,634.0154760298874
D2,uswc_port_capacity_675pct,20260919,2,25258057.95406446,633.7858471402468
D2,uswc_port_capacity_675pct,20260919,3,25268493.65553899,633.5798669614051
D2,uswc_port_capacity_675pct,20260919,4,25271143.739095293,631.6114396236826
D2,uswc_port_capacity_675pct,20260919,5,25282083.885097116,631.5086442695547
D2,uswc_port_capacity_675pct,20260919,6,25299620.522693135,631.2707475994561
D2,uswc_port_capacity_675pct,20260919,7,25306256.59363276,630.9801635642589
D2,uswc_port_capacity_675pct,20260919,8,25316536.68282912,630.691152359605
D2,uswc_port_capacity_675pct,20260919,9,25328155.819777578,630.5017473809355
D2,uswc_port_capacity_675pct,20260919,10,25355953.169259004,629.8888101454975
D2,uswc_port_capacity_675pct,20260919,11,25358490.36758127,629.6324790399018
D2,uswc_port_capacity_675pct,20260919,12,25362324.172530696,629.5367084532761
D2,uswc_port_capacity_675pct,20260919,13,25376564.59499278,629.3265962908707
D2,uswc_port_capacity_675pct,20260919,14,25377455.051714055,628.7145560204793
D2,uswc_port_capacity_675pct,20260919,15,25400071.0376243,628.2710460299792
D2,uswc_port_capacity_675pct,20260919,16,25405700.73759185,627.7735946868418
D2,uswc_port_capacity_675pct,20260919,17,25443845.88599505,626.9697445627447
D2,uswc_port_capacity_675pct,20260919,18,25487009.951390605,626.8984589495026
D2,uswc_port_capacity_675pct,20260919,19,25496825.632918824,626.4723562378964
D2,uswc_port_capacity_675pct,20260919,20,25501640.02256093,626.4652529104064
D2,uswc_port_capacity_675pct,20260919,21,25535707.252771836,626.3304781481719
D2,uswc_port_capacity_675pct,20260919,22,25537949.59647122,625.9673536761559
D2,uswc_port_capacity_675pct,20260919,23,25541884.5493882,625.9653654464568
D2,uswc_port_capacity_675pct,20260919,24,25571723.936978545,625.7294706184025
D2,uswc_port_capacity_675pct,20260919,25,25581980.574516825,625.6170778120672
D2,uswc_port_capacity_675pct,20260919,26,25605798.77696078,625.2176171424212
D2,uswc_port_capacity_675pct,20260919,27,25616477.581391666,624.9945394133816
D2,uswc_port_capacity_675pct,20260919,28,25648275.261022728,624.9363944348435
D2,uswc_port_capacity_675pct,20260919,29,25671643.81888046,624.9092524102228
D2,uswc_port_capacity_675pct,20260919,30,25677911.41948153,624.5831628760203
D2,uswc_port_capacity_675pct,20260919,31,25699132.04872608,624.3848915260968
D2,uswc_port_capacity_675pct,20260919,32,25702357.557011172,624.3574125540252
D2,uswc_port_capacity_675pct,20260919,33,25720852.35254031,624.1998504196595
D2,uswc_port_capacity_675pct,20260919,34,25734062.32528652,624.01506442986
D2,uswc_port_capacity_675pct,20260919,35,25760109.71814187,623.7209461080347
D2,uswc_port_capacity_675pct,20260919,36,25797314.363408647,623.6908025006513
D2,uswc_port_capacity_675pct,20260919,37,25805407.97247971,623.4415753917704
D2,uswc_port_capacity_675pct,20260919,38,25818352.092175774,623.3204808184504
D2,uswc_port_capacity_675pct,20260919,39,25863514.338089157,623.1005794348262
D2,uswc_port_capacity_675pct,20260919,40,25865319.74417405,622.9672590448133
D2,uswc_port_capacity_675pct,20260919,41,25874567.70300412,622.8798709358172
D2,uswc_port_capacity_675pct,20260919,42,25885972.862741653,622.6965415819694
D2,uswc_port_capacity_675pct,20260919,43,25911512.839107074,622.4561624323856
D2,uswc_port_capacity_675pct,20260919,44,26038895.224006016,622.3338521485541
D2,uswc_port_capacity_675pct,20260920,1,25145487.888878495,644.2073077958869
D2,uswc_port_capacity_675pct,20260920,2,25153932.23040417,642.9570546623337
D2,uswc_port_capacity_675pct,20260920,3,25159121.51150906,642.9103148517326
D2,uswc_port_capacity_675pct,20260920,4,25167130.258527774,641.7512059462447
D2,uswc_port_capacity_675pct,20260920,5,25225515.277603593,640.8774246906229
D2,uswc_port_capacity_675pct,20260920,6,25253088.408906512,638.2731973595447
D2,uswc_port_capacity_675pct,20260920,7,25319699.320165493,637.1931089010803
D2,uswc_port_capacity_675pct,20260920,8,25338673.275609735,635.5439053441168
D2,uswc_port_capacity_675pct,20260920,9,25410920.841087807,634.3254287210964
D2,uswc_port_capacity_675pct,20260920,10,25433848.11004334,633.8847923264226
D2,uswc_port_capacity_675pct,20260920,11,25452581.742148545,633.8623337706881
D2,uswc_port_capacity_675pct,20260920,12,25461811.533478454,632.463941570761
D2,uswc_port_capacity_675pct,20260920,13,25487919.367479026,632.2214569979636
D2,uswc_port_capacity_675pct,20260920,14,25503671.87018843,630.4382354679761
D2,uswc_port_capacity_675pct,20260920,15,25520281.17409211,630.10869877093
D2,uswc_port_capacity_675pct,20260920,16,25603816.23788941,629.5135235237183
D2,uswc_port_capacity_675pct,20260920,17,25637894.451551367,629.4370320293991
D2,uswc_port_capacity_675pct,20260920,18,25647388.015391648,628.591040841752
D2,uswc_port_capacity_675pct,20260920,19,25654139.08887001,627.8443668331221
D2,uswc_port_capacity_675pct,20260920,20,25689384.896970615,627.3158154404524
D2,uswc_port_capacity_675pct,20260920,21,25712808.641382676,626.6809639461778
D2,uswc_port_capacity_675pct,20260920,22,25805295.20241583,626.4926948829149
D2,uswc_port_capacity_675pct,20260920,23,25807219.78998666,626.4231238509848
D2,uswc_port_capacity_675pct,20260920,24,25851113.923749212,626.0221557586951
D2,uswc_port_capacity_675pct,20260920,25,25930888.513070207,624.776694183655
D2,uswc_port_capacity_675pct,20260920,26,25963050.1882261,624.6577005132749
D2,uswc_port_capacity_675pct,20260921,1,25606394.267228667,629.9235169948765
D2,uswc_port_capacity_675pct,20260921,2,25620134.58387106,628.6181913418919
D2,uswc_port_capacity_675pct,20260921,3,25629713.99978383,628.0390659470215
D2,uswc_port_capacity_675pct,20260921,4,25659870.365927786,626.7891974240287
D2,uswc_port_capacity_675pct,20260921,5,25671650.628836274,625.9780711212088
D2,uswc_port_capacity_675pct,20260921,6,25696368.903488703,625.968794591173
D2,uswc_port_capacity_675pct,20260921,7,25775395.83576387,625.7946878404138
D2,uswc_port_capacity_675pct,20260921,8,25810261.60403353,625.5293642137177
D2,uswc_port_capacity_675pct,20260921,9,25831913.835953627,625.3639338782184
D2,uswc_port_capacity_675pct,20260921,10,25858890.534199007,624.8650663143817
D2,uswc_port_capacity_675pct,20260921,11,25893406.780417833,624.4172547206692
D2,uswc_port_capacity_675pct,20260921,12,25987171.48691305,624.0253139770967
D2,uswc_port_capacity_675pct,20260921,13,26018364.070170794,624.0216277962151
D2,uswc_port_capacity_675pct,20260921,14,26022687.342396274,623.8246075379056
D2,uswc_port_capacity_675pct,20260921,15,26037316.102334782,623.7607912167432
D2,uswc_port_capacity_675pct,20260921,16,26094633.945998468,623.330385918475
D2,uswc_port_capacity_675pct,20260921,17,26109412.047842905,623.2530151910322
D2,uswc_port_capacity_675pct,20260921,18,26154490.623759445,622.6328517958211
D2,uswc_port_capacity_675pct,20260921,19,26159579.537537776,622.570477920501
D2,uswc_port_capacity_675pct,20260921,20,26211898.48797896,622.447622889992
D2,uswc_port_capacity_675pct,20260921,21,26215854.124946244,622.1625856825128
D2,uswc_port_capacity_675pct,20260921,22,26258103.710949026,622.1606869141513
D2,uswc_port_capacity_675pct,20260921,23,26293218.511869382,621.8610795907096
D2,uswc_port_capacity_675pct,20260921,24,26308308.355479807,621.7866031206553
D2,uswc_port_capacity_675pct,20260922,1,25209131.231792897,635.325811170901
D2,uswc_port_capacity_675pct,20260922,2,25285517.649219863,632.9310666445247
D2,uswc_port_capacity_675pct,20260922,3,25304074.279319547,632.5383680668293
D2,uswc_port_capacity_675pct,20260922,4,25348165.019191872,631.8372362366902
D2,uswc_port_capacity_675pct,20260922,5,25348488.88189387,630.6366377725778
D2,uswc_port_capacity_675pct,20260922,6,25388087.86950585,630.0980767383967
D2,uswc_port_capacity_675pct,20260922,7,25397562.25390213,629.9579753196595
D2,uswc_port_capacity_675pct,20260922,8,25399354.996688332,628.8987942540657
D2,uswc_port_capacity_675pct,20260922,9,25399529.780305356,628.673617714189
D2,uswc_port_capacity_675pct,20260922,10,25421871.161798894,627.9690857825509
D2,uswc_port_capacity_675pct,20260922,11,25448342.61623684,627.5468330188914
D2,uswc_port_capacity_675pct,20260922,12,25500820.251361817,626.9561128322387
D2,uswc_port_capacity_675pct,20260922,13,25500891.244977683,626.6851911889396
D2,uswc_port_capacity_675pct,20260922,14,25515538.080604725,626.4717527123763
D2,uswc_port_capacity_675pct,20260922,15,25555602.500430167,626.2274122831203
D2,uswc_port_capacity_675pct,20260922,16,25556154.616802108,626.0908181962982
D2,uswc_port_capacity_675pct,20260922,17,25583446.82818925,626.0430946719512
D2,uswc_port_capacity_675pct,20260922,18,25606539.918204445,625.9758253945653
D2,uswc_port_capacity_675pct,20260922,19,25622480.250697356,625.9144676029748
D2,uswc_port_capacity_675pct,20260922,20,25633537.599778045,625.7081487044597
D2,uswc_port_capacity_675pct,20260922,21,25652413.944949545,625.4547611383996
D2,uswc_port_capacity_675pct,20260922,22,25678782.111999515,625.358347624534
D2,uswc_port_capacity_675pct,20260922,23,25680065.096278194,625.0768885046872
D2,uswc_port_capacity_675pct,20260922,24,25698500.248459034,624.9500123297627
D2,uswc_port_capacity_675pct,20260922,25,25726195.13857383,624.8737589620872
D2,uswc_port_capacity_675pct,20260922,26,25734411.128523782,624.8108665936675
D2,uswc_port_capacity_675pct,20260922,27,25751308.256138794,624.7138808803803
D2,uswc_port_capacity_675pct,20260922,28,25761226.39424364,624.5571770177717
D2,uswc_port_capacity_675pct,20260922,29,25766474.807545926,624.4759776799108
D2,uswc_port_capacity_675pct,20260922,30,25774412.90145148,624.4316971077178
D2,uswc_port_capacity_675pct,20260922,31,25813317.64698893,624.1376805343081
D2,uswc_port_capacity_675pct,20260922,32,25832141.495758433,624.0130754692381
D2,uswc_port_capacity_675pct,20260922,33,25860270.485741165,623.8056488789341
D2,uswc_port_capacity_675pct,20260923,1,25046006.42259322,647.1906140569781
D2,uswc_port_capacity_675pct,20260923,2,25061531.452948302,647.0663569623989
D2,uswc_port_capacity_675pct,20260923,3,25100182.536604483,646.7241288695689
D2,uswc_port_capacity_675pct,20260923,4,25123643.30473013,645.3218862160228
D2,uswc_port_capacity_675pct,20260923,5,25141940.94070526,641.0369310113225
D2,uswc_port_capacity_675pct,20260923,6,25174501.345617477,640.7791300655545
D2,uswc_port_capacity_675pct,20260923,7,25182361.453571737,640.3363259870112
D2,uswc_port_capacity_675pct,20260923,8,25190830.561692324,638.5921035956884
D2,uswc_port_capacity_675pct,20260923,9,25221007.788087424,637.4904245186373
D2,uswc_port_capacity_675pct,20260923,10,25232301.185164962,636.8921406372862
D2,uswc_port_capacity_675pct,20260923,11,25246852.148595713,636.7443471639613
D2,uswc_port_capacity_675pct,20260923,12,25282551.291412458,635.0400530552051
D2,uswc_port_capacity_675pct,20260923,13,25302148.75692602,634.9580045071826
D2,uswc_port_capacity_675pct,20260923,14,25309822.970179904,634.9536665583946
D2,uswc_port_capacity_675pct,20260923,15,25312280.889034152,632.4258064513483
D2,uswc_port_capacity_675pct,20260923,16,25369482.123792775,631.989292875109
D2,uswc_port_capacity_675pct,20260923,17,25377981.054863505,630.9981877561038
D2,uswc_port_capacity_675pct,20260923,18,25389547.05517694,630.9689310300613
D2,uswc_port_capacity_675pct,20260923,19,25409502.35100704,630.3227663141279
D2,uswc_port_capacity_675pct,20260923,20,25435691.043287467,629.9671239534689
D2,uswc_port_capacity_675pct,20260923,21,25443344.588492945,629.8822787297227
D2,uswc_port_capacity_675pct,20260923,22,25451739.9083838,629.206481678167
D2,uswc_port_capacity_675pct,20260923,23,25469747.95152117,628.0145140478517
D2,uswc_port_capacity_675pct,20260923,24,25533849.628099117,626.9230366119989
D2,uswc_port_capacity_675pct,20260923,25,25540940.632049046,626.7202938446053
D2,uswc_port_capacity_675pct,20260923,26,25573610.426836558,626.1707814621815
D2,uswc_port_capacity_675pct,20260923,27,25784820.02871271,625.7831359173924
D2,uswc_port_capacity_675pct,20260924,1,25457262.828865867,633.9704164912802
D2,uswc_port_capacity_675pct,20260924,2,25474660.62066464,633.1820972205287
D2,uswc_port_capacity_675pct,20260924,3,25490453.10062316,631.9522096888804
D2,uswc_port_capacity_675pct,20260924,4,25515505.847550716,630.2135468304152
D2,uswc_port_capacity_675pct,20260924,5,25526040.76988265,630.0833967989447
D2,uswc_port_capacity_675pct,20260924,6,25554586.652096983,630.0616519359055
D2,uswc_port_capacity_675pct,20260924,7,25556903.095678072,628.9071736283087
D2,uswc_port_capacity_675pct,20260924,8,25624368.655186735,628.0078592803487
D2,uswc_port_capacity_675pct,20260924,9,25636675.815579437,627.8625691849901
D2,uswc_port_capacity_675pct,20260924,10,25646853.4205629,627.4939181852053
D2,uswc_port_capacity_675pct,20260924,11,25698862.538044702,626.7699025853885
D2,uswc_port_capacity_675pct,20260924,12,25764232.68269238,626.408586111385
D2,uswc_port_capacity_675pct,20260924,13,25769151.51340317,626.3664962296533
D2,uswc_port_capacity_675pct,20260925,1,25228922.853479095,639.78529879751
D2,uswc_port_capacity_675pct,20260925,2,25265682.127482787,635.8833284787785
D2,uswc_port_capacity_675pct,20260925,3,25321374.535706326,634.4664661161898
D2,uswc_port_capacity_675pct,20260925,4,25384771.826945696,633.8528333351919
D2,uswc_port_capacity_675pct,20260925,5,25390980.75359796,633.1636780661796
D2,uswc_port_capacity_675pct,20260925,6,25407443.600048035,631.7649751564928
D2,uswc_port_capacity_675pct,20260925,7,25438718.253545742,630.5519001735745
D2,uswc_port_capacity_675pct,20260925,8,25483938.8371229,629.514174386594
D2,uswc_port_capacity_675pct,20260925,9,25489687.218284536,629.3634984359455
D2,uswc_port_capacity_675pct,20260925,10,25496889.45612914,629.0885850158453
D2,uswc_port_capacity_675pct,20260925,11,25507157.399837606,628.39797105433
D2,uswc_port_capacity_675pct,20260925,12,25528519.13388466,627.5121667714222
D2,uswc_port_capacity_675pct,20260925,13,25541486.295585588,627.4748925753389
D2,uswc_port_capacity_675pct,20260925,14,25593426.947300117,627.303254412784
D2,uswc_port_capacity_675pct,20260925,15,25603554.741699114,626.8763606488973
D2,uswc_port_capacity_675pct,20260925,16,25609449.313031036,626.5043039543282
D2,uswc_port_capacity_675pct,20260925,17,25640349.81545593,626.4778941575083
D2,uswc_port_capacity_675pct,20260925,18,25645076.97875894,626.3580283039029
D2,uswc_port_capacity_675pct,20260925,19,25681536.048383422,626.3108665780093
D2,uswc_port_capacity_675pct,20260925,20,25682795.924667645,626.1705258495069
D2,uswc_port_capacity_675pct,20260925,21,25700532.397316635,625.8814067827489
D2,uswc_port_capacity_675pct,20260925,22,25760456.92116352,625.6600202606512
D2,uswc_port_capacity_675pct,20260925,23,25786465.900045026,625.5601487816459
D2,uswc_port_capacity_675pct,20260925,24,25818939.181302823,625.3510939563222
D2,uswc_port_capacity_675pct,20260925,25,25851454.667498782,624.9844454745582
D2,uswc_port_capacity_675pct,20260925,26,25872863.581884075,624.4410580165253
D2,uswc_port_capacity_675pct,20260925,27,25966902.47939704,622.7609389491638
D2,uswc_port_capacity_675pct,20260926,1,25308508.040359497,637.1572137255835
D2,uswc_port_capacity_675pct,20260926,2,25342499.467893843,636.5515043840647
D2,uswc_port_capacity_675pct,20260926,3,25368417.01652242,635.747734431788
D2,uswc_port_capacity_675pct,20260926,4,25397081.369205963,634.990251090194
D2,uswc_port_capacity_675pct,20260926,5,25413281.632980995,634.4506714746253
D2,uswc_port_capacity_675pct,20260926,6,25413895.61858749,634.4123380242345
D2,uswc_port_capacity_675pct,20260926,7,25419322.805530764,633.8366273754566
D2,uswc_port_capacity_675pct,20260926,8,25435999.783494547,633.1586714420941
D2,uswc_port_capacity_675pct,20260926,9,25466132.035781085,632.998988096163
D2,uswc_port_capacity_675pct,20260926,10,25471616.5174866,632.1820941614956
D2,uswc_port_capacity_675pct,20260926,11,25507928.582044754,631.4296556864957
D2,uswc_port_capacity_675pct,20260926,12,25541655.087520566,631.2851560323768
D2,uswc_port_capacity_675pct,20260926,13,25560316.429504592,629.5894598290425
D2,uswc_port_capacity_675pct,20260926,14,25584799.151110984,628.66430013717
D2,uswc_port_capacity_675pct,20260926,15,25622283.315821663,628.5715695959944
D2,uswc_port_capacity_675pct,20260926,16,25648468.310976975,628.3617048101366
D2,uswc_port_capacity_675pct,20260926,17,25670162.646385662,626.9765382279209
D2,uswc_port_capacity_675pct,20260926,18,25676025.70179837,626.3784810525215
D2,uswc_port_capacity_675pct,20260926,19,25737430.332497623,626.2928032400009
D2,uswc_port_capacity_675pct,20260926,20,25752519.19962381,626.0706581687132
D2,uswc_port_capacity_675pct,20260926,21,25774457.12626791,625.6705440279634
D2,uswc_port_capacity_675pct,20260926,22,25828596.37741438,625.3522404885343
D2,uswc_port_capacity_675pct,20260926,23,25953458.424886025,624.1389969419574
D2,uswc_port_capacity_675pct,20260927,1,25225352.439431343,638.4995549642111
D2,uswc_port_capacity_675pct,20260927,2,25271102.2076344,638.0902592929197
D2,uswc_port_capacity_675pct,20260927,3,25309912.312487748,636.6834092585378
D2,uswc_port_capacity_675pct,20260927,4,25313680.888808645,635.122063343775
D2,uswc_port_capacity_675pct,20260927,5,25330223.697650947,633.8993908588275
D2,uswc_port_capacity_675pct,20260927,6,25364906.74211177,633.0910294065745
D2,uswc_port_capacity_675pct,20260927,7,25392817.250692844,632.3978118886318
D2,uswc_port_capacity_675pct,20260927,8,25405932.60786596,631.720195037067
D2,uswc_port_capacity_675pct,20260927,9,25413956.79540092,631.3702166864018
D2,uswc_port_capacity_675pct,20260927,10,25425449.13618035,631.3500475380912
D2,uswc_port_capacity_675pct,20260927,11,25441953.184112877,631.2795319199704
D2,uswc_port_capacity_675pct,20260927,12,25463497.463037398,630.722471485083
D2,uswc_port_capacity_675pct,20260927,13,25464705.145098392,629.6021989341511
D2,uswc_port_capacity_675pct,20260927,14,25468409.34991207,629.5850062307969
D2,uswc_port_capacity_675pct,20260927,15,25474463.61052315,629.2115261530588
D2,uswc_port_capacity_675pct,20260927,16,25476652.697449785,627.9972115401657
D2,uswc_port_capacity_675pct,20260927,17,25504973.051098105,627.3129081369343
D2,uswc_port_capacity_675pct,20260927,18,25521456.16251317,627.1340903993444
D2,uswc_port_capacity_675pct,20260927,19,25563731.86008734,626.5505785962793
D2,uswc_port_capacity_675pct,20260927,20,25572325.11379215,626.1759065777678
D2,uswc_port_capacity_675pct,20260927,21,25633240.13028586,625.8728570412168
D2,uswc_port_capacity_675pct,20260927,22,25641129.615390554,625.7287477870075
D2,uswc_port_capacity_675pct,20260927,23,25698173.862826575,625.0194754659385
D2,uswc_port_capacity_675pct,20260927,24,25711448.138975546,624.8461946462544
D2,uswc_port_capacity_675pct,20260927,25,25766785.60077847,624.8397149080683
D2,uswc_port_capacity_675pct,20260927,26,25771858.95246985,624.7453978895933
D2,uswc_port_capacity_675pct,20260927,27,25774048.50390752,624.1789881400804
D2,uswc_port_capacity_675pct,20260927,28,25781063.550377022,624.1759373873244
D2,uswc_port_capacity_675pct,20260927,29,25854312.60306797,624.0222825822516
D2,uswc_port_capacity_675pct,20260927,30,25855960.056740377,624.0011106605859
D2,uswc_port_capacity_675pct,20260927,31,25861055.780788317,623.7239508125659
D2,uswc_port_capacity_675pct,20260927,32,26304604.98998946,623.7053541732198
D2,uswc_port_capacity_675pct,20260928,1,25530023.58579281,639.1990292804894
D2,uswc_port_capacity_675pct,20260928,2,25557387.629237417,634.9971044109534
D2,uswc_port_capacity_675pct,20260928,3,25564048.930981338,631.0262858592688
D2,uswc_port_capacity_675pct,20260928,4,25617442.453955024,630.3525689535464
D2,uswc_port_capacity_675pct,20260928,5,25663022.99043228,628.768215095218
D2,uswc_port_capacity_675pct,20260928,6,25684418.336801395,628.1288487873812
D2,uswc_port_capacity_675pct,20260928,7,25747801.496632285,627.6121137730656
D2,uswc_port_capacity_675pct,20260928,8,25777797.301333524,627.1236777835672
D2,uswc_port_capacity_675pct,20260928,9,25840360.78199376,627.073330600523
D2,uswc_port_capacity_675pct,20260928,10,25886150.84235798,626.8250750450031
D2,uswc_port_capacity_675pct,20260928,11,25900079.083125144,625.7317583651981
D2,uswc_port_capacity_675pct,20260928,12,25907944.14271257,625.2429539244449
D2,uswc_port_capacity_675pct,20260928,13,25982456.06275489,624.908017632133
D2,uswc_port_capacity_675pct,20260928,14,26079616.174939614,624.8096200767259
D2,uswc_port_capacity_675pct,20260928,15,26094460.62077364,624.6955735520384
D2,uswc_port_capacity_675pct,20260928,16,26241862.587016284,624.0188912928221
D2,uswc_port_capacity_675pct,20260928,17,26271147.66473532,623.0061985975491
D2,uswc_port_capacity_675pct,20260928,18,26550973.718274135,621.8878045388076
D2,uswc_port_capacity_675pct,20260929,1,25042488.426821988,644.2228576954567
D2,uswc_port_capacity_675pct,20260929,2,25050600.72273132,642.432217909916
D2,uswc_port_capacity_675pct,20260929,3,25095579.711493533,642.2834995966234
D2,uswc_port_capacity_675pct,20260929,4,25134676.909554552,641.4293058847891
D2,uswc_port_capacity_675pct,20260929,5,25163201.040813763,640.1915694937994
D2,uswc_port_capacity_675pct,20260929,6,25163871.507212628,639.0365658154413
D2,uswc_port_capacity_675pct,20260929,7,25179908.492219657,638.1187937626412
D2,uswc_port_capacity_675pct,20260929,8,25192996.89555344,637.1054161365837
D2,uswc_port_capacity_675pct,20260929,9,25239088.301337365,636.6248281484455
D2,uswc_port_capacity_675pct,20260929,10,25244183.27986066,635.7839445628
D2,uswc_port_capacity_675pct,20260929,11,25256403.94293954,634.7619517054499
D2,uswc_port_capacity_675pct,20260929,12,25280231.246462002,634.7566601205932
D2,uswc_port_capacity_675pct,20260929,13,25294011.349965982,632.9078015962345
D2,uswc_port_capacity_675pct,20260929,14,25326115.61595032,632.6613508834461
D2,uswc_port_capacity_675pct,20260929,15,25335423.040326536,631.1379833850208
D2,uswc_port_capacity_675pct,20260929,16,25395382.305611234,629.9254527642615
D2,uswc_port_capacity_675pct,20260929,17,25451175.515984233,629.5217157480504
D2,uswc_port_capacity_675pct,20260929,18,25460944.755319707,628.9887876080716
D2,uswc_port_capacity_675pct,20260929,19,25465315.79322897,627.767301916979
D2,uswc_port_capacity_675pct,20260929,20,25636106.250128467,627.5847811424139
D2,uswc_port_capacity_675pct,20260929,21,25636413.543973446,627.579291188083
D2,uswc_port_capacity_675pct,20260929,22,25642957.539612662,626.8519069542903
D2,uswc_port_capacity_675pct,20260929,23,25813051.585674185,626.3759744350394
D2,uswc_port_capacity_675pct,20260929,24,25820225.045476343,626.0001895462509
D2,uswc_port_capacity_675pct,20260930,1,25326393.705575418,632.4090447716176
D2,uswc_port_capacity_675pct,20260930,2,25339573.812274948,631.1965640917751
D2,uswc_port_capacity_675pct,20260930,3,25378289.48939555,630.1176505268203
D2,uswc_port_capacity_675pct,20260930,4,25384612.879748024,629.9822521117117
D2,uswc_port_capacity_675pct,20260930,5,25396758.430523884,629.646977317293
D2,uswc_port_capacity_675pct,20260930,6,25398028.032667506,629.4674647111849
D2,uswc_port_capacity_675pct,20260930,7,25405200.806292217,629.1933587438467
D2,uswc_port_capacity_675pct,20260930,8,25406509.383221738,628.9784128003799
D2,uswc_port_capacity_675pct,20260930,9,25428816.600538798,628.3939525854098
D2,uswc_port_capacity_675pct,20260930,10,25437773.40087795,627.506123542699
D2,uswc_port_capacity_675pct,20260930,11,25442269.320486233,627.4032681812744
D2,uswc_port_capacity_675pct,20260930,12,25456976.243391186,627.1866294325382
D2,uswc_port_capacity_675pct,20260930,13,25475854.00185216,627.1663873042428
D2,uswc_port_capacity_675pct,20260930,14,25485562.026992615,627.1396895966061
D2,uswc_port_capacity_675pct,20260930,15,25489950.581623215,626.808029478165
D2,uswc_port_capacity_675pct,20260930,16,25500733.075086486,626.7734561668908
D2,uswc_port_capacity_675pct,20260930,17,25503017.525999203,626.6168741487818
D2,uswc_port_capacity_675pct,20260930,18,25513690.992792808,626.3092144073737
D2,uswc_port_capacity_675pct,20260930,19,25552599.068339758,626.2927551283265
D2,uswc_port_capacity_675pct,20260930,20,25554463.36855812,626.1680681378378
D2,uswc_port_capacity_675pct,20260930,21,25558368.998918924,626.1366203463534
D2,uswc_port_capacity_675pct,20260930,22,25563527.395231742,626.0067346342802
D2,uswc_port_capacity_675pct,20260930,23,25583733.93924345,625.9164811390906
D2,uswc_port_capacity_675pct,20260930,24,25602944.049657896,625.8683276262642
D2,uswc_port_capacity_675pct,20260930,25,25604038.33318333,625.8607291276927
D2,uswc_port_capacity_675pct,20260930,26,25612313.2241196,625.6550652072527
D2,uswc_port_capacity_675pct,20260930,27,25626058.77803883,625.1329034575908
D2,uswc_port_capacity_675pct,20260930,28,25680955.590892233,625.1295783453284
D2,uswc_port_capacity_675pct,20260930,29,25693485.631619003,624.9395229401639
D2,uswc_port_capacity_675pct,20260930,30,25712710.78992382,624.8679238737535
D2,uswc_port_capacity_675pct,20260930,31,25730179.307650708,624.8573654778805
D2,uswc_port_capacity_675pct,20260930,32,25738191.630994588,624.4903916281883
D2,uswc_port_capacity_675pct,20260930,33,25773475.845415615,624.4241269518874
D2,uswc_port_capacity_675pct,20260930,34,25785978.90110232,624.2830122756285
D2,uswc_port_capacity_675pct,20260930,35,25794809.391395688,624.1807033802824
D2,uswc_port_capacity_675pct,20260930,36,25801793.171368405,623.9812234257131
D2,uswc_port_capacity_675pct,20260930,37,25857524.909163512,623.7722806841994
D2,uswc_port_capacity_675pct,20260930,38,25874265.283047937,623.6294117573005
D2,uswc_port_capacity_675pct,20260930,39,25877542.46579218,623.2254143333208
D2,uswc_port_capacity_675pct,20260930,40,25922303.868372995,622.9345469149899
D2,uswc_port_capacity_675pct,20260931,1,25706922.905339465,629.0917691181077
D2,uswc_port_capacity_675pct,20260931,2,25766331.873579826,627.9887397743017
D2,uswc_port_capacity_675pct,20260931,3,25813897.824453082,626.8766791467109
D2,uswc_port_capacity_675pct,20260931,4,25834125.312137917,626.0681937850015
D2,uswc_port_capacity_675pct,20260931,5,25834863.90422626,625.6594209230096
D2,uswc_port_capacity_675pct,20260931,6,25905218.841833428,625.4407817416948
D2,uswc_port_capacity_675pct,20260931,7,25916973.696513776,624.3311990598031
D2,uswc_port_capacity_675pct,20260931,8,25935190.099954057,624.1905336134495
D2,uswc_port_capacity_675pct,20260931,9,25935943.584894206,623.9982081652058
D2,uswc_port_capacity_675pct,20260931,10,25943886.079438943,623.5337490208212
D2,uswc_port_capacity_675pct,20260931,11,26010325.270648677,622.7417092021645
D2,uswc_port_capacity_675pct,20260931,12,26050326.85125899,622.1278372290772
D2,uswc_port_capacity_675pct,20260931,13,26100614.71239709,621.9312249615165
D2,uswc_port_capacity_675pct,20260931,14,26124882.73003484,621.5235720903274
D2,uswc_port_capacity_675pct,20260931,15,26133722.997110084,621.4481756804222
D2,uswc_port_capacity_675pct,20260931,16,26135492.74094882,620.8563383413476
D2,uswc_port_capacity_675pct,20260931,17,26191663.9768246,620.8541197399616
D2,uswc_port_capacity_675pct,20260931,18,26239566.539715882,620.2359104993371
D2,uswc_port_capacity_675pct,20260931,19,26272746.236138176,620.1959790617249
D2,uswc_port_capacity_675pct,20260931,20,26288318.612951543,619.7944405265404
D2,uswc_port_capacity_675pct,20260931,21,26349718.92809394,619.6942585266572
D2,uswc_port_capacity_675pct,20260931,22,26362409.232304145,619.5824536392413
D2,uswc_port_capacity_675pct,20260931,23,26393802.339135356,619.5369293732067
D2,uswc_port_capacity_675pct,20260931,24,26423996.282193843,618.8884688286737
D2,uswc_port_capacity_675pct,20260931,25,26463096.183460183,618.8403065486697
D2,uswc_port_capacity_675pct,20260931,26,26477576.966641244,618.6471746721271
D2,uswc_port_capacity_675pct,20260931,27,26479867.930811543,618.5816379435247
D2,uswc_port_capacity_675pct,20260931,28,26531511.875958253,617.8998298600291
D2,uswc_port_capacity_675pct,20260931,29,26616851.18886454,617.3147459954041
D2,uswc_port_capacity_675pct,20260931,30,26714301.151966818,617.1703692967137
D2,uswc_port_capacity_675pct,20260931,31,26736198.819720063,616.7249827856332
D2,uswc_port_capacity_675pct,20260931,32,26755742.281903565,616.5251296570506
D2,uswc_port_capacity_675pct,20260931,33,26819497.792406887,615.8909096415874
D2,uswc_port_capacity_675pct,20260932,1,25529259.736325473,633.5056998338137
D2,uswc_port_capacity_675pct,20260932,2,25541458.441170745,632.1320906839564
D2,uswc_port_capacity_675pct,20260932,3,25577256.707879912,630.8506575501438
D2,uswc_port_capacity_675pct,20260932,4,25606939.375280235,628.4102815646662
D2,uswc_port_capacity_675pct,20260932,5,25627771.06710666,628.3521575623411
D2,uswc_port_capacity_675pct,20260932,6,25630478.168814607,627.933411146125
D2,uswc_port_capacity_675pct,20260932,7,25654849.632869598,627.6172950955262
D2,uswc_port_capacity_675pct,20260932,8,25655187.67947893,627.4820265883416
D2,uswc_port_capacity_675pct,20260932,9,25669511.590609275,627.2661474014344
D2,uswc_port_capacity_675pct,20260932,10,25700853.00658833,626.6185902997807
D2,uswc_port_capacity_675pct,20260932,11,25744839.719001554,626.3558773632676
D2,uswc_port_capacity_675pct,20260932,12,25750854.707294263,626.3415715007554
D2,uswc_port_capacity_675pct,20260932,13,25758322.6214157,626.1007964179166
D2,uswc_port_capacity_675pct,20260932,14,25784445.038657334,625.8337273393005
D2,uswc_port_capacity_675pct,20260932,15,25801623.241310496,625.6111716725899
D2,uswc_port_capacity_675pct,20260932,16,25805660.160924986,625.1064756978111
D2,uswc_port_capacity_675pct,20260932,17,25892674.371112585,624.8523049897292
D2,uswc_port_capacity_675pct,20260932,18,25913557.98064843,624.5152300793399
D2,uswc_port_capacity_675pct,20260932,19,25923710.962679002,623.9828515714265
D2,uswc_port_capacity_675pct,20260932,20,26001647.224094525,623.7553247659174
D2,uswc_port_capacity_675pct,20260932,21,26035894.227998868,623.191506793134
D2,uswc_port_capacity_675pct,20260932,22,26093983.906567425,622.8065450932932
D2,uswc_port_capacity_675pct,20260932,23,26098752.41680071,622.7415151144726
D2,uswc_port_capacity_675pct,20260932,24,26135656.138479248,622.524731381598
D2,uswc_port_capacity_675pct,20260932,25,26151327.69474248,622.5040836083909
D2,uswc_port_capacity_675pct,20260932,26,26151522.08481978,622.4952183810175
D2,uswc_port_capacity_675pct,20260932,27,26180681.645883165,622.1448004776556
D2,uswc_port_capacity_675pct,20260932,28,26219848.95229995,622.0836124911124
D2,uswc_port_capacity_675pct,20260932,29,26229391.17093594,622.0232822336973
D2,uswc_port_capacity_675pct,20260932,30,26242351.680049997,622.0154622971847
D2,uswc_port_capacity_675pct,20260932,31,26245250.756537315,621.7006000858056
D2,uswc_port_capacity_675pct,20260932,32,26317142.305849925,621.2105136132116
D2,uswc_port_capacity_675pct,20260932,33,26341270.439413246,620.9325748021283
D2,uswc_port_capacity_675pct,20260932,34,26420933.78055052,620.6564165859852
D2,uswc_port_capacity_675pct,20260932,35,26429530.79237299,620.6197721125975
D2,uswc_port_capacity_675pct,20260932,36,26439644.667320944,620.5415936507908
D2,uswc_port_capacity_675pct,20260933,1,25046033.537727177,648.6761199140612
D2,uswc_port_capacity_675pct,20260933,2,25059167.42570033,647.3780077921747
D2,uswc_port_capacity_675pct,20260933,3,25084976.01703841,644.3468255360785
D2,uswc_port_capacity_675pct,20260933,4,25110589.599811394,641.8249839617772
D2,uswc_port_capacity_675pct,20260933,5,25237998.583786942,640.2442560004009
D2,uswc_port_capacity_675pct,20260933,6,25240160.22646182,637.3692171578789
D2,uswc_port_capacity_675pct,20260933,7,25281200.02558979,637.0281639156874
D2,uswc_port_capacity_675pct,20260933,8,25306113.214489304,637.0193233266285
D2,uswc_port_capacity_675pct,20260933,9,25320575.16045584,634.2436446970902
D2,uswc_port_capacity_675pct,20260933,10,25342639.13080579,632.6561248963391
D2,uswc_port_capacity_675pct,20260933,11,25401535.612198528,629.6886218132869
D2,uswc_port_capacity_675pct,20260933,12,25468972.279390093,628.945650024645
D2,uswc_port_capacity_675pct,20260933,13,25479513.67375217,628.7058163099206
D2,uswc_port_capacity_675pct,20260933,14,25488557.284893855,627.8064206654008
D2,uswc_port_capacity_675pct,20260933,15,25496698.900367826,627.406446849164
D2,uswc_port_capacity_675pct,20260933,16,25511366.008603357,626.7362676149552
D2,uswc_port_capacity_675pct,20260933,17,25590147.52057158,626.295741819916
D2,uswc_port_capacity_675pct,20260933,18,25667822.39629296,626.1109335246566
D2,uswc_port_capacity_675pct,20260933,19,25774199.363781076,626.0508593322484
D2,uswc_port_capacity_675pct,20260933,20,25783831.872973565,625.8335943148342
D2,uswc_port_capacity_675pct,20260933,21,25812418.137962442,625.7200738602832
D2,uswc_port_capacity_675pct,20260933,22,25834928.630426303,625.5587596188205
D2,uswc_port_capacity_675pct,20260933,23,25839913.92719967,625.2881634846066
D2,uswc_port_capacity_675pct,20260933,24,25859572.428062867,625.2152734506933
D2,uswc_port_capacity_675pct,20260933,25,25863941.456666347,625.1769881048529
D2,uswc_port_capacity_675pct,20260933,26,25914667.349029653,624.3072625603769
D2,uswc_port_capacity_675pct,20260934,1,25536976.081740018,637.4350341276062
D2,uswc_port_capacity_675pct,20260934,2,25542553.73013117,637.1582172743723
D2,uswc_port_capacity_675pct,20260934,3,25562525.92837405,633.7898991652374
D2,uswc_port_capacity_675pct,20260934,4,25599665.504130222,631.925373591386
D2,uswc_port_capacity_675pct,20260934,5,25644446.434294257,630.9694409759916
D2,uswc_port_capacity_675pct,20260934,6,25655923.63603424,630.4457109047664
D2,uswc_port_capacity_675pct,20260934,7,25660965.494203046,630.3058441895759
D2,uswc_port_capacity_675pct,20260934,8,25700107.52303878,629.5390322817075
D2,uswc_port_capacity_675pct,20260934,9,25730087.08890629,629.3999864943155
D2,uswc_port_capacity_675pct,20260934,10,25730646.93680508,628.4970413461718
D2,uswc_port_capacity_675pct,20260934,11,25753387.3182167,628.2416341004881
D2,uswc_port_capacity_675pct,20260934,12,25757453.732431885,628.1923937874825
D2,uswc_port_capacity_675pct,20260934,13,25772416.97989788,627.9765831890666
D2,uswc_port_capacity_675pct,20260934,14,25783478.255861454,627.1347192612213
D2,uswc_port_capacity_675pct,20260934,15,25839593.40126242,626.9889351601362
D2,uswc_port_capacity_675pct,20260934,16,25887828.50042661,626.0645590639182
D2,uswc_port_capacity_675pct,20260934,17,25935080.193285342,625.8041079846565
D2,uswc_port_capacity_675pct,20260934,18,25983102.659808353,625.6804083280466
D2,uswc_port_capacity_675pct,20260934,19,26027928.724087074,624.8222138635575
D2,uswc_port_capacity_675pct,20260934,20,26058113.66227876,624.5520001986067
D2,uswc_port_capacity_675pct,20260934,21,26237422.0150267,624.3775393332835
D2,uswc_port_capacity_675pct,20260935,1,25147443.083006445,638.954472984277
D2,uswc_port_capacity_675pct,20260935,2,25175458.46936603,638.9022394436703
D2,uswc_port_capacity_675pct,20260935,3,25204780.642482918,635.3951792811853
D2,uswc_port_capacity_675pct,20260935,4,25254602.764740624,634.2012627418892
D2,uswc_port_capacity_675pct,20260935,5,25289212.64560864,633.9499342211766
D2,uswc_port_capacity_675pct,20260935,6,25292550.26797677,633.715325983953
D2,uswc_port_capacity_675pct,20260935,7,25308132.21910202,633.4986250655724
D2,uswc_port_capacity_675pct,20260935,8,25327839.24485767,632.9114980880879
D2,uswc_port_capacity_675pct,20260935,9,25348412.56657771,632.90034096392
D2,uswc_port_capacity_675pct,20260935,10,25368897.71678754,632.2376713237741
D2,uswc_port_capacity_675pct,20260935,11,25370527.46639824,632.0399689930852
D2,uswc_port_capacity_675pct,20260935,12,25371882.234277867,631.7299163539548
D2,uswc_port_capacity_675pct,20260935,13,25416818.840990275,631.1250783985054
D2,uswc_port_capacity_675pct,20260935,14,25506233.024725806,630.2903718042927
D2,uswc_port_capacity_675pct,20260935,15,25631385.607847143,629.9480121705758
D2,uswc_port_capacity_675pct,20260935,16,25748116.781646177,628.8273123882916
D3,pilot_baseline,20260906,1,27071530.936532266,651.9582680950264
D3,pilot_baseline,20260906,2,27093981.044853743,651.1340323382851
D3,pilot_baseline,20260906,3,27117267.76629467,650.44664920056
D3,pilot_baseline,20260906,4,27165973.137247138,649.9704148121726
D3,pilot_baseline,20260906,5,27168516.627231143,649.9370902497342
D3,pilot_baseline,20260906,6,27186990.088964142,649.7853854214037
D3,pilot_baseline,20260906,7,27198775.495193902,648.4433038181827
D3,pilot_baseline,20260906,8,27215540.160279196,648.339698599022
D3,pilot_baseline,20260906,9,27219667.507375665,648.2841398334222
D3,pilot_baseline,20260906,10,27242292.807796773,647.4784044648234
D3,pilot_baseline,20260906,11,27286565.66273737,646.7463007289451
D3,pilot_baseline,20260906,12,27307106.078629427,646.4755932381767
D3,pilot_baseline,20260906,13,27340661.500697274,645.3697321364876
D3,pilot_baseline,20260906,14,27369393.887405243,644.6873340472341
D3,pilot_baseline,20260906,15,27370071.347902913,644.6268027956335
D3,pilot_baseline,20260906,16,27411233.70747918,644.3049495183037
D3,pilot_baseline,20260906,17,27422984.936312344,642.9977954110734
D3,pilot_baseline,20260906,18,27469673.88741685,642.7756884644353
D3,pilot_baseline,20260906,19,27506240.66750005,642.2301167042061
D3,pilot_baseline,20260906,20,27542565.771716293,641.8591716215129
D3,pilot_baseline,20260906,21,27551293.632281546,641.2563545674195
D3,pilot_baseline,20260906,22,27556714.074647013,641.087886079256
D3,pilot_baseline,20260906,23,27564773.835727964,641.0400046277061
D3,pilot_baseline,20260906,24,27571213.169481542,640.9979287963631
D3,pilot_baseline,20260906,25,27580076.42825683,640.7319821609921
D3,pilot_baseline,20260906,26,27586487.625254955,640.5684606349278
D3,pilot_baseline,20260906,27,27593387.064369347,639.7576673216292
D3,pilot_baseline,20260906,28,27631761.044654634,639.3812672338424
D3,pilot_baseline,20260906,29,27694489.318409592,639.1784623139417
D3,pilot_baseline,20260906,30,27708775.26674992,639.0628344322129
D3,pilot_baseline,20260906,31,27721321.97413535,638.7513893935031
D3,pilot_baseline,20260906,32,27730644.371315908,637.8807327015755
D3,pilot_baseline,20260906,33,27829191.365889892,637.8204548343052
D3,pilot_baseline,20260906,34,27836974.77581651,637.4637177220715
D3,pilot_baseline,20260906,35,27840504.67287741,637.2152448238722
D3,pilot_baseline,20260906,36,27872821.24218889,637.0497013060227
D3,pilot_baseline,20260906,37,27924358.191131786,636.4191002117395
D3,pilot_baseline,20260906,38,27940115.710658874,636.0991093365595
D3,pilot_baseline,20260906,39,28019874.22031365,635.6240560509667
D3,pilot_baseline,20260906,40,28090938.913247567,634.0004427842618
D3,pilot_baseline,20260907,1,27047603.17876105,655.6740772508707
D3,pilot_baseline,20260907,2,27096626.85247933,653.2406271212037
D3,pilot_baseline,20260907,3,27271658.975117974,648.9339729913677
D3,pilot_baseline,20260907,4,27286227.715163868,648.4460492914412
D3,pilot_baseline,20260907,5,27331989.174458817,645.5168054062009
D3,pilot_baseline,20260907,6,27366207.248205464,645.415571036125
D3,pilot_baseline,20260907,7,27371387.73085083,643.7984353871527
D3,pilot_baseline,20260907,8,27419345.359670006,643.7128445605351
D3,pilot_baseline,20260907,9,27467724.50659239,643.2724396878067
D3,pilot_baseline,20260907,10,27493811.226942316,642.5737444411419
D3,pilot_baseline,20260907,11,27499751.77780121,642.1858301862418
D3,pilot_baseline,20260907,12,27513429.654091068,641.9022443649831
D3,pilot_baseline,20260907,13,27544574.92166814,641.2092266463222
D3,pilot_baseline,20260907,14,27580334.82143745,640.0393820199846
D3,pilot_baseline,20260907,15,27614565.809137754,640.0162443646477
D3,pilot_baseline,20260907,16,27617629.192241255,639.8405796266433
D3,pilot_baseline,20260907,17,27652452.84490022,638.741982305283
D3,pilot_baseline,20260907,18,27664878.684072804,638.4825970687725
D3,pilot_baseline,20260907,19,27679532.26776552,638.0040425240385
D3,pilot_baseline,20260907,20,27707934.182482336,637.5256341512203
D3,pilot_baseline,20260907,21,27808182.186267212,636.2218268116847
D3,pilot_baseline,20260907,22,27864751.64168166,636.1653774988359
D3,pilot_baseline,20260907,23,27883052.747887503,635.4283766083394
D3,pilot_baseline,20260907,24,28049919.476391073,634.5935275955524
D3,pilot_baseline,20260907,25,28093460.402476612,633.6657565082581
D3,pilot_baseline,20260907,26,28197050.827776488,633.2434167716226
D3,pilot_baseline,20260907,27,28424597.684337158,631.9443474162598
D3,pilot_baseline,20260908,1,27095631.001549467,653.1533881350501
D3,pilot_baseline,20260908,2,27200021.630612053,651.390886243877
D3,pilot_baseline,20260908,3,27200194.78552358,651.3871835711881
D3,pilot_baseline,20260908,4,27204375.22793535,651.3419486415335
D3,pilot_baseline,20260908,5,27214337.954721183,650.2000275235939
D3,pilot_baseline,20260908,6,27238518.683121476,649.7725026357311
D3,pilot_baseline,20260908,7,27256188.68266386,649.7128476726831
D3,pilot_baseline,20260908,8,27268961.498726487,648.9123462714078
D3,pilot_baseline,20260908,9,27293431.380091503,648.4874006467334
D3,pilot_baseline,20260908,10,27313326.51430504,648.0491700724081
D3,pilot_baseline,20260908,11,27334982.727940682,647.9809982838486
D3,pilot_baseline,20260908,12,27338042.949215535,647.8230418162337
D3,pilot_baseline,20260908,13,27372603.16493856,647.1789244454382
D3,pilot_baseline,20260908,14,27379290.163000103,646.4310437277978
D3,pilot_baseline,20260908,15,27398242.869458936,646.1356511760746
D3,pilot_baseline,20260908,16,27417383.14906248,645.8389149415277
D3,pilot_baseline,20260908,17,27427098.54497916,645.4207881623465
D3,pilot_baseline,20260908,18,27441299.541054554,645.2925247316472
D3,pilot_baseline,20260908,19,27442506.17660734,644.2421758554452
D3,pilot_baseline,20260908,20,27486470.146216523,644.1865252413514
D3,pilot_baseline,20260908,21,27502203.097749073,644.0741542428871
D3,pilot_baseline,20260908,22,27505715.31247674,644.0615101496498
D3,pilot_baseline,20260908,23,27506347.933694266,643.9415466666102
D3,pilot_baseline,20260908,24,27530932.844152585,643.6141164722789
D3,pilot_baseline,20260908,25,27533512.70650961,643.5919601613359
D3,pilot_baseline,20260908,26,27563762.092631813,643.1522097674806
D3,pilot_baseline,20260908,27,27579962.261022408,642.946955044593
D3,pilot_baseline,20260908,28,27595604.702565916,641.8761458567815
D3,pilot_baseline,20260908,29,27602929.497794207,641.817403048514
D3,pilot_baseline,20260908,30,27610065.56084486,641.1887826916204
D3,pilot_baseline,20260908,31,27713292.78655722,641.0452971828141
D3,pilot_baseline,20260908,32,27720984.563716084,641.0045947735239
D3,pilot_baseline,20260908,33,27752257.59250884,639.8092099940088
D3,pilot_baseline,20260908,34,27756154.388541933,639.7831910142128
D3,pilot_baseline,20260908,35,27758367.548097327,639.6859565614201
D3,pilot_baseline,20260908,36,27780111.36819703,639.6188352918233
D3,pilot_baseline,20260908,37,27800258.597379666,639.4943322997201
D3,pilot_baseline,20260908,38,27800561.729746904,638.8237234385956
D3,pilot_baseline,20260908,39,27861029.02732504,638.1825189807981
D3,pilot_baseline,20260908,40,27917468.829859085,637.8741864869546
D3,pilot_baseline,20260908,41,27984509.536775567,637.6278536829163
D3,pilot_baseline,20260908,42,28001702.87841992,637.5351500430855
D3,pilot_baseline,20260909,1,26984195.84286157,660.1044048830798
D3,pilot_baseline,20260909,2,26995720.71270516,658.0905124874954
D3,pilot_baseline,20260909,3,27023595.06309758,658.021136068982
D3,pilot_baseline,20260909,4,27043197.613789808,657.5280001848269
D3,pilot_baseline,20260909,5,27062510.535236392,655.8265761911456
D3,pilot_baseline,20260909,6,27064468.292375468,655.3636238700352
D3,pilot_baseline,20260909,7,27069453.411274914,654.8608626072709
D3,pilot_baseline,20260909,8,27149755.856618907,653.3181002446996
D3,pilot_baseline,20260909,9,27179729.897074755,653.2738647478818
D3,pilot_baseline,20260909,10,27182793.519254893,651.4313564935089
D3,pilot_baseline,20260909,11,27238848.588484425,651.182623985672
D3,pilot_baseline,20260909,12,27250720.51939958,650.601580349909
D3,pilot_baseline,20260909,13,27299220.186704185,649.907197092481
D3,pilot_baseline,20260909,14,27302272.688876748,649.5483981820577
D3,pilot_baseline,20260909,15,27307087.313040663,648.3860218446864
D3,pilot_baseline,20260909,16,27385684.62429219,647.2276221310093
D3,pilot_baseline,20260909,17,27473567.932458162,646.1242583622642
D3,pilot_baseline,20260909,18,27515437.061683595,644.9747560786295
D3,pilot_baseline,20260909,19,27660508.603501175,643.6727108248398
D3,pilot_baseline,20260909,20,27672426.724927913,643.5792495822841
D3,pilot_baseline,20260910,1,27186616.550436966,656.0554349609627
D3,pilot_baseline,20260910,2,27203571.03882069,654.5030064133898
D3,pilot_baseline,20260910,3,27273670.081818175,652.9172302720732
D3,pilot_baseline,20260910,4,27279974.77631585,651.9392024462509
D3,pilot_baseline,20260910,5,27283798.388489652,651.6474525162133
D3,pilot_baseline,20260910,6,27400471.592840955,650.3550091360227
D3,pilot_baseline,20260910,7,27414723.330472913,645.7403570580419
D3,pilot_baseline,20260910,8,27583289.363058887,644.5273295312771
D3,pilot_baseline,20260910,9,27613993.9497361,641.9100808541504
D3,pilot_baseline,20260910,10,27784015.55552718,641.8362163769477
D3,pilot_baseline,20260910,11,27784962.789184548,641.683944487275
D3,pilot_baseline,20260910,12,27786414.211883176,641.5650854864308
D3,pilot_baseline,20260910,13,27803164.324062724,641.4234807977475
D3,pilot_baseline,20260910,14,27815352.198099084,641.3956252298378
D3,pilot_baseline,20260910,15,27838205.698477782,641.223960159262
D3,pilot_baseline,20260910,16,27844123.823316365,637.6448388578254
D3,pilot_baseline,20260910,17,27961731.714361783,636.532061916497
D3,pilot_baseline,20260910,18,28134712.168189332,635.0571202004917
D3,pilot_baseline,20260911,1,27127061.029575955,651.5992541778742
D3,pilot_baseline,20260911,2,27138408.569873516,649.4610133455916
D3,pilot_baseline,20260911,3,27186560.62180533,649.4079421836718
D3,pilot_baseline,20260911,4,27199402.87580346,649.2511277051947
D3,pilot_baseline,20260911,5,27199779.496752456,648.308182985556
D3,pilot_baseline,20260911,6,27225526.297955755,647.9971192159398
D3,pilot_baseline,20260911,7,27236611.744154852,647.7784240934662
D3,pilot_baseline,20260911,8,27261272.961686727,647.3826544808779
D3,pilot_baseline,20260911,9,27267200.572457056,647.0716435941259
D3,pilot_baseline,20260911,10,27300187.5666004,646.0424312361663
D3,pilot_baseline,20260911,11,27314680.39663292,646.0407170434286
D3,pilot_baseline,20260911,12,27315069.016615536,645.8146519594055
D3,pilot_baseline,20260911,13,27336560.58332131,645.7519488767462
D3,pilot_baseline,20260911,14,27344772.88496115,645.6363669081903
D3,pilot_baseline,20260911,15,27346379.240101796,645.2503470309699
D3,pilot_baseline,20260911,16,27362682.834006537,645.1495240836055
D3,pilot_baseline,20260911,17,27362898.036205433,644.7615919165262
D3,pilot_baseline,20260911,18,27389120.22722668,644.5893507915782
D3,pilot_baseline,20260911,19,27412881.731911767,644.0192052966787
D3,pilot_baseline,20260911,20,27456022.261209335,642.6423615866252
D3,pilot_baseline,20260911,21,27459468.13804546,642.4883831218785
D3,pilot_baseline,20260911,22,27465805.86823922,641.9111333988986
D3,pilot_baseline,20260911,23,27529000.17796074,641.8424410458374
D3,pilot_baseline,20260911,24,27540127.99480094,641.5904440905089
D3,pilot_baseline,20260911,25,27547911.847124938,640.9260695150616
D3,pilot_baseline,20260911,26,27583667.650278717,640.5928105532258
D3,pilot_baseline,20260911,27,27642818.33045243,638.669349360385
D3,pilot_baseline,20260911,28,27693327.613307394,638.6258048177493
D3,pilot_baseline,20260911,29,27719974.868916098,638.3399976412487
D3,pilot_baseline,20260912,1,27269462.53575689,658.4805736762946
D3,pilot_baseline,20260912,2,27270606.18176769,658.4712685314391
D3,pilot_baseline,20260912,3,27302473.928069476,658.3580915268601
D3,pilot_baseline,20260912,4,27309339.692241367,657.7408054515244
D3,pilot_baseline,20260912,5,27313471.09831362,655.1328811823327
D3,pilot_baseline,20260912,6,27379843.04059834,654.8469876297901
D3,pilot_baseline,20260912,7,27380238.72262879,654.7779887350177
D3,pilot_baseline,20260912,8,27385869.13144185,654.2684911139123
D3,pilot_baseline,20260912,9,27408763.963288557,654.1097640189361
D3,pilot_baseline,20260912,10,27452633.056594916,653.3583040544871
D3,pilot_baseline,20260912,11,27453830.2420362,653.1553811362805
D3,pilot_baseline,20260912,12,27467737.44049741,651.0943702130369
D3,pilot_baseline,20260912,13,27514565.642667916,650.6053185733622
D3,pilot_baseline,20260912,14,27571614.358784497,649.9983948438786
D3,pilot_baseline,20260912,15,27590609.72320109,649.2601671915892
D3,pilot_baseline,20260912,16,27664617.436172683,647.6589281626091
D3,pilot_baseline,20260912,17,27706597.438648265,647.6116794892046
D3,pilot_baseline,20260912,18,27742735.961332306,647.502247848615
D3,pilot_baseline,20260912,19,27764315.312700268,645.7804754327324
D3,pilot_baseline,20260912,20,27887038.86034828,645.4253744157218
D3,pilot_baseline,20260912,21,27930046.6795557,645.0519617238845
D3,pilot_baseline,20260912,22,28001050.175389644,644.3060713876301
D3,pilot_baseline,20260912,23,28003213.399926275,642.943065028047
D3,pilot_baseline,20260912,24,28080882.181661416,642.7831543312383
D3,pilot_baseline,20260913,1,26961270.68955315,654.3929136811848
D3,pilot_baseline,20260913,2,26980896.792179458,653.4564923844613
D3,pilot_baseline,20260913,3,27133550.535152145,650.1238722988545
D3,pilot_baseline,20260913,4,27162891.846717466,650.0409386270226
D3,pilot_baseline,20260913,5,27211503.998278946,650.012005038545
D3,pilot_baseline,20260913,6,27221901.785487022,649.4194502034682
D3,pilot_baseline,20260913,7,27236840.035610907,649.0857883954415
D3,pilot_baseline,20260913,8,27241239.379414693,647.8008194866974
D3,pilot_baseline,20260913,9,27290651.819414154,646.8637441720977
D3,pilot_baseline,20260913,10,27313997.89006382,645.8388374657102
D3,pilot_baseline,20260913,11,27318020.347530328,645.2264960089656
D3,pilot_baseline,20260913,12,27323440.728353232,644.9035468932489
D3,pilot_baseline,20260913,13,27350005.54492951,644.7597818224812
D3,pilot_baseline,20260913,14,27359359.701263662,644.5160459752628
D3,pilot_baseline,20260913,15,27387901.160559554,644.0309645221148
D3,pilot_baseline,20260913,16,27403189.1888302,642.8582171455923
D3,pilot_baseline,20260913,17,27412462.477229394,642.5973724235597
D3,pilot_baseline,20260913,18,27481616.125721164,642.3756680919081
D3,pilot_baseline,20260913,19,27531901.21358579,641.4373997669987
D3,pilot_baseline,20260913,20,27532411.073536877,641.433328461597
D3,pilot_baseline,20260913,21,27560600.7211972,640.9826634783626
D3,pilot_baseline,20260913,22,27589209.97170627,640.1179296018751
D3,pilot_baseline,20260913,23,27633725.64862755,639.4823309928063
D3,pilot_baseline,20260913,24,27758912.616558187,639.1083327157544
D3,pilot_baseline,20260913,25,27764631.91260293,638.9678405378206
D3,pilot_baseline,20260913,26,27797049.896240376,638.5995763690416
D3,pilot_baseline,20260913,27,27883304.513179723,638.1356532160847
D3,pilot_baseline,20260914,1,27355175.80655106,646.7563809939695
D3,pilot_baseline,20260914,2,27547105.706746418,646.5143481024327
D3,pilot_baseline,20260914,3,27573236.055088613,643.4440724812545
D3,pilot_baseline,20260914,4,27592720.397968803,642.099268670705
D3,pilot_baseline,20260914,5,27600169.82415983,641.4750821635957
D3,pilot_baseline,20260914,6,27634658.853451166,640.2491713225949
D3,pilot_baseline,20260914,7,27637436.023077786,639.561218524016
D3,pilot_baseline,20260914,8,27638729.956879683,639.0769029108418
D3,pilot_baseline,20260914,9,27665438.082108732,638.8233800732128
D3,pilot_baseline,20260914,10,27822998.94294606,635.890330244215
D3,pilot_baseline,20260914,11,27857275.620715957,635.467158191678
D3,pilot_baseline,20260914,12,27883925.704107195,635.4426796094708
D3,pilot_baseline,20260914,13,27976000.56065584,634.5298904578734
D3,pilot_baseline,20260914,14,28053125.251994118,634.274808271801
D3,pilot_baseline,20260914,15,28075566.655929077,634.2323020952304
D3,pilot_baseline,20260914,16,28083926.037157696,634.1196354056527
D3,pilot_baseline,20260914,17,28119612.127269316,633.6513318637891
D3,pilot_baseline,20260914,18,28152550.286040235,633.5847475699842
D3,pilot_baseline,20260914,19,28201511.33506759,631.968666847137
D3,pilot_baseline,20260914,20,28243933.33004174,631.4468578148637
D3,pilot_baseline,20260914,21,28354497.902496092,630.5292444839508
D3,pilot_baseline,20260914,22,28499415.986356623,628.8163473677924
D3,pilot_baseline,20260914,23,28609050.379138157,628.0642444823245
D3,pilot_baseline,20260915,1,26794856.09352255,659.906490957924
D3,pilot_baseline,20260915,2,26807827.976350717,657.6468532364369
D3,pilot_baseline,20260915,3,26858770.16177491,657.3617489660149
D3,pilot_baseline,20260915,4,26883400.281026624,656.3988745374784
D3,pilot_baseline,20260915,5,26905982.99333758,654.6215532066897
D3,pilot_baseline,20260915,6,26927155.21570428,654.5511566538025
D3,pilot_baseline,20260915,7,26936184.53769166,654.3918565335714
D3,pilot_baseline,20260915,8,26936252.135851074,653.306893395622
D3,pilot_baseline,20260915,9,26966228.529125985,653.1573430150122
D3,pilot_baseline,20260915,10,26982298.402459923,652.7001330559625
D3,pilot_baseline,20260915,11,27022222.771544877,651.4468510048306
D3,pilot_baseline,20260915,12,27076111.247305214,651.0302648128343
D3,pilot_baseline,20260915,13,27084179.056183673,649.8774168474832
D3,pilot_baseline,20260915,14,27108835.647600897,649.7715188302409
D3,pilot_baseline,20260915,15,27140491.394836035,649.6406307793709
D3,pilot_baseline,20260915,16,27143195.68075004,648.7904250664527
D3,pilot_baseline,20260915,17,27194435.215280656,648.1730310359976
D3,pilot_baseline,20260915,18,27196451.718372267,648.0440870176672
D3,pilot_baseline,20260915,19,27204680.256343793,647.9777287387424
D3,pilot_baseline,20260915,20,27227392.628150966,647.5304072117755
D3,pilot_baseline,20260915,21,27235401.695308685,647.0775372350432
D3,pilot_baseline,20260915,22,27254735.16323911,646.9543039288423
D3,pilot_baseline,20260915,23,27286549.331424005,646.5692862294084
D3,pilot_baseline,20260915,24,27292613.143562317,646.1397532660355
D3,pilot_baseline,20260915,25,27318180.53590105,646.0429002249991
D3,pilot_baseline,20260915,26,27334084.301408693,645.6027952263701
D3,pilot_baseline,20260915,27,27353502.743637916,645.305084030739
D3,pilot_baseline,20260915,28,27362833.497128453,645.2880140448784
D3,pilot_baseline,20260915,29,27366177.844167877,645.1361885623058
D3,pilot_baseline,20260915,30,27389671.13535077,644.1138133698138
D3,pilot_baseline,20260915,31,27459507.891760383,643.3909492853533
D3,pilot_baseline,20260915,32,27497550.85356848,643.3894716351074
D3,pilot_baseline,20260915,33,27501498.903456423,643.2740722574359
D3,pilot_baseline,20260915,34,27511655.014541335,642.9940253596857
D3,pilot_baseline,20260915,35,27535518.631275095,642.3468784239246
D3,pilot_baseline,20260915,36,27573195.456171814,641.4071834773587
D3,pilot_baseline,20260915,37,27586820.731010232,641.351630518141
D3,pilot_baseline,20260915,38,27588245.736718528,640.4260989363758
D3,pilot_baseline,20260915,39,27711146.659492277,640.1262353241507
D3,pilot_baseline,20260915,40,27712704.900071308,639.9342505684356
D3,pilot_baseline,20260915,41,27734413.894018836,639.9070219685664
D3,pilot_baseline,20260915,42,27783865.02856177,639.8103445830611
D3,pilot_baseline,20260915,43,27795846.591104243,636.5592502656358
D3,pilot_baseline,20260915,44,27933436.344314583,636.4909180163291
D3,pilot_baseline,20260916,1,27114303.80562875,657.6989786430055
D3,pilot_baseline,20260916,2,27136036.338920407,654.9899551644924
D3,pilot_baseline,20260916,3,27162268.555760954,654.4308004083097
D3,pilot_baseline,20260916,4,27194439.19625233,651.0133992153178
D3,pilot_baseline,20260916,5,27221766.44191349,650.6707412441593
D3,pilot_baseline,20260916,6,27263998.095609955,649.7378176120579
D3,pilot_baseline,20260916,7,27269353.60832706,648.3552749468971
D3,pilot_baseline,20260916,8,27293080.48422186,646.5248050060575
D3,pilot_baseline,20260916,9,27405099.54407342,646.1673879360444
D3,pilot_baseline,20260916,10,27410508.930121355,645.7530983563277
D3,pilot_baseline,20260916,11,27422300.64489005,645.4127415198459
D3,pilot_baseline,20260916,12,27439652.9842825,644.0937818284928
D3,pilot_baseline,20260916,13,27474102.861003783,643.998344022748
D3,pilot_baseline,20260916,14,27496671.484850533,642.2790976535148
D3,pilot_baseline,20260916,15,27501435.802654594,642.2764377825137
D3,pilot_baseline,20260916,16,27570356.880192783,641.2935789775044
D3,pilot_baseline,20260916,17,27585413.14636006,640.4485331592482
D3,pilot_baseline,20260916,18,27643880.47071418,640.0930495238194
D3,pilot_baseline,20260916,19,27663660.537426822,639.9592279382131
D3,pilot_baseline,20260916,20,27684622.59471579,639.34979011159
D3,pilot_baseline,20260916,21,27731079.791851338,639.1350897711658
D3,pilot_baseline,20260916,22,27763075.176609408,638.5474463074389
D3,pilot_baseline,20260916,23,27782835.297013164,638.396516526445
D3,pilot_baseline,20260916,24,27787237.984192304,638.3796404103872
D3,pilot_baseline,20260916,25,27790232.18690363,637.7875664945942
D3,pilot_baseline,20260916,26,27833400.975197718,636.4133043383565
D3,pilot_baseline,20260916,27,27872671.520781796,635.4706055515297
D3,pilot_baseline,20260916,28,28057628.575082324,633.5279700894674
D3,pilot_baseline,20260916,29,28068174.51347062,633.027109012823
D3,pilot_baseline,20260916,30,28169057.70775276,631.4849769759304
D3,pilot_baseline,20260916,31,28309707.387752768,630.2959309602178
D3,pilot_baseline,20260917,1,27213328.946984466,655.3038735611901
D3,pilot_baseline,20260917,2,27252912.466244154,651.3667122926132
D3,pilot_baseline,20260917,3,27281384.665883265,651.1834023424991
D3,pilot_baseline,20260917,4,27312728.010396108,650.4590229123535
D3,pilot_baseline,20260917,5,27323014.664412044,649.6874425354223
D3,pilot_baseline,20260917,6,27342931.54157263,648.8512869574522
D3,pilot_baseline,20260917,7,27366228.53145149,648.3998958094933
D3,pilot_baseline,20260917,8,27373007.99755681,648.0294443437596
D3,pilot_baseline,20260917,9,27383089.247717865,646.8540756931566
D3,pilot_baseline,20260917,10,27415448.371532008,645.6142355178176
D3,pilot_baseline,20260917,11,27449826.917952996,644.7501784453319
D3,pilot_baseline,20260917,12,27490513.11649336,644.4813262673497
D3,pilot_baseline,20260917,13,27568787.275007308,644.4533589779128
D3,pilot_baseline,20260917,14,27581532.616710346,642.819393862657
D3,pilot_baseline,20260917,15,27637428.9010704,641.3317288276444
D3,pilot_baseline,20260917,16,27638245.11466728,641.3248285949148
D3,pilot_baseline,20260917,17,27641565.897860363,640.1423019553596
D3,pilot_baseline,20260917,18,27822626.430294648,638.8454608232438
D3,pilot_baseline,20260917,19,27859891.502838217,638.3444029957302
D3,pilot_baseline,20260917,20,27950664.78719116,637.0112499941935
D3,pilot_baseline,20260917,21,28033182.69005302,636.0853927619437
D3,pilot_baseline,20260917,22,28317106.809837867,635.6172577609486
D3,pilot_baseline,20260917,23,28350152.206478093,634.8772786529001
D3,pilot_baseline,20260917,24,28371985.320164204,634.6383884529746
D3,pilot_baseline,20260917,25,28441909.95328929,633.7753177454358
D3,pilot_baseline,20260918,1,27695739.8416294,642.6541934079398
D3,pilot_baseline,20260918,2,27738530.864133637,642.4989979632707
D3,pilot_baseline,20260918,3,27755146.34785863,638.7722315896282
D3,pilot_baseline,20260918,4,27797944.092500407,638.7034233842312
D3,pilot_baseline,20260918,5,27837672.162296917,638.4051369098826
D3,pilot_baseline,20260918,6,27861050.708966255,636.4582894330771
D3,pilot_baseline,20260918,7,27934180.645561088,635.8281659209085
D3,pilot_baseline,20260918,8,27949334.37622791,634.9665957586682
D3,pilot_baseline,20260918,9,28037451.65680438,634.5223847342655
D3,pilot_baseline,20260918,10,28068377.180101737,634.1347625483777
D3,pilot_baseline,20260918,11,28094041.759157736,633.1089701440403
D3,pilot_baseline,20260918,12,28103042.832278684,632.6691331785843
D3,pilot_baseline,20260918,13,28212579.68766459,632.2458612872371
D3,pilot_baseline,20260918,14,28218641.61805294,630.5044633017545
D3,pilot_baseline,20260918,15,28458369.659663968,628.8034578149013
D3,pilot_baseline,20260919,1,27136344.927365422,652.5891571840095
D3,pilot_baseline,20260919,2,27216716.449917734,650.6420451931253
D3,pilot_baseline,20260919,3,27250813.272647686,650.0317348101618
D3,pilot_baseline,20260919,4,27276836.83091838,645.933654993268
D3,pilot_baseline,20260919,5,27352415.346914385,645.382782343037
D3,pilot_baseline,20260919,6,27393135.147630237,644.9953947985424
D3,pilot_baseline,20260919,7,27437111.09857907,644.1492319144364
D3,pilot_baseline,20260919,8,27464041.50788943,643.2928428250416
D3,pilot_baseline,20260919,9,27529918.542729877,643.2678054625811
D3,pilot_baseline,20260919,10,27594515.40040519,641.322089402823
D3,pilot_baseline,20260919,11,27615904.650007695,641.304174391033
D3,pilot_baseline,20260919,12,27643396.744934075,640.9260781588206
D3,pilot_baseline,20260919,13,27651460.347361825,639.5890488166343
D3,pilot_baseline,20260919,14,27834161.80712365,638.7836305811312
D3,pilot_baseline,20260919,15,27931022.14237329,638.4752416129072
D3,pilot_baseline,20260919,16,27933542.37172212,637.7959243835077
D3,pilot_baseline,20260919,17,27995721.636712115,637.62392601184
D3,pilot_baseline,20260919,18,28010576.512848113,637.3525726572631
D3,pilot_baseline,20260919,19,28022933.55342129,636.9891692392697
D3,pilot_baseline,20260919,20,28128398.22607391,635.3995032288489
D3,pilot_baseline,20260919,21,28286595.67746806,635.2806808484528
D3,pilot_baseline,20260919,22,28291042.518331833,634.7558474570815
D3,pilot_baseline,20260919,23,28569314.11295476,633.321713783038
D3,pilot_baseline,20260920,1,27429030.678373825,651.2885580869605
D3,pilot_baseline,20260920,2,27507159.039524753,648.7117990896578
D3,pilot_baseline,20260920,3,27545285.835441407,648.4076259411049
D3,pilot_baseline,20260920,4,27552007.431004446,646.7994348278046
D3,pilot_baseline,20260920,5,27570373.66333085,646.537198437697
D3,pilot_baseline,20260920,6,27599616.352408297,646.058301851434
D3,pilot_baseline,20260920,7,27628717.21745805,644.4422142043163
D3,pilot_baseline,20260920,8,27651725.809970256,643.7175814353599
D3,pilot_baseline,20260920,9,27729309.53359664,643.6250295706056
D3,pilot_baseline,20260920,10,27744386.536127217,642.66764326365
D3,pilot_baseline,20260920,11,27745852.67585186,641.0473150972497
D3,pilot_baseline,20260920,12,27831181.993848015,640.8013116473129
D3,pilot_baseline,20260920,13,27887395.125092607,640.437691965758
D3,pilot_baseline,20260920,14,27908878.773504313,640.2024809243641
D3,pilot_baseline,20260920,15,27913796.36051224,637.9547926394245
D3,pilot_baseline,20260920,16,27982903.511750296,637.8751093548365
D3,pilot_baseline,20260920,17,28027232.866621383,637.6861073902957
D3,pilot_baseline,20260920,18,28126999.555129673,637.5721239065834
D3,pilot_baseline,20260920,19,28152149.87758831,637.1652436609154
D3,pilot_baseline,20260920,20,28209873.805872913,636.5342422878426
D3,pilot_baseline,20260920,21,28228911.398286145,636.1050656917599
D3,pilot_baseline,20260920,22,28276195.069191303,635.3922925601837
D3,pilot_baseline,20260920,23,28460096.779931806,635.2496267902303
D3,pilot_baseline,20260920,24,28699212.459725145,634.7403762179389
D3,pilot_baseline,20260921,1,27021356.142961245,654.6457224057806
D3,pilot_baseline,20260921,2,27047066.231539767,653.296492557401
D3,pilot_baseline,20260921,3,27103271.345497955,652.878377304794
D3,pilot_baseline,20260921,4,27171139.313605104,651.3449679198425
D3,pilot_baseline,20260921,5,27214016.6862478,650.2255734867896
D3,pilot_baseline,20260921,6,27245834.944503274,649.2885900507213
D3,pilot_baseline,20260921,7,27250116.17612182,649.1087437084606
D3,pilot_baseline,20260921,8,27271429.30162286,648.7171106002173
D3,pilot_baseline,20260921,9,27296047.972544193,647.5921667397588
D3,pilot_baseline,20260921,10,27370421.1037579,647.0465803229824
D3,pilot_baseline,20260921,11,27424803.800213717,646.9337146465008
D3,pilot_baseline,20260921,12,27428291.520273786,645.4005709698698
D3,pilot_baseline,20260921,13,27449764.752352703,645.3806467468048
D3,pilot_baseline,20260921,14,27455896.639620185,645.3191235012417
D3,pilot_baseline,20260921,15,27463107.069870155,644.628831894801
D3,pilot_baseline,20260921,16,27476895.907526888,644.2594139261666
D3,pilot_baseline,20260921,17,27529145.43826728,643.8224071045513
D3,pilot_baseline,20260921,18,27566096.50558283,643.7406410615226
D3,pilot_baseline,20260921,19,27588446.125152837,643.2350707595475
D3,pilot_baseline,20260921,20,27641564.865520377,643.0056831668021
D3,pilot_baseline,20260921,21,27650500.478263263,642.7056417996247
D3,pilot_baseline,20260921,22,27683748.892780833,642.0406167088181
D3,pilot_baseline,20260921,23,27701306.994931832,641.8840025228391
D3,pilot_baseline,20260921,24,27788754.544555806,640.7407144702529
D3,pilot_baseline,20260922,1,27189745.143815156,649.9923893045368
D3,pilot_baseline,20260922,2,27309672.919788975,649.3377943422385
D3,pilot_baseline,20260922,3,27313955.95940608,646.204470428508
D3,pilot_baseline,20260922,4,27358253.43849394,645.4958971486894
D3,pilot_baseline,20260922,5,27413737.48981171,645.0026806797763
D3,pilot_baseline,20260922,6,27425177.513175983,644.6931663957796
D3,pilot_baseline,20260922,7,27430083.491848227,643.9627204299871
D3,pilot_baseline,20260922,8,27474472.175714176,642.9728766325514
D3,pilot_baseline,20260922,9,27548034.748937745,642.839872644733
D3,pilot_baseline,20260922,10,27551146.160107177,642.8057545994692
D3,pilot_baseline,20260922,11,27551524.63994715,641.8389423375648
D3,pilot_baseline,20260922,12,27572583.313705113,641.8217202280819
D3,pilot_baseline,20260922,13,27578940.59714273,641.4376560322352
D3,pilot_baseline,20260922,14,27580412.572955996,641.4363967936617
D3,pilot_baseline,20260922,15,27601723.27224074,641.1767808463642
D3,pilot_baseline,20260922,16,27638417.473466784,641.0718729461081
D3,pilot_baseline,20260922,17,27670459.04170255,640.5242440119356
D3,pilot_baseline,20260922,18,27713570.97068693,639.2528705294721
D3,pilot_baseline,20260922,19,27755416.038102105,637.8442313748645
D3,pilot_baseline,20260923,1,26634379.89320064,666.2327002301871
D3,pilot_baseline,20260923,2,26635033.25454971,661.8991368991266
D3,pilot_baseline,20260923,3,26640396.08262353,661.4234514165981
D3,pilot_baseline,20260923,4,26673754.848109253,659.809121166826
D3,pilot_baseline,20260923,5,26681325.060295373,659.2333516476509
D3,pilot_baseline,20260923,6,26722010.999255575,659.0246889958231
D3,pilot_baseline,20260923,7,26748544.435464215,658.1788701066552
D3,pilot_baseline,20260923,8,26753287.67355669,657.576564262107
D3,pilot_baseline,20260923,9,26768946.40220424,657.4491304064782
D3,pilot_baseline,20260923,10,26771840.701283965,656.8919301690811
D3,pilot_baseline,20260923,11,26789000.274041586,656.5842034409304
D3,pilot_baseline,20260923,12,26806069.912465908,655.5060907891888
D3,pilot_baseline,20260923,13,26882049.30385723,654.434638380804
D3,pilot_baseline,20260923,14,26908323.29691792,654.0056680452617
D3,pilot_baseline,20260923,15,26916854.05807843,653.8820747746101
D3,pilot_baseline,20260923,16,26928822.10817532,653.4606409316897
D3,pilot_baseline,20260923,17,26942433.638045117,653.3650084950605
D3,pilot_baseline,20260923,18,26967189.229237936,653.3579033677469
D3,pilot_baseline,20260923,19,26975764.79105447,653.1092834774449
D3,pilot_baseline,20260923,20,27002821.330226786,652.0379805734811
D3,pilot_baseline,20260923,21,27088668.001444038,651.7801215681908
D3,pilot_baseline,20260923,22,27153129.11877354,651.4850753299477
D3,pilot_baseline,20260923,23,27164263.1694379,650.5543048957813
D3,pilot_baseline,20260923,24,27236105.40024324,650.4465552798443
D3,pilot_baseline,20260923,25,27238989.145232882,650.417453796819
D3,pilot_baseline,20260923,26,27241386.762339175,649.899237299489
D3,pilot_baseline,20260923,27,27280561.90526883,649.1925790630297
D3,pilot_baseline,20260923,28,27424340.042473655,648.9920466401675
D3,pilot_baseline,20260923,29,27482978.829042133,648.8499398195116
D3,pilot_baseline,20260924,1,27050415.586142417,653.2920709889411
D3,pilot_baseline,20260924,2,27120811.618951403,651.9091250295364
D3,pilot_baseline,20260924,3,27164612.24923317,651.5053446985526
D3,pilot_baseline,20260924,4,27185749.237764336,651.2578144769742
D3,pilot_baseline,20260924,5,27216199.39651883,650.3674988494915
D3,pilot_baseline,20260924,6,27238294.907935526,650.1161640079038
D3,pilot_baseline,20260924,7,27260226.3657613,649.6682553664492
D3,pilot_baseline,20260924,8,27260268.604113754,648.9453076773932
D3,pilot_baseline,20260924,9,27325650.15719468,648.3204223497087
D3,pilot_baseline,20260924,10,27369750.78387095,648.1882653775767
D3,pilot_baseline,20260924,11,27373616.03049782,647.0369899213207
D3,pilot_baseline,20260924,12,27383600.209723342,646.8377667847002
D3,pilot_baseline,20260924,13,27427326.905313253,646.059805418434
D3,pilot_baseline,20260924,14,27444856.229322605,646.0442842980527
D3,pilot_baseline,20260924,15,27473545.443097614,645.2270890163752
D3,pilot_baseline,20260924,16,27508506.889125407,645.113858025815
D3,pilot_baseline,20260924,17,27514773.375276104,644.5057903301071
D3,pilot_baseline,20260924,18,27567596.677509356,643.8187129721184
D3,pilot_baseline,20260924,19,27624815.27547463,643.8012428631611
D3,pilot_baseline,20260924,20,27627703.625112914,643.4148907937376
D3,pilot_baseline,20260924,21,27628698.10301962,642.7775402840317
D3,pilot_baseline,20260924,22,27698290.898079213,641.0131947716808
D3,pilot_baseline,20260924,23,27701685.693050247,640.5498832896662
D3,pilot_baseline,20260924,24,27717490.33948915,639.8584979111191
D3,pilot_baseline,20260924,25,27739312.88389845,639.1577137042779
D3,pilot_baseline,20260924,26,27922519.64411416,638.6359547663112
D3,pilot_baseline,20260924,27,27949034.29906876,638.3866314854756
D3,pilot_baseline,20260924,28,27999944.62892773,638.0545806804821
D3,pilot_baseline,20260924,29,28037076.962020945,637.7056918404472
D3,pilot_baseline,20260924,30,28133964.777565546,637.4106885877236
D3,pilot_baseline,20260924,31,28191297.478456315,636.8848213956603
D3,pilot_baseline,20260925,1,27320521.921464473,653.7964755788638
D3,pilot_baseline,20260925,2,27382291.642325662,653.0146690549741
D3,pilot_baseline,20260925,3,27404642.68619124,651.1886573707131
D3,pilot_baseline,20260925,4,27417384.86475284,650.2175616113991
D3,pilot_baseline,20260925,5,27475716.709654696,648.7432626538193
D3,pilot_baseline,20260925,6,27550276.441237852,647.468595382051
D3,pilot_baseline,20260925,7,27584186.553614542,646.8624312533999
D3,pilot_baseline,20260925,8,27598489.867844164,646.8090919971243
D3,pilot_baseline,20260925,9,27604269.702810053,644.9413910402652
D3,pilot_baseline,20260925,10,27629191.162324537,644.9156292470766
D3,pilot_baseline,20260925,11,27687856.87826409,644.456005152353
D3,pilot_baseline,20260925,12,27689525.710593652,644.4432793493204
D3,pilot_baseline,20260925,13,27709884.132602327,642.8374394964487
D3,pilot_baseline,20260925,14,27756262.190187816,642.7739049299716
D3,pilot_baseline,20260925,15,27760443.598011155,642.5321250279824
D3,pilot_baseline,20260925,16,27761504.524997994,642.208031370141
D3,pilot_baseline,20260925,17,27786316.76000723,642.0335006448485
D3,pilot_baseline,20260925,18,27791057.63557594,641.8268089904194
D3,pilot_baseline,20260925,19,27791659.623239495,641.8083046616131
D3,pilot_baseline,20260925,20,27794591.784227684,641.798407403282
D3,pilot_baseline,20260925,21,27800269.947708216,640.5456434006702
D3,pilot_baseline,20260925,22,27856588.75493457,640.1531945810632
D3,pilot_baseline,20260925,23,27863431.755265396,640.03480948159
D3,pilot_baseline,20260925,24,27869793.00409581,639.9887323569573
D3,pilot_baseline,20260925,25,27909400.361409336,639.5279827804037
D3,pilot_baseline,20260925,26,27925347.706998605,639.1840773494413
D3,pilot_baseline,20260925,27,27933674.46968258,638.5642959899902
D3,pilot_baseline,20260925,28,28043023.23602352,638.1182692672242
D3,pilot_baseline,20260925,29,28063335.836801425,637.9087202066172
D3,pilot_baseline,20260925,30,28105133.84815271,636.9148685386813
D3,pilot_baseline,20260925,31,28105882.335529562,636.8772926143863
D3,pilot_baseline,20260925,32,28124844.156292487,636.3778666680224
D3,pilot_baseline,20260925,33,28155556.502081558,636.1229721590023
D3,pilot_baseline,20260925,34,28218196.596962355,636.0661279380906
D3,pilot_baseline,20260925,35,28234850.507194716,635.9626252981084
D3,pilot_baseline,20260925,36,28240772.055873085,635.7053635039675
D3,pilot_baseline,20260925,37,28256210.450002875,635.5113904431544
D3,pilot_baseline,20260925,38,28275197.097460996,634.9251688330465
D3,pilot_baseline,20260925,39,28318444.37974795,634.6161462516368
D3,pilot_baseline,20260925,40,28326317.409128826,634.1865304827461
D3,pilot_baseline,20260925,41,28343666.291717924,634.1390482925609
D3,pilot_baseline,20260926,1,27061954.528446827,650.6795491108292
D3,pilot_baseline,20260926,2,27064857.39707834,650.6485927850807
D3,pilot_baseline,20260926,3,27111657.972461287,648.8876580144467
D3,pilot_baseline,20260926,4,27165575.07746146,647.7944884596224
D3,pilot_baseline,20260926,5,27246309.76901292,646.3838531135929
D3,pilot_baseline,20260926,6,27269838.628290493,645.823135789418
D3,pilot_baseline,20260926,7,27296972.41314509,645.6061631258531
D3,pilot_baseline,20260926,8,27307804.863734625,645.5412828919324
D3,pilot_baseline,20260926,9,27338910.242057297,645.0381129109272
D3,pilot_baseline,20260926,10,27342193.91702433,644.8255253300671
D3,pilot_baseline,20260926,11,27345367.240201388,644.0941339029658
D3,pilot_baseline,20260926,12,27347951.38283946,644.0686111199308
D3,pilot_baseline,20260926,13,27382356.025026947,643.2640466335648
D3,pilot_baseline,20260926,14,27429169.62883351,642.2868151613222
D3,pilot_baseline,20260926,15,27512118.12404743,642.2351635549777
D3,pilot_baseline,20260926,16,27529577.756226696,642.0199436310633
D3,pilot_baseline,20260926,17,27558698.291258663,641.6027738182297
D3,pilot_baseline,20260926,18,27561311.004514378,640.455149968105
D3,pilot_baseline,20260926,19,27637905.860796507,640.2010101817639
D3,pilot_baseline,20260926,20,27677573.52867221,639.8924986996165
D3,pilot_baseline,20260926,21,27703368.732659817,639.7352547024898
D3,pilot_baseline,20260926,22,27732622.285963748,639.215219422388
D3,pilot_baseline,20260926,23,27741537.13055786,639.0810478001176
D3,pilot_baseline,20260926,24,27752150.385867283,638.6012265562864
D3,pilot_baseline,20260926,25,27820891.541976433,636.618662731638
D3,pilot_baseline,20260926,26,27955213.64429243,636.306742642492
D3,pilot_baseline,20260926,27,27963208.860086296,636.0057019273979
D3,pilot_baseline,20260926,28,28038877.830672774,635.2472275309519
D3,pilot_baseline,20260926,29,28089432.65696237,635.0518663898575
D3,pilot_baseline,20260926,30,28179896.180992328,634.82480614038
D3,pilot_baseline,20260926,31,28284771.905323718,633.0231535180847
D3,pilot_baseline,20260926,32,28419474.132408936,631.9916426238939
D3,pilot_baseline,20260927,1,27178589.796320513,654.083222809974
D3,pilot_baseline,20260927,2,27208318.78341619,652.4025079897237
D3,pilot_baseline,20260927,3,27248803.06538341,652.0470388842374
D3,pilot_baseline,20260927,4,27267645.306344256,651.6425482834708
D3,pilot_baseline,20260927,5,27272245.45577599,651.0425223081671
D3,pilot_baseline,20260927,6,27281951.439205755,647.67198086208
D3,pilot_baseline,20260927,7,27328091.25139665,646.9454519251798
D3,pilot_baseline,20260927,8,27357007.861900937,646.3539905979221
D3,pilot_baseline,20260927,9,27394586.028632905,645.7143190935565
D3,pilot_baseline,20260927,10,27515516.33211264,644.7911229298156
D3,pilot_baseline,20260927,11,27561212.63700771,644.6807184160425
D3,pilot_baseline,20260927,12,27589667.728566904,644.5607721729924
D3,pilot_baseline,20260927,13,27597333.438219443,644.5344786058024
D3,pilot_baseline,20260927,14,27632315.73201065,644.0546487486033
D3,pilot_baseline,20260927,15,27663332.645566195,642.9490820538034
D3,pilot_baseline,20260927,16,27667278.634221658,642.0064937129832
D3,pilot_baseline,20260927,17,27685521.904800195,641.0102483517796
D3,pilot_baseline,20260927,18,27832679.733237673,640.3390370668395
D3,pilot_baseline,20260927,19,27961502.383230075,640.1912251408555
D3,pilot_baseline,20260927,20,27998283.202976122,640.0529789154351
D3,pilot_baseline,20260928,1,26995839.544919126,657.2858133567911
D3,pilot_baseline,20260928,2,27035799.74831037,653.7854441175401
D3,pilot_baseline,20260928,3,27057673.68105497,653.1585610593646
D3,pilot_baseline,20260928,4,27101796.31403912,652.321228761333
D3,pilot_baseline,20260928,5,27171855.296116203,650.558967713037
D3,pilot_baseline,20260928,6,27188107.05570842,650.0488379173191
D3,pilot_baseline,20260928,7,27230526.24583365,649.1153622391432
D3,pilot_baseline,20260928,8,27244623.90666462,648.681449359735
D3,pilot_baseline,20260928,9,27248583.631282017,648.1124779479799
D3,pilot_baseline,20260928,10,27314334.304601032,648.0164788013789
D3,pilot_baseline,20260928,11,27318308.53322289,647.5431286236161
D3,pilot_baseline,20260928,12,27386685.118734397,646.5077334186096
D3,pilot_baseline,20260928,13,27414762.5008171,646.0025138426996
D3,pilot_baseline,20260928,14,27509687.99372542,644.2371710246632
D3,pilot_baseline,20260928,15,27595409.540041108,643.2622252999112
D3,pilot_baseline,20260928,16,27618732.2084957,641.8294611305602
D3,pilot_baseline,20260928,17,27757127.268386204,641.0439857705321
D3,pilot_baseline,20260928,18,27807113.306584693,639.9558441525879
D3,pilot_baseline,20260928,19,27885236.168968484,638.5351187750093
D3,pilot_baseline,20260928,20,28004248.889756296,638.1465762946349
D3,pilot_baseline,20260928,21,28080014.411005374,637.3513225899329
D3,pilot_baseline,20260928,22,28080210.504409432,637.1275075681049
D3,pilot_baseline,20260928,23,28149165.4356591,636.4653302357015
D3,pilot_baseline,20260928,24,28228591.90348362,635.6396064936988
D3,pilot_baseline,20260928,25,28495377.340789758,635.1711875928459
D3,pilot_baseline,20260929,1,27184984.250662763,648.7029691131889
D3,pilot_baseline,20260929,2,27337581.02928578,647.6617623151932
D3,pilot_baseline,20260929,3,27348587.91888474,644.1246299798481
D3,pilot_baseline,20260929,4,27452021.310732886,643.7839609428414
D3,pilot_baseline,20260929,5,27507937.53554379,643.0455378114949
D3,pilot_baseline,20260929,6,27521492.052948076,641.8147619913568
D3,pilot_baseline,20260929,7,27522060.474037446,641.4526292778002
D3,pilot_baseline,20260929,8,27544472.18659226,641.4516890691658
D3,pilot_baseline,20260929,9,27550121.0572488,640.2505485068748
D3,pilot_baseline,20260929,10,27609579.612520125,639.8052079095141
D3,pilot_baseline,20260929,11,27630395.33042214,639.4714154959914
D3,pilot_baseline,20260929,12,27700683.34705291,638.0296799225848
D3,pilot_baseline,20260929,13,27742777.101409726,637.1491016110156
D3,pilot_baseline,20260929,14,27776016.9319294,637.1223277475217
D3,pilot_baseline,20260929,15,27842129.686575502,635.9637881901468
D3,pilot_baseline,20260929,16,27932947.21954589,635.4611951782201
D3,pilot_baseline,20260929,17,27996563.048709534,634.588868347264
D3,pilot_baseline,20260929,18,28021899.671284217,634.5649678121237
D3,pilot_baseline,20260929,19,28154691.987683613,634.4950254112345
D3,pilot_baseline,20260929,20,28193508.995160323,634.0215119657865
D3,pilot_baseline,20260929,21,28233273.500428427,633.0814560826552
D3,pilot_baseline,20260929,22,28271458.69387438,632.8444234517892
D3,pilot_baseline,20260929,23,28309271.916081995,631.767252006688
D3,pilot_baseline,20260929,24,28427710.962073088,631.591347568281
D3,pilot_baseline,20260930,1,27276305.111748274,649.5486088633808
D3,pilot_baseline,20260930,2,27363742.25678481,647.2632945646317
D3,pilot_baseline,20260930,3,27373568.986438088,644.5374709235642
D3,pilot_baseline,20260930,4,27484698.142231427,642.8103605371703
D3,pilot_baseline,20260930,5,27488775.389052305,641.9471117559605
D3,pilot_baseline,20260930,6,27529732.67960582,641.0166893924949
D3,pilot_baseline,20260930,7,27633815.445360407,640.480596053908
D3,pilot_baseline,20260930,8,27649196.94759798,639.7622041842831
D3,pilot_baseline,20260930,9,27712013.906377845,639.555789318461
D3,pilot_baseline,20260930,10,27739575.10266777,638.9935228314469
D3,pilot_baseline,20260930,11,27765612.547067054,638.5353604628176
D3,pilot_baseline,20260930,12,27808347.006906297,638.2642553619694
D3,pilot_baseline,20260930,13,27823951.57528378,638.164602300781
D3,pilot_baseline,20260930,14,27864713.15406847,637.8873906226121
D3,pilot_baseline,20260930,15,27883162.749851305,637.4494380029976
D3,pilot_baseline,20260930,16,27888796.692597773,636.7086036128675
D3,pilot_baseline,20260930,17,28029649.582879193,636.4974240889092
D3,pilot_baseline,20260930,18,28036105.519181304,635.7312946925606
D3,pilot_baseline,20260930,19,28041125.101309557,635.5651232289263
D3,pilot_baseline,20260930,20,28211254.832507025,634.7407329723009
D3,pilot_baseline,20260931,1,27489414.99771961,646.6792829026696
D3,pilot_baseline,20260931,2,27528287.15774047,644.5446332335096
D3,pilot_baseline,20260931,3,27541085.322127707,644.1315915112983
D3,pilot_baseline,20260931,4,27565101.400099948,641.8352229825098
D3,pilot_baseline,20260931,5,27615066.119286776,640.1280006091249
D3,pilot_baseline,20260931,6,27642849.26869345,639.2101808801473
D3,pilot_baseline,20260931,7,27731399.350939125,639.0505838800802
D3,pilot_baseline,20260931,8,27735281.264180277,638.3044485717353
D3,pilot_baseline,20260931,9,27770613.45404284,638.2204431263737
D3,pilot_baseline,20260931,10,27775659.502506398,638.1510970983461
D3,pilot_baseline,20260931,11,27783302.834795497,635.5445716862802
D3,pilot_baseline,20260931,12,27894539.838619843,635.5223460975235
D3,pilot_baseline,20260931,13,27960434.894237146,634.5819840222651
D3,pilot_baseline,20260931,14,28032074.82568361,634.2009414968325
D3,pilot_baseline,20260931,15,28068767.264173303,634.1702175358214
D3,pilot_baseline,20260931,16,28119869.560502134,634.0755438548971
D3,pilot_baseline,20260931,17,28137651.400436334,633.5507268845316
D3,pilot_baseline,20260931,18,28168448.21915646,632.3467983292057
D3,pilot_baseline,20260931,19,28255412.66150153,631.9181745068337
D3,pilot_baseline,20260931,20,28288435.67915564,631.8724694873214
D3,pilot_baseline,20260931,21,28306170.455439087,631.5559972888095
D3,pilot_baseline,20260931,22,28370444.923576802,630.7282836436683
D3,pilot_baseline,20260932,1,26576332.611434035,661.8213301229198
D3,pilot_baseline,20260932,2,26693610.801710643,656.9249325591071
D3,pilot_baseline,20260932,3,26787297.037885573,656.8780857790117
D3,pilot_baseline,20260932,4,26830903.653138798,653.9487132672075
D3,pilot_baseline,20260932,5,26869519.42661224,652.9531734660951
D3,pilot_baseline,20260932,6,26962419.841347888,651.7245950647814
D3,pilot_baseline,20260932,7,27019365.748485465,651.3503080552316
D3,pilot_baseline,20260932,8,27023803.91132418,651.3127880278809
D3,pilot_baseline,20260932,9,27026442.127510384,651.310931600027
D3,pilot_baseline,20260932,10,27046774.51493893,649.8382638270546
D3,pilot_baseline,20260932,11,27062583.44661119,649.6419505408586
D3,pilot_baseline,20260932,12,27073163.297885943,649.0292266926881
D3,pilot_baseline,20260932,13,27118368.661293305,648.9633982093618
D3,pilot_baseline,20260932,14,27126723.5914174,648.8354471800443
D3,pilot_baseline,20260932,15,27131884.70842643,647.5811273096549
D3,pilot_baseline,20260932,16,27192485.065201007,647.0886954962908
D3,pilot_baseline,20260932,17,27210772.689231902,646.7047394398136
D3,pilot_baseline,20260932,18,27236888.85099846,646.6779812095456
D3,pilot_baseline,20260932,19,27243489.943835612,645.5897368301233
D3,pilot_baseline,20260932,20,27297061.576034006,645.0514403672748
D3,pilot_baseline,20260932,21,27324230.645164542,644.7500067169206
D3,pilot_baseline,20260932,22,27344667.025819764,644.4183097202846
D3,pilot_baseline,20260932,23,27392214.370579198,643.7768518394931
D3,pilot_baseline,20260932,24,27417192.263126392,642.3718076211804
D3,pilot_baseline,20260932,25,27442114.455498327,642.002584175591
D3,pilot_baseline,20260932,26,27496827.886138298,641.4801278350506
D3,pilot_baseline,20260932,27,27608975.461315405,641.0467080603667
D3,pilot_baseline,20260933,1,26693962.84489113,664.6549198012784
D3,pilot_baseline,20260933,2,26706466.418246906,664.1213286436008
D3,pilot_baseline,20260933,3,26718870.72867131,664.013888583619
D3,pilot_baseline,20260933,4,26725622.025810223,663.2789199370349
D3,pilot_baseline,20260933,5,26744357.95864333,662.1621240660119
D3,pilot_baseline,20260933,6,26773778.268256743,661.8493739709254
D3,pilot_baseline,20260933,7,26808017.694256447,661.5508777348638
D3,pilot_baseline,20260933,8,26817819.817806464,660.06251456197
D3,pilot_baseline,20260933,9,26847671.34974231,659.7845671398794
D3,pilot_baseline,20260933,10,26868831.892680854,659.3601423342052
D3,pilot_baseline,20260933,11,26900918.64923556,658.7950976952749
D3,pilot_baseline,20260933,12,26918324.736941896,658.4864867383093
D3,pilot_baseline,20260933,13,26918759.241003387,658.1844778542625
D3,pilot_baseline,20260933,14,26921883.3454501,657.9683186013227
D3,pilot_baseline,20260933,15,26930925.554714974,656.9918830264179
D3,pilot_baseline,20260933,16,26962342.407485075,656.98811984202
D3,pilot_baseline,20260933,17,26998948.50601187,656.0125800949189
D3,pilot_baseline,20260933,18,27006347.58347645,655.9962868524216
D3,pilot_baseline,20260933,19,27007503.85188378,655.6344007697476
D3,pilot_baseline,20260933,20,27045871.41054022,655.3841845751092
D3,pilot_baseline,20260933,21,27071777.483704053,654.8783229303052
D3,pilot_baseline,20260933,22,27094866.90669451,654.7156462915888
D3,pilot_baseline,20260933,23,27108859.449897747,654.3610387739081
D3,pilot_baseline,20260933,24,27110642.389293108,653.7339681097187
D3,pilot_baseline,20260933,25,27113840.18165669,652.7322551793229
D3,pilot_baseline,20260933,26,27165197.129770573,652.5310711477385
D3,pilot_baseline,20260933,27,27216659.388725948,652.2050879753625
D3,pilot_baseline,20260933,28,27218042.685766038,651.6531961259301
D3,pilot_baseline,20260933,29,27240743.916939955,651.1366721585249
D3,pilot_baseline,20260933,30,27335895.539222356,650.9966687428778
D3,pilot_baseline,20260933,31,27340490.281414147,650.851883102029
D3,pilot_baseline,20260933,32,27342889.67163819,649.8842123339347
D3,pilot_baseline,20260933,33,27347664.67770814,649.6291129545884
D3,pilot_baseline,20260933,34,27357983.279788952,649.1209471038787
D3,pilot_baseline,20260933,35,27451408.54546095,647.4407010409401
D3,pilot_baseline,20260933,36,27524362.284975003,647.4290956646265
D3,pilot_baseline,20260933,37,27567607.78240714,647.0993239598132
D3,pilot_baseline,20260933,38,27586416.672890093,646.198443616355
D3,pilot_baseline,20260933,39,27656673.18941973,645.0475406836455
D3,pilot_baseline,20260933,40,27690849.868145462,644.5380641264616
D3,pilot_baseline,20260933,41,27781230.779523905,643.0171693162869
D3,pilot_baseline,20260933,42,27926363.394077256,642.7362828952846
D3,pilot_baseline,20260933,43,27938043.614976842,641.8473188353137
D3,pilot_baseline,20260933,44,28120460.8757214,640.1419493872464
D3,pilot_baseline,20260934,1,27133347.22319797,661.8717980499017
D3,pilot_baseline,20260934,2,27286780.49829945,652.7950732770757
D3,pilot_baseline,20260934,3,27295147.02735909,652.6473698489253
D3,pilot_baseline,20260934,4,27308398.34458237,649.9149388468111
D3,pilot_baseline,20260934,5,27340566.69721516,647.1726333532857
D3,pilot_baseline,20260934,6,27434122.791659996,645.7260822218591
D3,pilot_baseline,20260934,7,27496302.148965787,645.4909355947727
D3,pilot_baseline,20260934,8,27504608.264738254,645.3500125295192
D3,pilot_baseline,20260934,9,27551238.909799624,645.1030950127592
D3,pilot_baseline,20260934,10,27555752.681827996,644.924556332453
D3,pilot_baseline,20260934,11,27555922.365046155,644.4050393084651
D3,pilot_baseline,20260934,12,27564443.703614578,643.7197240912808
D3,pilot_baseline,20260934,13,27577589.420140747,642.1447878652896
D3,pilot_baseline,20260934,14,27582232.139992848,641.9823286331963
D3,pilot_baseline,20260934,15,27633311.979724698,641.6954683350084
D3,pilot_baseline,20260934,16,27652800.086798757,641.6711307520218
D3,pilot_baseline,20260934,17,27653824.251484714,641.6609255468994
D3,pilot_baseline,20260934,18,27661084.025137782,641.6008127019469
D3,pilot_baseline,20260934,19,27663637.183595315,641.3348773094323
D3,pilot_baseline,20260934,20,27690224.815328594,640.8552514266061
D3,pilot_baseline,20260934,21,27712381.93212346,640.3836472575304
D3,pilot_baseline,20260934,22,27751124.41373459,639.6128411105318
D3,pilot_baseline,20260934,23,27796295.39347981,639.1225002578401
D3,pilot_baseline,20260934,24,27860091.322573915,638.9250397222806
D3,pilot_baseline,20260934,25,27936466.336848196,638.187693684658
D3,pilot_baseline,20260934,26,27951533.70446782,638.0591553064075
D3,pilot_baseline,20260934,27,27985455.004207645,637.736291373428
D3,pilot_baseline,20260934,28,27996473.259442892,637.5892577679609
D3,pilot_baseline,20260934,29,28008733.660904713,637.1545925532015
D3,pilot_baseline,20260934,30,28084939.206987076,636.2018973250676
D3,pilot_baseline,20260934,31,28269716.64685409,635.4731419235926
D3,pilot_baseline,20260934,32,28398614.933391497,635.0637729841704
D3,pilot_baseline,20260934,33,28636037.61643451,634.8669137683743
D3,pilot_baseline,20260935,1,27164241.705480825,650.2434853909854
D3,pilot_baseline,20260935,2,27246382.76729921,647.7274064136
D3,pilot_baseline,20260935,3,27289494.517110724,647.6824518569267
D3,pilot_baseline,20260935,4,27341656.502808135,647.6685741785209
D3,pilot_baseline,20260935,5,27349615.272389635,646.1313632783774
D3,pilot_baseline,20260935,6,27389017.880293787,645.3384239935173
D3,pilot_baseline,20260935,7,27398136.741305005,644.1158634514418
D3,pilot_baseline,20260935,8,27499555.45046811,643.941520067446
D3,pilot_baseline,20260935,9,27507065.17416045,643.1118143334756
D3,pilot_baseline,20260935,10,27565203.121377654,642.7345408742664
D3,pilot_baseline,20260935,11,27590330.648731146,642.7329444224579
D3,pilot_baseline,20260935,12,27595853.636453692,642.2605136175359
D3,pilot_baseline,20260935,13,27623954.284690958,642.219278607177
D3,pilot_baseline,20260935,14,27636021.66247798,641.6315565319925
D3,pilot_baseline,20260935,15,27678688.81647132,641.6219879402307
D3,pilot_baseline,20260935,16,27689407.116776217,641.579967658914
D3,pilot_baseline,20260935,17,27720884.228739526,641.1676908558533
D3,pilot_baseline,20260935,18,27727056.309368435,641.1155123661441
D3,pilot_baseline,20260935,19,27741833.355313037,640.7479131343068
D3,pilot_baseline,20260935,20,27761231.19071832,640.5120068917067
D3,pilot_baseline,20260935,21,27778703.90061867,640.2543996369865
D3,pilot_baseline,20260935,22,27836530.346749905,638.9992575870197
D3,pilot_baseline,20260935,23,28041078.882808823,638.4707361704421
D3,uswc_compound_30pct_delay_168h,20260906,1,63644120.37217173,844.9378067907764
D3,uswc_compound_30pct_delay_168h,20260907,1,63047442.324245214,846.0418916876467
D3,uswc_compound_30pct_delay_168h,20260907,2,63095478.5994536,845.4721390112795
D3,uswc_compound_30pct_delay_168h,20260907,3,63167754.2529938,845.3432075288408
D3,uswc_compound_30pct_delay_168h,20260907,4,63181659.19520472,845.211490141247
D3,uswc_compound_30pct_delay_168h,20260908,1,62898358.569642164,846.3484980287881
D3,uswc_compound_30pct_delay_168h,20260908,2,63014201.31869213,846.2987577128719
D3,uswc_compound_30pct_delay_168h,20260909,1,62920941.8839947,847.1334486122944
D3,uswc_compound_30pct_delay_168h,20260909,2,63185785.33460659,846.9031281611011
D3,uswc_compound_30pct_delay_168h,20260909,3,63205909.22310845,846.40548100419
D3,uswc_compound_30pct_delay_168h,20260910,1,62601149.3026526,844.5484455794864
D3,uswc_compound_30pct_delay_168h,20260910,2,62613793.20902644,844.1339179327449
D3,uswc_compound_30pct_delay_168h,20260910,3,62647566.83268977,843.9142994257232
D3,uswc_compound_30pct_delay_168h,20260910,4,62666264.18464124,843.6059153193879
D3,uswc_compound_30pct_delay_168h,20260911,1,62039621.191734664,845.5346509211894
D3,uswc_compound_30pct_delay_168h,20260911,2,62049274.39406883,845.2431031766355
D3,uswc_compound_30pct_delay_168h,20260911,3,62120387.27460719,845.1822154468184
D3,uswc_compound_30pct_delay_168h,20260911,4,62202802.680237204,845.152751476967
D3,uswc_compound_30pct_delay_168h,20260912,1,63417699.796617456,846.946638358202
D3,uswc_compound_30pct_delay_168h,20260912,2,63438620.52327609,846.9395674263832
D3,uswc_compound_30pct_delay_168h,20260913,1,62444962.668862276,845.1745012910916
D3,uswc_compound_30pct_delay_168h,20260913,2,62508699.80472864,844.9010850890731
D3,uswc_compound_30pct_delay_168h,20260913,3,62581575.33873605,844.4650972373851
D3,uswc_compound_30pct_delay_168h,20260914,1,64225049.57723299,846.7719089942191
D3,uswc_compound_30pct_delay_168h,20260914,2,64337939.693779826,846.1544613964568
D3,uswc_compound_30pct_delay_168h,20260914,3,64367026.407771245,846.116636743311
D3,uswc_compound_30pct_delay_168h,20260914,4,64629241.682104714,845.7435843568203
D3,uswc_compound_30pct_delay_168h,20260915,1,62972369.827005334,848.0312762460721
D3,uswc_compound_30pct_delay_168h,20260915,2,63038114.99762644,847.4986293881599
D3,uswc_compound_30pct_delay_168h,20260915,3,63135213.45155338,847.4168750356104
D3,uswc_compound_30pct_delay_168h,20260915,4,63199098.493839145,846.6454054674949
D3,uswc_compound_30pct_delay_168h,20260916,1,62376362.52040799,844.7304366089393
D3,uswc_compound_30pct_delay_168h,20260916,2,62398044.00630942,844.4692409968665
D3,uswc_compound_30pct_delay_168h,20260917,1,63242152.90358141,845.0435792435384
D3,uswc_compound_30pct_delay_168h,20260918,1,63106785.4576668,846.4240332829247
D3,uswc_compound_30pct_delay_168h,20260918,2,63260951.49342003,845.2017595630134
D3,uswc_compound_30pct_delay_168h,20260919,1,62667719.87974238,844.2122590610034
D3,uswc_compound_30pct_delay_168h,20260920,1,62176267.720324755,846.6591923881233
D3,uswc_compound_30pct_delay_168h,20260920,2,62380778.29186232,844.9779168646179
D3,uswc_compound_30pct_delay_168h,20260920,3,62437321.59798514,844.7498665902764
D3,uswc_compound_30pct_delay_168h,20260920,4,62459291.33975198,844.7143939524635
D3,uswc_compound_30pct_delay_168h,20260921,1,62854517.49882796,844.3495548305752
D3,uswc_compound_30pct_delay_168h,20260922,1,62061968.885885864,844.914073114705
D3,uswc_compound_30pct_delay_168h,20260922,2,62301612.32179206,844.7858798208827
D3,uswc_compound_30pct_delay_168h,20260923,1,63100292.05283361,845.2746731740082
D3,uswc_compound_30pct_delay_168h,20260924,1,62516437.725383066,847.2190519081017
D3,uswc_compound_30pct_delay_168h,20260924,2,62549462.72351653,846.6988565427014
D3,uswc_compound_30pct_delay_168h,20260925,1,63216252.88189158,847.324904827194
D3,uswc_compound_30pct_delay_168h,20260926,1,63072784.595593,846.6949811973301
D3,uswc_compound_30pct_delay_168h,20260926,2,63083577.33718567,846.1179709979423
D3,uswc_compound_30pct_delay_168h,20260926,3,63094623.185696036,845.7291337931739
D3,uswc_compound_30pct_delay_168h,20260926,4,63201054.39969081,845.4256754515343
D3,uswc_compound_30pct_delay_168h,20260927,1,63236714.86272248,845.0300734429959
D3,uswc_compound_30pct_delay_168h,20260927,2,63238719.13544984,844.512689487899
D3,uswc_compound_30pct_delay_168h,20260927,3,63247943.46902725,844.3747622336173
D3,uswc_compound_30pct_delay_168h,20260928,1,62676216.31912579,845.9745612781223
D3,uswc_compound_30pct_delay_168h,20260928,2,62719889.95847945,845.6950674474584
D3,uswc_compound_30pct_delay_168h,20260929,1,63489362.33313404,847.5098417002108
D3,uswc_compound_30pct_delay_168h,20260929,2,63492675.10823625,847.3148896770114
D3,uswc_compound_30pct_delay_168h,20260929,3,63637329.9209469,846.812549876103
D3,uswc_compound_30pct_delay_168h,20260930,1,63475771.37306166,847.759575631926
D3,uswc_compound_30pct_delay_168h,20260930,2,63478271.20082156,846.1841695797796
D3,uswc_compound_30pct_delay_168h,20260930,3,63609922.66381504,846.151440866391
D3,uswc_compound_30pct_delay_168h,20260930,4,63626921.63101235,845.9172817533606
D3,uswc_compound_30pct_delay_168h,20260930,5,63853673.70510113,845.7903673134736
D3,uswc_compound_30pct_delay_168h,20260931,1,62770236.77400751,846.262504814589
D3,uswc_compound_30pct_delay_168h,20260931,2,62822209.12373139,844.9462008787315
D3,uswc_compound_30pct_delay_168h,20260932,1,63330616.098807015,845.6654054616216
D3,uswc_compound_30pct_delay_168h,20260932,2,63386959.86271085,845.5733553157393
D3,uswc_compound_30pct_delay_168h,20260932,3,63408505.53420881,845.2970628688979
D3,uswc_compound_30pct_delay_168h,20260932,4,63410928.596094504,845.1138633415649
D3,uswc_compound_30pct_delay_168h,20260933,1,62361524.783435546,844.6344266837806
D3,uswc_compound_30pct_delay_168h,20260934,1,62601342.33212577,845.4942047731107
D3,uswc_compound_30pct_delay_168h,20260934,2,62684780.39868918,845.0512888124414
D3,uswc_compound_30pct_delay_168h,20260934,3,62740284.31650281,844.9712280548886
D3,uswc_compound_30pct_delay_168h,20260934,4,63046511.113784656,844.7389374070883
D3,uswc_compound_30pct_delay_168h,20260935,1,63145138.891629286,845.3349833670121
D3,uswc_compound_30pct_delay_168h,20260935,2,63186414.830308564,845.173389804057
D3,uswc_compound_40pct_delay_168h,20260906,1,59303252.33533,828.6651044546575
D3,uswc_compound_40pct_delay_168h,20260907,1,59112219.43657531,829.9331241411505
D3,uswc_compound_40pct_delay_168h,20260907,2,59168654.23888418,828.0724706973266
D3,uswc_compound_40pct_delay_168h,20260907,3,59171798.6433562,827.5263096238679
D3,uswc_compound_40pct_delay_168h,20260907,4,59302412.4906155,827.4533886088303
D3,uswc_compound_40pct_delay_168h,20260908,1,59248583.04253774,829.890149744766
D3,uswc_compound_40pct_delay_168h,20260909,1,59591701.40755677,830.1551197985908
D3,uswc_compound_40pct_delay_168h,20260909,2,59627598.925290115,830.1132061508167
D3,uswc_compound_40pct_delay_168h,20260909,3,60004819.923173174,829.3442779943724
D3,uswc_compound_40pct_delay_168h,20260910,1,58212261.82030078,827.8103257131982
D3,uswc_compound_40pct_delay_168h,20260910,2,58811118.002295665,827.4303757592282
D3,uswc_compound_40pct_delay_168h,20260911,1,59086343.58243368,832.2123943835733
D3,uswc_compound_40pct_delay_168h,20260911,2,59100705.28234449,830.7975970266544
D3,uswc_compound_40pct_delay_168h,20260911,3,59453793.31463949,830.5714859094986
D3,uswc_compound_40pct_delay_168h,20260912,1,59094953.867121875,830.8364523910362
D3,uswc_compound_40pct_delay_168h,20260912,2,59190200.6303804,830.389949558803
D3,uswc_compound_40pct_delay_168h,20260912,3,59195240.458317615,830.2390736264327
D3,uswc_compound_40pct_delay_168h,20260912,4,59284989.59573127,829.6281244697503
D3,uswc_compound_40pct_delay_168h,20260913,1,58237874.53498819,827.989442260824
D3,uswc_compound_40pct_delay_168h,20260914,1,59483044.597584784,829.2746358652162
D3,uswc_compound_40pct_delay_168h,20260914,2,59625511.63347958,829.1417786812029
D3,uswc_compound_40pct_delay_168h,20260914,3,59656980.44124246,829.1149409175995
D3,uswc_compound_40pct_delay_168h,20260914,4,59662798.930637285,828.9807915028755
D3,uswc_compound_40pct_delay_168h,20260914,5,59678205.91511148,828.8866927920286
D3,uswc_compound_40pct_delay_168h,20260914,6,59698886.59405799,828.3555134626
D3,uswc_compound_40pct_delay_168h,20260915,1,59151851.68709438,830.4926566826038
D3,uswc_compound_40pct_delay_168h,20260915,2,59189019.98086569,830.224131683162
D3,uswc_compound_40pct_delay_168h,20260916,1,59109563.829216175,830.5592215457159
D3,uswc_compound_40pct_delay_168h,20260916,2,59230219.06474076,830.5232108920452
D3,uswc_compound_40pct_delay_168h,20260916,3,59234331.7621634,830.4980226638563
D3,uswc_compound_40pct_delay_168h,20260916,4,59242331.82042301,830.0671645344358
D3,uswc_compound_40pct_delay_168h,20260917,1,59433630.42769104,828.604776109512
D3,uswc_compound_40pct_delay_168h,20260917,2,59460188.40277642,828.3460815198079
D3,uswc_compound_40pct_delay_168h,20260917,3,59578462.50844118,827.1603730223916
D3,uswc_compound_40pct_delay_168h,20260918,1,58993931.969637506,829.8716395536657
D3,uswc_compound_40pct_delay_168h,20260919,1,59774758.10609553,830.4772870833999
D3,uswc_compound_40pct_delay_168h,20260919,2,59917535.965603754,830.3491597322846
D3,uswc_compound_40pct_delay_168h,20260919,3,59939584.159144,830.3004769755308
D3,uswc_compound_40pct_delay_168h,20260920,1,59021466.70721768,830.9278362455252
D3,uswc_compound_40pct_delay_168h,20260921,1,58734735.64369052,827.8806654323693
D3,uswc_compound_40pct_delay_168h,20260922,1,58840000.96236081,829.6221318896456
D3,uswc_compound_40pct_delay_168h,20260922,2,59358219.040156044,829.5596869929354
D3,uswc_compound_40pct_delay_168h,20260923,1,58657760.927555524,830.7284495273377
D3,uswc_compound_40pct_delay_168h,20260923,2,58718202.56488749,830.2825777314953
D3,uswc_compound_40pct_delay_168h,20260924,1,59158937.02887726,832.4164399536463
D3,uswc_compound_40pct_delay_168h,20260924,2,59219365.41784038,831.6225495866807
D3,uswc_compound_40pct_delay_168h,20260924,3,59288216.83783039,830.4433370885635
D3,uswc_compound_40pct_delay_168h,20260924,4,59407075.180578135,830.1309326206858
D3,uswc_compound_40pct_delay_168h,20260925,1,58077654.25760909,826.8863779125401
D3,uswc_compound_40pct_delay_168h,20260925,2,58123975.66705788,826.6778711085142
D3,uswc_compound_40pct_delay_168h,20260926,1,59284536.91074473,831.6488090340472
D3,uswc_compound_40pct_delay_168h,20260926,2,59306609.8414973,830.7061904456382
D3,uswc_compound_40pct_delay_168h,20260926,3,59385401.40187859,829.8592004264377
D3,uswc_compound_40pct_delay_168h,20260927,1,59018537.684384674,827.3981418023923
D3,uswc_compound_40pct_delay_168h,20260927,2,59088261.423256196,827.3564116295887
D3,uswc_compound_40pct_delay_168h,20260927,3,59088757.455225185,827.0252293421229
D3,uswc_compound_40pct_delay_168h,20260927,4,59095807.83256295,827.0181533250149
D3,uswc_compound_40pct_delay_168h,20260928,1,58438162.83129589,829.2018547866672
D3,uswc_compound_40pct_delay_168h,20260928,2,58478837.19051124,828.9171922144748
D3,uswc_compound_40pct_delay_168h,20260928,3,58478893.03031158,828.8981018624378
D3,uswc_compound_40pct_delay_168h,20260928,4,58643099.21477591,828.8622100757076
D3,uswc_compound_40pct_delay_168h,20260928,5,58765702.239110075,828.7184449919415
D3,uswc_compound_40pct_delay_168h,20260929,1,58756087.38878816,829.4491248245931
D3,uswc_compound_40pct_delay_168h,20260929,2,59006815.998238996,829.2618709380836
D3,uswc_compound_40pct_delay_168h,20260929,3,59033629.914758325,829.1984968967089
D3,uswc_compound_40pct_delay_168h,20260930,1,59069242.716306,829.1305830050992
D3,uswc_compound_40pct_delay_168h,20260930,2,59112987.8727909,828.9089711567065
D3,uswc_compound_40pct_delay_168h,20260930,3,59117453.07179198,828.63574613036
D3,uswc_compound_40pct_delay_168h,20260931,1,60478988.647341914,830.4824420920752
D3,uswc_compound_40pct_delay_168h,20260931,2,60616209.17428711,829.1061080785778
D3,uswc_compound_40pct_delay_168h,20260932,1,59399970.17589544,829.7910661437467
D3,uswc_compound_40pct_delay_168h,20260932,2,59444124.30407454,829.214561838478
D3,uswc_compound_40pct_delay_168h,20260932,3,59465368.064929195,828.8931366032577
D3,uswc_compound_40pct_delay_168h,20260933,1,59140787.58386325,831.2965121939125
D3,uswc_compound_40pct_delay_168h,20260933,2,59252157.78738601,831.1928729530772
D3,uswc_compound_40pct_delay_168h,20260934,1,58710868.15739477,827.7066380145332
D3,uswc_compound_40pct_delay_168h,20260935,1,58621209.70372692,828.4387310512884
D3,uswc_compound_40pct_delay_168h,20260935,2,58781021.79531257,828.2007193889912
D3,uswc_compound_40pct_delay_168h,20260935,3,58832439.746014506,827.9451743945923
D3,uswc_departure_delay_240h,20260906,1,69661510.52293095,857.3286444079957
D3,uswc_departure_delay_240h,20260906,2,69728319.9918603,857.3142011037827
D3,uswc_departure_delay_240h,20260907,1,69453253.6704228,857.7634196270423
D3,uswc_departure_delay_240h,20260907,2,69633405.55980706,857.704125328771
D3,uswc_departure_delay_240h,20260907,3,69651507.12171127,857.4331263500449
D3,uswc_departure_delay_240h,20260908,1,69869571.8970412,857.5432328686882
D3,uswc_departure_delay_240h,20260908,2,69881943.91314827,857.3402667566231
D3,uswc_departure_delay_240h,20260908,3,69891639.16812192,857.2848383146381
D3,uswc_departure_delay_240h,20260908,4,69986357.69468527,857.2816614460539
D3,uswc_departure_delay_240h,20260909,1,69915912.28529699,857.6804163791744
D3,uswc_departure_delay_240h,20260909,2,69989226.49527434,857.6767460774437
D3,uswc_departure_delay_240h,20260910,1,69397927.7433726,857.8522428565792
D3,uswc_departure_delay_240h,20260910,2,69448062.57057892,857.3678432121045
D3,uswc_departure_delay_240h,20260911,1,69608541.08613937,857.1947239508953
D3,uswc_departure_delay_240h,20260911,2,69608734.12115683,857.1759504237017
D3,uswc_departure_delay_240h,20260911,3,69649942.42162697,857.1340964380777
D3,uswc_departure_delay_240h,20260912,1,69662938.39408495,857.7090323291078
D3,uswc_departure_delay_240h,20260912,2,69667638.0065614,857.6778086691812
D3,uswc_departure_delay_240h,20260912,3,69676635.23192781,857.6403942946287
D3,uswc_departure_delay_240h,20260912,4,69722208.63839787,857.6365125593037
D3,uswc_departure_delay_240h,20260912,5,69770540.39633682,857.603835085996
D3,uswc_departure_delay_240h,20260912,6,69784102.02402098,857.4860934213652
D3,uswc_departure_delay_240h,20260912,7,69789858.33414091,857.474967687475
D3,uswc_departure_delay_240h,20260912,8,69880945.73224328,857.4667519606322
D3,uswc_departure_delay_240h,20260913,1,69548645.10971068,856.9880451871251
D3,uswc_departure_delay_240h,20260914,1,69827765.53202243,857.5333142763205
D3,uswc_departure_delay_240h,20260915,1,70083580.47056176,858.6230209725114
D3,uswc_departure_delay_240h,20260915,2,70123575.39957023,857.538978361498
D3,uswc_departure_delay_240h,20260915,3,70212655.92399612,857.4774700475922
D3,uswc_departure_delay_240h,20260916,1,69923601.34849976,857.7567684566234
D3,uswc_departure_delay_240h,20260916,2,69925950.77039604,857.6923309637888
D3,uswc_departure_delay_240h,20260916,3,69943738.90457974,857.6396144823185
D3,uswc_departure_delay_240h,20260916,4,69946979.33848669,857.5133153657231
D3,uswc_departure_delay_240h,20260916,5,69990367.6895638,857.5021140676323
D3,uswc_departure_delay_240h,20260916,6,70083692.93860964,857.4276367817034
D3,uswc_departure_delay_240h,20260917,1,70131005.26158589,857.9790403767443
D3,uswc_departure_delay_240h,20260917,2,70142814.36236411,857.8744046167246
D3,uswc_departure_delay_240h,20260917,3,70228505.68045032,857.7459636573097
D3,uswc_departure_delay_240h,20260917,4,70255082.97126497,857.6710762727866
D3,uswc_departure_delay_240h,20260918,1,69838349.73561716,858.5650020453269
D3,uswc_departure_delay_240h,20260918,2,69896819.82580572,858.211893064046
D3,uswc_departure_delay_240h,20260919,1,69526528.63350789,857.3376082436395
D3,uswc_departure_delay_240h,20260919,2,69552648.71346106,857.1910989387368
D3,uswc_departure_delay_240h,20260919,3,69552657.17038202,857.1512062048097
D3,uswc_departure_delay_240h,20260919,4,69577050.47826934,856.947942354001
D3,uswc_departure_delay_240h,20260919,5,69618689.00742748,856.937508539805
D3,uswc_departure_delay_240h,20260920,1,69859243.68896006,857.50530583853
D3,uswc_departure_delay_240h,20260920,2,69896502.38130346,857.2376118812218
D3,uswc_departure_delay_240h,20260920,3,69951402.98836018,857.2273039205317
D3,uswc_departure_delay_240h,20260920,4,69972283.7888056,857.115134027269
D3,uswc_departure_delay_240h,20260920,5,70016207.58023898,856.9811771727759
D3,uswc_departure_delay_240h,20260921,1,69600874.97619231,857.7658027931915
D3,uswc_departure_delay_240h,20260921,2,69624062.26799443,857.7319966513033
D3,uswc_departure_delay_240h,20260921,3,69627303.1074293,857.7025403892123
D3,uswc_departure_delay_240h,20260921,4,69630168.23844117,857.6901017265164
D3,uswc_departure_delay_240h,20260921,5,69639599.51697528,857.4384183900019
D3,uswc_departure_delay_240h,20260922,1,69321736.3166114,857.691700546543
D3,uswc_departure_delay_240h,20260922,2,69347877.45034611,857.5982035741346
D3,uswc_departure_delay_240h,20260922,3,69366026.3920742,857.3247285557314
D3,uswc_departure_delay_240h,20260922,4,69447712.68623841,857.1069352632139
D3,uswc_departure_delay_240h,20260923,1,69981709.28326027,857.2534583623567
D3,uswc_departure_delay_240h,20260923,2,69987565.92319229,857.1976262484079
D3,uswc_departure_delay_240h,20260923,3,69998609.42010938,857.1851357908362
D3,uswc_departure_delay_240h,20260923,4,70022289.94216122,857.1593037744791
D3,uswc_departure_delay_240h,20260923,5,70095964.75605452,857.0797307312563
D3,uswc_departure_delay_240h,20260923,6,70121931.41554941,857.0290963167453
D3,uswc_departure_delay_240h,20260924,1,69814676.83778684,857.8561729858641
D3,uswc_departure_delay_240h,20260924,2,70082378.44293775,857.806496476366
D3,uswc_departure_delay_240h,20260925,1,69910136.39246035,858.2261317391025
D3,uswc_departure_delay_240h,20260925,2,69964085.39901198,858.0052420010057
D3,uswc_departure_delay_240h,20260925,3,69964665.50959183,857.9521313423578
D3,uswc_departure_delay_240h,20260925,4,70012866.28722894,857.9450376537948
D3,uswc_departure_delay_240h,20260925,5,70019859.52964395,857.8730654090925
D3,uswc_departure_delay_240h,20260925,6,70051727.01274101,857.7297228547501
D3,uswc_departure_delay_240h,20260925,7,70058790.55047703,857.607234435669
D3,uswc_departure_delay_240h,20260925,8,70110659.90276143,857.5958488802909
D3,uswc_departure_delay_240h,20260926,1,69793473.56647484,857.6879891421456
D3,uswc_departure_delay_240h,20260926,2,69796060.64549634,857.6520642305658
D3,uswc_departure_delay_240h,20260926,3,69800604.60340287,857.62905059216
D3,uswc_departure_delay_240h,20260926,4,69806856.80499727,857.5363890552724
D3,uswc_departure_delay_240h,20260926,5,69817056.11207236,857.4500693745719
D3,uswc_departure_delay_240h,20260927,1,69916618.21217881,857.5367564481122
D3,uswc_departure_delay_240h,20260927,2,69917082.1654743,857.4599667467323
D3,uswc_departure_delay_240h,20260927,3,70044672.55706388,857.4336388432575
D3,uswc_departure_delay_240h,20260928,1,69658744.49032132,857.3094844383861
D3,uswc_departure_delay_240h,20260929,1,69519308.473355,857.7219085678453
D3,uswc_departure_delay_240h,20260929,2,69573398.24274223,857.4475986015443
D3,uswc_departure_delay_240h,20260930,1,69584088.84155025,857.5990321339558
D3,uswc_departure_delay_240h,20260930,2,69603443.30572426,857.4466289322382
D3,uswc_departure_delay_240h,20260931,1,70084187.75264601,858.5453692870562
D3,uswc_departure_delay_240h,20260931,2,70196449.48973078,857.9075348729191
D3,uswc_departure_delay_240h,20260932,1,69739635.9898684,857.33976529788
D3,uswc_departure_delay_240h,20260933,1,69679237.59667377,858.1563947513081
D3,uswc_departure_delay_240h,20260933,2,69697069.79919857,857.8965982990101
D3,uswc_departure_delay_240h,20260933,3,69723800.50627579,857.5799473236585
D3,uswc_departure_delay_240h,20260933,4,69739489.75016725,857.573700597463
D3,uswc_departure_delay_240h,20260933,5,69748432.0360796,857.5236227924061
D3,uswc_departure_delay_240h,20260934,1,69544924.83639763,857.6826382208487
D3,uswc_departure_delay_240h,20260934,2,69598906.9171332,857.6810126707211
D3,uswc_departure_delay_240h,20260934,3,69612856.31628516,857.6250998829756
D3,uswc_departure_delay_240h,20260934,4,69614083.2558898,857.4828327692787
D3,uswc_departure_delay_240h,20260934,5,69624464.39017925,857.4037248548151
D3,uswc_departure_delay_240h,20260934,6,69640311.51917644,857.38600271325
D3,uswc_departure_delay_240h,20260934,7,69652510.7429071,857.2805361922133
D3,uswc_departure_delay_240h,20260934,8,69654722.99907166,857.1677947915576
D3,uswc_departure_delay_240h,20260935,1,69331518.58542,857.5155524403067
D3,uswc_departure_delay_240h,20260935,2,69340771.9689189,857.4530445072317
D3,uswc_departure_delay_240h,20260935,3,69374763.5916886,857.3954936104471
D3,uswc_departure_delay_240h,20260935,4,69375696.0117962,857.3519451227297
D3,uswc_departure_delay_240h,20260935,5,69375761.07836679,857.2738431754769
D3,uswc_departure_delay_240h,20260935,6,69386677.92166202,857.223065738818
D3,uswc_departure_delay_240h,20260935,7,69405636.1448806,857.1885285277995
D3,uswc_departure_delay_336h,20260906,1,80577455.06559873,908.6792555942602
D3,uswc_departure_delay_336h,20260906,2,80627725.3842909,908.277693289245
D3,uswc_departure_delay_336h,20260906,3,80628889.98712914,908.2004812643461
D3,uswc_departure_delay_336h,20260906,4,80740138.73006758,908.1782970018673
D3,uswc_departure_delay_336h,20260906,5,80806006.69796555,907.9687132453377
D3,uswc_departure_delay_336h,20260906,6,80828865.53319214,907.9060295670819
D3,uswc_departure_delay_336h,20260906,7,80882960.46702512,907.7377973729315
D3,uswc_departure_delay_336h,20260906,8,80996905.90088512,907.7048029600764
D3,uswc_departure_delay_336h,20260906,9,81065254.30339514,907.6212271500426
D3,uswc_departure_delay_336h,20260906,10,81115040.49361904,907.5973452130256
D3,uswc_departure_delay_336h,20260906,11,81117239.80714929,907.5951190198457
D3,uswc_departure_delay_336h,20260906,12,81171890.76510277,907.5597022389377
D3,uswc_departure_delay_336h,20260906,13,81195289.78375764,907.5097861195305
D3,uswc_departure_delay_336h,20260906,14,81290825.43366605,907.4119109393331
D3,uswc_departure_delay_336h,20260907,1,80324813.28741656,908.2486707909729
D3,uswc_departure_delay_336h,20260907,2,80351748.14011355,908.1130463626573
D3,uswc_departure_delay_336h,20260907,3,80397629.0778191,908.0134629913069
D3,uswc_departure_delay_336h,20260907,4,80490892.76237401,907.9680056630741
D3,uswc_departure_delay_336h,20260907,5,80532951.78489901,907.8729834541946
D3,uswc_departure_delay_336h,20260907,6,80632092.43816063,907.8066665889895
D3,uswc_departure_delay_336h,20260907,7,80647413.35183837,907.7788244898245
D3,uswc_departure_delay_336h,20260907,8,80669552.31431922,907.7318060786519
D3,uswc_departure_delay_336h,20260907,9,80799503.70353666,907.5569171791647
D3,uswc_departure_delay_336h,20260908,1,80061384.1100798,908.9486167812163
D3,uswc_departure_delay_336h,20260908,2,80219255.00483541,908.7905978496455
D3,uswc_departure_delay_336h,20260908,3,80253006.97052129,908.6949778031827
D3,uswc_departure_delay_336h,20260908,4,80298038.9612693,908.6024820282526
D3,uswc_departure_delay_336h,20260908,5,80346603.10517488,908.4901852464485
D3,uswc_departure_delay_336h,20260908,6,80361533.04684013,908.4718433345587
D3,uswc_departure_delay_336h,20260908,7,80385028.0026024,908.4631545314023
D3,uswc_departure_delay_336h,20260908,8,80449341.42658119,908.3729053511436
D3,uswc_departure_delay_336h,20260908,9,80611986.2792465,908.3697661908745
D3,uswc_departure_delay_336h,20260909,1,80769923.21992595,909.8003745371961
D3,uswc_departure_delay_336h,20260909,2,80816589.82955135,909.3832714758512
D3,uswc_departure_delay_336h,20260909,3,80822774.33113731,909.3079556458687
D3,uswc_departure_delay_336h,20260909,4,80921938.2928451,909.2725620085818
D3,uswc_departure_delay_336h,20260909,5,80946149.58492632,909.2408422084769
D3,uswc_departure_delay_336h,20260909,6,81013373.60748759,909.1159001154033
D3,uswc_departure_delay_336h,20260909,7,81071187.0218734,908.5399684573473
D3,uswc_departure_delay_336h,20260910,1,80910952.97652176,908.8876804166581
D3,uswc_departure_delay_336h,20260910,2,80962757.13205841,908.7604355888732
D3,uswc_departure_delay_336h,20260910,3,80984826.24129705,908.6167707993827
D3,uswc_departure_delay_336h,20260910,4,81133637.27788001,908.4493901365753
D3,uswc_departure_delay_336h,20260910,5,81145568.04859102,908.3976691556335
D3,uswc_departure_delay_336h,20260910,6,81184557.41396154,908.3030128492568
D3,uswc_departure_delay_336h,20260910,7,81201094.16873232,908.0353052803437
D3,uswc_departure_delay_336h,20260910,8,81253289.68209557,907.8791854712418
D3,uswc_departure_delay_336h,20260911,1,80070773.80157955,907.9844764208049
D3,uswc_departure_delay_336h,20260911,2,80108948.12480228,907.9447372413739
D3,uswc_departure_delay_336h,20260911,3,80249377.57170214,907.707827042202
D3,uswc_departure_delay_336h,20260912,1,80190042.87139072,908.1252929121725
D3,uswc_departure_delay_336h,20260912,2,80230596.98477164,908.0970133703348
D3,uswc_departure_delay_336h,20260912,3,80242941.21412165,908.0375269628238
D3,uswc_departure_delay_336h,20260912,4,80275836.05151631,907.9381256151835
D3,uswc_departure_delay_336h,20260912,5,80315649.65373567,907.8978840356986
D3,uswc_departure_delay_336h,20260912,6,80323460.82006648,907.8036607604082
D3,uswc_departure_delay_336h,20260912,7,80621812.87714665,907.7220719690573
D3,uswc_departure_delay_336h,20260913,1,80332958.63353847,907.9271073084941
D3,uswc_departure_delay_336h,20260913,2,80478804.83025159,907.8849104474313
D3,uswc_departure_delay_336h,20260913,3,80532563.55332811,907.7451203216372
D3,uswc_departure_delay_336h,20260913,4,80633398.72374076,907.715753558388
D3,uswc_departure_delay_336h,20260913,5,80633810.44402993,907.6077267399354
D3,uswc_departure_delay_336h,20260913,6,80703243.34957807,907.6036421493817
D3,uswc_departure_delay_336h,20260913,7,80723146.17424174,907.596654851821
D3,uswc_departure_delay_336h,20260913,8,80737716.09644638,907.5757665542536
D3,uswc_departure_delay_336h,20260913,9,80738699.43383959,907.5571488799294
D3,uswc_departure_delay_336h,20260913,10,80761308.66981585,907.550093333913
D3,uswc_departure_delay_336h,20260914,1,80775858.3827144,908.1405578414126
D3,uswc_departure_delay_336h,20260914,2,80876976.56475975,908.0563650540164
D3,uswc_departure_delay_336h,20260914,3,80912136.86924468,908.0027821244844
D3,uswc_departure_delay_336h,20260914,4,81055497.34380597,907.9678410519011
D3,uswc_departure_delay_336h,20260915,1,80484755.82944196,908.5403565518948
D3,uswc_departure_delay_336h,20260915,2,80511148.6761645,908.5111528102103
D3,uswc_departure_delay_336h,20260915,3,80516472.02819449,908.3880941687927
D3,uswc_departure_delay_336h,20260915,4,80540013.45405893,908.1237835083462
D3,uswc_departure_delay_336h,20260915,5,80562059.43906538,908.0979637389014
D3,uswc_departure_delay_336h,20260915,6,80562561.70793465,908.0665221350185
D3,uswc_departure_delay_336h,20260915,7,80586932.60474855,908.0551382491307
D3,uswc_departure_delay_336h,20260915,8,80653814.58332153,908.0493813697891
D3,uswc_departure_delay_336h,20260915,9,80697854.06151275,907.9793146062501
D3,uswc_departure_delay_336h,20260915,10,80720864.57097705,907.8480829412607
D3,uswc_departure_delay_336h,20260916,1,79934925.57176837,908.4547920581409
D3,uswc_departure_delay_336h,20260916,2,79950864.84822974,908.4100524093303
D3,uswc_departure_delay_336h,20260916,3,79959731.339981,908.4070928725704
D3,uswc_departure_delay_336h,20260916,4,79988149.12667723,908.3971861768764
D3,uswc_departure_delay_336h,20260916,5,79990709.4840369,908.3504457552273
D3,uswc_departure_delay_336h,20260916,6,80007782.67707933,908.2866602176101
D3,uswc_departure_delay_336h,20260916,7,80029176.20243187,908.2051865358522
D3,uswc_departure_delay_336h,20260916,8,80085600.24626945,908.1092474787536
D3,uswc_departure_delay_336h,20260916,9,80131137.73949224,908.0591925947679
D3,uswc_departure_delay_336h,20260916,10,80190643.59343277,907.9457956220806
D3,uswc_departure_delay_336h,20260916,11,80318899.14019717,907.8592667706936
D3,uswc_departure_delay_336h,20260916,12,80511228.11181976,907.7798987370385
D3,uswc_departure_delay_336h,20260916,13,80591516.77217855,907.5840909075558
D3,uswc_departure_delay_336h,20260917,1,80287475.43663791,908.1835881696857
D3,uswc_departure_delay_336h,20260917,2,80375609.97902972,908.0707221905029
D3,uswc_departure_delay_336h,20260917,3,80436813.93593697,907.975988154797
D3,uswc_departure_delay_336h,20260917,4,80451122.0047663,907.9250820276338
D3,uswc_departure_delay_336h,20260917,5,80454427.0499757,907.9089701809869
D3,uswc_departure_delay_336h,20260917,6,80479710.713885,907.9000712576307
D3,uswc_departure_delay_336h,20260917,7,80494618.07142413,907.8789033402197
D3,uswc_departure_delay_336h,20260917,8,80497772.62268423,907.8722381641685
D3,uswc_departure_delay_336h,20260917,9,80547806.09518701,907.8454291551371
D3,uswc_departure_delay_336h,20260917,10,80567569.05076255,907.7934005235109
D3,uswc_departure_delay_336h,20260917,11,80568275.55992731,907.770012462616
D3,uswc_departure_delay_336h,20260917,12,80602317.19936635,907.7192323336
D3,uswc_departure_delay_336h,20260917,13,80614223.37505984,907.7068722554301
D3,uswc_departure_delay_336h,20260917,14,80626210.64576168,907.6223707157345
D3,uswc_departure_delay_336h,20260917,15,80681057.61874117,907.5826804462675
D3,uswc_departure_delay_336h,20260917,16,80787275.94278502,907.4485158156523
D3,uswc_departure_delay_336h,20260917,17,80859659.1453723,907.4473512680898
D3,uswc_departure_delay_336h,20260918,1,80462625.1585394,909.0699930787841
D3,uswc_departure_delay_336h,20260918,2,80509899.94793665,909.0060030118185
D3,uswc_departure_delay_336h,20260918,3,80513094.86441852,908.9175772433617
D3,uswc_departure_delay_336h,20260918,4,80547770.49456236,908.6187365014314
D3,uswc_departure_delay_336h,20260918,5,80636436.38477644,908.523807125429
D3,uswc_departure_delay_336h,20260918,6,80649040.49277075,908.4036849186588
D3,uswc_departure_delay_336h,20260918,7,80679927.0390336,908.3750720989565
D3,uswc_departure_delay_336h,20260918,8,80698577.5575149,908.3542507012803
D3,uswc_departure_delay_336h,20260918,9,80701088.24844928,908.3312710431939
D3,uswc_departure_delay_336h,20260918,10,80733731.93484916,908.297195313259
D3,uswc_departure_delay_336h,20260918,11,80798338.41230914,908.1379016401039
D3,uswc_departure_delay_336h,20260919,1,80137785.3178984,908.353041902755
D3,uswc_departure_delay_336h,20260919,2,80169824.32168011,908.1623741086077
D3,uswc_departure_delay_336h,20260919,3,80173104.9769346,908.1460304971971
D3,uswc_departure_delay_336h,20260919,4,80180385.85536754,908.1388846357528
D3,uswc_departure_delay_336h,20260919,5,80202438.02984983,907.9296458014162
D3,uswc_departure_delay_336h,20260919,6,80231827.91096413,907.9209730982218
D3,uswc_departure_delay_336h,20260919,7,80248409.03481267,907.9179873601399
D3,uswc_departure_delay_336h,20260919,8,80286882.38860366,907.911907379866
D3,uswc_departure_delay_336h,20260919,9,80291593.8248684,907.813370176053
D3,uswc_departure_delay_336h,20260919,10,80354254.38159588,907.7569521154985
D3,uswc_departure_delay_336h,20260919,11,80359708.28346822,907.6840417497683
D3,uswc_departure_delay_336h,20260919,12,80502417.7998036,907.6318751268165
D3,uswc_departure_delay_336h,20260919,13,80533946.79145342,907.5365254288906
D3,uswc_departure_delay_336h,20260919,14,80590290.40263347,907.4232338543778
D3,uswc_departure_delay_336h,20260919,15,80598483.0499644,907.4029796765428
D3,uswc_departure_delay_336h,20260920,1,80166966.54256146,907.7768614480078
D3,uswc_departure_delay_336h,20260920,2,80168394.74675831,907.6583302235989
D3,uswc_departure_delay_336h,20260920,3,80251621.016725,907.597113475254
D3,uswc_departure_delay_336h,20260920,4,80280536.82177864,907.4823744527332
D3,uswc_departure_delay_336h,20260920,5,80320657.88695563,907.3638876375214
D3,uswc_departure_delay_336h,20260920,6,80347012.94887862,907.338482628935
D3,uswc_departure_delay_336h,20260920,7,80373253.53758204,907.3302234509017
D3,uswc_departure_delay_336h,20260920,8,80388621.28474596,907.2685931164503
D3,uswc_departure_delay_336h,20260920,9,80423482.75136301,907.2304727795042
D3,uswc_departure_delay_336h,20260920,10,80432434.45150714,907.2109004823901
D3,uswc_departure_delay_336h,20260920,11,80500283.38158712,907.1426740908527
D3,uswc_departure_delay_336h,20260921,1,80759824.56341553,909.0676147375922
D3,uswc_departure_delay_336h,20260921,2,80840945.26948522,908.9681736548794
D3,uswc_departure_delay_336h,20260921,3,80853117.86196484,908.9566554352014
D3,uswc_departure_delay_336h,20260921,4,80867563.8310842,908.9070271560865
D3,uswc_departure_delay_336h,20260921,5,80882579.51158786,908.5682073916815
D3,uswc_departure_delay_336h,20260921,6,80925378.70970017,908.5608916267761
D3,uswc_departure_delay_336h,20260921,7,80980069.86945505,908.5219069935249
D3,uswc_departure_delay_336h,20260921,8,80982018.78637323,908.4969258153274
D3,uswc_departure_delay_336h,20260921,9,80990151.43301968,908.4091299864801
D3,uswc_departure_delay_336h,20260921,10,81069737.16547541,908.2646973011789
D3,uswc_departure_delay_336h,20260921,11,81099521.73317488,908.223627880158
D3,uswc_departure_delay_336h,20260922,1,80566479.24325071,907.7278118727431
D3,uswc_departure_delay_336h,20260922,2,80699584.26273033,907.5799161093086
D3,uswc_departure_delay_336h,20260922,3,80723329.98491563,907.5105014912386
D3,uswc_departure_delay_336h,20260922,4,80726535.39167316,907.4608705969318
D3,uswc_departure_delay_336h,20260922,5,80862055.9599451,907.3886477695856
D3,uswc_departure_delay_336h,20260922,6,80882439.13707507,907.3089837786729
D3,uswc_departure_delay_336h,20260922,7,80889074.45320877,907.1653224789874
D3,uswc_departure_delay_336h,20260922,8,80967920.46966265,907.1609673467799
D3,uswc_departure_delay_336h,20260922,9,81090107.28703626,907.1295905551409
D3,uswc_departure_delay_336h,20260922,10,81104842.31199595,907.0820534908645
D3,uswc_departure_delay_336h,20260922,11,81156963.47969413,907.0137457679245
D3,uswc_departure_delay_336h,20260923,1,80746913.72414678,908.7808247116379
D3,uswc_departure_delay_336h,20260923,2,80782264.49237618,908.4432442213788
D3,uswc_departure_delay_336h,20260923,3,80985411.68553956,908.2440050194168
D3,uswc_departure_delay_336h,20260923,4,80994648.8196385,907.9851638161579
D3,uswc_departure_delay_336h,20260923,5,81064526.26977661,907.9124575944043
D3,uswc_departure_delay_336h,20260924,1,80138067.41971286,908.7832156062823
D3,uswc_departure_delay_336h,20260924,2,80245225.58669457,908.6593280000244
D3,uswc_departure_delay_336h,20260924,3,80252033.01043858,908.6327845619575
D3,uswc_departure_delay_336h,20260924,4,80298782.04810695,908.5948441269369
D3,uswc_departure_delay_336h,20260924,5,80323310.18957175,908.5268867939814
D3,uswc_departure_delay_336h,20260924,6,80365139.16867714,908.5177331976419
D3,uswc_departure_delay_336h,20260924,7,80385606.0915813,908.386121155871
D3,uswc_departure_delay_336h,20260924,8,80421897.14100604,908.2138308715482
D3,uswc_departure_delay_336h,20260924,9,80579304.83859792,908.2050795971536
D3,uswc_departure_delay_336h,20260924,10,80582372.7860361,908.0082660373059
D3,uswc_departure_delay_336h,20260925,1,80579410.7392249,908.5977202450707
D3,uswc_departure_delay_336h,20260925,2,80660595.31645662,908.4102941299434
D3,uswc_departure_delay_336h,20260925,3,80737788.69364348,908.3964413406879
D3,uswc_departure_delay_336h,20260925,4,80775451.55287072,908.2891446127181
D3,uswc_departure_delay_336h,20260925,5,80780126.0093551,908.2397469925819
D3,uswc_departure_delay_336h,20260925,6,80812536.39549707,908.2066879941725
D3,uswc_departure_delay_336h,20260925,7,80846276.8191548,908.1784289804674
D3,uswc_departure_delay_336h,20260925,8,80867793.55804111,908.1016948467925
D3,uswc_departure_delay_336h,20260925,9,80887506.93791753,908.0798820797489
D3,uswc_departure_delay_336h,20260926,1,80172712.84213026,907.5626858756405
D3,uswc_departure_delay_336h,20260926,2,80363664.24712741,907.5596280690486
D3,uswc_departure_delay_336h,20260926,3,80395992.04822059,907.3476816718152
D3,uswc_departure_delay_336h,20260926,4,80421460.13352932,907.1890507567657
D3,uswc_departure_delay_336h,20260926,5,80469828.210871,907.1874385936835
D3,uswc_departure_delay_336h,20260926,6,80502685.05359764,907.1432044910312
D3,uswc_departure_delay_336h,20260926,7,80512953.87932616,907.1122364794261
D3,uswc_departure_delay_336h,20260926,8,80520834.6139036,907.023502736171
D3,uswc_departure_delay_336h,20260926,9,80584158.89848281,907.0142970197486
D3,uswc_departure_delay_336h,20260926,10,80632984.00253472,906.9497368168461
D3,uswc_departure_delay_336h,20260926,11,80644554.14436238,906.9425170379903
D3,uswc_departure_delay_336h,20260926,12,80649046.80211227,906.7543209703651
D3,uswc_departure_delay_336h,20260927,1,80065159.18497898,908.3239332745276
D3,uswc_departure_delay_336h,20260927,2,80106811.55521335,908.1184004562297
D3,uswc_departure_delay_336h,20260927,3,80109353.89405887,907.9774501489267
D3,uswc_departure_delay_336h,20260927,4,80147046.1640116,907.9072485694572
D3,uswc_departure_delay_336h,20260927,5,80147752.47043194,907.9034716714098
D3,uswc_departure_delay_336h,20260927,6,80193165.30608815,907.786730243771
D3,uswc_departure_delay_336h,20260927,7,80230300.62248278,907.7793887674353
D3,uswc_departure_delay_336h,20260927,8,80289626.6450543,907.7325467092671
D3,uswc_departure_delay_336h,20260927,9,80342313.53052936,907.7060673055785
D3,uswc_departure_delay_336h,20260927,10,80384091.89500676,907.5627174006632
D3,uswc_departure_delay_336h,20260927,11,80425602.26375964,907.4203516064077
D3,uswc_departure_delay_336h,20260928,1,80390751.908606,908.513791519461
D3,uswc_departure_delay_336h,20260928,2,80406845.685621,907.7722144279767
D3,uswc_departure_delay_336h,20260928,3,80440980.38147722,907.6279823250293
D3,uswc_departure_delay_336h,20260928,4,80462108.44216457,907.5467946109302
D3,uswc_departure_delay_336h,20260928,5,80490466.90276429,907.5311494682778
D3,uswc_departure_delay_336h,20260928,6,80517773.36340342,907.5283641683247
D3,uswc_departure_delay_336h,20260928,7,80526657.99016437,907.4802774025662
D3,uswc_departure_delay_336h,20260928,8,80548767.38699053,907.4747079840608
D3,uswc_departure_delay_336h,20260928,9,80565332.0323884,907.4205683936518
D3,uswc_departure_delay_336h,20260928,10,80566956.26465148,907.4109265851614
D3,uswc_departure_delay_336h,20260928,11,80568299.32057726,907.3964427873926
D3,uswc_departure_delay_336h,20260928,12,80581297.62872595,907.374594095369
D3,uswc_departure_delay_336h,20260928,13,80603355.2005963,907.3613242494653
D3,uswc_departure_delay_336h,20260928,14,80612456.87528537,907.2965309121564
D3,uswc_departure_delay_336h,20260928,15,80632016.6968609,907.2350317250234
D3,uswc_departure_delay_336h,20260928,16,80646899.5894729,907.2247492354702
D3,uswc_departure_delay_336h,20260928,17,80660237.16406669,907.2098992519869
D3,uswc_departure_delay_336h,20260928,18,80674595.1328379,907.208709971952
D3,uswc_departure_delay_336h,20260928,19,80683078.3244424,907.1751136132859
D3,uswc_departure_delay_336h,20260929,1,80955080.80619158,907.822924722018
D3,uswc_departure_delay_336h,20260929,2,81003274.22564696,907.6429724912574
D3,uswc_departure_delay_336h,20260929,3,81009221.17534518,907.628644980473
D3,uswc_departure_delay_336h,20260929,4,81011687.18588799,907.6237199094165
D3,uswc_departure_delay_336h,20260929,5,81034879.75388764,907.568330175965
D3,uswc_departure_delay_336h,20260929,6,81062957.50277047,907.4885980427897
D3,uswc_departure_delay_336h,20260929,7,81081622.83921303,907.4540161279535
D3,uswc_departure_delay_336h,20260929,8,81104114.63608798,907.4222737021219
D3,uswc_departure_delay_336h,20260929,9,81108937.24155913,907.4134338252421
D3,uswc_departure_delay_336h,20260929,10,81121251.0432596,907.3643455332784
D3,uswc_departure_delay_336h,20260929,11,81164533.39279425,907.3622051548914
D3,uswc_departure_delay_336h,20260929,12,81171166.71542674,907.3492603989215
D3,uswc_departure_delay_336h,20260929,13,81177241.39355986,907.2891530517034
D3,uswc_departure_delay_336h,20260929,14,81178953.8807854,907.2590342557726
D3,uswc_departure_delay_336h,20260929,15,81181037.51777552,907.241798835285
D3,uswc_departure_delay_336h,20260929,16,81181643.25874731,907.234787103248
D3,uswc_departure_delay_336h,20260929,17,81214563.63754639,907.2192829738017
D3,uswc_departure_delay_336h,20260929,18,81217645.9503329,907.180647080726
D3,uswc_departure_delay_336h,20260929,19,81250656.83675745,907.141138006628
D3,uswc_departure_delay_336h,20260929,20,81258859.86547431,907.1020264889255
D3,uswc_departure_delay_336h,20260929,21,81259586.29788958,907.0926244332285
D3,uswc_departure_delay_336h,20260929,22,81299821.9070558,907.0560973299603
D3,uswc_departure_delay_336h,20260929,23,81333080.81283134,906.9971041764386
D3,uswc_departure_delay_336h,20260929,24,81342920.6467198,906.9637577593334
D3,uswc_departure_delay_336h,20260929,25,81382164.36311784,906.8907546666503
D3,uswc_departure_delay_336h,20260930,1,80388008.9598551,909.0343948354897
D3,uswc_departure_delay_336h,20260930,2,80588314.9500434,909.0144139507123
D3,uswc_departure_delay_336h,20260930,3,80614593.75512518,908.9169661890239
D3,uswc_departure_delay_336h,20260930,4,80772699.29034454,908.7449717704303
D3,uswc_departure_delay_336h,20260930,5,80796290.95611365,908.5984833952151
D3,uswc_departure_delay_336h,20260930,6,80863133.97131969,908.429776323781
D3,uswc_departure_delay_336h,20260931,1,80040967.84216295,907.7335767915063
D3,uswc_departure_delay_336h,20260931,2,80044625.95192768,907.721693287879
D3,uswc_departure_delay_336h,20260931,3,80064427.9876343,907.5521560529822
D3,uswc_departure_delay_336h,20260931,4,80127345.07297044,907.4637072438311
D3,uswc_departure_delay_336h,20260931,5,80162676.47343864,907.4362153677499
D3,uswc_departure_delay_336h,20260931,6,80171843.86671077,907.4138766694688
D3,uswc_departure_delay_336h,20260931,7,80181351.69365498,907.3703457111976
D3,uswc_departure_delay_336h,20260931,8,80236254.58181965,907.3534501964997
D3,uswc_departure_delay_336h,20260931,9,80246197.8624595,907.3502871307759
D3,uswc_departure_delay_336h,20260931,10,80281565.68250093,907.2928003233318
D3,uswc_departure_delay_336h,20260931,11,80298694.18154535,907.2152354546166
D3,uswc_departure_delay_336h,20260931,12,80307310.47376257,907.1159572287914
D3,uswc_departure_delay_336h,20260931,13,80385324.01506938,906.974013376563
D3,uswc_departure_delay_336h,20260932,1,80468073.4122978,908.478205663365
D3,uswc_departure_delay_336h,20260932,2,80478076.37439248,908.4545461846056
D3,uswc_departure_delay_336h,20260932,3,80509701.0711463,908.2555784922142
D3,uswc_departure_delay_336h,20260932,4,80640770.6484121,908.16531647242
D3,uswc_departure_delay_336h,20260932,5,80674299.42672414,908.0172893218004
D3,uswc_departure_delay_336h,20260932,6,80708878.07574102,907.9691780473985
D3,uswc_departure_delay_336h,20260933,1,80528864.46011014,908.1289826513956
D3,uswc_departure_delay_336h,20260933,2,80576747.7083147,908.1239620191383
D3,uswc_departure_delay_336h,20260933,3,80596512.82221633,908.1156315760908
D3,uswc_departure_delay_336h,20260933,4,80614970.22300826,908.0068172790059
D3,uswc_departure_delay_336h,20260933,5,80624016.68542506,907.9801131162095
D3,uswc_departure_delay_336h,20260933,6,80674974.55774601,907.9209323923787
D3,uswc_departure_delay_336h,20260933,7,80682688.90393485,907.8883258940348
D3,uswc_departure_delay_336h,20260933,8,80718221.57964689,907.8748513109481
D3,uswc_departure_delay_336h,20260933,9,80739009.47458705,907.861842556775
D3,uswc_departure_delay_336h,20260933,10,80743258.11172394,907.8319353494288
D3,uswc_departure_delay_336h,20260933,11,80752491.75482874,907.7807612985616
D3,uswc_departure_delay_336h,20260934,1,80693735.98020418,908.6321791624129
D3,uswc_departure_delay_336h,20260934,2,80792503.33645037,908.6186414608196
D3,uswc_departure_delay_336h,20260934,3,80856856.93247709,908.4233882356427
D3,uswc_departure_delay_336h,20260934,4,80859839.88928418,908.1306905901467
D3,uswc_departure_delay_336h,20260934,5,80883061.57483827,908.0747310411438
D3,uswc_departure_delay_336h,20260934,6,80928650.85853028,907.8912849067242
D3,uswc_departure_delay_336h,20260934,7,81041042.28496289,907.7634984606058
D3,uswc_departure_delay_336h,20260934,8,81050630.55659121,907.7527444001532
D3,uswc_departure_delay_336h,20260934,9,81241938.71407914,907.7235673032244
D3,uswc_departure_delay_336h,20260935,1,80730608.33513862,908.7613598544
D3,uswc_departure_delay_336h,20260935,2,80766532.5435052,907.8988770558353
D3,uswc_departure_delay_336h,20260935,3,80863344.21515262,907.84910614761
D3,uswc_departure_delay_336h,20260935,4,80898481.67217864,907.7857246354048
D3,uswc_departure_delay_336h,20260935,5,80965225.36759368,907.5984941980329
D3,uswc_departure_delay_336h,20260935,6,80983787.83625935,907.5166262423746
D3,uswc_departure_delay_336h,20260935,7,81019451.62525192,907.4637129096443
D3,uswc_port_capacity_675pct,20260906,1,26955652.779690105,657.8279666227121
D3,uswc_port_capacity_675pct,20260906,2,27024278.113700148,657.3789516981531
D3,uswc_port_capacity_675pct,20260906,3,27038621.795595974,657.2626435764276
D3,uswc_port_capacity_675pct,20260906,4,27043445.698660146,656.3572541967661
D3,uswc_port_capacity_675pct,20260906,5,27064663.27741462,654.0612305789226
D3,uswc_port_capacity_675pct,20260906,6,27079133.570387356,654.0240348231329
D3,uswc_port_capacity_675pct,20260906,7,27101285.088663682,651.6597476800378
D3,uswc_port_capacity_675pct,20260906,8,27157793.432847753,649.605313233048
D3,uswc_port_capacity_675pct,20260906,9,27213275.3385377,649.2429668165547
D3,uswc_port_capacity_675pct,20260906,10,27231580.029452097,648.9121356877255
D3,uswc_port_capacity_675pct,20260906,11,27247042.170970604,648.7539937392193
D3,uswc_port_capacity_675pct,20260906,12,27247186.57516837,647.9228540121492
D3,uswc_port_capacity_675pct,20260906,13,27250684.65996284,647.4762567504714
D3,uswc_port_capacity_675pct,20260906,14,27287014.206773918,646.6123438814335
D3,uswc_port_capacity_675pct,20260906,15,27318377.836723115,646.4037944644432
D3,uswc_port_capacity_675pct,20260906,16,27318898.38749157,646.2937511087968
D3,uswc_port_capacity_675pct,20260906,17,27344551.757196233,646.1184387485075
D3,uswc_port_capacity_675pct,20260906,18,27345405.499916837,645.2234555142079
D3,uswc_port_capacity_675pct,20260906,19,27356190.57695506,645.0880748835826
D3,uswc_port_capacity_675pct,20260906,20,27407490.01035884,644.6239583507985
D3,uswc_port_capacity_675pct,20260906,21,27414370.32471391,643.6750522041143
D3,uswc_port_capacity_675pct,20260906,22,27459418.94383209,642.6082097449593
D3,uswc_port_capacity_675pct,20260906,23,27466139.85460657,642.3012266133067
D3,uswc_port_capacity_675pct,20260906,24,27549316.886693526,642.1057789897894
D3,uswc_port_capacity_675pct,20260906,25,27552365.942534827,641.9632564570204
D3,uswc_port_capacity_675pct,20260906,26,27582027.018591452,641.4986503685229
D3,uswc_port_capacity_675pct,20260906,27,27645426.383470397,641.2805839107654
D3,uswc_port_capacity_675pct,20260906,28,27649092.64851267,641.0910203895377
D3,uswc_port_capacity_675pct,20260906,29,27685664.996373113,640.4999927666751
D3,uswc_port_capacity_675pct,20260906,30,27737956.179421604,640.2191484878599
D3,uswc_port_capacity_675pct,20260906,31,27738159.804932117,640.1640773960308
D3,uswc_port_capacity_675pct,20260906,32,27789374.49612697,639.7801108130026
D3,uswc_port_capacity_675pct,20260906,33,27857243.617600564,639.4868058716364
D3,uswc_port_capacity_675pct,20260906,34,27918367.969065614,639.1624035155619
D3,uswc_port_capacity_675pct,20260906,35,27960350.53957278,639.0794917837821
D3,uswc_port_capacity_675pct,20260907,1,27282521.92726057,656.8823095607778
D3,uswc_port_capacity_675pct,20260907,2,27308944.899692103,654.1969774819079
D3,uswc_port_capacity_675pct,20260907,3,27349620.82649917,647.1549966634725
D3,uswc_port_capacity_675pct,20260907,4,27424955.747855116,645.0524715778763
D3,uswc_port_capacity_675pct,20260907,5,27447850.69924103,644.6378151479763
D3,uswc_port_capacity_675pct,20260907,6,27543118.580050413,643.2942666262817
D3,uswc_port_capacity_675pct,20260907,7,27622600.641891047,643.0854089692987
D3,uswc_port_capacity_675pct,20260907,8,27634469.853991207,641.575748296284
D3,uswc_port_capacity_675pct,20260907,9,27727022.485124502,641.0708321108051
D3,uswc_port_capacity_675pct,20260907,10,27817793.69653812,640.7534693067082
D3,uswc_port_capacity_675pct,20260907,11,27836716.385766733,640.6814909949073
D3,uswc_port_capacity_675pct,20260907,12,27840527.23246289,640.0444337394819
D3,uswc_port_capacity_675pct,20260907,13,27859570.53714638,639.7956113943283
D3,uswc_port_capacity_675pct,20260907,14,27896729.42339977,639.2813596410758
D3,uswc_port_capacity_675pct,20260907,15,27903185.34491707,639.224809224878
D3,uswc_port_capacity_675pct,20260907,16,27904470.35492459,638.8675591071019
D3,uswc_port_capacity_675pct,20260907,17,27918143.970137585,638.7469415880117
D3,uswc_port_capacity_675pct,20260907,18,27995034.446543843,638.44125234172
D3,uswc_port_capacity_675pct,20260907,19,28005719.279719792,638.0821992684218
D3,uswc_port_capacity_675pct,20260907,20,28019774.087607022,637.7023214901257
D3,uswc_port_capacity_675pct,20260907,21,28073638.53508971,637.0169381324255
D3,uswc_port_capacity_675pct,20260907,22,28167251.268844537,636.482329729542
D3,uswc_port_capacity_675pct,20260907,23,28225327.68032669,635.7723236720742
D3,uswc_port_capacity_675pct,20260907,24,28246395.39385688,634.999063543754
D3,uswc_port_capacity_675pct,20260907,25,28358074.526350133,634.9861395750198
D3,uswc_port_capacity_675pct,20260907,26,28362034.662206914,634.7020895725551
D3,uswc_port_capacity_675pct,20260907,27,28458723.674372017,634.4297069152763
D3,uswc_port_capacity_675pct,20260907,28,28468875.73518669,633.5399315102268
D3,uswc_port_capacity_675pct,20260907,29,28675808.413349837,633.3045926958727
D3,uswc_port_capacity_675pct,20260907,30,28718567.879290663,633.0011712506088
D3,uswc_port_capacity_675pct,20260907,31,28758194.00467853,632.7107325329112
D3,uswc_port_capacity_675pct,20260907,32,28788863.657881282,632.0980345536348
D3,uswc_port_capacity_675pct,20260907,33,28883020.367940407,631.5525244167616
D3,uswc_port_capacity_675pct,20260907,34,28933488.01342192,630.9836700595109
D3,uswc_port_capacity_675pct,20260908,1,27261734.348448347,648.8989001031864
D3,uswc_port_capacity_675pct,20260908,2,27314473.530576088,648.0736040073165
D3,uswc_port_capacity_675pct,20260908,3,27319968.74197368,647.3893242095427
D3,uswc_port_capacity_675pct,20260908,4,27335736.341915853,646.4654602175308
D3,uswc_port_capacity_675pct,20260908,5,27406216.18355468,646.1558035743356
D3,uswc_port_capacity_675pct,20260908,6,27411633.553625077,645.549486473503
D3,uswc_port_capacity_675pct,20260908,7,27421102.973241575,645.5210541008513
D3,uswc_port_capacity_675pct,20260908,8,27436398.215600207,644.5523698868295
D3,uswc_port_capacity_675pct,20260908,9,27464867.28105293,644.4862119595625
D3,uswc_port_capacity_675pct,20260908,10,27465092.129622266,644.3903882159962
D3,uswc_port_capacity_675pct,20260908,11,27496625.34808038,644.2580014677893
D3,uswc_port_capacity_675pct,20260908,12,27499267.102862157,644.2029683492194
D3,uswc_port_capacity_675pct,20260908,13,27503653.236894432,643.6596343229453
D3,uswc_port_capacity_675pct,20260908,14,27525361.64027987,642.8731170658215
D3,uswc_port_capacity_675pct,20260908,15,27526660.89556096,642.7355396321211
D3,uswc_port_capacity_675pct,20260908,16,27583044.361948173,641.820774459216
D3,uswc_port_capacity_675pct,20260908,17,27618162.525771752,641.4942428002028
D3,uswc_port_capacity_675pct,20260908,18,27637578.41247329,641.1512491205953
D3,uswc_port_capacity_675pct,20260908,19,27637688.64017213,641.1491310999058
D3,uswc_port_capacity_675pct,20260908,20,27654375.363067407,640.9973006025117
D3,uswc_port_capacity_675pct,20260908,21,27693826.438697703,640.9456107513616
D3,uswc_port_capacity_675pct,20260908,22,27735758.37601688,640.83538347369
D3,uswc_port_capacity_675pct,20260908,23,27772900.432135206,640.3923029448379
D3,uswc_port_capacity_675pct,20260908,24,27793921.275273692,640.3716743486721
D3,uswc_port_capacity_675pct,20260908,25,27799619.471194234,639.9501795727408
D3,uswc_port_capacity_675pct,20260908,26,27895706.57003795,639.9020544396528
D3,uswc_port_capacity_675pct,20260908,27,27918146.287992995,639.2218698112891
D3,uswc_port_capacity_675pct,20260908,28,27964667.33049217,639.1688521465535
D3,uswc_port_capacity_675pct,20260908,29,27998567.034878593,639.0913012275103
D3,uswc_port_capacity_675pct,20260908,30,28000265.22311352,638.8679091768348
D3,uswc_port_capacity_675pct,20260908,31,28038769.70409614,638.5198335665956
D3,uswc_port_capacity_675pct,20260908,32,28062604.357089236,638.42275272949
D3,uswc_port_capacity_675pct,20260908,33,28096520.507475767,638.0438940001546
D3,uswc_port_capacity_675pct,20260908,34,28173623.53128161,637.3835235890559
D3,uswc_port_capacity_675pct,20260908,35,28338518.439003263,636.8697054156836
D3,uswc_port_capacity_675pct,20260909,1,26984195.84286157,660.1044048830798
D3,uswc_port_capacity_675pct,20260909,2,26995720.71270516,658.0905124874954
D3,uswc_port_capacity_675pct,20260909,3,27023595.06309758,658.021136068982
D3,uswc_port_capacity_675pct,20260909,4,27043197.613789808,657.5280001848269
D3,uswc_port_capacity_675pct,20260909,5,27062510.535236392,655.8265761911456
D3,uswc_port_capacity_675pct,20260909,6,27064468.292375468,655.3636238700352
D3,uswc_port_capacity_675pct,20260909,7,27069453.411274914,654.8608626072709
D3,uswc_port_capacity_675pct,20260909,8,27149755.856618907,653.3181002446996
D3,uswc_port_capacity_675pct,20260909,9,27179729.897074755,653.2738647478818
D3,uswc_port_capacity_675pct,20260909,10,27182793.519254893,651.4313564935089
D3,uswc_port_capacity_675pct,20260909,11,27238848.588484425,651.182623985672
D3,uswc_port_capacity_675pct,20260909,12,27250720.51939958,650.601580349909
D3,uswc_port_capacity_675pct,20260909,13,27299220.186704185,649.907197092481
D3,uswc_port_capacity_675pct,20260909,14,27302272.688876748,649.5483981820577
D3,uswc_port_capacity_675pct,20260909,15,27307087.313040663,648.3860218446864
D3,uswc_port_capacity_675pct,20260909,16,27385684.62429219,647.2276221310093
D3,uswc_port_capacity_675pct,20260909,17,27473567.932458162,646.1242583622642
D3,uswc_port_capacity_675pct,20260909,18,27515437.061683595,644.9747560786295
D3,uswc_port_capacity_675pct,20260909,19,27660508.603501175,643.6727108248398
D3,uswc_port_capacity_675pct,20260909,20,27672426.724927913,643.5792495822841
D3,uswc_port_capacity_675pct,20260910,1,27085635.00225836,658.7697980628591
D3,uswc_port_capacity_675pct,20260910,2,27102020.461906057,655.1414812625558
D3,uswc_port_capacity_675pct,20260910,3,27223865.462739684,652.0092340276105
D3,uswc_port_capacity_675pct,20260910,4,27287784.180128995,651.9676211288785
D3,uswc_port_capacity_675pct,20260910,5,27337495.959690593,651.0679589120737
D3,uswc_port_capacity_675pct,20260910,6,27338226.14196808,649.4215474845806
D3,uswc_port_capacity_675pct,20260910,7,27385123.41379935,648.633271034722
D3,uswc_port_capacity_675pct,20260910,8,27410418.078973565,647.8094553112744
D3,uswc_port_capacity_675pct,20260910,9,27492229.485845245,647.5753999820986
D3,uswc_port_capacity_675pct,20260910,10,27495355.458973568,646.9694868599408
D3,uswc_port_capacity_675pct,20260910,11,27528548.01397692,646.8469767411966
D3,uswc_port_capacity_675pct,20260910,12,27567795.60747671,646.8311971602373
D3,uswc_port_capacity_675pct,20260910,13,27578857.09096777,645.6969842963205
D3,uswc_port_capacity_675pct,20260910,14,27582012.997355655,645.3169799065126
D3,uswc_port_capacity_675pct,20260910,15,27588719.17223913,645.2783339990709
D3,uswc_port_capacity_675pct,20260910,16,27644765.938659046,645.1698480619408
D3,uswc_port_capacity_675pct,20260910,17,27647739.03271656,643.7123680299703
D3,uswc_port_capacity_675pct,20260910,18,27658229.35238589,643.6323733297863
D3,uswc_port_capacity_675pct,20260910,19,27754684.081424806,642.691064506642
D3,uswc_port_capacity_675pct,20260910,20,27834305.782271456,642.4155796327994
D3,uswc_port_capacity_675pct,20260910,21,27849051.10167884,642.325929559273
D3,uswc_port_capacity_675pct,20260910,22,27895490.96693803,641.8010195416106
D3,uswc_port_capacity_675pct,20260910,23,27911122.173598364,641.774067637299
D3,uswc_port_capacity_675pct,20260910,24,27920125.550944105,641.242483618501
D3,uswc_port_capacity_675pct,20260910,25,27933488.466426168,641.1394209439482
D3,uswc_port_capacity_675pct,20260910,26,27953895.6840703,640.9492873812972
D3,uswc_port_capacity_675pct,20260910,27,27954953.232125062,640.8329057755161
D3,uswc_port_capacity_675pct,20260910,28,27993840.420718636,640.5784580243487
D3,uswc_port_capacity_675pct,20260910,29,28013864.32861277,640.3063580901512
D3,uswc_port_capacity_675pct,20260910,30,28039610.32603947,640.2698216551909
D3,uswc_port_capacity_675pct,20260910,31,28070955.40255487,640.0782197289006
D3,uswc_port_capacity_675pct,20260910,32,28118787.395892162,640.0114104312738
D3,uswc_port_capacity_675pct,20260910,33,28148619.647782788,639.7391056269711
D3,uswc_port_capacity_675pct,20260910,34,28160878.19163324,639.6904532174932
D3,uswc_port_capacity_675pct,20260910,35,28207558.747927353,639.5315191286209
D3,uswc_port_capacity_675pct,20260910,36,28217961.85034063,639.0861686038371
D3,uswc_port_capacity_675pct,20260910,37,28237620.947513703,638.9772202240434
D3,uswc_port_capacity_675pct,20260910,38,28244532.696508292,638.8266450999656
D3,uswc_port_capacity_675pct,20260911,1,27082350.47384999,651.7096531249143
D3,uswc_port_capacity_675pct,20260911,2,27105161.53072891,651.0887334610229
D3,uswc_port_capacity_675pct,20260911,3,27108334.0639307,651.0026110340156
D3,uswc_port_capacity_675pct,20260911,4,27139512.282037064,650.2231032438486
D3,uswc_port_capacity_675pct,20260911,5,27153280.974222556,650.1741563408565
D3,uswc_port_capacity_675pct,20260911,6,27164059.987048496,649.8164866806642
D3,uswc_port_capacity_675pct,20260911,7,27168995.419536408,649.2422012378952
D3,uswc_port_capacity_675pct,20260911,8,27169760.7618272,649.0955975045728
D3,uswc_port_capacity_675pct,20260911,9,27193805.855003916,648.0325563444276
D3,uswc_port_capacity_675pct,20260911,10,27237142.636049524,648.0268243401594
D3,uswc_port_capacity_675pct,20260911,11,27258941.039587516,647.9501964774821
D3,uswc_port_capacity_675pct,20260911,12,27260369.46922669,647.6346983103734
D3,uswc_port_capacity_675pct,20260911,13,27273316.1646598,647.1352708631349
D3,uswc_port_capacity_675pct,20260911,14,27280570.104592748,646.9868353870039
D3,uswc_port_capacity_675pct,20260911,15,27286443.401128404,646.3049315519453
D3,uswc_port_capacity_675pct,20260911,16,27305071.36982499,645.495316160456
D3,uswc_port_capacity_675pct,20260911,17,27314664.545450155,645.0509964782792
D3,uswc_port_capacity_675pct,20260911,18,27337564.367213402,644.9249244538619
D3,uswc_port_capacity_675pct,20260911,19,27387880.93470342,644.1200530871322
D3,uswc_port_capacity_675pct,20260911,20,27412301.562466227,644.0256603021937
D3,uswc_port_capacity_675pct,20260911,21,27420128.871758465,643.7395834278865
D3,uswc_port_capacity_675pct,20260911,22,27424818.257155813,643.2193539067189
D3,uswc_port_capacity_675pct,20260911,23,27488696.359252803,643.0633912632285
D3,uswc_port_capacity_675pct,20260911,24,27490036.038378567,642.6401063332912
D3,uswc_port_capacity_675pct,20260911,25,27534135.75708063,642.1788698344178
D3,uswc_port_capacity_675pct,20260911,26,27589002.55320395,641.8612569151373
D3,uswc_port_capacity_675pct,20260911,27,27639974.743151344,641.0071057421854
D3,uswc_port_capacity_675pct,20260911,28,27848685.09310958,640.3691307806438
D3,uswc_port_capacity_675pct,20260911,29,27858434.79832774,640.2818036877494
D3,uswc_port_capacity_675pct,20260911,30,27873282.72226943,639.5521267187703
D3,uswc_port_capacity_675pct,20260912,1,27269462.53575689,658.4805736762946
D3,uswc_port_capacity_675pct,20260912,2,27270606.18176769,658.4712685314391
D3,uswc_port_capacity_675pct,20260912,3,27302473.928069476,658.3580915268601
D3,uswc_port_capacity_675pct,20260912,4,27309339.692241367,657.7408054515244
D3,uswc_port_capacity_675pct,20260912,5,27313471.09831362,655.1328811823327
D3,uswc_port_capacity_675pct,20260912,6,27379843.04059834,654.8469876297901
D3,uswc_port_capacity_675pct,20260912,7,27380238.72262879,654.7779887350177
D3,uswc_port_capacity_675pct,20260912,8,27385869.13144185,654.2684911139123
D3,uswc_port_capacity_675pct,20260912,9,27408763.963288557,654.1097640189361
D3,uswc_port_capacity_675pct,20260912,10,27452633.056594916,653.3583040544871
D3,uswc_port_capacity_675pct,20260912,11,27453830.2420362,653.1553811362805
D3,uswc_port_capacity_675pct,20260912,12,27467737.44049741,651.0943702130369
D3,uswc_port_capacity_675pct,20260912,13,27514565.642667916,650.6053185733622
D3,uswc_port_capacity_675pct,20260912,14,27571614.358784497,649.9983948438786
D3,uswc_port_capacity_675pct,20260912,15,27590609.72320109,649.2601671915892
D3,uswc_port_capacity_675pct,20260912,16,27664617.436172683,647.6589281626091
D3,uswc_port_capacity_675pct,20260912,17,27706597.438648265,647.6116794892046
D3,uswc_port_capacity_675pct,20260912,18,27742735.961332306,647.502247848615
D3,uswc_port_capacity_675pct,20260912,19,27764315.312700268,645.7804754327324
D3,uswc_port_capacity_675pct,20260912,20,27887038.86034828,645.4253744157218
D3,uswc_port_capacity_675pct,20260912,21,27930046.6795557,645.0519617238845
D3,uswc_port_capacity_675pct,20260912,22,28001050.175389644,644.3060713876301
D3,uswc_port_capacity_675pct,20260912,23,28003213.399926275,642.943065028047
D3,uswc_port_capacity_675pct,20260912,24,28080882.181661416,642.7831543312383
D3,uswc_port_capacity_675pct,20260913,1,27150229.80160825,647.6757685343807
D3,uswc_port_capacity_675pct,20260913,2,27213204.393760137,646.4154047250787
D3,uswc_port_capacity_675pct,20260913,3,27251471.881917693,645.6083699408935
D3,uswc_port_capacity_675pct,20260913,4,27268792.179874614,644.1206696155471
D3,uswc_port_capacity_675pct,20260913,5,27337063.25877837,643.2591669073604
D3,uswc_port_capacity_675pct,20260913,6,27391401.785995565,642.0676273806308
D3,uswc_port_capacity_675pct,20260913,7,27450684.294506323,641.937272132947
D3,uswc_port_capacity_675pct,20260913,8,27498232.79248067,641.3120123529326
D3,uswc_port_capacity_675pct,20260913,9,27632669.781764016,640.8467880642232
D3,uswc_port_capacity_675pct,20260913,10,27638213.07838696,640.3262912083619
D3,uswc_port_capacity_675pct,20260913,11,27755398.565831468,639.7645648847209
D3,uswc_port_capacity_675pct,20260913,12,27849996.979250338,639.388201289312
D3,uswc_port_capacity_675pct,20260913,13,27874490.97245551,639.1952943793909
D3,uswc_port_capacity_675pct,20260913,14,27904340.09320856,639.098726329493
D3,uswc_port_capacity_675pct,20260913,15,27907159.97282381,639.0513688252877
D3,uswc_port_capacity_675pct,20260913,16,27947260.199062835,638.6510430077641
D3,uswc_port_capacity_675pct,20260914,1,27335367.45744958,652.1691814073129
D3,uswc_port_capacity_675pct,20260914,2,27347569.7187797,651.0948705690565
D3,uswc_port_capacity_675pct,20260914,3,27388575.506390642,650.424900207104
D3,uswc_port_capacity_675pct,20260914,4,27391722.125228524,649.4975910230698
D3,uswc_port_capacity_675pct,20260914,5,27458960.737619378,648.6296287035013
D3,uswc_port_capacity_675pct,20260914,6,27472241.30440923,647.1611859022994
D3,uswc_port_capacity_675pct,20260914,7,27508804.524481483,646.9949954075921
D3,uswc_port_capacity_675pct,20260914,8,27538864.17997143,646.0623935943065
D3,uswc_port_capacity_675pct,20260914,9,27547884.1666542,645.9918075337271
D3,uswc_port_capacity_675pct,20260914,10,27557098.049679175,645.8809486667385
D3,uswc_port_capacity_675pct,20260914,11,27595953.33591044,645.502602840162
D3,uswc_port_capacity_675pct,20260914,12,27612458.765879348,644.0710281264863
D3,uswc_port_capacity_675pct,20260914,13,27621409.768770855,644.0486737100588
D3,uswc_port_capacity_675pct,20260914,14,27625272.712830395,643.6030849387188
D3,uswc_port_capacity_675pct,20260914,15,27639415.75129042,641.9943549862364
D3,uswc_port_capacity_675pct,20260914,16,27804914.243673135,641.7835822326796
D3,uswc_port_capacity_675pct,20260914,17,27879894.317851365,640.7321671516006
D3,uswc_port_capacity_675pct,20260914,18,27913071.70290261,640.4703690640476
D3,uswc_port_capacity_675pct,20260914,19,28009373.966126416,640.4369135668804
D3,uswc_port_capacity_675pct,20260914,20,28019962.919087008,638.9062974367121
D3,uswc_port_capacity_675pct,20260914,21,28021133.80344459,638.3834369225676
D3,uswc_port_capacity_675pct,20260914,22,28126348.620403685,638.2630339533121
D3,uswc_port_capacity_675pct,20260914,23,28158092.724715687,638.234107646791
D3,uswc_port_capacity_675pct,20260914,24,28239883.51982887,637.6173271464614
D3,uswc_port_capacity_675pct,20260914,25,28302973.70637344,637.0302128431508
D3,uswc_port_capacity_675pct,20260914,26,28390435.991397772,636.7587128213723
D3,uswc_port_capacity_675pct,20260914,27,28435573.89210184,636.7195426878686
D3,uswc_port_capacity_675pct,20260914,28,28481637.436899193,635.9914530455341
D3,uswc_port_capacity_675pct,20260914,29,28529335.74515006,635.8553319681222
D3,uswc_port_capacity_675pct,20260914,30,28562023.40537346,635.3043042601442
D3,uswc_port_capacity_675pct,20260914,31,28781444.215825606,635.0001135134004
D3,uswc_port_capacity_675pct,20260914,32,28863328.63349642,633.8842209132639
D3,uswc_port_capacity_675pct,20260914,33,28895251.0411952,633.5761949313845
D3,uswc_port_capacity_675pct,20260915,1,26781611.830924004,662.583446260559
D3,uswc_port_capacity_675pct,20260915,2,26817819.45479071,657.2124506493823
D3,uswc_port_capacity_675pct,20260915,3,26897020.030741956,655.9577961777508
D3,uswc_port_capacity_675pct,20260915,4,26913352.489261102,654.7461126645494
D3,uswc_port_capacity_675pct,20260915,5,26932943.759897046,654.5299911760035
D3,uswc_port_capacity_675pct,20260915,6,26951471.408298627,654.0981330977162
D3,uswc_port_capacity_675pct,20260915,7,26957753.788476814,653.7019628747208
D3,uswc_port_capacity_675pct,20260915,8,26963014.50368617,653.602187293874
D3,uswc_port_capacity_675pct,20260915,9,26982298.402459923,652.7001330559625
D3,uswc_port_capacity_675pct,20260915,10,27010374.246270537,652.081051284153
D3,uswc_port_capacity_675pct,20260915,11,27024892.2344871,651.9081512629572
D3,uswc_port_capacity_675pct,20260915,12,27029924.868895173,651.0311899553711
D3,uswc_port_capacity_675pct,20260915,13,27057666.31458401,650.7974621081312
D3,uswc_port_capacity_675pct,20260915,14,27103684.324841384,649.3436263363313
D3,uswc_port_capacity_675pct,20260915,15,27138856.70610522,649.3094062071463
D3,uswc_port_capacity_675pct,20260915,16,27154640.83572924,649.2881220383005
D3,uswc_port_capacity_675pct,20260915,17,27170046.96896836,648.7816567390215
D3,uswc_port_capacity_675pct,20260915,18,27172879.762427546,648.1029445504957
D3,uswc_port_capacity_675pct,20260915,19,27207867.286130313,646.7737877679897
D3,uswc_port_capacity_675pct,20260915,20,27249275.840026125,646.69775720626
D3,uswc_port_capacity_675pct,20260915,21,27262189.38031902,646.5535374495576
D3,uswc_port_capacity_675pct,20260915,22,27299963.68199478,646.1933822435335
D3,uswc_port_capacity_675pct,20260915,23,27321247.594628416,644.9307972093842
D3,uswc_port_capacity_675pct,20260915,24,27383915.72031953,643.8176554297105
D3,uswc_port_capacity_675pct,20260915,25,27456308.9427528,643.4285631022957
D3,uswc_port_capacity_675pct,20260915,26,27565261.716767866,642.7948866664547
D3,uswc_port_capacity_675pct,20260915,27,27584740.035619147,642.7133081002398
D3,uswc_port_capacity_675pct,20260915,28,27599235.105741296,642.667039092373
D3,uswc_port_capacity_675pct,20260915,29,27637437.379355736,642.6601601919581
D3,uswc_port_capacity_675pct,20260915,30,27646113.202133343,641.3011397632208
D3,uswc_port_capacity_675pct,20260915,31,27692216.98573657,641.1115239940098
D3,uswc_port_capacity_675pct,20260915,32,27741620.895382687,640.9768162571027
D3,uswc_port_capacity_675pct,20260915,33,27814035.713325586,639.9601848611808
D3,uswc_port_capacity_675pct,20260915,34,27928744.487212203,639.6652835788891
D3,uswc_port_capacity_675pct,20260915,35,27955349.70985311,639.1458087855447
D3,uswc_port_capacity_675pct,20260916,1,27176477.519447207,657.2797834393741
D3,uswc_port_capacity_675pct,20260916,2,27239203.58204989,650.6916508741599
D3,uswc_port_capacity_675pct,20260916,3,27307127.549893204,649.1564035995186
D3,uswc_port_capacity_675pct,20260916,4,27363316.751099363,649.0281017446852
D3,uswc_port_capacity_675pct,20260916,5,27395063.26373185,648.397089230626
D3,uswc_port_capacity_675pct,20260916,6,27404490.191434547,646.5767708489263
D3,uswc_port_capacity_675pct,20260916,7,27429105.327498592,645.9001958520467
D3,uswc_port_capacity_675pct,20260916,8,27478164.69771878,644.988451195294
D3,uswc_port_capacity_675pct,20260916,9,27502041.9545068,644.4151089820026
D3,uswc_port_capacity_675pct,20260916,10,27534133.19701819,643.5856867630049
D3,uswc_port_capacity_675pct,20260916,11,27613234.80714429,643.281813305317
D3,uswc_port_capacity_675pct,20260916,12,27652025.151895955,642.26771611107
D3,uswc_port_capacity_675pct,20260916,13,27725039.504022446,641.7974095110962
D3,uswc_port_capacity_675pct,20260916,14,27734082.17586976,641.4721676474469
D3,uswc_port_capacity_675pct,20260916,15,27734286.76905936,641.0712384481319
D3,uswc_port_capacity_675pct,20260916,16,27860383.577349752,640.8568430072622
D3,uswc_port_capacity_675pct,20260916,17,27913269.475568686,640.1701719477228
D3,uswc_port_capacity_675pct,20260916,18,28012696.558280367,639.8431207156127
D3,uswc_port_capacity_675pct,20260916,19,28015881.69092249,639.8019950977338
D3,uswc_port_capacity_675pct,20260916,20,28095836.899591807,638.6406786015086
D3,uswc_port_capacity_675pct,20260916,21,28136610.949487243,638.5808147034564
D3,uswc_port_capacity_675pct,20260916,22,28141604.07220998,638.1188641258884
D3,uswc_port_capacity_675pct,20260916,23,28180282.18410501,637.9778087038959
D3,uswc_port_capacity_675pct,20260916,24,28345725.980621994,637.2375977381485
D3,uswc_port_capacity_675pct,20260916,25,28471696.284354758,636.7002309789104
D3,uswc_port_capacity_675pct,20260916,26,28554619.531021204,636.6969150316936
D3,uswc_port_capacity_675pct,20260916,27,28555369.70336188,636.6905731087488
D3,uswc_port_capacity_675pct,20260916,28,28559824.18063606,636.6529151599007
D3,uswc_port_capacity_675pct,20260916,29,28562212.95773652,636.6327205466337
D3,uswc_port_capacity_675pct,20260917,1,27233314.602539048,656.7263485309849
D3,uswc_port_capacity_675pct,20260917,2,27281384.665883265,651.1834023424991
D3,uswc_port_capacity_675pct,20260917,3,27362594.904880594,650.691937231873
D3,uswc_port_capacity_675pct,20260917,4,27380739.627669647,650.28959610024
D3,uswc_port_capacity_675pct,20260917,5,27403184.434912868,649.4230723948165
D3,uswc_port_capacity_675pct,20260917,6,27413059.85038146,649.2174382120899
D3,uswc_port_capacity_675pct,20260917,7,27427362.06115424,648.5158189865693
D3,uswc_port_capacity_675pct,20260917,8,27433450.327313013,648.3416783712361
D3,uswc_port_capacity_675pct,20260917,9,27452464.03251872,648.2048430371249
D3,uswc_port_capacity_675pct,20260917,10,27462643.349260103,645.41145012269
D3,uswc_port_capacity_675pct,20260917,11,27561724.198017504,645.2721626205436
D3,uswc_port_capacity_675pct,20260917,12,27570106.527095433,643.7114972791849
D3,uswc_port_capacity_675pct,20260917,13,27611070.881072044,643.1885666413247
D3,uswc_port_capacity_675pct,20260917,14,27650314.80749222,642.6253958123019
D3,uswc_port_capacity_675pct,20260917,15,27739338.33824424,642.4130949803715
D3,uswc_port_capacity_675pct,20260917,16,27784264.023647543,641.8680254285928
D3,uswc_port_capacity_675pct,20260917,17,27812673.870198216,640.2130739906311
D3,uswc_port_capacity_675pct,20260917,18,27914459.005289484,639.1745615695834
D3,uswc_port_capacity_675pct,20260917,19,27963766.276878413,638.8987853430132
D3,uswc_port_capacity_675pct,20260917,20,28157817.765602726,638.7087538982497
D3,uswc_port_capacity_675pct,20260917,21,28202235.128713794,638.1912345984763
D3,uswc_port_capacity_675pct,20260917,22,28228660.060761962,637.6817292719664
D3,uswc_port_capacity_675pct,20260917,23,28290019.232856806,637.4404057728274
D3,uswc_port_capacity_675pct,20260917,24,28303842.28891634,637.3410621651582
D3,uswc_port_capacity_675pct,20260917,25,28363111.28958311,636.7514660033039
D3,uswc_port_capacity_675pct,20260917,26,28512131.68733206,636.2563236571211
D3,uswc_port_capacity_675pct,20260917,27,28599925.96856425,635.3637707148981
D3,uswc_port_capacity_675pct,20260918,1,27441570.05182944,650.0119821807731
D3,uswc_port_capacity_675pct,20260918,2,27490120.991668426,649.7095619138333
D3,uswc_port_capacity_675pct,20260918,3,27511485.8336215,649.1833642893715
D3,uswc_port_capacity_675pct,20260918,4,27516983.74376753,648.5070289003336
D3,uswc_port_capacity_675pct,20260918,5,27541015.19843002,647.7561270420907
D3,uswc_port_capacity_675pct,20260918,6,27554324.034083333,646.8868940251564
D3,uswc_port_capacity_675pct,20260918,7,27623305.20437121,645.6046324557038
D3,uswc_port_capacity_675pct,20260918,8,27644164.45436029,644.2905433050186
D3,uswc_port_capacity_675pct,20260918,9,27660427.665231872,642.697418453884
D3,uswc_port_capacity_675pct,20260918,10,27707434.831624694,642.6008943619594
D3,uswc_port_capacity_675pct,20260918,11,27734153.21893789,642.2581265825927
D3,uswc_port_capacity_675pct,20260918,12,27806213.163404573,642.1052285041862
D3,uswc_port_capacity_675pct,20260918,13,27814161.29364905,642.0534287692115
D3,uswc_port_capacity_675pct,20260918,14,27814642.964379266,641.991828370318
D3,uswc_port_capacity_675pct,20260918,15,27823634.094216716,641.7595739465182
D3,uswc_port_capacity_675pct,20260918,16,27863435.26754788,641.4616874833974
D3,uswc_port_capacity_675pct,20260918,17,27931103.715279166,641.3623854063495
D3,uswc_port_capacity_675pct,20260918,18,27931784.113609657,640.9157828022443
D3,uswc_port_capacity_675pct,20260918,19,27935612.349892188,640.6203871248836
D3,uswc_port_capacity_675pct,20260918,20,27974283.76584241,640.3027333289035
D3,uswc_port_capacity_675pct,20260918,21,28009725.53861124,640.2758132126634
D3,uswc_port_capacity_675pct,20260918,22,28062119.643264126,640.2079525135126
D3,uswc_port_capacity_675pct,20260918,23,28072930.944638647,640.0170888633176
D3,uswc_port_capacity_675pct,20260918,24,28081646.76752287,639.6985440635526
D3,uswc_port_capacity_675pct,20260918,25,28114642.83357905,639.408436833724
D3,uswc_port_capacity_675pct,20260918,26,28177231.72537346,638.9847785530238
D3,uswc_port_capacity_675pct,20260918,27,28188406.501211848,638.6836263684415
D3,uswc_port_capacity_675pct,20260918,28,28211234.108545173,638.6144814584942
D3,uswc_port_capacity_675pct,20260918,29,28394010.076014683,638.221842861606
D3,uswc_port_capacity_675pct,20260918,30,28445995.870214485,637.8493050823176
D3,uswc_port_capacity_675pct,20260918,31,28448530.499766625,637.8299363940765
D3,uswc_port_capacity_675pct,20260918,32,28694905.699279517,637.6539840674427
D3,uswc_port_capacity_675pct,20260918,33,28765158.322903354,637.6234030825243
D3,uswc_port_capacity_675pct,20260918,34,28809868.68570022,637.14680774981
D3,uswc_port_capacity_675pct,20260918,35,28863536.802539337,637.0212671347879
D3,uswc_port_capacity_675pct,20260918,36,28984867.54655534,636.1329309094249
D3,uswc_port_capacity_675pct,20260919,1,27094189.146063495,656.8507179693896
D3,uswc_port_capacity_675pct,20260919,2,27132707.627324034,655.5212749315784
D3,uswc_port_capacity_675pct,20260919,3,27176316.998181973,654.6484657521443
D3,uswc_port_capacity_675pct,20260919,4,27196068.767041598,653.3276864088889
D3,uswc_port_capacity_675pct,20260919,5,27205549.96927661,653.2528519171295
D3,uswc_port_capacity_675pct,20260919,6,27239830.894790318,648.360050129544
D3,uswc_port_capacity_675pct,20260919,7,27298648.88905525,648.2984199910518
D3,uswc_port_capacity_675pct,20260919,8,27315116.648989826,646.7414873437359
D3,uswc_port_capacity_675pct,20260919,9,27381099.95848105,643.7754925605778
D3,uswc_port_capacity_675pct,20260919,10,27539582.187373642,643.3007689435984
D3,uswc_port_capacity_675pct,20260919,11,27568311.175404985,642.0986320397983
D3,uswc_port_capacity_675pct,20260919,12,27619864.593562037,641.0782985892856
D3,uswc_port_capacity_675pct,20260919,13,27683758.31795972,640.7682500554304
D3,uswc_port_capacity_675pct,20260919,14,27734074.268756174,640.4674659844264
D3,uswc_port_capacity_675pct,20260919,15,27740021.941036828,640.3488913031446
D3,uswc_port_capacity_675pct,20260919,16,27778816.563536465,640.3330189418698
D3,uswc_port_capacity_675pct,20260919,17,27831658.056900688,639.8844228602013
D3,uswc_port_capacity_675pct,20260919,18,27834161.80712365,638.7836305811312
D3,uswc_port_capacity_675pct,20260919,19,27945132.987304047,638.7089554944417
D3,uswc_port_capacity_675pct,20260919,20,27959592.0070905,638.3613406969416
D3,uswc_port_capacity_675pct,20260919,21,28010979.556373652,637.8058089749385
D3,uswc_port_capacity_675pct,20260919,22,28052821.903408438,637.1490186561476
D3,uswc_port_capacity_675pct,20260919,23,28085547.59116016,636.263279925216
D3,uswc_port_capacity_675pct,20260919,24,28121486.288552754,636.1424397391178
D3,uswc_port_capacity_675pct,20260919,25,28170426.696935628,635.8208214747101
D3,uswc_port_capacity_675pct,20260919,26,28212063.36911538,635.6437999431942
D3,uswc_port_capacity_675pct,20260919,27,28291042.518331833,634.7558474570815
D3,uswc_port_capacity_675pct,20260919,28,28517999.227587063,634.4043067168055
D3,uswc_port_capacity_675pct,20260920,1,27457275.015785962,647.3207532777761
D3,uswc_port_capacity_675pct,20260920,2,27462226.98844395,647.2737875424316
D3,uswc_port_capacity_675pct,20260920,3,27508576.6387131,647.0463095282165
D3,uswc_port_capacity_675pct,20260920,4,27537262.719963208,645.3624240192236
D3,uswc_port_capacity_675pct,20260920,5,27560414.519636214,645.2444823893425
D3,uswc_port_capacity_675pct,20260920,6,27586893.885879677,644.691532652743
D3,uswc_port_capacity_675pct,20260920,7,27609097.24297677,643.5181318359171
D3,uswc_port_capacity_675pct,20260920,8,27684193.18455233,643.2136089770671
D3,uswc_port_capacity_675pct,20260920,9,27705944.98126304,642.9507875636385
D3,uswc_port_capacity_675pct,20260920,10,27706900.684465602,642.6686936383339
D3,uswc_port_capacity_675pct,20260920,11,27771641.469941434,642.5728197540527
D3,uswc_port_capacity_675pct,20260920,12,27781861.572914775,642.2312400389575
D3,uswc_port_capacity_675pct,20260920,13,27791457.606621712,641.1840936161086
D3,uswc_port_capacity_675pct,20260920,14,27824868.064270075,640.4582712622436
D3,uswc_port_capacity_675pct,20260920,15,27923463.824181937,639.9315548552723
D3,uswc_port_capacity_675pct,20260920,16,27941753.721739758,639.7627757049297
D3,uswc_port_capacity_675pct,20260920,17,28023329.55975464,639.2545146073668
D3,uswc_port_capacity_675pct,20260920,18,28175790.17083119,639.2537472171126
D3,uswc_port_capacity_675pct,20260920,19,28216210.345227905,638.547489620516
D3,uswc_port_capacity_675pct,20260920,20,28289778.94951573,638.0684930159414
D3,uswc_port_capacity_675pct,20260920,21,28403580.753845535,637.9753032964677
D3,uswc_port_capacity_675pct,20260920,22,28407257.614976257,637.6841557662295
D3,uswc_port_capacity_675pct,20260920,23,28443608.716525476,636.4906342298561
D3,uswc_port_capacity_675pct,20260921,1,27066995.902024876,657.8629769022943
D3,uswc_port_capacity_675pct,20260921,2,27117981.300208934,653.9365483799328
D3,uswc_port_capacity_675pct,20260921,3,27177664.73618458,652.2353905330177
D3,uswc_port_capacity_675pct,20260921,4,27229062.309458554,652.1291746181944
D3,uswc_port_capacity_675pct,20260921,5,27240298.47367316,650.0356161462936
D3,uswc_port_capacity_675pct,20260921,6,27299313.908052612,649.0167439617333
D3,uswc_port_capacity_675pct,20260921,7,27372764.247099277,647.9164170886982
D3,uswc_port_capacity_675pct,20260921,8,27379082.52091744,647.698264914021
D3,uswc_port_capacity_675pct,20260921,9,27395611.626615774,647.4168832247183
D3,uswc_port_capacity_675pct,20260921,10,27401090.6163219,647.2231338533583
D3,uswc_port_capacity_675pct,20260921,11,27441693.9299367,646.239857674382
D3,uswc_port_capacity_675pct,20260921,12,27473034.57347254,645.2030263731463
D3,uswc_port_capacity_675pct,20260921,13,27516211.6392739,644.5279344399815
D3,uswc_port_capacity_675pct,20260921,14,27560848.959716827,643.6779406786545
D3,uswc_port_capacity_675pct,20260921,15,27593130.038069304,643.242841655461
D3,uswc_port_capacity_675pct,20260921,16,27625133.3730289,642.9477982847962
D3,uswc_port_capacity_675pct,20260921,17,27626712.0104486,642.8762499718656
D3,uswc_port_capacity_675pct,20260921,18,27645822.839755364,642.4003633514966
D3,uswc_port_capacity_675pct,20260921,19,27700400.92273921,641.2582692918324
D3,uswc_port_capacity_675pct,20260921,20,27833421.310224634,640.827172647554
D3,uswc_port_capacity_675pct,20260921,21,27859467.79104581,640.8220137884649
D3,uswc_port_capacity_675pct,20260921,22,27896919.49608557,640.4777409118041
D3,uswc_port_capacity_675pct,20260922,1,27134346.826108243,652.787649248417
D3,uswc_port_capacity_675pct,20260922,2,27253522.07556791,651.45062264822
D3,uswc_port_capacity_675pct,20260922,3,27254014.363537706,650.3408384809977
D3,uswc_port_capacity_675pct,20260922,4,27285200.408261098,648.2844494016291
D3,uswc_port_capacity_675pct,20260922,5,27330917.46975331,648.2440092865991
D3,uswc_port_capacity_675pct,20260922,6,27331355.75069268,648.2406671432282
D3,uswc_port_capacity_675pct,20260922,7,27356564.507616572,647.204936357078
D3,uswc_port_capacity_675pct,20260922,8,27364231.60356939,646.5094109993853
D3,uswc_port_capacity_675pct,20260922,9,27367952.946567405,645.9287802002217
D3,uswc_port_capacity_675pct,20260922,10,27428424.299973153,645.5896211044728
D3,uswc_port_capacity_675pct,20260922,11,27432413.84626466,645.4209982155583
D3,uswc_port_capacity_675pct,20260922,12,27433364.665032763,645.3758263325365
D3,uswc_port_capacity_675pct,20260922,13,27435387.165281143,644.9663660635899
D3,uswc_port_capacity_675pct,20260922,14,27450785.953712642,643.878649637961
D3,uswc_port_capacity_675pct,20260922,15,27475773.807581518,643.5487192001045
D3,uswc_port_capacity_675pct,20260922,16,27487706.534690395,643.0850213904047
D3,uswc_port_capacity_675pct,20260922,17,27511742.205337334,642.9866443730054
D3,uswc_port_capacity_675pct,20260922,18,27548034.748937745,642.839872644733
D3,uswc_port_capacity_675pct,20260922,19,27554966.134389255,642.6046000207764
D3,uswc_port_capacity_675pct,20260922,20,27555993.08921211,642.4025831894428
D3,uswc_port_capacity_675pct,20260922,21,27560646.019196633,642.3366442010447
D3,uswc_port_capacity_675pct,20260922,22,27560802.76607535,642.0030362813138
D3,uswc_port_capacity_675pct,20260922,23,27563455.891135316,641.6617920014754
D3,uswc_port_capacity_675pct,20260922,24,27620069.73847468,641.1906941477898
D3,uswc_port_capacity_675pct,20260922,25,27749782.128003214,641.1530110347558
D3,uswc_port_capacity_675pct,20260922,26,27756820.309532184,640.8684453968066
D3,uswc_port_capacity_675pct,20260922,27,27764712.18299534,640.5364396679249
D3,uswc_port_capacity_675pct,20260922,28,27771740.159187414,639.8437572202286
D3,uswc_port_capacity_675pct,20260922,29,27874624.283849612,639.6351103977239
D3,uswc_port_capacity_675pct,20260922,30,27885419.58810963,639.4715276126543
D3,uswc_port_capacity_675pct,20260922,31,28031218.68716375,639.4089028194227
D3,uswc_port_capacity_675pct,20260922,32,28039773.288395893,638.6105525499098
D3,uswc_port_capacity_675pct,20260923,1,26634379.89320064,666.2327002301871
D3,uswc_port_capacity_675pct,20260923,2,26635033.25454971,661.8991368991266
D3,uswc_port_capacity_675pct,20260923,3,26640396.08262353,661.4234514165981
D3,uswc_port_capacity_675pct,20260923,4,26673754.848109253,659.809121166826
D3,uswc_port_capacity_675pct,20260923,5,26681325.060295373,659.2333516476509
D3,uswc_port_capacity_675pct,20260923,6,26722010.999255575,659.0246889958231
D3,uswc_port_capacity_675pct,20260923,7,26748544.435464215,658.1788701066552
D3,uswc_port_capacity_675pct,20260923,8,26753287.67355669,657.576564262107
D3,uswc_port_capacity_675pct,20260923,9,26768946.40220424,657.4491304064782
D3,uswc_port_capacity_675pct,20260923,10,26771840.701283965,656.8919301690811
D3,uswc_port_capacity_675pct,20260923,11,26789000.274041586,656.5842034409304
D3,uswc_port_capacity_675pct,20260923,12,26806069.912465908,655.5060907891888
D3,uswc_port_capacity_675pct,20260923,13,26882049.30385723,654.434638380804
D3,uswc_port_capacity_675pct,20260923,14,26908323.29691792,654.0056680452617
D3,uswc_port_capacity_675pct,20260923,15,26916854.05807843,653.8820747746101
D3,uswc_port_capacity_675pct,20260923,16,26928822.10817532,653.4606409316897
D3,uswc_port_capacity_675pct,20260923,17,26942433.638045117,653.3650084950605
D3,uswc_port_capacity_675pct,20260923,18,26967189.229237936,653.3579033677469
D3,uswc_port_capacity_675pct,20260923,19,26975764.79105447,653.1092834774449
D3,uswc_port_capacity_675pct,20260923,20,27002821.330226786,652.0379805734811
D3,uswc_port_capacity_675pct,20260923,21,27088668.001444038,651.7801215681908
D3,uswc_port_capacity_675pct,20260923,22,27153129.11877354,651.4850753299477
D3,uswc_port_capacity_675pct,20260923,23,27164263.1694379,650.5543048957813
D3,uswc_port_capacity_675pct,20260923,24,27236105.40024324,650.4465552798443
D3,uswc_port_capacity_675pct,20260923,25,27238989.145232882,650.417453796819
D3,uswc_port_capacity_675pct,20260923,26,27241386.762339175,649.899237299489
D3,uswc_port_capacity_675pct,20260923,27,27280561.90526883,649.1925790630297
D3,uswc_port_capacity_675pct,20260923,28,27424340.042473655,648.9920466401675
D3,uswc_port_capacity_675pct,20260923,29,27482978.829042133,648.8499398195116
D3,uswc_port_capacity_675pct,20260924,1,26960978.881836563,658.2632279021917
D3,uswc_port_capacity_675pct,20260924,2,26971328.730766077,657.9739348756241
D3,uswc_port_capacity_675pct,20260924,3,26977398.527650792,657.1305527329891
D3,uswc_port_capacity_675pct,20260924,4,27006719.640298776,656.0745357090896
D3,uswc_port_capacity_675pct,20260924,5,27051358.792977963,654.2450519078608
D3,uswc_port_capacity_675pct,20260924,6,27093051.713305976,653.140171984912
D3,uswc_port_capacity_675pct,20260924,7,27177087.69657928,652.2054680911866
D3,uswc_port_capacity_675pct,20260924,8,27185205.28158224,651.2034322716518
D3,uswc_port_capacity_675pct,20260924,9,27246785.18128072,651.0588322229326
D3,uswc_port_capacity_675pct,20260924,10,27254106.398583166,650.3982257994587
D3,uswc_port_capacity_675pct,20260924,11,27258099.47649185,649.4347271591853
D3,uswc_port_capacity_675pct,20260924,12,27294640.86324169,649.3641934474438
D3,uswc_port_capacity_675pct,20260924,13,27302631.275090843,649.1839577228686
D3,uswc_port_capacity_675pct,20260924,14,27328127.757578176,648.1640237430562
D3,uswc_port_capacity_675pct,20260924,15,27341463.116959546,648.0688880252994
D3,uswc_port_capacity_675pct,20260924,16,27345383.654117525,647.3582649168892
D3,uswc_port_capacity_675pct,20260924,17,27396924.961724512,645.8609144167962
D3,uswc_port_capacity_675pct,20260924,18,27435340.693151087,645.097461528263
D3,uswc_port_capacity_675pct,20260924,19,27488425.714640968,644.7711658314664
D3,uswc_port_capacity_675pct,20260924,20,27513150.06792317,644.3127136837071
D3,uswc_port_capacity_675pct,20260924,21,27564681.083609365,643.1103110690913
D3,uswc_port_capacity_675pct,20260924,22,27599363.265218697,642.890590356102
D3,uswc_port_capacity_675pct,20260924,23,27605163.21430593,642.7891965055401
D3,uswc_port_capacity_675pct,20260924,24,27631223.963405356,642.3441322118451
D3,uswc_port_capacity_675pct,20260924,25,27675574.468421504,642.0667895000407
D3,uswc_port_capacity_675pct,20260924,26,27680677.402428128,642.047416981832
D3,uswc_port_capacity_675pct,20260924,27,27686963.346574143,641.6662390626112
D3,uswc_port_capacity_675pct,20260924,28,27739512.476913188,641.6070923048102
D3,uswc_port_capacity_675pct,20260924,29,27785610.754509877,641.3883960690638
D3,uswc_port_capacity_675pct,20260924,30,27808126.985515077,640.8612431911514
D3,uswc_port_capacity_675pct,20260924,31,27899165.84660799,640.7954646160554
D3,uswc_port_capacity_675pct,20260924,32,27915874.43258672,640.668052071157
D3,uswc_port_capacity_675pct,20260924,33,27929239.31963633,640.307315014638
D3,uswc_port_capacity_675pct,20260924,34,27937830.20922879,639.7689992117567
D3,uswc_port_capacity_675pct,20260924,35,27988263.47276376,639.2310718206678
D3,uswc_port_capacity_675pct,20260924,36,28116612.902866114,638.579851537948
D3,uswc_port_capacity_675pct,20260924,37,28245497.652194846,637.8863349865344
D3,uswc_port_capacity_675pct,20260925,1,27317134.84643637,655.336166467406
D3,uswc_port_capacity_675pct,20260925,2,27368976.2661831,652.6454395769912
D3,uswc_port_capacity_675pct,20260925,3,27431229.137724042,647.4719789564513
D3,uswc_port_capacity_675pct,20260925,4,27545446.33798028,646.3064958190678
D3,uswc_port_capacity_675pct,20260925,5,27559760.933774058,642.7005810950706
D3,uswc_port_capacity_675pct,20260925,6,27681155.02538697,642.2039362239148
D3,uswc_port_capacity_675pct,20260925,7,27703440.973670248,641.9808971197326
D3,uswc_port_capacity_675pct,20260925,8,27756287.062087666,641.3326869176396
D3,uswc_port_capacity_675pct,20260925,9,27797131.567472417,640.926398124174
D3,uswc_port_capacity_675pct,20260925,10,27838723.844830625,640.3933478037592
D3,uswc_port_capacity_675pct,20260925,11,27842038.626300577,640.3272632688736
D3,uswc_port_capacity_675pct,20260925,12,27879565.071351808,639.6758738192227
D3,uswc_port_capacity_675pct,20260925,13,27946247.11450177,639.446289435879
D3,uswc_port_capacity_675pct,20260925,14,28010553.38209399,639.3200091338858
D3,uswc_port_capacity_675pct,20260925,15,28039143.820978545,638.7384795196485
D3,uswc_port_capacity_675pct,20260925,16,28061891.353289563,638.523953023017
D3,uswc_port_capacity_675pct,20260925,17,28145374.403447073,637.7009567348124
D3,uswc_port_capacity_675pct,20260925,18,28168198.574315466,637.6711645083211
D3,uswc_port_capacity_675pct,20260925,19,28189040.078515027,637.4760286207237
D3,uswc_port_capacity_675pct,20260925,20,28253840.359931488,637.454973090742
D3,uswc_port_capacity_675pct,20260925,21,28300728.883955613,636.9810485090127
D3,uswc_port_capacity_675pct,20260925,22,28307376.305588514,636.3876634956822
D3,uswc_port_capacity_675pct,20260925,23,28390238.71293195,636.1703222890727
D3,uswc_port_capacity_675pct,20260925,24,28437018.414716024,636.0048776239165
D3,uswc_port_capacity_675pct,20260925,25,28437817.978572015,635.962294649378
D3,uswc_port_capacity_675pct,20260926,1,26874092.543427713,656.4882638787726
D3,uswc_port_capacity_675pct,20260926,2,26970918.756776914,652.9365766928893
D3,uswc_port_capacity_675pct,20260926,3,27011425.641790513,652.6839643310747
D3,uswc_port_capacity_675pct,20260926,4,27032827.26013239,651.9018897084671
D3,uswc_port_capacity_675pct,20260926,5,27038925.011379894,651.8155860056303
D3,uswc_port_capacity_675pct,20260926,6,27043501.497546624,651.5118234030126
D3,uswc_port_capacity_675pct,20260926,7,27058520.40167696,650.9629908992235
D3,uswc_port_capacity_675pct,20260926,8,27066940.219302166,649.5842960044503
D3,uswc_port_capacity_675pct,20260926,9,27109294.60695546,649.566306609112
D3,uswc_port_capacity_675pct,20260926,10,27110178.69051495,649.1252517024907
D3,uswc_port_capacity_675pct,20260926,11,27110425.3534875,648.5332672721707
D3,uswc_port_capacity_675pct,20260926,12,27162092.58992779,647.2248400779094
D3,uswc_port_capacity_675pct,20260926,13,27220035.00263619,646.2747226183006
D3,uswc_port_capacity_675pct,20260926,14,27247931.25046544,645.2784581934427
D3,uswc_port_capacity_675pct,20260926,15,27264332.595924977,644.7963243405982
D3,uswc_port_capacity_675pct,20260926,16,27343369.40515251,644.5940667971801
D3,uswc_port_capacity_675pct,20260926,17,27353039.2878615,644.1509507484344
D3,uswc_port_capacity_675pct,20260926,18,27360058.246920858,643.8497979689452
D3,uswc_port_capacity_675pct,20260926,19,27390670.499090057,643.6881267823552
D3,uswc_port_capacity_675pct,20260926,20,27407749.90613656,642.7479694110928
D3,uswc_port_capacity_675pct,20260926,21,27454969.506409116,641.9874184748961
D3,uswc_port_capacity_675pct,20260926,22,27505391.574595787,641.1132294601839
D3,uswc_port_capacity_675pct,20260926,23,27632783.207826823,640.8137805432988
D3,uswc_port_capacity_675pct,20260926,24,27687700.0296644,640.364192316096
D3,uswc_port_capacity_675pct,20260926,25,27707943.197852958,640.0857506571252
D3,uswc_port_capacity_675pct,20260926,26,27777773.70637825,639.9341545365345
D3,uswc_port_capacity_675pct,20260926,27,27813170.949017633,639.883687464105
D3,uswc_port_capacity_675pct,20260926,28,27832866.763470236,639.8453034916029
D3,uswc_port_capacity_675pct,20260926,29,27833476.951868247,639.6628566157453
D3,uswc_port_capacity_675pct,20260926,30,27833805.08189932,639.040887770393
D3,uswc_port_capacity_675pct,20260926,31,27938180.122747894,638.4020404280147
D3,uswc_port_capacity_675pct,20260926,32,28018001.2440632,638.3580369312076
D3,uswc_port_capacity_675pct,20260927,1,27178589.796320513,654.083222809974
D3,uswc_port_capacity_675pct,20260927,2,27208318.78341619,652.4025079897237
D3,uswc_port_capacity_675pct,20260927,3,27248803.06538341,652.0470388842374
D3,uswc_port_capacity_675pct,20260927,4,27267645.306344256,651.6425482834708
D3,uswc_port_capacity_675pct,20260927,5,27272245.45577599,651.0425223081671
D3,uswc_port_capacity_675pct,20260927,6,27281951.439205755,647.67198086208
D3,uswc_port_capacity_675pct,20260927,7,27328091.25139665,646.9454519251798
D3,uswc_port_capacity_675pct,20260927,8,27395521.665564727,645.7380082976357
D3,uswc_port_capacity_675pct,20260927,9,27515516.33211264,644.7911229298156
D3,uswc_port_capacity_675pct,20260927,10,27561212.63700771,644.6807184160425
D3,uswc_port_capacity_675pct,20260927,11,27562392.17607921,642.1664780871585
D3,uswc_port_capacity_675pct,20260927,12,27667278.634221658,642.0064937129832
D3,uswc_port_capacity_675pct,20260927,13,27742518.143551655,641.3658904737371
D3,uswc_port_capacity_675pct,20260927,14,27839701.55122938,641.2520792464969
D3,uswc_port_capacity_675pct,20260927,15,27961502.383230075,640.1912251408555
D3,uswc_port_capacity_675pct,20260927,16,27998283.202976122,640.0529789154351
D3,uswc_port_capacity_675pct,20260928,1,27017957.319603063,657.9627684483994
D3,uswc_port_capacity_675pct,20260928,2,27059590.349913046,652.8668198725469
D3,uswc_port_capacity_675pct,20260928,3,27152654.62461994,650.3989990526476
D3,uswc_port_capacity_675pct,20260928,4,27160177.8491598,649.2461370573116
D3,uswc_port_capacity_675pct,20260928,5,27170649.395578537,647.8519674121687
D3,uswc_port_capacity_675pct,20260928,6,27260285.025974054,647.6698375888769
D3,uswc_port_capacity_675pct,20260928,7,27334110.469082415,647.523666551828
D3,uswc_port_capacity_675pct,20260928,8,27337167.840483014,646.8606445364095
D3,uswc_port_capacity_675pct,20260928,9,27338094.37036127,646.6964138087401
D3,uswc_port_capacity_675pct,20260928,10,27413925.91820119,646.159677334284
D3,uswc_port_capacity_675pct,20260928,11,27435639.397912025,645.392082395005
D3,uswc_port_capacity_675pct,20260928,12,27467203.378184028,645.2619791657211
D3,uswc_port_capacity_675pct,20260928,13,27481035.274760842,644.6011131396285
D3,uswc_port_capacity_675pct,20260928,14,27499035.83218793,643.8029168189227
D3,uswc_port_capacity_675pct,20260928,15,27634866.36740268,643.7329573804911
D3,uswc_port_capacity_675pct,20260928,16,27646418.47999559,642.8661731559881
D3,uswc_port_capacity_675pct,20260928,17,27727310.966911837,642.4663823386288
D3,uswc_port_capacity_675pct,20260928,18,27790101.781017177,641.7286319419287
D3,uswc_port_capacity_675pct,20260928,19,27819657.719995588,641.401616478098
D3,uswc_port_capacity_675pct,20260928,20,28031997.50523841,641.3538454264368
D3,uswc_port_capacity_675pct,20260928,21,28225641.86644457,640.4588890938742
D3,uswc_port_capacity_675pct,20260929,1,27221764.91016271,650.604054524706
D3,uswc_port_capacity_675pct,20260929,2,27316412.68912161,645.5077744470931
D3,uswc_port_capacity_675pct,20260929,3,27418078.328652937,645.3187024342861
D3,uswc_port_capacity_675pct,20260929,4,27424784.092652023,644.7612103526251
D3,uswc_port_capacity_675pct,20260929,5,27431694.96507407,644.695665926678
D3,uswc_port_capacity_675pct,20260929,6,27440875.48778549,643.3392698525238
D3,uswc_port_capacity_675pct,20260929,7,27460812.46747391,642.4685431501871
D3,uswc_port_capacity_675pct,20260929,8,27553887.986070737,642.3386889961796
D3,uswc_port_capacity_675pct,20260929,9,27567001.55838304,641.5508567592085
D3,uswc_port_capacity_675pct,20260929,10,27602103.134522643,641.4994691885748
D3,uswc_port_capacity_675pct,20260929,11,27610431.2117403,641.030667765002
D3,uswc_port_capacity_675pct,20260929,12,27639837.45302774,640.9771681389461
D3,uswc_port_capacity_675pct,20260929,13,27680158.152423438,640.7021102461939
D3,uswc_port_capacity_675pct,20260929,14,27681222.525949012,640.4291211081851
D3,uswc_port_capacity_675pct,20260929,15,27696042.296130907,640.4248297521101
D3,uswc_port_capacity_675pct,20260929,16,27796778.733119685,640.3089261250122
D3,uswc_port_capacity_675pct,20260929,17,27798004.93423572,640.1157569988827
D3,uswc_port_capacity_675pct,20260929,18,27821639.213415794,640.098499232493
D3,uswc_port_capacity_675pct,20260929,19,27831866.101180166,639.5177796248474
D3,uswc_port_capacity_675pct,20260929,20,27837021.35080051,639.2573794410703
D3,uswc_port_capacity_675pct,20260929,21,27889166.079319805,638.9385472527663
D3,uswc_port_capacity_675pct,20260929,22,27896903.124997083,638.6736081044603
D3,uswc_port_capacity_675pct,20260929,23,27969741.406936444,638.4817769674651
D3,uswc_port_capacity_675pct,20260929,24,27984806.70874549,638.1159744449129
D3,uswc_port_capacity_675pct,20260929,25,28062172.23213678,637.9432177797335
D3,uswc_port_capacity_675pct,20260929,26,28071528.09963475,637.7766314782647
D3,uswc_port_capacity_675pct,20260929,27,28104265.78188246,637.7701386921598
D3,uswc_port_capacity_675pct,20260929,28,28138166.49916719,637.7421901314862
D3,uswc_port_capacity_675pct,20260929,29,28142131.1602673,637.501781538451
D3,uswc_port_capacity_675pct,20260929,30,28153892.28563702,637.4281041415944
D3,uswc_port_capacity_675pct,20260929,31,28194214.713578008,637.1975539613285
D3,uswc_port_capacity_675pct,20260929,32,28199435.411326904,637.0438721160903
D3,uswc_port_capacity_675pct,20260929,33,28242215.80692862,636.6785441689077
D3,uswc_port_capacity_675pct,20260929,34,28298354.95842409,636.5979792708035
D3,uswc_port_capacity_675pct,20260929,35,28318628.87741639,635.7159679063892
D3,uswc_port_capacity_675pct,20260929,36,28383751.151387993,635.6067215000684
D3,uswc_port_capacity_675pct,20260929,37,28447402.877020676,635.5910749933887
D3,uswc_port_capacity_675pct,20260929,38,28581875.915003672,635.5486110065578
D3,uswc_port_capacity_675pct,20260929,39,28588067.725170135,635.4939478257178
D3,uswc_port_capacity_675pct,20260929,40,28626571.478934977,634.6009499987783
D3,uswc_port_capacity_675pct,20260930,1,27135727.94653362,652.591373553733
D3,uswc_port_capacity_675pct,20260930,2,27178255.764429152,648.699531404814
D3,uswc_port_capacity_675pct,20260930,3,27243937.74613197,648.246097427522
D3,uswc_port_capacity_675pct,20260930,4,27257155.07153488,647.9870338020622
D3,uswc_port_capacity_675pct,20260930,5,27283552.20921197,647.0835142485274
D3,uswc_port_capacity_675pct,20260930,6,27355336.0884354,646.3039465211649
D3,uswc_port_capacity_675pct,20260930,7,27370296.948123556,645.8337330893243
D3,uswc_port_capacity_675pct,20260930,8,27383199.734030563,645.4333862059569
D3,uswc_port_capacity_675pct,20260930,9,27390898.026983917,644.3312252287391
D3,uswc_port_capacity_675pct,20260930,10,27433421.97563726,643.9216476266636
D3,uswc_port_capacity_675pct,20260930,11,27477426.398023754,643.764131029873
D3,uswc_port_capacity_675pct,20260930,12,27477809.386647515,643.2236329599275
D3,uswc_port_capacity_675pct,20260930,13,27514945.67152697,642.4892856636083
D3,uswc_port_capacity_675pct,20260930,14,27613422.49932721,641.7620248516885
D3,uswc_port_capacity_675pct,20260930,15,27618692.21100448,641.4679371301918
D3,uswc_port_capacity_675pct,20260930,16,27650614.10760352,641.0254578963808
D3,uswc_port_capacity_675pct,20260930,17,27769820.89683057,640.0542066487263
D3,uswc_port_capacity_675pct,20260930,18,27776871.254907478,639.4924693334979
D3,uswc_port_capacity_675pct,20260930,19,27824758.430609606,639.2523893307858
D3,uswc_port_capacity_675pct,20260930,20,27864683.644613665,638.9979562734152
D3,uswc_port_capacity_675pct,20260930,21,27895420.58642169,638.7222293840609
D3,uswc_port_capacity_675pct,20260930,22,27994062.897147324,638.4871297167334
D3,uswc_port_capacity_675pct,20260930,23,28029282.000792112,638.2984132558674
D3,uswc_port_capacity_675pct,20260930,24,28077878.423658364,637.6738887371105
D3,uswc_port_capacity_675pct,20260930,25,28113248.669392597,637.0024221952752
D3,uswc_port_capacity_675pct,20260930,26,28327387.690729097,636.1522077159082
D3,uswc_port_capacity_675pct,20260930,27,28630991.96084247,633.7980909499499
D3,uswc_port_capacity_675pct,20260931,1,27576943.159525897,645.614386696853
D3,uswc_port_capacity_675pct,20260931,2,27578310.185614377,643.4446413441111
D3,uswc_port_capacity_675pct,20260931,3,27609041.475530777,641.1851213205434
D3,uswc_port_capacity_675pct,20260931,4,27724479.169724867,640.5587753133253
D3,uswc_port_capacity_675pct,20260931,5,27774657.317751307,640.1318147893107
D3,uswc_port_capacity_675pct,20260931,6,27822780.839933753,639.0904290148518
D3,uswc_port_capacity_675pct,20260931,7,27871838.47779917,639.0334075316558
D3,uswc_port_capacity_675pct,20260931,8,27917786.082838528,638.1218490415182
D3,uswc_port_capacity_675pct,20260931,9,27975676.945247404,638.03568965241
D3,uswc_port_capacity_675pct,20260931,10,28041496.271292552,637.6211585433243
D3,uswc_port_capacity_675pct,20260931,11,28081744.706884596,637.4111676712806
D3,uswc_port_capacity_675pct,20260931,12,28104366.920555774,637.2199205029093
D3,uswc_port_capacity_675pct,20260931,13,28153091.511559963,637.0488297722816
D3,uswc_port_capacity_675pct,20260931,14,28161461.530080482,636.8376593380428
D3,uswc_port_capacity_675pct,20260931,15,28206011.413402006,636.7172279630882
D3,uswc_port_capacity_675pct,20260931,16,28219169.224973872,636.0704918223885
D3,uswc_port_capacity_675pct,20260931,17,28252283.905786876,636.0141967494303
D3,uswc_port_capacity_675pct,20260931,18,28307216.552043725,635.7098973858474
D3,uswc_port_capacity_675pct,20260931,19,28324339.546883766,635.647688679197
D3,uswc_port_capacity_675pct,20260931,20,28347731.650998715,635.1835471311015
D3,uswc_port_capacity_675pct,20260931,21,28384240.274578117,635.1264109149308
D3,uswc_port_capacity_675pct,20260931,22,28426455.92254648,634.6789705311207
D3,uswc_port_capacity_675pct,20260931,23,28483656.98252965,634.6391261223902
D3,uswc_port_capacity_675pct,20260931,24,28523601.705737192,634.0061848084732
D3,uswc_port_capacity_675pct,20260931,25,28539447.0708063,633.8241951563895
D3,uswc_port_capacity_675pct,20260931,26,28704155.274766907,633.6880318462529
D3,uswc_port_capacity_675pct,20260932,1,26576332.611434035,661.8213301229198
D3,uswc_port_capacity_675pct,20260932,2,26693610.801710643,656.9249325591071
D3,uswc_port_capacity_675pct,20260932,3,26787297.037885573,656.8780857790117
D3,uswc_port_capacity_675pct,20260932,4,26830903.653138798,653.9487132672075
D3,uswc_port_capacity_675pct,20260932,5,26869519.42661224,652.9531734660951
D3,uswc_port_capacity_675pct,20260932,6,26962419.841347888,651.7245950647814
D3,uswc_port_capacity_675pct,20260932,7,27019365.748485465,651.3503080552316
D3,uswc_port_capacity_675pct,20260932,8,27023803.91132418,651.3127880278809
D3,uswc_port_capacity_675pct,20260932,9,27026442.127510384,651.310931600027
D3,uswc_port_capacity_675pct,20260932,10,27046774.51493893,649.8382638270546
D3,uswc_port_capacity_675pct,20260932,11,27062583.44661119,649.6419505408586
D3,uswc_port_capacity_675pct,20260932,12,27073163.297885943,649.0292266926881
D3,uswc_port_capacity_675pct,20260932,13,27118368.661293305,648.9633982093618
D3,uswc_port_capacity_675pct,20260932,14,27126723.5914174,648.8354471800443
D3,uswc_port_capacity_675pct,20260932,15,27131884.70842643,647.5811273096549
D3,uswc_port_capacity_675pct,20260932,16,27192485.065201007,647.0886954962908
D3,uswc_port_capacity_675pct,20260932,17,27210772.689231902,646.7047394398136
D3,uswc_port_capacity_675pct,20260932,18,27236888.85099846,646.6779812095456
D3,uswc_port_capacity_675pct,20260932,19,27243489.943835612,645.5897368301233
D3,uswc_port_capacity_675pct,20260932,20,27297061.576034006,645.0514403672748
D3,uswc_port_capacity_675pct,20260932,21,27324230.645164542,644.7500067169206
D3,uswc_port_capacity_675pct,20260932,22,27344667.025819764,644.4183097202846
D3,uswc_port_capacity_675pct,20260932,23,27392214.370579198,643.7768518394931
D3,uswc_port_capacity_675pct,20260932,24,27417192.263126392,642.3718076211804
D3,uswc_port_capacity_675pct,20260932,25,27442114.455498327,642.002584175591
D3,uswc_port_capacity_675pct,20260932,26,27496827.886138298,641.4801278350506
D3,uswc_port_capacity_675pct,20260932,27,27608975.461315405,641.0467080603667
D3,uswc_port_capacity_675pct,20260933,1,26693962.84489113,664.6549198012784
D3,uswc_port_capacity_675pct,20260933,2,26706466.418246906,664.1213286436008
D3,uswc_port_capacity_675pct,20260933,3,26718870.72867131,664.013888583619
D3,uswc_port_capacity_675pct,20260933,4,26725622.025810223,663.2789199370349
D3,uswc_port_capacity_675pct,20260933,5,26744357.95864333,662.1621240660119
D3,uswc_port_capacity_675pct,20260933,6,26773778.268256743,661.8493739709254
D3,uswc_port_capacity_675pct,20260933,7,26808017.694256447,661.5508777348638
D3,uswc_port_capacity_675pct,20260933,8,26817819.817806464,660.06251456197
D3,uswc_port_capacity_675pct,20260933,9,26847671.34974231,659.7845671398794
D3,uswc_port_capacity_675pct,20260933,10,26868831.892680854,659.3601423342052
D3,uswc_port_capacity_675pct,20260933,11,26900918.64923556,658.7950976952749
D3,uswc_port_capacity_675pct,20260933,12,26918324.736941896,658.4864867383093
D3,uswc_port_capacity_675pct,20260933,13,26918759.241003387,658.1844778542625
D3,uswc_port_capacity_675pct,20260933,14,26921883.3454501,657.9683186013227
D3,uswc_port_capacity_675pct,20260933,15,26930925.554714974,656.9918830264179
D3,uswc_port_capacity_675pct,20260933,16,26962342.407485075,656.98811984202
D3,uswc_port_capacity_675pct,20260933,17,26998948.50601187,656.0125800949189
D3,uswc_port_capacity_675pct,20260933,18,27006347.58347645,655.9962868524216
D3,uswc_port_capacity_675pct,20260933,19,27007503.85188378,655.6344007697476
D3,uswc_port_capacity_675pct,20260933,20,27045871.41054022,655.3841845751092
D3,uswc_port_capacity_675pct,20260933,21,27071777.483704053,654.8783229303052
D3,uswc_port_capacity_675pct,20260933,22,27094866.90669451,654.7156462915888
D3,uswc_port_capacity_675pct,20260933,23,27108859.449897747,654.3610387739081
D3,uswc_port_capacity_675pct,20260933,24,27110642.389293108,653.7339681097187
D3,uswc_port_capacity_675pct,20260933,25,27113840.18165669,652.7322551793229
D3,uswc_port_capacity_675pct,20260933,26,27165197.129770573,652.5310711477385
D3,uswc_port_capacity_675pct,20260933,27,27216659.388725948,652.2050879753625
D3,uswc_port_capacity_675pct,20260933,28,27218042.685766038,651.6531961259301
D3,uswc_port_capacity_675pct,20260933,29,27240743.916939955,651.1366721585249
D3,uswc_port_capacity_675pct,20260933,30,27335895.539222356,650.9966687428778
D3,uswc_port_capacity_675pct,20260933,31,27340490.281414147,650.851883102029
D3,uswc_port_capacity_675pct,20260933,32,27342889.67163819,649.8842123339347
D3,uswc_port_capacity_675pct,20260933,33,27347664.67770814,649.6291129545884
D3,uswc_port_capacity_675pct,20260933,34,27357983.279788952,649.1209471038787
D3,uswc_port_capacity_675pct,20260933,35,27451408.54546095,647.4407010409401
D3,uswc_port_capacity_675pct,20260933,36,27524362.284975003,647.4290956646265
D3,uswc_port_capacity_675pct,20260933,37,27567607.78240714,647.0993239598132
D3,uswc_port_capacity_675pct,20260933,38,27586416.672890093,646.198443616355
D3,uswc_port_capacity_675pct,20260933,39,27656673.18941973,645.0475406836455
D3,uswc_port_capacity_675pct,20260933,40,27690849.868145462,644.5380641264616
D3,uswc_port_capacity_675pct,20260933,41,27781230.779523905,643.0171693162869
D3,uswc_port_capacity_675pct,20260933,42,27926363.394077256,642.7362828952846
D3,uswc_port_capacity_675pct,20260933,43,27938043.614976842,641.8473188353137
D3,uswc_port_capacity_675pct,20260933,44,28120460.8757214,640.1419493872464
D3,uswc_port_capacity_675pct,20260934,1,27393844.612804584,650.1239414321107
D3,uswc_port_capacity_675pct,20260934,2,27399536.561743867,649.4988589757078
D3,uswc_port_capacity_675pct,20260934,3,27448598.31772282,647.4249989184331
D3,uswc_port_capacity_675pct,20260934,4,27503383.72450577,646.6349634442107
D3,uswc_port_capacity_675pct,20260934,5,27509007.604109854,645.8570917716859
D3,uswc_port_capacity_675pct,20260934,6,27565119.060934495,645.1629535691457
D3,uswc_port_capacity_675pct,20260934,7,27581806.029380675,644.974463178454
D3,uswc_port_capacity_675pct,20260934,8,27606096.59050372,644.7153988359042
D3,uswc_port_capacity_675pct,20260934,9,27610411.66923454,644.5228781757786
D3,uswc_port_capacity_675pct,20260934,10,27615078.152609188,642.4930250231084
D3,uswc_port_capacity_675pct,20260934,11,27674099.13893778,641.8071217701378
D3,uswc_port_capacity_675pct,20260934,12,27724190.227529563,640.5795060377359
D3,uswc_port_capacity_675pct,20260934,13,27840023.995982904,640.1766343768883
D3,uswc_port_capacity_675pct,20260934,14,27850621.833221707,640.0870407415244
D3,uswc_port_capacity_675pct,20260934,15,27862874.0360779,640.0761991447001
D3,uswc_port_capacity_675pct,20260934,16,27868986.41156732,639.9655074479563
D3,uswc_port_capacity_675pct,20260934,17,27871219.984074738,639.6463899622854
D3,uswc_port_capacity_675pct,20260934,18,27879754.402748566,639.5589674001076
D3,uswc_port_capacity_675pct,20260934,19,27932411.62884344,639.5318068482462
D3,uswc_port_capacity_675pct,20260934,20,27950365.620326847,639.4675744928006
D3,uswc_port_capacity_675pct,20260934,21,27954935.56383911,639.2643482376485
D3,uswc_port_capacity_675pct,20260934,22,27955664.758280978,639.2280394355054
D3,uswc_port_capacity_675pct,20260934,23,27989077.440280676,639.0389862128284
D3,uswc_port_capacity_675pct,20260934,24,28039229.89909744,638.8407345920813
D3,uswc_port_capacity_675pct,20260934,25,28040690.39587575,638.8134398757951
D3,uswc_port_capacity_675pct,20260934,26,28043870.04743028,638.6144287070745
D3,uswc_port_capacity_675pct,20260934,27,28076314.781983413,638.4259472464254
D3,uswc_port_capacity_675pct,20260934,28,28099977.646666355,637.8955103151623
D3,uswc_port_capacity_675pct,20260934,29,28139894.085323106,637.7259172686562
D3,uswc_port_capacity_675pct,20260934,30,28147637.253826965,637.7137995718433
D3,uswc_port_capacity_675pct,20260934,31,28160260.945896193,637.6621836929185
D3,uswc_port_capacity_675pct,20260934,32,28163959.866896078,637.5440411489777
D3,uswc_port_capacity_675pct,20260934,33,28185716.992078416,637.3515474603057
D3,uswc_port_capacity_675pct,20260934,34,28238190.86798789,637.1719861808509
D3,uswc_port_capacity_675pct,20260934,35,28243126.8004445,636.9885381845613
D3,uswc_port_capacity_675pct,20260934,36,28247634.092055432,636.9365675951398
D3,uswc_port_capacity_675pct,20260934,37,28313684.721639648,636.7637013404806
D3,uswc_port_capacity_675pct,20260934,38,28318249.21107218,636.7462450569801
D3,uswc_port_capacity_675pct,20260934,39,28323186.31651769,636.4551214277533
D3,uswc_port_capacity_675pct,20260934,40,28324560.651307408,636.2241663794925
D3,uswc_port_capacity_675pct,20260934,41,28361998.662869994,635.8269947530172
D3,uswc_port_capacity_675pct,20260934,42,28470413.8928132,635.7747552092644
D3,uswc_port_capacity_675pct,20260934,43,28525928.935498904,635.1917538467508
D3,uswc_port_capacity_675pct,20260935,1,27164990.68262436,651.543916237234
D3,uswc_port_capacity_675pct,20260935,2,27211433.40782931,651.5025943592103
D3,uswc_port_capacity_675pct,20260935,3,27219077.083908767,649.9620512568445
D3,uswc_port_capacity_675pct,20260935,4,27239655.75534067,649.2987269112538
D3,uswc_port_capacity_675pct,20260935,5,27256112.71651725,647.3147573524668
D3,uswc_port_capacity_675pct,20260935,6,27353819.28459087,646.247234300998
D3,uswc_port_capacity_675pct,20260935,7,27399187.456901424,645.0708517692331
D3,uswc_port_capacity_675pct,20260935,8,27400619.11914551,644.9905038775802
D3,uswc_port_capacity_675pct,20260935,9,27425450.26109994,644.9173148929842
D3,uswc_port_capacity_675pct,20260935,10,27448487.724321008,644.3606924023852
D3,uswc_port_capacity_675pct,20260935,11,27502588.93694484,643.2319972138446
D3,uswc_port_capacity_675pct,20260935,12,27516227.81938158,643.1297006872337
D3,uswc_port_capacity_675pct,20260935,13,27556814.329468433,642.1718545601636
D3,uswc_port_capacity_675pct,20260935,14,27614714.519776776,642.1311862916814
D3,uswc_port_capacity_675pct,20260935,15,27650089.393536486,641.8937014024185
D3,uswc_port_capacity_675pct,20260935,16,27688062.494814795,641.7711126613717
D3,uswc_port_capacity_675pct,20260935,17,27689407.116776217,641.579967658914
D3,uswc_port_capacity_675pct,20260935,18,27742285.19926409,641.1679968464508
D3,uswc_port_capacity_675pct,20260935,19,27747626.520488564,641.1665960658797
D3,uswc_port_capacity_675pct,20260935,20,27749839.32157281,641.0424707521785
D3,uswc_port_capacity_675pct,20260935,21,27779283.560306564,640.7311069975618
D3,uswc_port_capacity_675pct,20260935,22,27794552.25642934,640.3351175660054
D3,uswc_port_capacity_675pct,20260935,23,27877561.228808172,640.2002333897905
D3,uswc_port_capacity_675pct,20260935,24,27924042.47254847,639.8142849866028
