case_id,scenario,point_id,total_cost_usd,quantity_weighted_mean_delivery_time_h,source_seeds
D1,la_lb_departure_delay_72h,1,26016061.05393632,692.3458457792964,20260934
D1,la_lb_departure_delay_72h,2,26029200.1697573,692.0435201155509,20260934
D1,la_lb_departure_delay_72h,3,26078723.192549054,691.7978094502496,20260934
D1,la_lb_departure_delay_72h,4,26134719.47948193,691.44947810229,20260934
D1,la_lb_departure_delay_72h,5,26139593.99387966,691.0625403463445,20260934
D1,la_lb_departure_delay_72h,6,26168417.72670333,690.9970563184091,20260934
D1,la_lb_departure_delay_72h,7,26177238.121685084,690.8454962484287,20260934
D1,la_lb_departure_delay_72h,8,26200303.912962556,690.8065232083154,20260934
D1,la_lb_departure_delay_72h,9,26231639.343988366,690.484535019354,20260934
D1,la_lb_departure_delay_72h,10,26240687.51975969,689.8581582104244,20260934
D1,la_lb_departure_delay_72h,11,26268968.929012734,689.6169040882354,20260934
D1,la_lb_departure_delay_72h,12,26273314.94510871,689.3728371180489,20260934
D1,la_lb_departure_delay_72h,13,26342330.498310756,689.2703736526673,20260934
D1,la_lb_departure_delay_72h,14,26361989.747323584,688.9773981795885,20260934
D1,la_lb_departure_delay_72h,15,26377534.519217987,688.9334421591581,20260934
D1,la_lb_departure_delay_72h,16,26383580.343363542,688.785380170094,20260934
D1,la_lb_departure_delay_72h,17,26392824.713867553,688.7362507233314,20260934
D1,la_lb_departure_delay_72h,18,26419640.317505762,688.6507250594411,20260934
D1,la_lb_departure_delay_72h,19,26428038.60177476,688.6338354965936,20260934
D1,la_lb_departure_delay_72h,20,26443093.822888754,688.4355315845111,20260934
D1,la_lb_departure_delay_72h,21,26445995.71522261,688.2692560891155,20260934
D1,la_lb_departure_delay_72h,22,26446171.43677125,688.1766499186436,20260934
D1,la_lb_departure_delay_72h,23,26453464.617970962,688.1459956223389,20260934
D1,la_lb_departure_delay_72h,24,26481827.688342787,688.0524769237961,20260934
D1,la_lb_departure_delay_72h,25,26488675.10493607,688.0010660030343,20260934
D1,la_lb_departure_delay_72h,26,26499735.33398432,687.8502120672513,20260934
D1,la_lb_departure_delay_72h,27,26517841.82440166,687.62956523166,20260934
D1,la_lb_departure_delay_72h,28,26543539.851621117,687.5373365028944,20260907
D1,la_lb_departure_delay_72h,29,26561893.358093537,687.4826461743908,20260934
D1,la_lb_departure_delay_72h,30,26574683.1121765,686.9223424253242,20260907
D1,la_lb_departure_delay_72h,31,26626403.433013868,686.8328036825725,20260907
D1,la_lb_departure_delay_72h,32,26648073.056295406,686.4669959390519,20260907
D1,la_lb_departure_delay_72h,33,26699899.157598056,686.1865797847465,20260928
D1,la_lb_departure_delay_72h,34,26716964.408265807,685.9823762817495,20260907
D1,la_lb_departure_delay_72h,35,26733896.32782853,685.788708326798,20260907
D1,la_lb_departure_delay_72h,36,26776943.122556247,685.7760643976827,20260907
D1,la_lb_departure_delay_72h,37,26798677.53486229,685.4395003747725,20260907
D1,la_lb_departure_delay_72h,38,26827613.353540346,685.1710071015475,20260928
D1,la_lb_departure_delay_72h,39,26832119.24139277,685.0124515947074,20260928
D1,la_lb_departure_delay_72h,40,26870323.71668637,684.7664647800101,20260928
D1,la_lb_departure_delay_72h,41,26918237.69293148,684.6259577470556,20260928
D1,la_lb_departure_delay_72h,42,26920581.89493531,684.5592042196315,20260928
D1,la_lb_departure_delay_72h,43,26945871.981226664,684.2352137866126,20260928
D1,la_lb_departure_delay_72h,44,27016650.64900093,684.0814813820318,20260907
D1,la_lb_departure_delay_72h,45,27075390.411073778,684.0702503023774,20260928
D1,la_lb_departure_delay_72h,46,27090920.493883215,683.7118360914777,20260918
D1,la_lb_departure_delay_72h,47,27099509.433626723,683.6738912531514,20260928
D1,la_lb_departure_delay_72h,48,27112035.719734542,683.1139724683209,20260928
D1,la_lb_departure_delay_72h,49,27217094.454914942,683.0331485864328,20260919
D1,la_lb_departure_delay_72h,50,27316224.38263177,682.7997345843467,20260919
D1,la_lb_departure_delay_72h,51,27331501.167585906,682.6426027625105,20260919
D1,la_lb_departure_delay_72h,52,27353121.043313242,682.5935745335483,20260919
D1,la_lb_departure_delay_72h,53,27400187.305686094,682.2413165336653,20260919
D1,la_lb_departure_delay_72h,54,27457579.40493919,682.10461437749,20260919
D1,la_lb_departure_delay_72h,55,27475127.846487302,681.7702399699424,20260918
D1,la_lb_departure_delay_72h,56,27597761.522028323,681.5331696438203,20260918
D1,la_lb_departure_delay_72h,57,27671265.441799972,680.9285517547738,20260918
D1,la_lb_departure_delay_72h,58,27801785.38248891,680.8769132784838,20260918
D1,la_lb_departure_delay_72h,59,27892268.875639167,680.7903574369459,20260919
D1,la_lb_departure_delay_72h,60,27946030.253539655,680.6994383105533,20260918
D1,la_lb_departure_delay_72h,61,27992415.96611122,680.6232577615104,20260919
D1,la_lb_departure_delay_72h,62,28139316.97515343,680.4225333313454,20260918
D1,la_lb_departure_delay_72h,63,28332149.572455008,680.1974688409873,20260918
D1,la_lb_port_capacity_50pct,1,24930893.608474642,655.2349023262012,20260929
D1,la_lb_port_capacity_50pct,2,24940704.82150948,650.8352567753644,20260929
D1,la_lb_port_capacity_50pct,3,25046722.330274034,650.2359812193286,20260929
D1,la_lb_port_capacity_50pct,4,25065943.9853397,650.157057762457,20260927
D1,la_lb_port_capacity_50pct,5,25099215.530851416,648.7728601351488,20260934
D1,la_lb_port_capacity_50pct,6,25170810.729283363,648.5819753693336,20260934
D1,la_lb_port_capacity_50pct,7,25185461.683584347,648.2670155507706,20260934
D1,la_lb_port_capacity_50pct,8,25251034.408944722,648.1499649064303,20260922
D1,la_lb_port_capacity_50pct,9,25254131.947929624,648.0540174794351,20260934
D1,la_lb_port_capacity_50pct,10,25300310.83121164,647.7201026619094,20260906
D1,la_lb_port_capacity_50pct,11,25363018.93921191,647.4615678766605,20260934
D1,la_lb_port_capacity_50pct,12,25365062.660179533,647.2788762054203,20260934
D1,la_lb_port_capacity_50pct,13,25462719.11970464,647.0621857905377,20260922
D1,la_lb_port_capacity_50pct,14,25494071.513745375,646.9731261461301,20260907
D1,la_lb_port_capacity_50pct,15,25503277.52551346,646.8335192996275,20260934
D1,la_lb_port_capacity_50pct,16,25547671.77316292,646.6371629968601,20260907
D1,la_lb_port_capacity_50pct,17,25646166.54826108,646.5044818552957,20260907
D1,la_lb_port_capacity_50pct,18,25647335.808979772,646.4629077050631,20260922
D1,la_lb_port_capacity_50pct,19,25654236.551638156,646.3194628054049,20260935
D1,la_lb_port_capacity_50pct,20,25654482.95623436,646.232024268269,20260934
D1,la_lb_port_capacity_50pct,21,25659001.564097624,646.146146648507,20260907
D1,la_lb_port_capacity_50pct,22,25662499.9777219,645.7072766740837,20260935
D1,la_lb_port_capacity_50pct,23,25789299.865395732,645.6302611631006,20260907
D1,la_lb_port_capacity_50pct,24,25803023.831830535,645.5425528415101,20260935
D1,la_lb_port_capacity_50pct,25,25829381.892407145,644.9564903127937,20260907
D1,la_lb_port_capacity_50pct,26,25947545.004904367,644.9010551484733,20260935
D1,la_lb_port_capacity_50pct,27,25965820.358097922,644.632083284647,20260935
D1,la_lb_port_capacity_50pct,28,26018004.390413016,644.6236910104864,20260907
D1,la_lb_port_capacity_50pct,29,26031270.491977084,644.5898764035106,20260935
D1,la_lb_port_capacity_50pct,30,26056076.450405777,644.4957042456792,20260927
D1,la_lb_port_capacity_50pct,31,26084450.848686304,644.3713453277587,20260935
D1,la_lb_port_capacity_50pct,32,26122586.927341223,644.3405740509208,20260935
D1,la_lb_port_capacity_50pct,33,26132546.129038565,644.1933786425891,20260927
D1,la_lb_port_capacity_50pct,34,26203266.17027371,644.1004616199616,20260927
D1,la_lb_port_capacity_50pct,35,26220251.712703474,644.0925218530222,20260935
D1,la_lb_port_capacity_50pct,36,26225616.620906234,644.0923293308159,20260927
D1,la_lb_port_capacity_50pct,37,26254010.569374103,643.8455241138256,20260935
D1,la_lb_port_capacity_50pct,38,26288318.79735203,643.5156717597563,20260927
D1,la_lb_port_capacity_50pct,39,26291871.00612112,643.4769701128472,20260927
D1,la_lb_port_capacity_50pct,40,26381657.87589582,643.4458063632683,20260935
D1,la_lb_port_capacity_50pct,41,26412194.38396134,643.3532404506121,20260935
D1,la_lb_port_capacity_50pct,42,26523588.511026856,642.9656188300225,20260916
D1,la_lb_port_capacity_50pct,43,26571643.68480504,642.6944792648203,20260916
D1,la_lb_port_capacity_50pct,44,26575424.43253104,642.2013784179537,20260907
D1,pilot_baseline,1,24842445.19812098,660.4667559181308,20260906
D1,pilot_baseline,2,24848650.87177561,660.0019607945736,20260906
D1,pilot_baseline,3,24883568.201326527,658.6343352527729,20260906
D1,pilot_baseline,4,24888497.304555107,653.2299622158317,20260906
D1,pilot_baseline,5,24952312.852573715,653.0169489543077,20260906
D1,pilot_baseline,6,24988661.712288722,651.8252915182069,20260906
D1,pilot_baseline,7,25015801.614312228,651.7410650440858,20260906
D1,pilot_baseline,8,25027305.75699999,648.6471827837831,20260906
D1,pilot_baseline,9,25048405.284625843,647.9674761935964,20260906
D1,pilot_baseline,10,25145924.420690563,647.4400488001354,20260906
D1,pilot_baseline,11,25150426.31195558,646.7272102563984,20260906
D1,pilot_baseline,12,25154848.34343224,646.6180078702163,20260906
D1,pilot_baseline,13,25177392.60003796,645.9118055369357,20260933
D1,pilot_baseline,14,25183901.81765151,644.1530559632971,20260923
D1,pilot_baseline,15,25195300.396754384,644.1155008779716,20260923
D1,pilot_baseline,16,25213844.15011067,643.8694508795252,20260933
D1,pilot_baseline,17,25221481.169953357,642.4337207184383,20260932
D1,pilot_baseline,18,25245563.86645435,640.9869864564172,20260912
D1,pilot_baseline,19,25296118.36958161,638.6596958843554,20260912
D1,pilot_baseline,20,25313310.103698507,638.1804410406907,20260932
D1,pilot_baseline,21,25373170.16865519,637.603351320569,20260912
D1,pilot_baseline,22,25381113.971172906,637.462174937037,20260932
D1,pilot_baseline,23,25412277.976145215,637.3194423787354,20260932
D1,pilot_baseline,24,25412396.694947865,637.3121527390931,20260912
D1,pilot_baseline,25,25412552.53586355,636.2742574455212,20260932
D1,pilot_baseline,26,25477489.42523127,636.0770864938119,20260912
D1,pilot_baseline,27,25487990.91266626,635.4987189178859,20260932
D1,pilot_baseline,28,25511794.069225244,635.385771678844,20260912
D1,pilot_baseline,29,25512405.61914239,635.1958254120451,20260912
D1,pilot_baseline,30,25520009.66088834,635.0912322279218,20260912
D1,pilot_baseline,31,25530175.039977346,634.3162187577074,20260912
D1,pilot_baseline,32,25534679.101430047,634.2467667372729,20260912
D1,pilot_baseline,33,25571105.24786311,634.0019876096361,20260932
D1,pilot_baseline,34,25588168.39353081,633.7394485510819,20260932
D1,pilot_baseline,35,25589599.156443063,633.6585786905,20260912
D1,pilot_baseline,36,25606115.69696911,633.477243524744,20260912
D1,pilot_baseline,37,25608682.029926307,633.3881903918789,20260912
D1,pilot_baseline,38,25619704.380212445,633.305472433005,20260927
D1,pilot_baseline,39,25630303.21725872,633.1538114376112,20260932
D1,pilot_baseline,40,25632437.050621632,633.1062400407546,20260912
D1,pilot_baseline,41,25637883.522405136,632.4363962140179,20260912
D1,pilot_baseline,42,25663193.9963302,632.3481515333553,20260932
D1,pilot_baseline,43,25689245.819080215,632.1039281575665,20260932
D1,pilot_baseline,44,25690957.30946771,631.1828970683052,20260912
D1,pilot_baseline,45,25702106.96553333,631.1226613497582,20260912
D1,pilot_baseline,46,25721284.12020118,630.8132637265082,20260932
D1,pilot_baseline,47,25742052.779472794,630.2527356495924,20260912
D1,pilot_baseline,48,25781620.233055748,630.1124616298766,20260912
D1,pilot_baseline,49,25782069.58653237,629.0165537528575,20260932
D1,pilot_baseline,50,25784411.552524347,628.929771282216,20260932
D1,pilot_baseline,51,25850159.04732197,628.6040771836915,20260932
D1,pilot_baseline,52,25874523.312749244,627.7748981606636,20260927
D1,pilot_baseline,53,25887881.881216742,627.5799754051783,20260912
D1,pilot_baseline,54,25947772.611799456,627.1956124114544,20260919
D1,pilot_baseline,55,25960495.03648061,627.1248792493246,20260919
D1,pilot_baseline,56,25960787.670548104,626.3455665972414,20260919
D1,pilot_baseline,57,25978071.889775064,626.0830615249329,20260932
D1,pilot_baseline,58,26012100.002830815,625.5983008306623,20260919
D1,pilot_baseline,59,26035957.91802891,625.3908509426325,20260919
D1,pilot_baseline,60,26041528.754809827,625.1327766265262,20260927
D1,pilot_baseline,61,26047000.380012766,624.6409284071755,20260919
D1,pilot_baseline,62,26078454.04174026,624.6269236616813,20260919
D1,pilot_baseline,63,26088108.51695721,624.3071479515643,20260919
D1,pilot_baseline,64,26106149.48305315,624.1270090013602,20260919
D1,pilot_baseline,65,26141080.43551318,623.4929835591001,20260919
D1,pilot_baseline,66,26166187.815320842,622.7309224621099,20260919
D1,pilot_baseline,67,26181550.811070465,622.6004955759352,20260919
D1,pilot_baseline,68,26207714.111823913,622.1477503571793,20260919
D1,pilot_baseline,69,26230472.702329084,622.1421780482056,20260919
D1,pilot_baseline,70,26233073.149938818,621.8821146802418,20260919
D1,pilot_baseline,71,26286310.200127587,620.976794992271,20260919
D1,pilot_baseline,72,26309731.3301426,620.748467188563,20260919
D1,pilot_baseline,73,26389990.185705308,620.6939774268258,20260925
D1,pilot_baseline,74,26398415.777893074,620.4481500402061,20260925
D1,pilot_baseline,75,26412051.673197955,619.9291129020464,20260925
D1,pilot_baseline,76,26469059.059917103,619.6854423631269,20260915
D1,pilot_baseline,77,26478502.06672025,619.3641697795872,20260915
D1,pilot_baseline,78,26530623.826993868,619.3612708983297,20260915
D1,pilot_baseline,79,26544322.097125288,618.1737686731917,20260915
D1,pilot_baseline,80,26571173.55595367,617.897496926095,20260915
D1,pilot_baseline,81,26591906.179263618,617.5779448683761,20260915
D1,pilot_baseline,82,26653399.489870492,617.1121999235975,20260915
D1,pilot_baseline,83,26720476.696201835,616.6216548441273,20260915
D1,pilot_baseline,84,26772109.384655178,615.6406286172274,20260915
D1,seattle_tacoma_departure_delay_72h,1,26438100.874524277,636.6625372704883,20260921
D1,seattle_tacoma_departure_delay_72h,2,26449367.63834338,635.5995303540876,20260921
D1,seattle_tacoma_departure_delay_72h,3,26460263.885042455,632.5740441890407,20260921
D1,seattle_tacoma_departure_delay_72h,4,26486103.9735737,622.7262752517194,20260913
D1,seattle_tacoma_departure_delay_72h,5,26528008.088636745,622.4462373419008,20260913
D1,seattle_tacoma_departure_delay_72h,6,26531467.90074881,621.3336011434048,20260913
D1,seattle_tacoma_departure_delay_72h,7,26554705.92103494,620.4060199092489,20260913
D1,seattle_tacoma_departure_delay_72h,8,26589551.77261025,619.8427614320216,20260913
D1,seattle_tacoma_departure_delay_72h,9,26613687.32433685,619.4635761089019,20260913
D1,seattle_tacoma_departure_delay_72h,10,26631090.733547166,619.3735274634226,20260913
D1,seattle_tacoma_departure_delay_72h,11,26644141.649462547,618.5922047277552,20260913
D1,seattle_tacoma_departure_delay_72h,12,26659493.13726281,617.2253049228054,20260913
D1,seattle_tacoma_departure_delay_72h,13,26679314.740658864,616.6170463341375,20260913
D1,seattle_tacoma_departure_delay_72h,14,26688170.364024326,616.5741468521829,20260913
D1,seattle_tacoma_departure_delay_72h,15,26715820.703182645,616.303469820817,20260913
D1,seattle_tacoma_departure_delay_72h,16,26727343.457642354,616.0678565884413,20260913
D1,seattle_tacoma_departure_delay_72h,17,26728127.372210182,615.9340257647217,20260913
D1,seattle_tacoma_departure_delay_72h,18,26738524.301334076,615.5792200617772,20260913
D1,seattle_tacoma_departure_delay_72h,19,26751284.88004572,615.5110174390793,20260913
D1,seattle_tacoma_departure_delay_72h,20,26767385.691088796,614.8995978458179,20260913
D1,seattle_tacoma_departure_delay_72h,21,26783627.142691385,614.0764421188185,20260913
D1,seattle_tacoma_departure_delay_72h,22,26801204.85461498,614.0680886689153,20260919
D1,seattle_tacoma_departure_delay_72h,23,26805781.945805784,613.768635065717,20260913
D1,seattle_tacoma_departure_delay_72h,24,26806486.701604467,612.9721165064506,20260919
D1,seattle_tacoma_departure_delay_72h,25,26815251.02514305,612.6053927645801,20260919
D1,seattle_tacoma_departure_delay_72h,26,26831935.383146644,612.317553333113,20260929
D1,seattle_tacoma_departure_delay_72h,27,26841311.93768003,611.7992688272549,20260906
D1,seattle_tacoma_departure_delay_72h,28,26864006.607239485,611.726522405132,20260919
D1,seattle_tacoma_departure_delay_72h,29,26870073.638799086,611.3394493054817,20260919
D1,seattle_tacoma_departure_delay_72h,30,26870980.620728597,611.334105567936,20260919
D1,seattle_tacoma_departure_delay_72h,31,26871956.908414785,611.2366004778387,20260915
D1,seattle_tacoma_departure_delay_72h,32,26889279.53534123,610.6879331809413,20260915
D1,seattle_tacoma_departure_delay_72h,33,26891626.77275636,610.4640873796402,20260915
D1,seattle_tacoma_departure_delay_72h,34,26896180.179929584,609.9454611416146,20260915
D1,seattle_tacoma_departure_delay_72h,35,26896519.83409446,609.9144462287622,20260915
D1,seattle_tacoma_departure_delay_72h,36,26907062.388650086,609.867903208285,20260915
D1,seattle_tacoma_departure_delay_72h,37,26908245.230853826,609.8371794806463,20260915
D1,seattle_tacoma_departure_delay_72h,38,26914284.869347043,609.6034107728872,20260915
D1,seattle_tacoma_departure_delay_72h,39,26917828.772569977,609.5088323659552,20260915
D1,seattle_tacoma_departure_delay_72h,40,26931235.114766132,609.4663308733631,20260915
D1,seattle_tacoma_departure_delay_72h,41,26959495.11085976,609.0618953052915,20260919
D1,seattle_tacoma_departure_delay_72h,42,26960130.902103588,609.0334365282355,20260915
D1,seattle_tacoma_departure_delay_72h,43,26967251.85540053,608.8832469461726,20260923
D1,seattle_tacoma_departure_delay_72h,44,26974467.849735864,608.1540288367405,20260923
D1,seattle_tacoma_departure_delay_72h,45,26982684.234236646,608.0990948507603,20260923
D1,seattle_tacoma_departure_delay_72h,46,26998918.699919835,608.0007801467389,20260915
D1,seattle_tacoma_departure_delay_72h,47,27028150.4444656,607.9657423913611,20260923
D1,seattle_tacoma_departure_delay_72h,48,27034511.860189196,607.8307758263447,20260915
D1,seattle_tacoma_departure_delay_72h,49,27045587.883897703,607.796357563176,20260915
D1,seattle_tacoma_departure_delay_72h,50,27067462.379126564,607.7402162300348,20260923
D1,seattle_tacoma_departure_delay_72h,51,27084836.507578086,607.5701575050679,20260923
D1,seattle_tacoma_departure_delay_72h,52,27109639.154786434,607.5540151767614,20260923
D1,seattle_tacoma_departure_delay_72h,53,27110207.63529137,607.5442599311993,20260923
D1,seattle_tacoma_departure_delay_72h,54,27122471.579474118,607.4815585219043,20260923
D1,seattle_tacoma_departure_delay_72h,55,27131333.37424266,607.4353216175547,20260923
D1,seattle_tacoma_departure_delay_72h,56,27140930.82622351,607.3959778066313,20260923
D1,seattle_tacoma_departure_delay_72h,57,27145187.015471358,607.3464797217783,20260923
D1,seattle_tacoma_departure_delay_72h,58,27155883.096361946,607.1911169487073,20260923
D1,seattle_tacoma_departure_delay_72h,59,27185161.66491071,607.1790396645482,20260923
D1,seattle_tacoma_departure_delay_72h,60,27198811.48195321,607.1319293403851,20260923
D1,seattle_tacoma_departure_delay_72h,61,27201939.093858894,607.0955176030589,20260923
D1,seattle_tacoma_departure_delay_72h,62,27215780.00408075,607.0652098321737,20260923
D1,seattle_tacoma_departure_delay_72h,63,27246902.190975778,606.9318317419863,20260923
D1,seattle_tacoma_departure_delay_72h,64,27250542.91788598,606.8997711510726,20260923
D1,seattle_tacoma_departure_delay_72h,65,27264799.998751026,606.8666046372401,20260923
D1,seattle_tacoma_departure_delay_72h,66,27303158.537869222,606.6022720304636,20260923
D1,seattle_tacoma_port_capacity_50pct,1,24842445.19812098,660.4667559181308,20260906
D1,seattle_tacoma_port_capacity_50pct,2,24848650.87177561,660.0019607945736,20260906
D1,seattle_tacoma_port_capacity_50pct,3,24883568.201326527,658.6343352527729,20260906
D1,seattle_tacoma_port_capacity_50pct,4,24888497.304555107,653.2299622158317,20260906
D1,seattle_tacoma_port_capacity_50pct,5,24952312.852573715,653.0169489543077,20260906
D1,seattle_tacoma_port_capacity_50pct,6,24988661.712288722,651.8252915182069,20260906
D1,seattle_tacoma_port_capacity_50pct,7,25015801.614312228,651.7410650440858,20260906
D1,seattle_tacoma_port_capacity_50pct,8,25027305.75699999,648.6471827837831,20260906
D1,seattle_tacoma_port_capacity_50pct,9,25048405.284625843,647.9674761935964,20260906
D1,seattle_tacoma_port_capacity_50pct,10,25145924.420690563,647.4400488001354,20260906
D1,seattle_tacoma_port_capacity_50pct,11,25150426.31195558,646.7272102563984,20260906
D1,seattle_tacoma_port_capacity_50pct,12,25154848.34343224,646.6180078702163,20260906
D1,seattle_tacoma_port_capacity_50pct,13,25177392.60003796,645.9118055369357,20260933
D1,seattle_tacoma_port_capacity_50pct,14,25183901.81765151,644.1530559632971,20260923
D1,seattle_tacoma_port_capacity_50pct,15,25195300.396754384,644.1155008779716,20260923
D1,seattle_tacoma_port_capacity_50pct,16,25213844.15011067,643.8694508795252,20260933
D1,seattle_tacoma_port_capacity_50pct,17,25221481.169953357,642.4337207184383,20260932
D1,seattle_tacoma_port_capacity_50pct,18,25245563.86645435,640.9869864564172,20260912
D1,seattle_tacoma_port_capacity_50pct,19,25296118.36958161,638.6596958843554,20260912
D1,seattle_tacoma_port_capacity_50pct,20,25313310.103698507,638.1804410406907,20260932
D1,seattle_tacoma_port_capacity_50pct,21,25373170.16865519,637.603351320569,20260912
D1,seattle_tacoma_port_capacity_50pct,22,25381113.971172906,637.462174937037,20260932
D1,seattle_tacoma_port_capacity_50pct,23,25412277.976145215,637.3194423787354,20260932
D1,seattle_tacoma_port_capacity_50pct,24,25412396.694947865,637.3121527390931,20260912
D1,seattle_tacoma_port_capacity_50pct,25,25412552.53586355,636.2742574455212,20260932
D1,seattle_tacoma_port_capacity_50pct,26,25477489.42523127,636.0770864938119,20260912
D1,seattle_tacoma_port_capacity_50pct,27,25487990.91266626,635.4987189178859,20260932
D1,seattle_tacoma_port_capacity_50pct,28,25511794.069225244,635.385771678844,20260912
D1,seattle_tacoma_port_capacity_50pct,29,25512405.61914239,635.1958254120451,20260912
D1,seattle_tacoma_port_capacity_50pct,30,25520009.66088834,635.0912322279218,20260912
D1,seattle_tacoma_port_capacity_50pct,31,25530175.039977346,634.3162187577074,20260912
D1,seattle_tacoma_port_capacity_50pct,32,25534679.101430047,634.2467667372729,20260912
D1,seattle_tacoma_port_capacity_50pct,33,25571105.24786311,634.0019876096361,20260932
D1,seattle_tacoma_port_capacity_50pct,34,25588168.39353081,633.7394485510819,20260932
D1,seattle_tacoma_port_capacity_50pct,35,25589599.156443063,633.6585786905,20260912
D1,seattle_tacoma_port_capacity_50pct,36,25606115.69696911,633.477243524744,20260912
D1,seattle_tacoma_port_capacity_50pct,37,25608682.029926307,633.3881903918789,20260912
D1,seattle_tacoma_port_capacity_50pct,38,25619704.380212445,633.305472433005,20260927
D1,seattle_tacoma_port_capacity_50pct,39,25630303.21725872,633.1538114376112,20260932
D1,seattle_tacoma_port_capacity_50pct,40,25632437.050621632,633.1062400407546,20260912
D1,seattle_tacoma_port_capacity_50pct,41,25637883.522405136,632.4363962140179,20260912
D1,seattle_tacoma_port_capacity_50pct,42,25663193.9963302,632.3481515333553,20260932
D1,seattle_tacoma_port_capacity_50pct,43,25689245.819080215,632.1039281575665,20260932
D1,seattle_tacoma_port_capacity_50pct,44,25690957.30946771,631.1828970683052,20260912
D1,seattle_tacoma_port_capacity_50pct,45,25702106.96553333,631.1226613497582,20260912
D1,seattle_tacoma_port_capacity_50pct,46,25721284.12020118,630.8132637265082,20260932
D1,seattle_tacoma_port_capacity_50pct,47,25742052.779472794,630.2527356495924,20260912
D1,seattle_tacoma_port_capacity_50pct,48,25781620.233055748,630.1124616298766,20260912
D1,seattle_tacoma_port_capacity_50pct,49,25782069.58653237,629.0165537528575,20260932
D1,seattle_tacoma_port_capacity_50pct,50,25784411.552524347,628.929771282216,20260932
D1,seattle_tacoma_port_capacity_50pct,51,25850159.04732197,628.6040771836915,20260932
D1,seattle_tacoma_port_capacity_50pct,52,25874523.312749244,627.7748981606636,20260927
D1,seattle_tacoma_port_capacity_50pct,53,25887881.881216742,627.5799754051783,20260912
D1,seattle_tacoma_port_capacity_50pct,54,25947772.611799456,627.1956124114544,20260919
D1,seattle_tacoma_port_capacity_50pct,55,25960495.03648061,627.1248792493246,20260919
D1,seattle_tacoma_port_capacity_50pct,56,25960787.670548104,626.3455665972414,20260919
D1,seattle_tacoma_port_capacity_50pct,57,25978071.889775064,626.0830615249329,20260932
D1,seattle_tacoma_port_capacity_50pct,58,26012100.002830815,625.5983008306623,20260919
D1,seattle_tacoma_port_capacity_50pct,59,26035957.91802891,625.3908509426325,20260919
D1,seattle_tacoma_port_capacity_50pct,60,26041528.754809827,625.1327766265262,20260927
D1,seattle_tacoma_port_capacity_50pct,61,26047000.380012766,624.6409284071755,20260919
D1,seattle_tacoma_port_capacity_50pct,62,26078454.04174026,624.6269236616813,20260919
D1,seattle_tacoma_port_capacity_50pct,63,26088108.51695721,624.3071479515643,20260919
D1,seattle_tacoma_port_capacity_50pct,64,26106149.48305315,624.1270090013602,20260919
D1,seattle_tacoma_port_capacity_50pct,65,26141080.43551318,623.4929835591001,20260919
D1,seattle_tacoma_port_capacity_50pct,66,26166187.815320842,622.7309224621099,20260919
D1,seattle_tacoma_port_capacity_50pct,67,26181550.811070465,622.6004955759352,20260919
D1,seattle_tacoma_port_capacity_50pct,68,26207714.111823913,622.1477503571793,20260919
D1,seattle_tacoma_port_capacity_50pct,69,26230472.702329084,622.1421780482056,20260919
D1,seattle_tacoma_port_capacity_50pct,70,26233073.149938818,621.8821146802418,20260919
D1,seattle_tacoma_port_capacity_50pct,71,26286310.200127587,620.976794992271,20260919
D1,seattle_tacoma_port_capacity_50pct,72,26309731.3301426,620.748467188563,20260919
D1,seattle_tacoma_port_capacity_50pct,73,26389990.185705308,620.6939774268258,20260925
D1,seattle_tacoma_port_capacity_50pct,74,26398415.777893074,620.4481500402061,20260925
D1,seattle_tacoma_port_capacity_50pct,75,26412051.673197955,619.9291129020464,20260925
D1,seattle_tacoma_port_capacity_50pct,76,26469059.059917103,619.6854423631269,20260915
D1,seattle_tacoma_port_capacity_50pct,77,26478502.06672025,619.3641697795872,20260915
D1,seattle_tacoma_port_capacity_50pct,78,26530623.826993868,619.3612708983297,20260915
D1,seattle_tacoma_port_capacity_50pct,79,26544322.097125288,618.1737686731917,20260915
D1,seattle_tacoma_port_capacity_50pct,80,26571173.55595367,617.897496926095,20260915
D1,seattle_tacoma_port_capacity_50pct,81,26591906.179263618,617.5779448683761,20260915
D1,seattle_tacoma_port_capacity_50pct,82,26653399.489870492,617.1121999235975,20260915
D1,seattle_tacoma_port_capacity_50pct,83,26720476.696201835,616.6216548441273,20260915
D1,seattle_tacoma_port_capacity_50pct,84,26772109.384655178,615.6406286172274,20260915
D1,uswc_compound_50pct_delay_120h,1,33483711.809694815,730.5681895973376,20260919
D1,uswc_compound_50pct_delay_120h,2,33521763.65561166,730.371123311126,20260919
D1,uswc_compound_50pct_delay_120h,3,33525902.518509015,730.3180612662015,20260919
D1,uswc_compound_50pct_delay_120h,4,33541715.37219477,730.1220970230213,20260919
D1,uswc_compound_50pct_delay_120h,5,33541796.839467213,729.9420307796221,20260919
D1,uswc_compound_50pct_delay_120h,6,33599172.7048417,729.9189306194028,20260919
D1,uswc_compound_50pct_delay_120h,7,33605185.083769806,729.810330751229,20260919
D1,uswc_compound_50pct_delay_120h,8,33671672.85724151,729.7909546699639,20260919
D1,uswc_compound_50pct_delay_120h,9,33671884.15443209,729.784704209731,20260919
D1,uswc_compound_50pct_delay_120h,10,34387452.619397536,729.6530279064089,20260926
D1,uswc_compound_50pct_delay_120h,11,34544398.48544632,729.5075494611411,20260935
D1,uswc_compound_50pct_delay_120h,12,34708135.07019053,729.3944667770301,20260928
D1,uswc_compound_50pct_delay_120h,13,34852197.78130937,729.3499447153807,20260928
D1,uswc_compound_50pct_delay_120h,14,34896429.444976896,729.3499233806967,20260916
D1,uswc_compound_50pct_delay_120h,15,34898335.31902029,729.3226346399099,20260916
D1,uswc_compound_50pct_delay_120h,16,34900463.27664426,729.2831409297937,20260916
D1,uswc_compound_50pct_delay_120h,17,34910257.28693447,729.2794098663717,20260916
D1,uswc_compound_50pct_delay_120h,18,34927528.48837199,729.2261207702193,20260916
D1,uswc_compound_50pct_delay_120h,19,34963182.2409101,729.1992312267142,20260916
D1,uswc_compound_50pct_delay_120h,20,34966898.40843785,729.1038159960406,20260916
D1,uswc_compound_50pct_delay_120h,21,34983770.55439072,729.0373706699734,20260916
D1,uswc_departure_delay_120h,1,33483711.809694815,730.5681895973376,20260919
D1,uswc_departure_delay_120h,2,33521763.65561166,730.371123311126,20260919
D1,uswc_departure_delay_120h,3,33525902.518509015,730.3180612662015,20260919
D1,uswc_departure_delay_120h,4,33541715.37219477,730.1220970230213,20260919
D1,uswc_departure_delay_120h,5,33541796.839467213,729.9420307796221,20260919
D1,uswc_departure_delay_120h,6,33599172.7048417,729.9189306194028,20260919
D1,uswc_departure_delay_120h,7,33605185.083769806,729.810330751229,20260919
D1,uswc_departure_delay_120h,8,33671672.85724151,729.7909546699639,20260919
D1,uswc_departure_delay_120h,9,33671884.15443209,729.784704209731,20260919
D1,uswc_departure_delay_120h,10,34387452.619397536,729.6530279064089,20260926
D1,uswc_departure_delay_120h,11,34544398.48544632,729.5075494611411,20260935
D1,uswc_departure_delay_120h,12,34708135.07019053,729.3944667770301,20260928
D1,uswc_departure_delay_120h,13,34852197.78130937,729.3499447153807,20260928
D1,uswc_departure_delay_120h,14,34896429.444976896,729.3499233806967,20260916
D1,uswc_departure_delay_120h,15,34898335.31902029,729.3226346399099,20260916
D1,uswc_departure_delay_120h,16,34900463.27664426,729.2831409297937,20260916
D1,uswc_departure_delay_120h,17,34910257.28693447,729.2794098663717,20260916
D1,uswc_departure_delay_120h,18,34927528.48837199,729.2261207702193,20260916
D1,uswc_departure_delay_120h,19,34963182.2409101,729.1992312267142,20260916
D1,uswc_departure_delay_120h,20,34966898.40843785,729.1038159960406,20260916
D1,uswc_departure_delay_120h,21,34983770.55439072,729.0373706699734,20260916
D1,uswc_departure_delay_168h,1,43838008.709175274,773.4362101839644,20260922
D1,uswc_departure_delay_168h,2,43839247.676998325,772.4588975384577,20260922
D1,uswc_departure_delay_168h,3,43920359.41950296,772.3682833668538,20260926
D1,uswc_departure_delay_168h,4,43929608.650971,772.3441013823979,20260926
D1,uswc_departure_delay_168h,5,43975225.02248672,772.3242327561844,20260926
D1,uswc_departure_delay_168h,6,44134143.63202078,772.3214864973327,20260907
D1,uswc_departure_delay_96h,1,29756610.416316744,705.9821186121427,20260921
D1,uswc_departure_delay_96h,2,29817352.36298414,705.7324507239932,20260921
D1,uswc_departure_delay_96h,3,29864418.597093575,705.267855090387,20260921
D1,uswc_departure_delay_96h,4,29925454.53703694,705.103248759007,20260921
D1,uswc_departure_delay_96h,5,29971376.680163577,704.9695849768417,20260921
D1,uswc_departure_delay_96h,6,29983507.867779765,704.9279131522486,20260921
D1,uswc_departure_delay_96h,7,29993560.8411447,704.4949704873029,20260921
D1,uswc_departure_delay_96h,8,29997246.600127164,704.419668664886,20260921
D1,uswc_departure_delay_96h,9,30072905.873407304,704.2587874800732,20260921
D1,uswc_departure_delay_96h,10,30078405.571134277,703.9688532500286,20260921
D1,uswc_departure_delay_96h,11,30092355.66011196,703.9651119162799,20260921
D1,uswc_departure_delay_96h,12,30093287.223124947,703.2080461918492,20260921
D1,uswc_departure_delay_96h,13,30229633.756143946,702.9451490357986,20260921
D1,uswc_departure_delay_96h,14,30320003.000626124,702.9346741303027,20260921
D1,uswc_departure_delay_96h,15,30592428.647805657,702.8482832438597,20260907
D1,uswc_departure_delay_96h,16,30639060.830391344,702.7421911835919,20260919
D1,uswc_departure_delay_96h,17,30658642.65706111,702.4086372904892,20260907
D1,uswc_port_capacity_60pct,1,24842445.19812098,660.4667559181308,20260906
D1,uswc_port_capacity_60pct,2,24848650.87177561,660.0019607945736,20260906
D1,uswc_port_capacity_60pct,3,24883568.201326527,658.6343352527729,20260906
D1,uswc_port_capacity_60pct,4,24888497.304555107,653.2299622158317,20260906
D1,uswc_port_capacity_60pct,5,24952312.852573715,653.0169489543077,20260906
D1,uswc_port_capacity_60pct,6,24988661.712288722,651.8252915182069,20260906
D1,uswc_port_capacity_60pct,7,24991747.13976925,645.9965684636559,20260933
D1,uswc_port_capacity_60pct,8,25028287.21622129,644.8335193741771,20260933
D1,uswc_port_capacity_60pct,9,25048873.27515599,644.8199169996886,20260912
D1,uswc_port_capacity_60pct,10,25083990.32470401,643.53200471711,20260933
D1,uswc_port_capacity_60pct,11,25097046.095145185,643.1089820687554,20260933
D1,uswc_port_capacity_60pct,12,25115504.399038486,643.1049599181868,20260933
D1,uswc_port_capacity_60pct,13,25122852.1438238,642.6989135800104,20260933
D1,uswc_port_capacity_60pct,14,25181676.080055457,641.7998359065786,20260933
D1,uswc_port_capacity_60pct,15,25200990.850776207,640.8212308274399,20260933
D1,uswc_port_capacity_60pct,16,25218340.42516321,640.2825532441235,20260933
D1,uswc_port_capacity_60pct,17,25242397.456667326,640.063866298762,20260933
D1,uswc_port_capacity_60pct,18,25290938.938284744,639.5695969190527,20260933
D1,uswc_port_capacity_60pct,19,25291869.073707063,639.1911830506035,20260933
D1,uswc_port_capacity_60pct,20,25301104.914711636,639.0758082369748,20260912
D1,uswc_port_capacity_60pct,21,25309246.949847087,639.0692739689953,20260912
D1,uswc_port_capacity_60pct,22,25329383.449443374,638.359185499587,20260933
D1,uswc_port_capacity_60pct,23,25341866.87954392,638.1530404056388,20260933
D1,uswc_port_capacity_60pct,24,25360507.822598338,637.8054151973942,20260933
D1,uswc_port_capacity_60pct,25,25375356.673603307,637.6064133311,20260933
D1,uswc_port_capacity_60pct,26,25376881.602475684,637.3258004788631,20260934
D1,uswc_port_capacity_60pct,27,25377304.751914307,637.2860434339077,20260933
D1,uswc_port_capacity_60pct,28,25402836.942218564,637.1271309371087,20260933
D1,uswc_port_capacity_60pct,29,25404640.826952104,636.6483152228741,20260907
D1,uswc_port_capacity_60pct,30,25443269.475482233,636.4097575162091,20260907
D1,uswc_port_capacity_60pct,31,25448806.5623939,636.0540995663524,20260933
D1,uswc_port_capacity_60pct,32,25469214.390764765,635.7549496249206,20260907
D1,uswc_port_capacity_60pct,33,25480803.814207222,635.1906177444631,20260907
D1,uswc_port_capacity_60pct,34,25484461.21550167,635.131523678752,20260907
D1,uswc_port_capacity_60pct,35,25512843.122262914,634.6950923627983,20260933
D1,uswc_port_capacity_60pct,36,25524141.43687709,634.4716657631193,20260933
D1,uswc_port_capacity_60pct,37,25525930.332462247,633.8656688513087,20260916
D1,uswc_port_capacity_60pct,38,25562225.59781579,633.5803254277316,20260916
D1,uswc_port_capacity_60pct,39,25584546.941208784,633.433237546549,20260907
D1,uswc_port_capacity_60pct,40,25592031.85270877,633.1357233388409,20260907
D1,uswc_port_capacity_60pct,41,25616257.10565553,632.9284765427464,20260907
D1,uswc_port_capacity_60pct,42,25635457.46491291,632.7589286081562,20260907
D1,uswc_port_capacity_60pct,43,25666556.1335975,632.5057253269708,20260907
D1,uswc_port_capacity_60pct,44,25674032.7285975,632.493006855551,20260927
D1,uswc_port_capacity_60pct,45,25682740.987389944,631.9167118358562,20260927
D1,uswc_port_capacity_60pct,46,25715036.984856106,631.8357452913491,20260933
D1,uswc_port_capacity_60pct,47,25758042.6122075,631.5272698646252,20260927
D1,uswc_port_capacity_60pct,48,25800068.060502864,631.2270269228377,20260927
D1,uswc_port_capacity_60pct,49,25812612.343015444,631.186228434653,20260907
D1,uswc_port_capacity_60pct,50,25865345.449273285,631.0002529222829,20260927
D1,uswc_port_capacity_60pct,51,25922369.317858078,630.9737470083256,20260927
D1,uswc_port_capacity_60pct,52,25934130.095476545,630.8273056582154,20260907
D1,uswc_port_capacity_60pct,53,25970565.96909262,630.7084000063626,20260907
D1,uswc_port_capacity_60pct,54,25982153.398926117,630.2107268137667,20260907
D1,uswc_port_capacity_60pct,55,26084913.59006167,630.1628258336882,20260907
D1,uswc_port_capacity_60pct,56,26085855.686938513,629.7941506233988,20260907
D1,uswc_port_capacity_60pct,57,26208852.973372478,629.3918381784628,20260907
D1,uswc_port_capacity_60pct,58,26223118.294461194,629.2416939364463,20260907
D1,uswc_port_capacity_60pct,59,26416066.68262373,629.0179295645347,20260907
D1,uswc_port_capacity_60pct,60,26417651.254957624,628.9480922526515,20260907
D1,uswc_port_capacity_60pct,61,26437142.357669055,628.5321042579693,20260907
D1,uswc_port_capacity_60pct,62,26565623.819685135,628.4716537347729,20260907
D1,uswc_port_capacity_60pct,63,26590218.398032457,628.2200300395931,20260907
D1,uswc_port_capacity_60pct,64,26740655.41888917,628.042684267543,20260907
D1,uswc_port_capacity_60pct,65,26743996.148275495,628.0289892758324,20260907
D1,uswc_port_capacity_60pct,66,26824136.080369752,627.7388736229985,20260907
D1,uswc_port_capacity_60pct,67,26941123.052318335,627.3781517710765,20260907
D1,uswc_port_capacity_65pct,1,24842445.19812098,660.4667559181308,20260906
D1,uswc_port_capacity_65pct,2,24848650.87177561,660.0019607945736,20260906
D1,uswc_port_capacity_65pct,3,24883568.201326527,658.6343352527729,20260906
D1,uswc_port_capacity_65pct,4,24888497.304555107,653.2299622158317,20260906
D1,uswc_port_capacity_65pct,5,24952312.852573715,653.0169489543077,20260906
D1,uswc_port_capacity_65pct,6,24988661.712288722,651.8252915182069,20260906
D1,uswc_port_capacity_65pct,7,25015801.614312228,651.7410650440858,20260906
D1,uswc_port_capacity_65pct,8,25027305.75699999,648.6471827837831,20260906
D1,uswc_port_capacity_65pct,9,25048405.284625843,647.9674761935964,20260906
D1,uswc_port_capacity_65pct,10,25145924.420690563,647.4400488001354,20260906
D1,uswc_port_capacity_65pct,11,25150426.31195558,646.7272102563984,20260906
D1,uswc_port_capacity_65pct,12,25154848.34343224,646.6180078702163,20260906
D1,uswc_port_capacity_65pct,13,25177392.60003796,645.9118055369357,20260933
D1,uswc_port_capacity_65pct,14,25183901.81765151,644.1530559632971,20260923
D1,uswc_port_capacity_65pct,15,25195300.396754384,644.1155008779716,20260923
D1,uswc_port_capacity_65pct,16,25213844.15011067,643.8694508795252,20260933
D1,uswc_port_capacity_65pct,17,25221481.169953357,642.4337207184383,20260932
D1,uswc_port_capacity_65pct,18,25245563.86645435,640.9869864564172,20260912
D1,uswc_port_capacity_65pct,19,25296118.36958161,638.6596958843554,20260912
D1,uswc_port_capacity_65pct,20,25313310.103698507,638.1804410406907,20260932
D1,uswc_port_capacity_65pct,21,25373170.16865519,637.603351320569,20260912
D1,uswc_port_capacity_65pct,22,25381113.971172906,637.462174937037,20260932
D1,uswc_port_capacity_65pct,23,25412277.976145215,637.3194423787354,20260932
D1,uswc_port_capacity_65pct,24,25412396.694947865,637.3121527390931,20260912
D1,uswc_port_capacity_65pct,25,25412552.53586355,636.2742574455212,20260932
D1,uswc_port_capacity_65pct,26,25477489.42523127,636.0770864938119,20260912
D1,uswc_port_capacity_65pct,27,25487990.91266626,635.4987189178859,20260932
D1,uswc_port_capacity_65pct,28,25511794.069225244,635.385771678844,20260912
D1,uswc_port_capacity_65pct,29,25512405.61914239,635.1958254120451,20260912
D1,uswc_port_capacity_65pct,30,25520009.66088834,635.0912322279218,20260912
D1,uswc_port_capacity_65pct,31,25521968.794384547,635.0789855482134,20260910
D1,uswc_port_capacity_65pct,32,25530175.039977346,634.3162187577074,20260912
D1,uswc_port_capacity_65pct,33,25534679.101430047,634.2467667372729,20260912
D1,uswc_port_capacity_65pct,34,25571105.24786311,634.0019876096361,20260932
D1,uswc_port_capacity_65pct,35,25588168.39353081,633.7394485510819,20260932
D1,uswc_port_capacity_65pct,36,25589599.156443063,633.6585786905,20260912
D1,uswc_port_capacity_65pct,37,25603710.112623878,633.3295496895223,20260910
D1,uswc_port_capacity_65pct,38,25609458.426372945,633.3043999255896,20260910
D1,uswc_port_capacity_65pct,39,25630303.21725872,633.1538114376112,20260932
D1,uswc_port_capacity_65pct,40,25632437.050621632,633.1062400407546,20260912
D1,uswc_port_capacity_65pct,41,25637883.522405136,632.4363962140179,20260912
D1,uswc_port_capacity_65pct,42,25653086.597225145,632.1576047747174,20260910
D1,uswc_port_capacity_65pct,43,25675718.849439524,632.0879862754182,20260910
D1,uswc_port_capacity_65pct,44,25690957.30946771,631.1828970683052,20260912
D1,uswc_port_capacity_65pct,45,25702106.96553333,631.1226613497582,20260912
D1,uswc_port_capacity_65pct,46,25721284.12020118,630.8132637265082,20260932
D1,uswc_port_capacity_65pct,47,25742052.779472794,630.2527356495924,20260912
D1,uswc_port_capacity_65pct,48,25778400.4759254,630.2508449581501,20260910
D1,uswc_port_capacity_65pct,49,25781620.233055748,630.1124616298766,20260912
D1,uswc_port_capacity_65pct,50,25782069.58653237,629.0165537528575,20260932
D1,uswc_port_capacity_65pct,51,25784411.552524347,628.929771282216,20260932
D1,uswc_port_capacity_65pct,52,25840965.873912174,628.9032682672056,20260919
D1,uswc_port_capacity_65pct,53,25850159.04732197,628.6040771836915,20260932
D1,uswc_port_capacity_65pct,54,25874523.312749244,627.7748981606636,20260927
D1,uswc_port_capacity_65pct,55,25887881.881216742,627.5799754051783,20260912
D1,uswc_port_capacity_65pct,56,25922181.95602205,627.4141914115143,20260910
D1,uswc_port_capacity_65pct,57,25951189.336563617,627.2972012656672,20260919
D1,uswc_port_capacity_65pct,58,25960866.49781286,626.6386531203631,20260910
D1,uswc_port_capacity_65pct,59,25966712.930857,626.4500721604938,20260927
D1,uswc_port_capacity_65pct,60,25978071.889775064,626.0830615249329,20260932
D1,uswc_port_capacity_65pct,61,25990801.67698908,626.023048413668,20260910
D1,uswc_port_capacity_65pct,62,26019223.852726024,626.0154148949497,20260919
D1,uswc_port_capacity_65pct,63,26030883.03599652,625.8666923794202,20260927
D1,uswc_port_capacity_65pct,64,26038215.033446256,625.3269231988893,20260919
D1,uswc_port_capacity_65pct,65,26041528.754809827,625.1327766265262,20260927
D1,uswc_port_capacity_65pct,66,26069689.0382716,624.8287036472244,20260919
D1,uswc_port_capacity_65pct,67,26089934.44826299,624.2755583892239,20260919
D1,uswc_port_capacity_65pct,68,26128231.14377763,624.1229738562364,20260919
D1,uswc_port_capacity_65pct,69,26145274.003921166,623.9719454874798,20260919
D1,uswc_port_capacity_65pct,70,26157504.090159833,623.6973207733982,20260919
D1,uswc_port_capacity_65pct,71,26194161.41531411,623.6926126281004,20260919
D1,uswc_port_capacity_65pct,72,26222654.96911266,623.5376622901315,20260921
D1,uswc_port_capacity_65pct,73,26228102.80663373,623.4472537071432,20260919
D1,uswc_port_capacity_65pct,74,26275446.13559823,623.3881713474731,20260919
D1,uswc_port_capacity_65pct,75,26285720.793892525,623.3642133645747,20260910
D1,uswc_port_capacity_65pct,76,26290366.048575144,623.2675500767639,20260910
D1,uswc_port_capacity_65pct,77,26304899.462862115,623.2070864915058,20260919
D1,uswc_port_capacity_65pct,78,26328508.602569595,622.6357274844844,20260919
D1,uswc_port_capacity_65pct,79,26365624.679902297,622.6342290420982,20260921
D1,uswc_port_capacity_65pct,80,26421373.163505908,622.3899122703308,20260919
D1,uswc_port_capacity_65pct,81,26487821.933424328,622.2041503731351,20260919
D1,uswc_port_capacity_65pct,82,26542378.92715992,622.1242025106611,20260919
D1,uswc_port_capacity_65pct,83,26621557.687039107,622.101325260499,20260921
D1,uswc_port_capacity_65pct,84,26643326.362105362,621.5236945325154,20260919
D1,uswc_port_capacity_65pct,85,26658770.275879696,621.4117898033392,20260919
D1,uswc_port_capacity_65pct,86,26673135.04864244,621.3652811230788,20260919
D1,uswc_port_capacity_70pct,1,24842445.19812098,660.4667559181308,20260906
D1,uswc_port_capacity_70pct,2,24848650.87177561,660.0019607945736,20260906
D1,uswc_port_capacity_70pct,3,24883568.201326527,658.6343352527729,20260906
D1,uswc_port_capacity_70pct,4,24888497.304555107,653.2299622158317,20260906
D1,uswc_port_capacity_70pct,5,24952312.852573715,653.0169489543077,20260906
D1,uswc_port_capacity_70pct,6,24988661.712288722,651.8252915182069,20260906
D1,uswc_port_capacity_70pct,7,25015801.614312228,651.7410650440858,20260906
D1,uswc_port_capacity_70pct,8,25027305.75699999,648.6471827837831,20260906
D1,uswc_port_capacity_70pct,9,25048405.284625843,647.9674761935964,20260906
D1,uswc_port_capacity_70pct,10,25145924.420690563,647.4400488001354,20260906
D1,uswc_port_capacity_70pct,11,25150426.31195558,646.7272102563984,20260906
D1,uswc_port_capacity_70pct,12,25154848.34343224,646.6180078702163,20260906
D1,uswc_port_capacity_70pct,13,25177392.60003796,645.9118055369357,20260933
D1,uswc_port_capacity_70pct,14,25183901.81765151,644.1530559632971,20260923
D1,uswc_port_capacity_70pct,15,25195300.396754384,644.1155008779716,20260923
D1,uswc_port_capacity_70pct,16,25213844.15011067,643.8694508795252,20260933
D1,uswc_port_capacity_70pct,17,25221481.169953357,642.4337207184383,20260932
D1,uswc_port_capacity_70pct,18,25245563.86645435,640.9869864564172,20260912
D1,uswc_port_capacity_70pct,19,25296118.36958161,638.6596958843554,20260912
D1,uswc_port_capacity_70pct,20,25313310.103698507,638.1804410406907,20260932
D1,uswc_port_capacity_70pct,21,25373170.16865519,637.603351320569,20260912
D1,uswc_port_capacity_70pct,22,25381113.971172906,637.462174937037,20260932
D1,uswc_port_capacity_70pct,23,25412277.976145215,637.3194423787354,20260932
D1,uswc_port_capacity_70pct,24,25412396.694947865,637.3121527390931,20260912
D1,uswc_port_capacity_70pct,25,25412552.53586355,636.2742574455212,20260932
D1,uswc_port_capacity_70pct,26,25477489.42523127,636.0770864938119,20260912
D1,uswc_port_capacity_70pct,27,25487990.91266626,635.4987189178859,20260932
D1,uswc_port_capacity_70pct,28,25511794.069225244,635.385771678844,20260912
D1,uswc_port_capacity_70pct,29,25512405.61914239,635.1958254120451,20260912
D1,uswc_port_capacity_70pct,30,25520009.66088834,635.0912322279218,20260912
D1,uswc_port_capacity_70pct,31,25530175.039977346,634.3162187577074,20260912
D1,uswc_port_capacity_70pct,32,25534679.101430047,634.2467667372729,20260912
D1,uswc_port_capacity_70pct,33,25571105.24786311,634.0019876096361,20260932
D1,uswc_port_capacity_70pct,34,25588168.39353081,633.7394485510819,20260932
D1,uswc_port_capacity_70pct,35,25589599.156443063,633.6585786905,20260912
D1,uswc_port_capacity_70pct,36,25606115.69696911,633.477243524744,20260912
D1,uswc_port_capacity_70pct,37,25608682.029926307,633.3881903918789,20260912
D1,uswc_port_capacity_70pct,38,25619704.380212445,633.305472433005,20260927
D1,uswc_port_capacity_70pct,39,25630303.21725872,633.1538114376112,20260932
D1,uswc_port_capacity_70pct,40,25632437.050621632,633.1062400407546,20260912
D1,uswc_port_capacity_70pct,41,25637883.522405136,632.4363962140179,20260912
D1,uswc_port_capacity_70pct,42,25663193.9963302,632.3481515333553,20260932
D1,uswc_port_capacity_70pct,43,25689245.819080215,632.1039281575665,20260932
D1,uswc_port_capacity_70pct,44,25690957.30946771,631.1828970683052,20260912
D1,uswc_port_capacity_70pct,45,25702106.96553333,631.1226613497582,20260912
D1,uswc_port_capacity_70pct,46,25721284.12020118,630.8132637265082,20260932
D1,uswc_port_capacity_70pct,47,25742052.779472794,630.2527356495924,20260912
D1,uswc_port_capacity_70pct,48,25781620.233055748,630.1124616298766,20260912
D1,uswc_port_capacity_70pct,49,25782069.58653237,629.0165537528575,20260932
D1,uswc_port_capacity_70pct,50,25784411.552524347,628.929771282216,20260932
D1,uswc_port_capacity_70pct,51,25850159.04732197,628.6040771836915,20260932
D1,uswc_port_capacity_70pct,52,25874523.312749244,627.7748981606636,20260927
D1,uswc_port_capacity_70pct,53,25887881.881216742,627.5799754051783,20260912
D1,uswc_port_capacity_70pct,54,25947772.611799456,627.1956124114544,20260919
D1,uswc_port_capacity_70pct,55,25960495.03648061,627.1248792493246,20260919
D1,uswc_port_capacity_70pct,56,25960787.670548104,626.3455665972414,20260919
D1,uswc_port_capacity_70pct,57,25978071.889775064,626.0830615249329,20260932
D1,uswc_port_capacity_70pct,58,26012100.002830815,625.5983008306623,20260919
D1,uswc_port_capacity_70pct,59,26035957.91802891,625.3908509426325,20260919
D1,uswc_port_capacity_70pct,60,26041528.754809827,625.1327766265262,20260927
D1,uswc_port_capacity_70pct,61,26047000.380012766,624.6409284071755,20260919
D1,uswc_port_capacity_70pct,62,26078454.04174026,624.6269236616813,20260919
D1,uswc_port_capacity_70pct,63,26088108.51695721,624.3071479515643,20260919
D1,uswc_port_capacity_70pct,64,26106149.48305315,624.1270090013602,20260919
D1,uswc_port_capacity_70pct,65,26141080.43551318,623.4929835591001,20260919
D1,uswc_port_capacity_70pct,66,26166187.815320842,622.7309224621099,20260919
D1,uswc_port_capacity_70pct,67,26181550.811070465,622.6004955759352,20260919
D1,uswc_port_capacity_70pct,68,26207714.111823913,622.1477503571793,20260919
D1,uswc_port_capacity_70pct,69,26230472.702329084,622.1421780482056,20260919
D1,uswc_port_capacity_70pct,70,26233073.149938818,621.8821146802418,20260919
D1,uswc_port_capacity_70pct,71,26286310.200127587,620.976794992271,20260919
D1,uswc_port_capacity_70pct,72,26309731.3301426,620.748467188563,20260919
D1,uswc_port_capacity_70pct,73,26389990.185705308,620.6939774268258,20260925
D1,uswc_port_capacity_70pct,74,26398415.777893074,620.4481500402061,20260925
D1,uswc_port_capacity_70pct,75,26412051.673197955,619.9291129020464,20260925
D1,uswc_port_capacity_70pct,76,26469059.059917103,619.6854423631269,20260915
D1,uswc_port_capacity_70pct,77,26478502.06672025,619.3641697795872,20260915
D1,uswc_port_capacity_70pct,78,26530623.826993868,619.3612708983297,20260915
D1,uswc_port_capacity_70pct,79,26544322.097125288,618.1737686731917,20260915
D1,uswc_port_capacity_70pct,80,26571173.55595367,617.897496926095,20260915
D1,uswc_port_capacity_70pct,81,26591906.179263618,617.5779448683761,20260915
D1,uswc_port_capacity_70pct,82,26653399.489870492,617.1121999235975,20260915
D1,uswc_port_capacity_70pct,83,26720476.696201835,616.6216548441273,20260915
D1,uswc_port_capacity_70pct,84,26772109.384655178,615.6406286172274,20260915
D2,la_lb_departure_delay_72h,1,26193186.405517682,696.0394920496793,20260907
D2,la_lb_departure_delay_72h,2,26219311.11050312,693.577726725324,20260925
D2,la_lb_departure_delay_72h,3,26243401.91548724,693.0262773990654,20260925
D2,la_lb_departure_delay_72h,4,26249157.54620732,692.6297423731229,20260925
D2,la_lb_departure_delay_72h,5,26283948.67422818,692.2842062774158,20260925
D2,la_lb_departure_delay_72h,6,26312211.190222275,691.5924181924561,20260925
D2,la_lb_departure_delay_72h,7,26315825.864836726,690.8947146159164,20260925
D2,la_lb_departure_delay_72h,8,26362333.138037488,690.5953994398543,20260925
D2,la_lb_departure_delay_72h,9,26363583.462240033,690.5827520614243,20260925
D2,la_lb_departure_delay_72h,10,26404474.63647735,690.1346291161184,20260925
D2,la_lb_departure_delay_72h,11,26417864.459463336,689.5249134080913,20260925
D2,la_lb_departure_delay_72h,12,26429663.964803856,689.2145109606939,20260925
D2,la_lb_departure_delay_72h,13,26451777.168515734,688.1457019288432,20260925
D2,la_lb_departure_delay_72h,14,26499055.945725676,687.9872453871446,20260925
D2,la_lb_departure_delay_72h,15,26559488.160131287,687.6886669677899,20260925
D2,la_lb_departure_delay_72h,16,26576370.805258572,687.4523861956434,20260925
D2,la_lb_departure_delay_72h,17,26589908.771924853,687.106049071068,20260925
D2,la_lb_departure_delay_72h,18,26602643.500852585,686.7192328970232,20260925
D2,la_lb_departure_delay_72h,19,26676689.931942362,686.6517262738713,20260925
D2,la_lb_departure_delay_72h,20,26681685.752154075,686.5404518590688,20260924
D2,la_lb_departure_delay_72h,21,26699384.92949077,685.9296995034157,20260924
D2,la_lb_departure_delay_72h,22,26732460.624765746,685.0589716544471,20260924
D2,la_lb_departure_delay_72h,23,26797021.49303412,683.3969052667484,20260924
D2,la_lb_departure_delay_72h,24,26849200.798429526,683.3514168049978,20260924
D2,la_lb_departure_delay_72h,25,26869105.0210783,682.4650345696159,20260924
D2,la_lb_departure_delay_72h,26,26927012.385036178,681.7687952948083,20260924
D2,la_lb_departure_delay_72h,27,26972936.80197861,681.6393474549033,20260924
D2,la_lb_departure_delay_72h,28,27005479.658158544,681.5428484134063,20260924
D2,la_lb_departure_delay_72h,29,27013108.515479866,681.2141889735354,20260924
D2,la_lb_departure_delay_72h,30,27016785.42879884,681.2051853176798,20260924
D2,la_lb_departure_delay_72h,31,27034993.938169453,681.1184168083373,20260924
D2,la_lb_departure_delay_72h,32,27046118.30373851,680.7906976839231,20260924
D2,la_lb_departure_delay_72h,33,27133433.392807927,680.643162612963,20260924
D2,la_lb_departure_delay_72h,34,27135361.47628726,679.7646526731279,20260924
D2,la_lb_departure_delay_72h,35,27208752.521720603,679.4651730218019,20260924
D2,la_lb_departure_delay_72h,36,27222813.902202018,679.3187222794382,20260924
D2,la_lb_departure_delay_72h,37,27303768.316996966,678.8525055381284,20260924
D2,la_lb_departure_delay_72h,38,27837091.253344793,678.7627986013782,20260919
D2,la_lb_port_capacity_50pct,1,25083981.66200837,662.1499728106782,20260920
D2,la_lb_port_capacity_50pct,2,25091296.82807752,661.5212711992419,20260908
D2,la_lb_port_capacity_50pct,3,25114237.960768137,660.291799067262,20260914
D2,la_lb_port_capacity_50pct,4,25223114.670534134,659.9459584278849,20260916
D2,la_lb_port_capacity_50pct,5,25223710.265411545,659.9083408727757,20260916
D2,la_lb_port_capacity_50pct,6,25288864.713639196,659.3547613321128,20260914
D2,la_lb_port_capacity_50pct,7,25293335.407578185,659.0359977411102,20260908
D2,la_lb_port_capacity_50pct,8,25305566.01449997,658.7048724104039,20260908
D2,la_lb_port_capacity_50pct,9,25331760.608079854,658.6470417884124,20260908
D2,la_lb_port_capacity_50pct,10,25396836.869007252,657.0390376227274,20260914
D2,la_lb_port_capacity_50pct,11,25465369.025513604,656.5554128495245,20260908
D2,la_lb_port_capacity_50pct,12,25501427.744421072,656.4517335704896,20260914
D2,la_lb_port_capacity_50pct,13,25550656.16371608,656.3625621216866,20260916
D2,la_lb_port_capacity_50pct,14,25558168.497252427,655.2806969079562,20260909
D2,la_lb_port_capacity_50pct,15,25615206.35546889,655.1552285881336,20260922
D2,la_lb_port_capacity_50pct,16,25638616.640330177,655.0067063031527,20260929
D2,la_lb_port_capacity_50pct,17,25665192.88109557,654.9110511722264,20260920
D2,la_lb_port_capacity_50pct,18,25696441.58890234,654.5764635013512,20260919
D2,la_lb_port_capacity_50pct,19,25727874.3683699,653.4261656020818,20260919
D2,la_lb_port_capacity_50pct,20,25755300.96207497,653.2011461603752,20260919
D2,la_lb_port_capacity_50pct,21,25817846.961893704,652.6480787545078,20260919
D2,la_lb_port_capacity_50pct,22,25850675.37805879,652.3453556988235,20260909
D2,la_lb_port_capacity_50pct,23,25867610.969295803,652.1277660742644,20260919
D2,la_lb_port_capacity_50pct,24,25904204.45401405,651.3381925341902,20260919
D2,la_lb_port_capacity_50pct,25,25953564.35720013,650.8781962825827,20260919
D2,la_lb_port_capacity_50pct,26,26024337.302455716,650.5631597038861,20260919
D2,la_lb_port_capacity_50pct,27,26034225.7109475,650.4294555206759,20260919
D2,la_lb_port_capacity_50pct,28,26056219.56795996,650.3758313376709,20260919
D2,la_lb_port_capacity_50pct,29,26067210.258398905,650.235574662983,20260919
D2,la_lb_port_capacity_50pct,30,26091797.662180148,650.1557374797022,20260919
D2,la_lb_port_capacity_50pct,31,26092051.588047717,650.149402307727,20260919
D2,la_lb_port_capacity_50pct,32,26139275.63140704,649.8316931453975,20260919
D2,la_lb_port_capacity_50pct,33,26145985.328567605,649.5692093770764,20260919
D2,la_lb_port_capacity_50pct,34,26157038.024007387,649.1939751267239,20260918
D2,la_lb_port_capacity_50pct,35,26184669.598782595,649.0478424520886,20260919
D2,la_lb_port_capacity_50pct,36,26191687.712838452,648.841754894716,20260919
D2,la_lb_port_capacity_50pct,37,26254066.283161677,648.6108547131787,20260919
D2,la_lb_port_capacity_50pct,38,26287697.241032287,648.3022888099774,20260919
D2,la_lb_port_capacity_50pct,39,26319602.188578658,648.0517235579752,20260919
D2,la_lb_port_capacity_50pct,40,26364432.4447211,647.9020237510598,20260919
D2,la_lb_port_capacity_50pct,41,26412115.66349972,647.4405943899325,20260919
D2,la_lb_port_capacity_50pct,42,26497483.97607282,647.1921180582825,20260931
D2,la_lb_port_capacity_50pct,43,26514361.90411604,647.0609738668634,20260931
D2,la_lb_port_capacity_50pct,44,26547534.370796885,646.9796051608081,20260931
D2,la_lb_port_capacity_50pct,45,26560258.406393826,646.202986640724,20260931
D2,la_lb_port_capacity_50pct,46,26614613.645482596,646.1082461229188,20260931
D2,la_lb_port_capacity_50pct,47,26625468.181844387,646.0036714914506,20260931
D2,la_lb_port_capacity_50pct,48,26722703.77242821,645.7536570327806,20260931
D2,la_lb_port_capacity_50pct,49,26752066.287452914,645.6754251556882,20260931
D2,la_lb_port_capacity_50pct,50,27163695.68876924,645.3196272149385,20260931
D2,pilot_baseline,1,25042488.426821988,644.2228576954567,20260929
D2,pilot_baseline,2,25050600.72273132,642.432217909916,20260929
D2,pilot_baseline,3,25095579.711493533,642.2834995966234,20260929
D2,pilot_baseline,4,25123601.95313961,640.498511398455,20260907
D2,pilot_baseline,5,25147443.083006445,638.954472984277,20260935
D2,pilot_baseline,6,25162484.532220487,636.4340384670242,20260922
D2,pilot_baseline,7,25193293.341905214,635.6687707884093,20260919
D2,pilot_baseline,8,25204780.642482918,635.3951792811853,20260935
D2,pilot_baseline,9,25224910.491723917,635.123124280483,20260919
D2,pilot_baseline,10,25230698.312514964,634.7985186472152,20260919
D2,pilot_baseline,11,25232158.574837178,634.7481784650669,20260919
D2,pilot_baseline,12,25251506.218225747,634.5276644590829,20260922
D2,pilot_baseline,13,25254602.764740624,634.2012627418892,20260935
D2,pilot_baseline,14,25261721.687618826,634.0982443961713,20260919
D2,pilot_baseline,15,25262982.920210816,633.716195204016,20260922
D2,pilot_baseline,16,25268697.9829264,633.3063059927446,20260919
D2,pilot_baseline,17,25283623.192006044,632.7442916622921,20260919
D2,pilot_baseline,18,25289409.092763457,632.519496682952,20260919
D2,pilot_baseline,19,25297568.186163597,631.7038830328336,20260919
D2,pilot_baseline,20,25316536.68282912,630.691152359605,20260919
D2,pilot_baseline,21,25330079.32530109,630.115390172532,20260919
D2,pilot_baseline,22,25357894.65832598,629.9229508441925,20260919
D2,pilot_baseline,23,25370116.783563696,629.567854606044,20260919
D2,pilot_baseline,24,25387141.52726757,629.4409964318332,20260927
D2,pilot_baseline,25,25399034.53660163,628.8658989914115,20260919
D2,pilot_baseline,26,25400858.56461812,628.6564635442271,20260919
D2,pilot_baseline,27,25404369.409010656,628.5200177979875,20260919
D2,pilot_baseline,28,25409701.79123803,627.8954335352838,20260919
D2,pilot_baseline,29,25419043.96174824,627.7622494495813,20260919
D2,pilot_baseline,30,25434805.231274627,627.0167750220664,20260919
D2,pilot_baseline,31,25437868.3185677,626.8213563063872,20260919
D2,pilot_baseline,32,25453184.987443093,626.3297236359927,20260919
D2,pilot_baseline,33,25468696.754395302,625.9368705746316,20260919
D2,pilot_baseline,34,25474926.42379011,625.7334981971501,20260919
D2,pilot_baseline,35,25493201.721248914,625.5674859103249,20260919
D2,pilot_baseline,36,25523670.379105672,625.3561990894391,20260919
D2,pilot_baseline,37,25524432.172126237,625.1324965766598,20260919
D2,pilot_baseline,38,25533765.142147526,624.9665608329423,20260919
D2,pilot_baseline,39,25534534.047889274,624.2920912511187,20260930
D2,pilot_baseline,40,25538295.308761396,624.0365165422298,20260919
D2,pilot_baseline,41,25539601.414758723,623.5161400669996,20260930
D2,pilot_baseline,42,25590031.15209993,622.7237675288716,20260913
D2,pilot_baseline,43,25610610.00045649,622.699931607193,20260930
D2,pilot_baseline,44,25610640.09504055,621.4628333228625,20260913
D2,pilot_baseline,45,25633062.954829287,621.2534411204771,20260930
D2,pilot_baseline,46,25649841.023257207,621.2252471138917,20260930
D2,pilot_baseline,47,25652582.920221817,620.9692654128704,20260930
D2,pilot_baseline,48,25664685.103188723,620.7679210260043,20260930
D2,pilot_baseline,49,25667830.126707755,620.5290301756492,20260913
D2,pilot_baseline,50,25718729.189081665,619.9599279310055,20260930
D2,pilot_baseline,51,25730308.36739736,619.6616298891954,20260930
D2,pilot_baseline,52,25769537.01109524,619.617784981384,20260930
D2,pilot_baseline,53,25772606.979508296,619.4624657981099,20260930
D2,pilot_baseline,54,25784572.703557115,619.1012276710171,20260930
D2,pilot_baseline,55,25837663.6136833,618.6212504454,20260921
D2,pilot_baseline,56,25861913.547261577,618.1382253883559,20260930
D2,pilot_baseline,57,25912525.61815807,617.684449467495,20260921
D2,pilot_baseline,58,25917515.447880242,617.5255191446895,20260921
D2,pilot_baseline,59,25958929.87185965,617.4288030702173,20260921
D2,pilot_baseline,60,25966714.742599607,616.3705803792104,20260921
D2,pilot_baseline,61,25982644.84135444,616.2275563064204,20260921
D2,pilot_baseline,62,26003590.617530074,615.8760464803038,20260921
D2,pilot_baseline,63,26062362.90782564,615.7764684074817,20260921
D2,pilot_baseline,64,26098224.682954,615.6651105294036,20260921
D2,pilot_baseline,65,26158103.74627222,615.5094569568153,20260921
D2,pilot_baseline,66,26307330.49490541,615.1108416850437,20260931
D2,pilot_baseline,67,26437962.158408742,614.5667546170718,20260931
D2,pilot_baseline,68,26640245.027966164,614.2157580011346,20260931
D2,seattle_tacoma_departure_delay_72h,1,25746990.65791774,620.3608346943925,20260930
D2,seattle_tacoma_departure_delay_72h,2,25754601.765430674,617.9950984909794,20260935
D2,seattle_tacoma_departure_delay_72h,3,25773698.727449358,617.8156603945274,20260935
D2,seattle_tacoma_departure_delay_72h,4,25795352.874465,617.7738963174985,20260935
D2,seattle_tacoma_departure_delay_72h,5,25812456.26931478,617.0284474351768,20260921
D2,seattle_tacoma_departure_delay_72h,6,25814043.335544698,616.1821140130456,20260924
D2,seattle_tacoma_departure_delay_72h,7,25820444.295962118,616.0170612238863,20260924
D2,seattle_tacoma_departure_delay_72h,8,25822506.384109687,615.9953983553614,20260924
D2,seattle_tacoma_departure_delay_72h,9,25824196.714027572,615.4901252413852,20260935
D2,seattle_tacoma_departure_delay_72h,10,25826527.00142311,615.0427166322547,20260935
D2,seattle_tacoma_departure_delay_72h,11,25845793.022065505,614.5345230028255,20260935
D2,seattle_tacoma_departure_delay_72h,12,25860050.97168198,613.7339613168105,20260935
D2,seattle_tacoma_departure_delay_72h,13,25869902.22563102,613.6052094321207,20260935
D2,seattle_tacoma_departure_delay_72h,14,25885210.68036041,613.5613396699563,20260935
D2,seattle_tacoma_departure_delay_72h,15,25890031.810883306,613.4635920771875,20260935
D2,seattle_tacoma_departure_delay_72h,16,25898223.041976783,613.388705131014,20260935
D2,seattle_tacoma_departure_delay_72h,17,25914744.3901392,613.3205525293722,20260935
D2,seattle_tacoma_departure_delay_72h,18,25918779.883048963,613.2303662062001,20260919
D2,seattle_tacoma_departure_delay_72h,19,25933328.51827556,613.1261832492529,20260935
D2,seattle_tacoma_departure_delay_72h,20,25941199.651718207,613.117437789381,20260935
D2,seattle_tacoma_departure_delay_72h,21,25946057.52176625,613.0896217445253,20260935
D2,seattle_tacoma_departure_delay_72h,22,25957460.227721706,612.7777851347487,20260935
D2,seattle_tacoma_departure_delay_72h,23,25976369.710250773,612.7601208992771,20260935
D2,seattle_tacoma_departure_delay_72h,24,25987005.195986178,612.6417883011236,20260935
D2,seattle_tacoma_departure_delay_72h,25,25993369.67161337,612.5237498963925,20260935
D2,seattle_tacoma_departure_delay_72h,26,26001723.285262223,612.4633612859359,20260935
D2,seattle_tacoma_departure_delay_72h,27,26007616.57730592,612.3902869762917,20260935
D2,seattle_tacoma_departure_delay_72h,28,26012932.031067062,612.3839319402597,20260919
D2,seattle_tacoma_departure_delay_72h,29,26022728.773352038,612.3680503081318,20260935
D2,seattle_tacoma_departure_delay_72h,30,26025028.768304687,612.2621218142568,20260935
D2,seattle_tacoma_departure_delay_72h,31,26030446.007717155,612.1333351859877,20260935
D2,seattle_tacoma_departure_delay_72h,32,26040147.240685962,612.0452211165323,20260919
D2,seattle_tacoma_departure_delay_72h,33,26050410.771078665,612.0057302731266,20260919
D2,seattle_tacoma_departure_delay_72h,34,26054685.841333676,611.8706937516205,20260935
D2,seattle_tacoma_departure_delay_72h,35,26075154.113971125,611.8162363523811,20260935
D2,seattle_tacoma_departure_delay_72h,36,26084392.67958706,611.7080710606273,20260928
D2,seattle_tacoma_departure_delay_72h,37,26092435.496474184,611.6003816073106,20260928
D2,seattle_tacoma_departure_delay_72h,38,26095542.931795675,611.5673540538427,20260935
D2,seattle_tacoma_departure_delay_72h,39,26099529.9940023,611.529967904502,20260935
D2,seattle_tacoma_departure_delay_72h,40,26103466.928097438,611.468800924492,20260935
D2,seattle_tacoma_departure_delay_72h,41,26128418.953517888,611.4120999604144,20260935
D2,seattle_tacoma_departure_delay_72h,42,26128976.424463272,611.356452763576,20260935
D2,seattle_tacoma_departure_delay_72h,43,26156510.80536291,610.9063254744698,20260928
D2,seattle_tacoma_departure_delay_72h,44,26175291.49845668,610.8290668265125,20260928
D2,seattle_tacoma_departure_delay_72h,45,26179346.709506042,610.7235026283017,20260928
D2,seattle_tacoma_departure_delay_72h,46,26193767.20915541,610.6821599874004,20260928
D2,seattle_tacoma_departure_delay_72h,47,26208832.375035424,610.606970484687,20260928
D2,seattle_tacoma_departure_delay_72h,48,26217890.042487804,610.5218631988076,20260928
D2,seattle_tacoma_departure_delay_72h,49,26218157.531898495,610.440195868095,20260935
D2,seattle_tacoma_departure_delay_72h,50,26232829.15424135,610.3325543366383,20260928
D2,seattle_tacoma_departure_delay_72h,51,26235344.04375682,610.241510234905,20260928
D2,seattle_tacoma_departure_delay_72h,52,26236539.757697254,610.2136475636391,20260928
D2,seattle_tacoma_departure_delay_72h,53,26262772.684684522,609.9105532374851,20260928
D2,seattle_tacoma_departure_delay_72h,54,26294366.13158935,609.825210629838,20260935
D2,seattle_tacoma_departure_delay_72h,55,26313754.869669065,609.6188843746318,20260928
D2,seattle_tacoma_departure_delay_72h,56,26318676.121510617,609.5303607907887,20260928
D2,seattle_tacoma_departure_delay_72h,57,26325960.72123024,609.4084823402981,20260928
D2,seattle_tacoma_departure_delay_72h,58,26335133.985640086,609.3586374360725,20260928
D2,seattle_tacoma_departure_delay_72h,59,26344439.45763115,609.3485012411302,20260928
D2,seattle_tacoma_departure_delay_72h,60,26361974.215338286,609.2121924837147,20260935
D2,seattle_tacoma_departure_delay_72h,61,26366421.362825163,609.1688889969561,20260935
D2,seattle_tacoma_departure_delay_72h,62,26367432.982644174,608.9621803848363,20260928
D2,seattle_tacoma_departure_delay_72h,63,26385608.126812123,608.8563620943316,20260928
D2,seattle_tacoma_departure_delay_72h,64,26398668.71848342,608.7010942005041,20260928
D2,seattle_tacoma_departure_delay_72h,65,26407218.46776948,608.7002489889434,20260928
D2,seattle_tacoma_departure_delay_72h,66,26411001.48945661,608.6872928706656,20260928
D2,seattle_tacoma_departure_delay_72h,67,26429330.859748885,608.4480944688715,20260928
D2,seattle_tacoma_departure_delay_72h,68,26443683.775230803,608.3648332709815,20260928
D2,seattle_tacoma_departure_delay_72h,69,26509249.227604315,607.7251530546121,20260928
D2,seattle_tacoma_port_capacity_50pct,1,25042488.426821988,644.2228576954567,20260929
D2,seattle_tacoma_port_capacity_50pct,2,25050600.72273132,642.432217909916,20260929
D2,seattle_tacoma_port_capacity_50pct,3,25095579.711493533,642.2834995966234,20260929
D2,seattle_tacoma_port_capacity_50pct,4,25123601.95313961,640.498511398455,20260907
D2,seattle_tacoma_port_capacity_50pct,5,25147443.083006445,638.954472984277,20260935
D2,seattle_tacoma_port_capacity_50pct,6,25162484.532220487,636.4340384670242,20260922
D2,seattle_tacoma_port_capacity_50pct,7,25193293.341905214,635.6687707884093,20260919
D2,seattle_tacoma_port_capacity_50pct,8,25204780.642482918,635.3951792811853,20260935
D2,seattle_tacoma_port_capacity_50pct,9,25224910.491723917,635.123124280483,20260919
D2,seattle_tacoma_port_capacity_50pct,10,25230698.312514964,634.7985186472152,20260919
D2,seattle_tacoma_port_capacity_50pct,11,25232158.574837178,634.7481784650669,20260919
D2,seattle_tacoma_port_capacity_50pct,12,25251506.218225747,634.5276644590829,20260922
D2,seattle_tacoma_port_capacity_50pct,13,25254602.764740624,634.2012627418892,20260935
D2,seattle_tacoma_port_capacity_50pct,14,25261721.687618826,634.0982443961713,20260919
D2,seattle_tacoma_port_capacity_50pct,15,25262982.920210816,633.716195204016,20260922
D2,seattle_tacoma_port_capacity_50pct,16,25268697.9829264,633.3063059927446,20260919
D2,seattle_tacoma_port_capacity_50pct,17,25283623.192006044,632.7442916622921,20260919
D2,seattle_tacoma_port_capacity_50pct,18,25289409.092763457,632.519496682952,20260919
D2,seattle_tacoma_port_capacity_50pct,19,25297568.186163597,631.7038830328336,20260919
D2,seattle_tacoma_port_capacity_50pct,20,25316536.68282912,630.691152359605,20260919
D2,seattle_tacoma_port_capacity_50pct,21,25330079.32530109,630.115390172532,20260919
D2,seattle_tacoma_port_capacity_50pct,22,25357894.65832598,629.9229508441925,20260919
D2,seattle_tacoma_port_capacity_50pct,23,25370116.783563696,629.567854606044,20260919
D2,seattle_tacoma_port_capacity_50pct,24,25387141.52726757,629.4409964318332,20260927
D2,seattle_tacoma_port_capacity_50pct,25,25399034.53660163,628.8658989914115,20260919
D2,seattle_tacoma_port_capacity_50pct,26,25400858.56461812,628.6564635442271,20260919
D2,seattle_tacoma_port_capacity_50pct,27,25404369.409010656,628.5200177979875,20260919
D2,seattle_tacoma_port_capacity_50pct,28,25409701.79123803,627.8954335352838,20260919
D2,seattle_tacoma_port_capacity_50pct,29,25419043.96174824,627.7622494495813,20260919
D2,seattle_tacoma_port_capacity_50pct,30,25434805.231274627,627.0167750220664,20260919
D2,seattle_tacoma_port_capacity_50pct,31,25437868.3185677,626.8213563063872,20260919
D2,seattle_tacoma_port_capacity_50pct,32,25453184.987443093,626.3297236359927,20260919
D2,seattle_tacoma_port_capacity_50pct,33,25468696.754395302,625.9368705746316,20260919
D2,seattle_tacoma_port_capacity_50pct,34,25474926.42379011,625.7334981971501,20260919
D2,seattle_tacoma_port_capacity_50pct,35,25493201.721248914,625.5674859103249,20260919
D2,seattle_tacoma_port_capacity_50pct,36,25523670.379105672,625.3561990894391,20260919
D2,seattle_tacoma_port_capacity_50pct,37,25524432.172126237,625.1324965766598,20260919
D2,seattle_tacoma_port_capacity_50pct,38,25533765.142147526,624.9665608329423,20260919
D2,seattle_tacoma_port_capacity_50pct,39,25534534.047889274,624.2920912511187,20260930
D2,seattle_tacoma_port_capacity_50pct,40,25538295.308761396,624.0365165422298,20260919
D2,seattle_tacoma_port_capacity_50pct,41,25539601.414758723,623.5161400669996,20260930
D2,seattle_tacoma_port_capacity_50pct,42,25590031.15209993,622.7237675288716,20260913
D2,seattle_tacoma_port_capacity_50pct,43,25610610.00045649,622.699931607193,20260930
D2,seattle_tacoma_port_capacity_50pct,44,25610640.09504055,621.4628333228625,20260913
D2,seattle_tacoma_port_capacity_50pct,45,25633062.954829287,621.2534411204771,20260930
D2,seattle_tacoma_port_capacity_50pct,46,25649841.023257207,621.2252471138917,20260930
D2,seattle_tacoma_port_capacity_50pct,47,25652582.920221817,620.9692654128704,20260930
D2,seattle_tacoma_port_capacity_50pct,48,25664685.103188723,620.7679210260043,20260930
D2,seattle_tacoma_port_capacity_50pct,49,25667830.126707755,620.5290301756492,20260913
D2,seattle_tacoma_port_capacity_50pct,50,25718729.189081665,619.9599279310055,20260930
D2,seattle_tacoma_port_capacity_50pct,51,25730308.36739736,619.6616298891954,20260930
D2,seattle_tacoma_port_capacity_50pct,52,25769537.01109524,619.617784981384,20260930
D2,seattle_tacoma_port_capacity_50pct,53,25772606.979508296,619.4624657981099,20260930
D2,seattle_tacoma_port_capacity_50pct,54,25784572.703557115,619.1012276710171,20260930
D2,seattle_tacoma_port_capacity_50pct,55,25837663.6136833,618.6212504454,20260921
D2,seattle_tacoma_port_capacity_50pct,56,25861913.547261577,618.1382253883559,20260930
D2,seattle_tacoma_port_capacity_50pct,57,25912525.61815807,617.684449467495,20260921
D2,seattle_tacoma_port_capacity_50pct,58,25917515.447880242,617.5255191446895,20260921
D2,seattle_tacoma_port_capacity_50pct,59,25958929.87185965,617.4288030702173,20260921
D2,seattle_tacoma_port_capacity_50pct,60,25966714.742599607,616.3705803792104,20260921
D2,seattle_tacoma_port_capacity_50pct,61,25982644.84135444,616.2275563064204,20260921
D2,seattle_tacoma_port_capacity_50pct,62,26003590.617530074,615.8760464803038,20260921
D2,seattle_tacoma_port_capacity_50pct,63,26062362.90782564,615.7764684074817,20260921
D2,seattle_tacoma_port_capacity_50pct,64,26098224.682954,615.6651105294036,20260921
D2,seattle_tacoma_port_capacity_50pct,65,26158103.74627222,615.5094569568153,20260921
D2,seattle_tacoma_port_capacity_50pct,66,26307330.49490541,615.1108416850437,20260931
D2,seattle_tacoma_port_capacity_50pct,67,26437962.158408742,614.5667546170718,20260931
D2,seattle_tacoma_port_capacity_50pct,68,26640245.027966164,614.2157580011346,20260931
D2,uswc_compound_50pct_delay_120h,1,33318171.218447033,734.9571146452728,20260912
D2,uswc_compound_50pct_delay_120h,2,33424335.781616785,734.1947712666542,20260912
D2,uswc_compound_50pct_delay_120h,3,33435770.25769403,734.173605491138,20260912
D2,uswc_compound_50pct_delay_120h,4,33453728.611107122,733.7923203204127,20260912
D2,uswc_compound_50pct_delay_120h,5,33461102.586515117,733.7838283337456,20260912
D2,uswc_compound_50pct_delay_120h,6,33516598.47157193,732.8286210081144,20260935
D2,uswc_compound_50pct_delay_120h,7,33542922.925713636,732.7806867727131,20260935
D2,uswc_compound_50pct_delay_120h,8,33624407.55650417,732.3163165293805,20260933
D2,uswc_compound_50pct_delay_120h,9,34379866.61840629,731.6150292183755,20260908
D2,uswc_compound_50pct_delay_120h,10,34391416.079449646,731.5874626943183,20260908
D2,uswc_departure_delay_120h,1,33318171.218447033,734.9571146452728,20260912
D2,uswc_departure_delay_120h,2,33424335.781616785,734.1947712666542,20260912
D2,uswc_departure_delay_120h,3,33435770.25769403,734.173605491138,20260912
D2,uswc_departure_delay_120h,4,33453728.611107122,733.7923203204127,20260912
D2,uswc_departure_delay_120h,5,33461102.586515117,733.7838283337456,20260912
D2,uswc_departure_delay_120h,6,33516598.47157193,732.8286210081144,20260935
D2,uswc_departure_delay_120h,7,33542922.925713636,732.7806867727131,20260935
D2,uswc_departure_delay_120h,8,33624407.55650417,732.3163165293805,20260933
D2,uswc_departure_delay_120h,9,34379866.61840629,731.6150292183755,20260908
D2,uswc_departure_delay_120h,10,34391416.079449646,731.5874626943183,20260908
D2,uswc_departure_delay_168h,1,43263890.44103574,776.4660132305884,20260919
D2,uswc_departure_delay_168h,2,43304105.72845435,775.4347672389544,20260933
D2,uswc_departure_delay_168h,3,43350010.2071794,775.2685762797253,20260933
D2,uswc_departure_delay_168h,4,43509582.66482542,775.0376069015584,20260912
D2,uswc_departure_delay_168h,5,43515383.99251335,774.9204247049527,20260912
D2,uswc_departure_delay_168h,6,43530723.84099022,774.9022448605842,20260907
D2,uswc_departure_delay_168h,7,43592086.77385178,774.8940650370362,20260912
D2,uswc_departure_delay_168h,8,43623709.72295758,774.8935650909865,20260912
D2,uswc_departure_delay_168h,9,43676460.04960542,774.8819664420992,20260915
D2,uswc_departure_delay_168h,10,43753156.76316055,774.8808869669335,20260915
D2,uswc_departure_delay_168h,11,44138180.690596946,774.8800182828641,20260935
D2,uswc_departure_delay_96h,1,29329452.25077779,707.6730127883267,20260926
D2,uswc_departure_delay_96h,2,29343149.964768935,707.6598885366699,20260926
D2,uswc_departure_delay_96h,3,29363325.389343172,706.3424618251204,20260919
D2,uswc_departure_delay_96h,4,29375863.5170239,704.6378784008159,20260919
D2,uswc_departure_delay_96h,5,29397226.321750168,704.595664591588,20260933
D2,uswc_departure_delay_96h,6,29488145.089480147,704.5898203874833,20260912
D2,uswc_departure_delay_96h,7,29941076.55549177,704.5197704843771,20260916
D2,uswc_departure_delay_96h,8,29958365.026331108,704.4952149496968,20260916
D2,uswc_departure_delay_96h,9,30170745.979684133,704.4927700677224,20260916
D2,uswc_departure_delay_96h,10,30386324.818445086,704.4683570418417,20260906
D2,uswc_port_capacity_60pct,1,25015859.292842645,643.765213897751,20260918
D2,uswc_port_capacity_60pct,2,25093184.506100066,642.4423629004104,20260922
D2,uswc_port_capacity_60pct,3,25148328.606139686,642.2250555137088,20260922
D2,uswc_port_capacity_60pct,4,25150235.850263007,642.0581923427322,20260918
D2,uswc_port_capacity_60pct,5,25152675.094913557,642.0382727205601,20260918
D2,uswc_port_capacity_60pct,6,25181102.827791102,641.6831948055731,20260919
D2,uswc_port_capacity_60pct,7,25184351.710005343,641.5024992817187,20260918
D2,uswc_port_capacity_60pct,8,25195582.09579006,641.4164649892532,20260918
D2,uswc_port_capacity_60pct,9,25195804.55130678,641.0678460496065,20260919
D2,uswc_port_capacity_60pct,10,25220882.98320749,641.0677177630665,20260919
D2,uswc_port_capacity_60pct,11,25223693.57240036,640.7750020905652,20260919
D2,uswc_port_capacity_60pct,12,25226661.76892477,639.7333825975167,20260919
D2,uswc_port_capacity_60pct,13,25275793.609216165,639.6060030177865,20260919
D2,uswc_port_capacity_60pct,14,25281660.415118206,639.3484657463235,20260919
D2,uswc_port_capacity_60pct,15,25317558.874455445,638.6928493893532,20260919
D2,uswc_port_capacity_60pct,16,25348358.312055282,638.4668027910229,20260919
D2,uswc_port_capacity_60pct,17,25349826.521930344,638.4204308000757,20260919
D2,uswc_port_capacity_60pct,18,25417390.303735808,637.5592070622149,20260919
D2,uswc_port_capacity_60pct,19,25456882.63944682,637.5104890010302,20260919
D2,uswc_port_capacity_60pct,20,25474113.559960593,637.3558420924968,20260919
D2,uswc_port_capacity_60pct,21,25477015.428402565,637.0329126958317,20260919
D2,uswc_port_capacity_60pct,22,25484223.842047345,636.5227527327996,20260919
D2,uswc_port_capacity_60pct,23,25506799.79636876,636.3894518783784,20260919
D2,uswc_port_capacity_60pct,24,25561890.691023577,635.985206504796,20260919
D2,uswc_port_capacity_60pct,25,25578108.615442786,635.9146725730637,20260919
D2,uswc_port_capacity_60pct,26,25612408.644997723,635.7674308873252,20260919
D2,uswc_port_capacity_60pct,27,25615044.235298827,635.6446417146658,20260919
D2,uswc_port_capacity_60pct,28,25618510.435350753,635.6298634274132,20260919
D2,uswc_port_capacity_60pct,29,25622534.03022376,635.6109543243176,20260919
D2,uswc_port_capacity_60pct,30,25637186.2090926,635.1145127290367,20260919
D2,uswc_port_capacity_60pct,31,25713859.34291652,635.0912179168876,20260919
D2,uswc_port_capacity_60pct,32,25734154.045945015,634.725633287517,20260919
D2,uswc_port_capacity_60pct,33,25739108.840081513,634.6267363823881,20260919
D2,uswc_port_capacity_60pct,34,25763080.09515687,634.2144858667203,20260919
D2,uswc_port_capacity_60pct,35,25795467.129938114,634.1165933477581,20260919
D2,uswc_port_capacity_60pct,36,25796509.811090194,634.0468326615375,20260919
D2,uswc_port_capacity_60pct,37,25812682.632901974,633.8148206851338,20260919
D2,uswc_port_capacity_60pct,38,25864489.120966148,633.3984989841875,20260919
D2,uswc_port_capacity_60pct,39,25950153.71430576,633.322620985828,20260919
D2,uswc_port_capacity_60pct,40,25959992.00725169,632.7921086653162,20260919
D2,uswc_port_capacity_60pct,41,25964974.0050948,632.447036434583,20260919
D2,uswc_port_capacity_60pct,42,26019619.24893234,632.4150494582665,20260919
D2,uswc_port_capacity_60pct,43,26035276.813517075,632.3106705637111,20260919
D2,uswc_port_capacity_60pct,44,26143070.330290884,631.2769812097652,20260919
D2,uswc_port_capacity_60pct,45,26423045.31297331,630.9587430397848,20260931
D2,uswc_port_capacity_60pct,46,26451112.25805539,630.6950215539364,20260931
D2,uswc_port_capacity_60pct,47,26529111.33041589,630.3290478003483,20260910
D2,uswc_port_capacity_60pct,48,26571955.11541809,630.1236045329617,20260910
D2,uswc_port_capacity_60pct,49,26596275.322536383,629.9087224752612,20260931
D2,uswc_port_capacity_60pct,50,26640341.164198224,629.0788038707356,20260931
D2,uswc_port_capacity_60pct,51,26783323.21635451,628.777685039363,20260931
D2,uswc_port_capacity_60pct,52,26865452.434017107,628.5935970106702,20260931
D2,uswc_port_capacity_60pct,53,26964572.312030565,628.0256024388121,20260931
D2,uswc_port_capacity_60pct,54,27029478.133858677,628.0092667582423,20260931
D2,uswc_port_capacity_60pct,55,27036689.805130284,627.810382773587,20260931
D2,uswc_port_capacity_60pct,56,27045837.79342088,627.5960810152312,20260931
D2,uswc_port_capacity_60pct,57,27065493.422335923,627.5761861661255,20260931
D2,uswc_port_capacity_60pct,58,27068459.536510542,627.3175541327281,20260931
D2,uswc_port_capacity_60pct,59,27073330.40099961,627.311038772539,20260931
D2,uswc_port_capacity_60pct,60,27148316.03363556,627.261240843377,20260931
D2,uswc_port_capacity_65pct,1,25043487.55585404,640.611570024911,20260919
D2,uswc_port_capacity_65pct,2,25088652.326164927,639.2964690778786,20260919
D2,uswc_port_capacity_65pct,3,25139986.3383621,638.9831699386316,20260929
D2,uswc_port_capacity_65pct,4,25144945.517129965,638.3468586142777,20260935
D2,uswc_port_capacity_65pct,5,25155631.288405407,637.1917064389021,20260919
D2,uswc_port_capacity_65pct,6,25168794.072286062,636.9878469309315,20260935
D2,uswc_port_capacity_65pct,7,25182772.745610163,636.6141873903853,20260935
D2,uswc_port_capacity_65pct,8,25191650.276651077,634.8955342768164,20260919
D2,uswc_port_capacity_65pct,9,25194402.676906284,634.8358419469026,20260919
D2,uswc_port_capacity_65pct,10,25211431.151852027,634.23662820153,20260919
D2,uswc_port_capacity_65pct,11,25231909.930119246,633.9133841106669,20260919
D2,uswc_port_capacity_65pct,12,25235829.00614763,633.645538250087,20260919
D2,uswc_port_capacity_65pct,13,25270340.829781003,632.2508886049319,20260919
D2,uswc_port_capacity_65pct,14,25291411.81883998,632.0761165539537,20260919
D2,uswc_port_capacity_65pct,15,25321706.90966841,632.000158870833,20260919
D2,uswc_port_capacity_65pct,16,25332820.321837265,631.8433836080088,20260919
D2,uswc_port_capacity_65pct,17,25337391.01376879,631.7906185436796,20260933
D2,uswc_port_capacity_65pct,18,25346814.094991,631.6264889363604,20260919
D2,uswc_port_capacity_65pct,19,25357623.40447458,631.2748879115123,20260933
D2,uswc_port_capacity_65pct,20,25363383.952172074,631.0645732982658,20260919
D2,uswc_port_capacity_65pct,21,25388853.228658203,630.7413616322214,20260919
D2,uswc_port_capacity_65pct,22,25419805.558854632,630.3736039701087,20260919
D2,uswc_port_capacity_65pct,23,25433531.889931466,630.2527700035479,20260919
D2,uswc_port_capacity_65pct,24,25462084.3180684,630.1572951174423,20260919
D2,uswc_port_capacity_65pct,25,25495330.722782932,630.1373618197997,20260919
D2,uswc_port_capacity_65pct,26,25495588.383889683,629.9389075130713,20260933
D2,uswc_port_capacity_65pct,27,25510537.185579427,629.809517813327,20260919
D2,uswc_port_capacity_65pct,28,25520233.96291243,629.7002526702104,20260933
D2,uswc_port_capacity_65pct,29,25533084.37865821,629.3861427770024,20260919
D2,uswc_port_capacity_65pct,30,25564278.53928236,629.2868886414304,20260919
D2,uswc_port_capacity_65pct,31,25571547.039951626,629.1688009361847,20260919
D2,uswc_port_capacity_65pct,32,25585509.550220672,628.7926530037037,20260919
D2,uswc_port_capacity_65pct,33,25604287.07834484,628.7879013171033,20260919
D2,uswc_port_capacity_65pct,34,25624829.901078574,628.6256100520711,20260919
D2,uswc_port_capacity_65pct,35,25639712.93810773,628.3479354498897,20260919
D2,uswc_port_capacity_65pct,36,25651999.08582002,627.982799703861,20260919
D2,uswc_port_capacity_65pct,37,25676198.806010775,627.8656629842736,20260919
D2,uswc_port_capacity_65pct,38,25703878.852623243,627.6107101759055,20260919
D2,uswc_port_capacity_65pct,39,25714588.796829853,627.5953399786305,20260919
D2,uswc_port_capacity_65pct,40,25744161.73697809,627.3069418049652,20260919
D2,uswc_port_capacity_65pct,41,25763404.27089544,627.2986634749567,20260919
D2,uswc_port_capacity_65pct,42,25778400.873247165,626.9226154102629,20260919
D2,uswc_port_capacity_65pct,43,25793368.40661693,626.8482117600387,20260919
D2,uswc_port_capacity_65pct,44,25823530.001429215,626.6373694236923,20260919
D2,uswc_port_capacity_65pct,45,25843866.24577591,626.4030301947529,20260919
D2,uswc_port_capacity_65pct,46,25854828.339863773,626.0825362991834,20260919
D2,uswc_port_capacity_65pct,47,25913182.187296163,625.8432340144054,20260919
D2,uswc_port_capacity_65pct,48,25928125.552187007,625.725556406496,20260919
D2,uswc_port_capacity_65pct,49,25969941.047245845,625.3326513555132,20260919
D2,uswc_port_capacity_65pct,50,25984182.011068996,625.2258638458164,20260919
D2,uswc_port_capacity_65pct,51,26012305.716882702,625.019580493837,20260919
D2,uswc_port_capacity_65pct,52,26031806.148651857,624.6708948080167,20260919
D2,uswc_port_capacity_65pct,53,26064883.842813086,624.4405537280596,20260919
D2,uswc_port_capacity_65pct,54,26111718.58911146,624.3180421971518,20260919
D2,uswc_port_capacity_65pct,55,26123839.898691885,623.8806211768378,20260919
D2,uswc_port_capacity_65pct,56,26236365.912325438,623.7470177387929,20260927
D2,uswc_port_capacity_65pct,57,26250146.597730823,623.6748550226163,20260927
D2,uswc_port_capacity_65pct,58,26293685.035434056,623.5539264044277,20260927
D2,uswc_port_capacity_65pct,59,26319923.423332125,623.150633732682,20260927
D2,uswc_port_capacity_65pct,60,26330067.911000367,623.1264954322749,20260927
D2,uswc_port_capacity_65pct,61,26337838.97476857,623.0154573996548,20260927
D2,uswc_port_capacity_65pct,62,26435252.40058705,622.8832662246523,20260931
D2,uswc_port_capacity_65pct,63,26453799.42678532,622.7889427356006,20260931
D2,uswc_port_capacity_65pct,64,26494766.7042472,622.4801916968503,20260931
D2,uswc_port_capacity_65pct,65,26497403.0373616,622.348475753294,20260931
D2,uswc_port_capacity_65pct,66,26522190.834053144,622.2980223909536,20260931
D2,uswc_port_capacity_65pct,67,26562269.00427223,622.1876294958768,20260931
D2,uswc_port_capacity_65pct,68,26584924.568303138,622.0796751633624,20260931
D2,uswc_port_capacity_65pct,69,26590935.04461458,621.3478231406252,20260931
D2,uswc_port_capacity_65pct,70,26681588.5044279,621.1059684685786,20260931
D2,uswc_port_capacity_65pct,71,26724020.468682364,620.8937180744823,20260931
D2,uswc_port_capacity_65pct,72,26742478.01287569,620.5249321000812,20260931
D2,uswc_port_capacity_65pct,73,26763913.665365793,620.4901538154946,20260931
D2,uswc_port_capacity_65pct,74,26773371.63552349,620.4530938760962,20260931
D2,uswc_port_capacity_65pct,75,26822915.34896892,620.136269341632,20260931
D2,uswc_port_capacity_65pct,76,26827283.460146047,620.1255047606846,20260931
D2,uswc_port_capacity_65pct,77,26919481.100948412,619.0053947687866,20260931
D2,uswc_port_capacity_70pct,1,25042488.426821988,644.2228576954567,20260929
D2,uswc_port_capacity_70pct,2,25050600.72273132,642.432217909916,20260929
D2,uswc_port_capacity_70pct,3,25095579.711493533,642.2834995966234,20260929
D2,uswc_port_capacity_70pct,4,25123601.95313961,640.498511398455,20260907
D2,uswc_port_capacity_70pct,5,25147443.083006445,638.954472984277,20260935
D2,uswc_port_capacity_70pct,6,25162484.532220487,636.4340384670242,20260922
D2,uswc_port_capacity_70pct,7,25193293.341905214,635.6687707884093,20260919
D2,uswc_port_capacity_70pct,8,25204780.642482918,635.3951792811853,20260935
D2,uswc_port_capacity_70pct,9,25224910.491723917,635.123124280483,20260919
D2,uswc_port_capacity_70pct,10,25232158.574837178,634.7481784650669,20260919
D2,uswc_port_capacity_70pct,11,25251506.218225747,634.5276644590829,20260922
D2,uswc_port_capacity_70pct,12,25252525.509383287,633.8888913258766,20260919
D2,uswc_port_capacity_70pct,13,25262982.920210816,633.716195204016,20260922
D2,uswc_port_capacity_70pct,14,25268697.9829264,633.3063059927446,20260919
D2,uswc_port_capacity_70pct,15,25283623.192006044,632.7442916622921,20260919
D2,uswc_port_capacity_70pct,16,25289409.092763457,632.519496682952,20260919
D2,uswc_port_capacity_70pct,17,25297568.186163597,631.7038830328336,20260919
D2,uswc_port_capacity_70pct,18,25316536.68282912,630.691152359605,20260919
D2,uswc_port_capacity_70pct,19,25324107.641985543,630.115390172532,20260919
D2,uswc_port_capacity_70pct,20,25357894.65832598,629.9229508441925,20260919
D2,uswc_port_capacity_70pct,21,25370116.783563696,629.567854606044,20260919
D2,uswc_port_capacity_70pct,22,25382246.798091035,629.5031221484845,20260930
D2,uswc_port_capacity_70pct,23,25387141.52726757,629.4409964318332,20260927
D2,uswc_port_capacity_70pct,24,25394305.830750283,629.0331469575898,20260919
D2,uswc_port_capacity_70pct,25,25394829.401459113,628.8419069818576,20260930
D2,uswc_port_capacity_70pct,26,25400858.56461812,628.6564635442271,20260919
D2,uswc_port_capacity_70pct,27,25404369.409010656,628.5200177979875,20260919
D2,uswc_port_capacity_70pct,28,25409701.79123803,627.8954335352838,20260919
D2,uswc_port_capacity_70pct,29,25413524.931407288,627.814107137609,20260919
D2,uswc_port_capacity_70pct,30,25415779.16171578,627.6860094192647,20260919
D2,uswc_port_capacity_70pct,31,25437868.3185677,626.8213563063872,20260919
D2,uswc_port_capacity_70pct,32,25453184.987443093,626.3297236359927,20260919
D2,uswc_port_capacity_70pct,33,25472509.394388318,626.1045486150787,20260919
D2,uswc_port_capacity_70pct,34,25484505.857970234,625.9218883301098,20260913
D2,uswc_port_capacity_70pct,35,25485168.538445257,625.6613910199152,20260919
D2,uswc_port_capacity_70pct,36,25493201.721248914,625.5674859103249,20260919
D2,uswc_port_capacity_70pct,37,25497998.410686363,625.5564036593546,20260913
D2,uswc_port_capacity_70pct,38,25505277.639938347,625.5510209253185,20260919
D2,uswc_port_capacity_70pct,39,25509730.5977554,625.058362527867,20260919
D2,uswc_port_capacity_70pct,40,25525205.100286886,624.9727904348589,20260930
D2,uswc_port_capacity_70pct,41,25533765.142147526,624.9665608329423,20260919
D2,uswc_port_capacity_70pct,42,25535595.538411375,624.1558868954002,20260919
D2,uswc_port_capacity_70pct,43,25543649.66928894,623.9295386300438,20260919
D2,uswc_port_capacity_70pct,44,25560733.97766878,623.8927519985494,20260913
D2,uswc_port_capacity_70pct,45,25569572.66754996,623.863091994464,20260930
D2,uswc_port_capacity_70pct,46,25571215.88808682,623.649253637266,20260930
D2,uswc_port_capacity_70pct,47,25583811.210827533,622.6724564002843,20260913
D2,uswc_port_capacity_70pct,48,25624382.55753071,622.4335542641497,20260913
D2,uswc_port_capacity_70pct,49,25637928.246947575,622.1158922210185,20260913
D2,uswc_port_capacity_70pct,50,25642485.76807267,621.4757691193633,20260913
D2,uswc_port_capacity_70pct,51,25694884.277436662,621.3839180654664,20260913
D2,uswc_port_capacity_70pct,52,25701005.520105615,621.2482986083165,20260913
D2,uswc_port_capacity_70pct,53,25728049.61679986,620.9999419505247,20260913
D2,uswc_port_capacity_70pct,54,25750797.865031816,620.5432801809925,20260913
D2,uswc_port_capacity_70pct,55,25808756.353005365,620.3450734960568,20260913
D2,uswc_port_capacity_70pct,56,25859809.63206122,620.22522359371,20260930
D2,uswc_port_capacity_70pct,57,25863050.543707203,620.047372999018,20260919
D2,uswc_port_capacity_70pct,58,25881317.437845144,619.980818924935,20260930
D2,uswc_port_capacity_70pct,59,25881588.238267303,619.6147577794546,20260913
D2,uswc_port_capacity_70pct,60,25946871.826262873,619.5993140313823,20260913
D2,uswc_port_capacity_70pct,61,25958826.978285443,619.4029906600904,20260913
D2,uswc_port_capacity_70pct,62,26007335.75861181,619.1556538743874,20260919
D2,uswc_port_capacity_70pct,63,26011574.831758056,618.9913542873436,20260913
D2,uswc_port_capacity_70pct,64,26062340.511587944,618.7970319756217,20260931
D2,uswc_port_capacity_70pct,65,26125453.01278981,618.6323761731948,20260931
D2,uswc_port_capacity_70pct,66,26138746.589772716,617.802872873478,20260931
D2,uswc_port_capacity_70pct,67,26171088.2085634,617.7557151089011,20260931
D2,uswc_port_capacity_70pct,68,26197143.451928254,617.7463581497431,20260931
D2,uswc_port_capacity_70pct,69,26219361.646403305,617.4580331259637,20260931
D2,uswc_port_capacity_70pct,70,26263445.653080996,616.9166413514864,20260931
D2,uswc_port_capacity_70pct,71,26277365.86884906,616.863734176658,20260931
D2,uswc_port_capacity_70pct,72,26298123.634990927,616.5913759420126,20260931
D2,uswc_port_capacity_70pct,73,26324294.730412174,616.2854156986594,20260931
D2,uswc_port_capacity_70pct,74,26358534.970140927,616.0236952754311,20260931
D2,uswc_port_capacity_70pct,75,26381436.4318607,615.9113010931335,20260931
D2,uswc_port_capacity_70pct,76,26384000.055012092,615.8999875974397,20260931
D2,uswc_port_capacity_70pct,77,26389347.633583065,615.7287810513116,20260931
D2,uswc_port_capacity_70pct,78,26409354.16714107,615.5591384001992,20260931
D2,uswc_port_capacity_70pct,79,26430668.134612054,615.4958414263484,20260931
D2,uswc_port_capacity_70pct,80,26440948.993655767,615.3611409339243,20260931
D2,uswc_port_capacity_70pct,81,26523612.843240235,614.3036498497887,20260931
D2,uswc_port_capacity_70pct,82,26623847.63470524,613.415365353299,20260931
D2,uswc_port_capacity_70pct,83,26654878.992789205,613.2728915036072,20260931
D3,la_lb_departure_delay_72h,1,29152453.65233205,704.7605897552082,20260924
D3,la_lb_departure_delay_72h,2,29156829.506010674,704.3383088094511,20260924
D3,la_lb_departure_delay_72h,3,29200917.02245717,704.1301873390261,20260924
D3,la_lb_departure_delay_72h,4,29239880.046626084,702.7088177199654,20260924
D3,la_lb_departure_delay_72h,5,29242588.770643745,702.6538963150831,20260924
D3,la_lb_departure_delay_72h,6,29242840.506702773,702.6444265794113,20260924
D3,la_lb_departure_delay_72h,7,29277472.737956073,702.16694170297,20260924
D3,la_lb_departure_delay_72h,8,29316178.32316455,701.768102946877,20260924
D3,la_lb_departure_delay_72h,9,29339417.0052447,701.2701946017135,20260924
D3,la_lb_departure_delay_72h,10,29369692.847850278,700.6666540008029,20260924
D3,la_lb_departure_delay_72h,11,29385309.346088793,700.5633207557132,20260924
D3,la_lb_departure_delay_72h,12,29442084.69918572,700.1936853364093,20260924
D3,la_lb_departure_delay_72h,13,29462252.9983081,699.4265345192248,20260924
D3,la_lb_departure_delay_72h,14,29508123.165744044,699.3055508212453,20260924
D3,la_lb_departure_delay_72h,15,29527994.50356927,699.1842471819607,20260924
D3,la_lb_departure_delay_72h,16,29551176.74617284,699.1153164590725,20260924
D3,la_lb_departure_delay_72h,17,29559306.047005072,699.1076862332081,20260924
D3,la_lb_departure_delay_72h,18,29567980.194986895,698.8525182031821,20260924
D3,la_lb_departure_delay_72h,19,29599638.40491203,698.6777595992853,20260924
D3,la_lb_departure_delay_72h,20,29601747.06317885,698.494472010704,20260924
D3,la_lb_departure_delay_72h,21,29619354.232127916,698.4433039954237,20260924
D3,la_lb_departure_delay_72h,22,29619593.392943338,698.261348964126,20260924
D3,la_lb_departure_delay_72h,23,29649456.32598437,698.1404855326352,20260924
D3,la_lb_departure_delay_72h,24,29707016.48558102,697.9688275005554,20260924
D3,la_lb_departure_delay_72h,25,29717284.0303669,697.9081381821226,20260924
D3,la_lb_departure_delay_72h,26,29739049.727879345,697.7679889000026,20260924
D3,la_lb_departure_delay_72h,27,29743021.9233787,697.063727123192,20260924
D3,la_lb_departure_delay_72h,28,29766549.940878607,696.9416943392808,20260924
D3,la_lb_departure_delay_72h,29,29779245.113517128,696.8399973212257,20260924
D3,la_lb_departure_delay_72h,30,29857552.322389167,696.8362667257888,20260924
D3,la_lb_departure_delay_72h,31,29861688.56789462,696.3230883918039,20260924
D3,la_lb_departure_delay_72h,32,29880050.041068383,696.0215830259041,20260924
D3,la_lb_departure_delay_72h,33,29936306.699900486,695.9250775321763,20260924
D3,la_lb_departure_delay_72h,34,30045044.495327674,694.8063370140557,20260915
D3,la_lb_departure_delay_72h,35,30052613.29643644,694.4492320893299,20260915
D3,la_lb_departure_delay_72h,36,30186377.135705985,694.2239525165841,20260915
D3,la_lb_departure_delay_72h,37,30210923.173624232,694.1311565312774,20260915
D3,la_lb_departure_delay_72h,38,30251528.77699175,694.0194789162542,20260915
D3,la_lb_departure_delay_72h,39,30331673.576446,693.9048009251368,20260926
D3,la_lb_departure_delay_72h,40,30359292.23625639,693.8711265757314,20260926
D3,la_lb_departure_delay_72h,41,30384475.618322406,693.8227952019323,20260926
D3,la_lb_departure_delay_72h,42,30386738.49573613,693.5065450546064,20260926
D3,la_lb_departure_delay_72h,43,30403516.10344108,693.1563474179798,20260926
D3,la_lb_departure_delay_72h,44,30530191.184171513,693.0595993989979,20260915
D3,la_lb_departure_delay_72h,45,30565689.78095195,693.05601222945,20260931
D3,la_lb_departure_delay_72h,46,30599613.243409246,692.925187969448,20260931
D3,la_lb_departure_delay_72h,47,30840667.6340246,692.9039000051813,20260931
D3,la_lb_port_capacity_50pct,1,26674109.5122458,678.3233469962859,20260923
D3,la_lb_port_capacity_50pct,2,26775806.1396421,678.0629886375426,20260923
D3,la_lb_port_capacity_50pct,3,26793997.62472505,672.5892673132136,20260933
D3,la_lb_port_capacity_50pct,4,26903015.277377523,672.1482904931647,20260926
D3,la_lb_port_capacity_50pct,5,26947464.509492043,670.1251549306951,20260926
D3,la_lb_port_capacity_50pct,6,27067307.08130653,669.3446473663009,20260926
D3,la_lb_port_capacity_50pct,7,27154430.69329338,669.2820173730366,20260926
D3,la_lb_port_capacity_50pct,8,27204952.45452424,669.1846791873061,20260926
D3,la_lb_port_capacity_50pct,9,27217624.430954255,668.6365126534024,20260926
D3,la_lb_port_capacity_50pct,10,27232589.87430428,668.6306855806351,20260926
D3,la_lb_port_capacity_50pct,11,27254130.189195752,667.72380519518,20260917
D3,la_lb_port_capacity_50pct,12,27287217.838743053,666.9606495345805,20260917
D3,la_lb_port_capacity_50pct,13,27321595.50225975,666.7664718228934,20260917
D3,la_lb_port_capacity_50pct,14,27346091.28223073,666.4103506816634,20260917
D3,la_lb_port_capacity_50pct,15,27451578.609544355,666.1724953660703,20260917
D3,la_lb_port_capacity_50pct,16,27483681.56120275,664.5252433200967,20260917
D3,la_lb_port_capacity_50pct,17,27577885.549761698,663.9542712559775,20260917
D3,la_lb_port_capacity_50pct,18,27712776.334114134,663.4804318082591,20260917
D3,la_lb_port_capacity_50pct,19,27723998.64905944,662.8869469569073,20260932
D3,la_lb_port_capacity_50pct,20,27930764.94378103,662.7811294138833,20260917
D3,la_lb_port_capacity_50pct,21,27947450.847128257,662.4983044479251,20260917
D3,la_lb_port_capacity_50pct,22,27987145.48809528,662.4628775843594,20260924
D3,la_lb_port_capacity_50pct,23,28055841.19155827,662.324615085484,20260917
D3,la_lb_port_capacity_50pct,24,28063465.313593417,662.0885956201581,20260917
D3,la_lb_port_capacity_50pct,25,28073571.524749197,662.0003635477573,20260917
D3,la_lb_port_capacity_50pct,26,28090055.71889036,661.9883755807703,20260917
D3,la_lb_port_capacity_50pct,27,28091859.876732536,661.1438428446727,20260932
D3,la_lb_port_capacity_50pct,28,28098005.748408332,661.1130882912878,20260917
D3,la_lb_port_capacity_50pct,29,28317548.231368326,660.9412148586879,20260932
D3,la_lb_port_capacity_50pct,30,28321821.404892784,660.9021455049599,20260922
D3,la_lb_port_capacity_50pct,31,28328912.325406875,660.6611022566018,20260919
D3,la_lb_port_capacity_50pct,32,28471930.15819454,660.0088300318506,20260909
D3,la_lb_port_capacity_50pct,33,28605778.62101071,659.9489613788302,20260925
D3,la_lb_port_capacity_50pct,34,28629636.459658924,659.6513212820396,20260909
D3,la_lb_port_capacity_50pct,35,28776752.94111463,659.329304572637,20260931
D3,la_lb_port_capacity_50pct,36,28873148.85332878,658.2658513284327,20260907
D3,la_lb_port_capacity_50pct,37,29147706.41018267,658.1679781828286,20260909
D3,la_lb_port_capacity_50pct,38,29157031.559254948,657.9484447214204,20260925
D3,pilot_baseline,1,26576332.611434035,661.8213301229198,20260932
D3,pilot_baseline,2,26640396.08262353,661.4234514165981,20260923
D3,pilot_baseline,3,26673754.848109253,659.809121166826,20260923
D3,pilot_baseline,4,26681325.060295373,659.2333516476509,20260923
D3,pilot_baseline,5,26693610.801710643,656.9249325591071,20260932
D3,pilot_baseline,6,26771840.701283965,656.8919301690811,20260923
D3,pilot_baseline,7,26787297.037885573,656.8780857790117,20260932
D3,pilot_baseline,8,26789000.274041586,656.5842034409304,20260923
D3,pilot_baseline,9,26806069.912465908,655.5060907891888,20260923
D3,pilot_baseline,10,26830903.653138798,653.9487132672075,20260932
D3,pilot_baseline,11,26869519.42661224,652.9531734660951,20260932
D3,pilot_baseline,12,26962419.841347888,651.7245950647814,20260932
D3,pilot_baseline,13,27019365.748485465,651.3503080552316,20260932
D3,pilot_baseline,14,27023803.91132418,651.3127880278809,20260932
D3,pilot_baseline,15,27026442.127510384,651.310931600027,20260932
D3,pilot_baseline,16,27046774.51493893,649.8382638270546,20260932
D3,pilot_baseline,17,27062583.44661119,649.6419505408586,20260932
D3,pilot_baseline,18,27073163.297885943,649.0292266926881,20260932
D3,pilot_baseline,19,27111657.972461287,648.8876580144467,20260926
D3,pilot_baseline,20,27126723.5914174,648.8354471800443,20260932
D3,pilot_baseline,21,27131884.70842643,647.5811273096549,20260932
D3,pilot_baseline,22,27192485.065201007,647.0886954962908,20260932
D3,pilot_baseline,23,27210772.689231902,646.7047394398136,20260932
D3,pilot_baseline,24,27236888.85099846,646.6779812095456,20260932
D3,pilot_baseline,25,27243489.943835612,645.5897368301233,20260932
D3,pilot_baseline,26,27297061.576034006,645.0514403672748,20260932
D3,pilot_baseline,27,27323440.728353232,644.9035468932489,20260913
D3,pilot_baseline,28,27324230.645164542,644.7500067169206,20260932
D3,pilot_baseline,29,27344667.025819764,644.4183097202846,20260932
D3,pilot_baseline,30,27345367.240201388,644.0941339029658,20260926
D3,pilot_baseline,31,27347951.38283946,644.0686111199308,20260926
D3,pilot_baseline,32,27371387.73085083,643.7984353871527,20260907
D3,pilot_baseline,33,27382356.025026947,643.2640466335648,20260926
D3,pilot_baseline,34,27403189.1888302,642.8582171455923,20260913
D3,pilot_baseline,35,27412462.477229394,642.5973724235597,20260913
D3,pilot_baseline,36,27417192.263126392,642.3718076211804,20260932
D3,pilot_baseline,37,27429169.62883351,642.2868151613222,20260926
D3,pilot_baseline,38,27442114.455498327,642.002584175591,20260932
D3,pilot_baseline,39,27465805.86823922,641.9111333988986,20260911
D3,pilot_baseline,40,27496827.886138298,641.4801278350506,20260932
D3,pilot_baseline,41,27522060.474037446,641.4526292778002,20260929
D3,pilot_baseline,42,27529732.67960582,641.0166893924949,20260930
D3,pilot_baseline,43,27547911.847124938,640.9260695150616,20260911
D3,pilot_baseline,44,27550121.0572488,640.2505485068748,20260929
D3,pilot_baseline,45,27580334.82143745,640.0393820199846,20260907
D3,pilot_baseline,46,27593387.064369347,639.7576673216292,20260906
D3,pilot_baseline,47,27630395.33042214,639.4714154959914,20260929
D3,pilot_baseline,48,27631761.044654634,639.3812672338424,20260906
D3,pilot_baseline,49,27638729.956879683,639.0769029108418,20260914
D3,pilot_baseline,50,27642818.33045243,638.669349360385,20260911
D3,pilot_baseline,51,27664878.684072804,638.4825970687725,20260907
D3,pilot_baseline,52,27679532.26776552,638.0040425240385,20260907
D3,pilot_baseline,53,27707934.182482336,637.5256341512203,20260907
D3,pilot_baseline,54,27742777.101409726,637.1491016110156,20260929
D3,pilot_baseline,55,27776016.9319294,637.1223277475217,20260929
D3,pilot_baseline,56,27783302.834795497,635.5445716862802,20260931
D3,pilot_baseline,57,27857275.620715957,635.467158191678,20260914
D3,pilot_baseline,58,27883052.747887503,635.4283766083394,20260907
D3,pilot_baseline,59,27949334.37622791,634.9665957586682,20260918
D3,pilot_baseline,60,27960434.894237146,634.5819840222651,20260931
D3,pilot_baseline,61,27976000.56065584,634.5298904578734,20260914
D3,pilot_baseline,62,28032074.82568361,634.2009414968325,20260931
D3,pilot_baseline,63,28057628.575082324,633.5279700894674,20260916
D3,pilot_baseline,64,28068174.51347062,633.027109012823,20260916
D3,pilot_baseline,65,28103042.832278684,632.6691331785843,20260918
D3,pilot_baseline,66,28168448.21915646,632.3467983292057,20260931
D3,pilot_baseline,67,28169057.70775276,631.4849769759304,20260916
D3,pilot_baseline,68,28218641.61805294,630.5044633017545,20260918
D3,pilot_baseline,69,28309707.387752768,630.2959309602178,20260916
D3,pilot_baseline,70,28458369.659663968,628.8034578149013,20260918
D3,pilot_baseline,71,28609050.379138157,628.0642444823245,20260914
D3,seattle_tacoma_departure_delay_72h,1,27836448.613146864,644.4199197431384,20260912
D3,seattle_tacoma_departure_delay_72h,2,27843572.42566125,643.9246552042365,20260912
D3,seattle_tacoma_departure_delay_72h,3,27855525.751886006,638.0290807214616,20260912
D3,seattle_tacoma_departure_delay_72h,4,27870055.458928756,636.3629101452838,20260923
D3,seattle_tacoma_departure_delay_72h,5,27876701.999807235,636.3092425125692,20260923
D3,seattle_tacoma_departure_delay_72h,6,27901672.58356295,635.5043009816858,20260923
D3,seattle_tacoma_departure_delay_72h,7,27904286.39882864,635.1070095587767,20260923
D3,seattle_tacoma_departure_delay_72h,8,27926987.286263425,634.1965184559369,20260923
D3,seattle_tacoma_departure_delay_72h,9,27940959.450106222,633.7709650087809,20260923
D3,seattle_tacoma_departure_delay_72h,10,27951561.81074579,632.7217161483052,20260923
D3,seattle_tacoma_departure_delay_72h,11,27977578.233675856,632.6260186688576,20260923
D3,seattle_tacoma_departure_delay_72h,12,27983122.129631944,631.8729584413314,20260923
D3,seattle_tacoma_departure_delay_72h,13,27983269.2463796,631.8717147230191,20260923
D3,seattle_tacoma_departure_delay_72h,14,28007448.795532428,631.1527442255953,20260933
D3,seattle_tacoma_departure_delay_72h,15,28014455.944803186,630.8625025531312,20260911
D3,seattle_tacoma_departure_delay_72h,16,28044291.378900535,630.1725687140314,20260912
D3,seattle_tacoma_departure_delay_72h,17,28064213.848538104,630.147484179428,20260912
D3,seattle_tacoma_departure_delay_72h,18,28066316.367606044,630.0297538482052,20260927
D3,seattle_tacoma_departure_delay_72h,19,28078002.29648972,630.0190830896563,20260927
D3,seattle_tacoma_departure_delay_72h,20,28080198.67578875,629.9383655413468,20260912
D3,seattle_tacoma_departure_delay_72h,21,28083788.94407982,629.9349981528441,20260912
D3,seattle_tacoma_departure_delay_72h,22,28091915.00710965,629.1783540933769,20260933
D3,seattle_tacoma_departure_delay_72h,23,28118864.004551455,628.4602497831422,20260927
D3,seattle_tacoma_departure_delay_72h,24,28146824.80016009,628.2490917241118,20260933
D3,seattle_tacoma_departure_delay_72h,25,28164127.409180406,628.0796424796102,20260927
D3,seattle_tacoma_departure_delay_72h,26,28191360.914025538,627.927304217624,20260927
D3,seattle_tacoma_departure_delay_72h,27,28199494.48036723,627.8968913471728,20260933
D3,seattle_tacoma_departure_delay_72h,28,28212373.736284144,627.7550766367775,20260927
D3,seattle_tacoma_departure_delay_72h,29,28265236.443716455,627.7387307649332,20260929
D3,seattle_tacoma_departure_delay_72h,30,28276247.350348145,627.6601143290505,20260935
D3,seattle_tacoma_departure_delay_72h,31,28290745.416324608,627.106316449256,20260927
D3,seattle_tacoma_departure_delay_72h,32,28313757.89492993,627.0038377097707,20260935
D3,seattle_tacoma_departure_delay_72h,33,28330565.70249094,626.8374907550434,20260933
D3,seattle_tacoma_departure_delay_72h,34,28339965.8506907,626.6644881546184,20260935
D3,seattle_tacoma_departure_delay_72h,35,28365672.50467317,626.5884817631637,20260917
D3,seattle_tacoma_departure_delay_72h,36,28392369.530373357,626.4992488362377,20260923
D3,seattle_tacoma_departure_delay_72h,37,28395443.03597288,626.383190016922,20260923
D3,seattle_tacoma_departure_delay_72h,38,28397651.748802748,626.1696539950567,20260933
D3,seattle_tacoma_departure_delay_72h,39,28428975.869820286,625.9684798561934,20260933
D3,seattle_tacoma_departure_delay_72h,40,28469878.51920104,625.7738026860014,20260923
D3,seattle_tacoma_departure_delay_72h,41,28493898.504790116,625.5111310166089,20260917
D3,seattle_tacoma_departure_delay_72h,42,28517589.370959673,625.3581351930648,20260917
D3,seattle_tacoma_departure_delay_72h,43,28577625.44302507,625.3190943316969,20260918
D3,seattle_tacoma_departure_delay_72h,44,28587056.76812645,625.0755859649316,20260935
D3,seattle_tacoma_departure_delay_72h,45,28603230.288838945,624.9073991801839,20260913
D3,seattle_tacoma_departure_delay_72h,46,28625988.22014981,624.7296021327392,20260913
D3,seattle_tacoma_departure_delay_72h,47,28637952.15733111,624.6426250315011,20260913
D3,seattle_tacoma_departure_delay_72h,48,28692488.233189456,624.0799566712068,20260913
D3,seattle_tacoma_departure_delay_72h,49,28810199.53981872,623.228279093574,20260913
D3,seattle_tacoma_port_capacity_50pct,1,26576332.611434035,661.8213301229198,20260932
D3,seattle_tacoma_port_capacity_50pct,2,26640396.08262353,661.4234514165981,20260923
D3,seattle_tacoma_port_capacity_50pct,3,26673754.848109253,659.809121166826,20260923
D3,seattle_tacoma_port_capacity_50pct,4,26681325.060295373,659.2333516476509,20260923
D3,seattle_tacoma_port_capacity_50pct,5,26693610.801710643,656.9249325591071,20260932
D3,seattle_tacoma_port_capacity_50pct,6,26771840.701283965,656.8919301690811,20260923
D3,seattle_tacoma_port_capacity_50pct,7,26787297.037885573,656.8780857790117,20260932
D3,seattle_tacoma_port_capacity_50pct,8,26789000.274041586,656.5842034409304,20260923
D3,seattle_tacoma_port_capacity_50pct,9,26806069.912465908,655.5060907891888,20260923
D3,seattle_tacoma_port_capacity_50pct,10,26830903.653138798,653.9487132672075,20260932
D3,seattle_tacoma_port_capacity_50pct,11,26869519.42661224,652.9531734660951,20260932
D3,seattle_tacoma_port_capacity_50pct,12,26962419.841347888,651.7245950647814,20260932
D3,seattle_tacoma_port_capacity_50pct,13,27019365.748485465,651.3503080552316,20260932
D3,seattle_tacoma_port_capacity_50pct,14,27023803.91132418,651.3127880278809,20260932
D3,seattle_tacoma_port_capacity_50pct,15,27026442.127510384,651.310931600027,20260932
D3,seattle_tacoma_port_capacity_50pct,16,27046774.51493893,649.8382638270546,20260932
D3,seattle_tacoma_port_capacity_50pct,17,27062583.44661119,649.6419505408586,20260932
D3,seattle_tacoma_port_capacity_50pct,18,27073163.297885943,649.0292266926881,20260932
D3,seattle_tacoma_port_capacity_50pct,19,27111657.972461287,648.8876580144467,20260926
D3,seattle_tacoma_port_capacity_50pct,20,27126723.5914174,648.8354471800443,20260932
D3,seattle_tacoma_port_capacity_50pct,21,27131884.70842643,647.5811273096549,20260932
D3,seattle_tacoma_port_capacity_50pct,22,27192485.065201007,647.0886954962908,20260932
D3,seattle_tacoma_port_capacity_50pct,23,27210772.689231902,646.7047394398136,20260932
D3,seattle_tacoma_port_capacity_50pct,24,27236888.85099846,646.6779812095456,20260932
D3,seattle_tacoma_port_capacity_50pct,25,27243489.943835612,645.5897368301233,20260932
D3,seattle_tacoma_port_capacity_50pct,26,27297061.576034006,645.0514403672748,20260932
D3,seattle_tacoma_port_capacity_50pct,27,27323440.728353232,644.9035468932489,20260913
D3,seattle_tacoma_port_capacity_50pct,28,27324230.645164542,644.7500067169206,20260932
D3,seattle_tacoma_port_capacity_50pct,29,27344667.025819764,644.4183097202846,20260932
D3,seattle_tacoma_port_capacity_50pct,30,27345367.240201388,644.0941339029658,20260926
D3,seattle_tacoma_port_capacity_50pct,31,27347951.38283946,644.0686111199308,20260926
D3,seattle_tacoma_port_capacity_50pct,32,27371387.73085083,643.7984353871527,20260907
D3,seattle_tacoma_port_capacity_50pct,33,27382356.025026947,643.2640466335648,20260926
D3,seattle_tacoma_port_capacity_50pct,34,27403189.1888302,642.8582171455923,20260913
D3,seattle_tacoma_port_capacity_50pct,35,27412462.477229394,642.5973724235597,20260913
D3,seattle_tacoma_port_capacity_50pct,36,27417192.263126392,642.3718076211804,20260932
D3,seattle_tacoma_port_capacity_50pct,37,27429169.62883351,642.2868151613222,20260926
D3,seattle_tacoma_port_capacity_50pct,38,27442114.455498327,642.002584175591,20260932
D3,seattle_tacoma_port_capacity_50pct,39,27465805.86823922,641.9111333988986,20260911
D3,seattle_tacoma_port_capacity_50pct,40,27496827.886138298,641.4801278350506,20260932
D3,seattle_tacoma_port_capacity_50pct,41,27522060.474037446,641.4526292778002,20260929
D3,seattle_tacoma_port_capacity_50pct,42,27529732.67960582,641.0166893924949,20260930
D3,seattle_tacoma_port_capacity_50pct,43,27547911.847124938,640.9260695150616,20260911
D3,seattle_tacoma_port_capacity_50pct,44,27550121.0572488,640.2505485068748,20260929
D3,seattle_tacoma_port_capacity_50pct,45,27580334.82143745,640.0393820199846,20260907
D3,seattle_tacoma_port_capacity_50pct,46,27593387.064369347,639.7576673216292,20260906
D3,seattle_tacoma_port_capacity_50pct,47,27630395.33042214,639.4714154959914,20260929
D3,seattle_tacoma_port_capacity_50pct,48,27631761.044654634,639.3812672338424,20260906
D3,seattle_tacoma_port_capacity_50pct,49,27638729.956879683,639.0769029108418,20260914
D3,seattle_tacoma_port_capacity_50pct,50,27642818.33045243,638.669349360385,20260911
D3,seattle_tacoma_port_capacity_50pct,51,27664878.684072804,638.4825970687725,20260907
D3,seattle_tacoma_port_capacity_50pct,52,27679532.26776552,638.0040425240385,20260907
D3,seattle_tacoma_port_capacity_50pct,53,27707934.182482336,637.5256341512203,20260907
D3,seattle_tacoma_port_capacity_50pct,54,27742777.101409726,637.1491016110156,20260929
D3,seattle_tacoma_port_capacity_50pct,55,27776016.9319294,637.1223277475217,20260929
D3,seattle_tacoma_port_capacity_50pct,56,27783302.834795497,635.5445716862802,20260931
D3,seattle_tacoma_port_capacity_50pct,57,27857275.620715957,635.467158191678,20260914
D3,seattle_tacoma_port_capacity_50pct,58,27883052.747887503,635.4283766083394,20260907
D3,seattle_tacoma_port_capacity_50pct,59,27949334.37622791,634.9665957586682,20260918
D3,seattle_tacoma_port_capacity_50pct,60,27960434.894237146,634.5819840222651,20260931
D3,seattle_tacoma_port_capacity_50pct,61,27976000.56065584,634.5298904578734,20260914
D3,seattle_tacoma_port_capacity_50pct,62,28032074.82568361,634.2009414968325,20260931
D3,seattle_tacoma_port_capacity_50pct,63,28057628.575082324,633.5279700894674,20260916
D3,seattle_tacoma_port_capacity_50pct,64,28068174.51347062,633.027109012823,20260916
D3,seattle_tacoma_port_capacity_50pct,65,28103042.832278684,632.6691331785843,20260918
D3,seattle_tacoma_port_capacity_50pct,66,28168448.21915646,632.3467983292057,20260931
D3,seattle_tacoma_port_capacity_50pct,67,28169057.70775276,631.4849769759304,20260916
D3,seattle_tacoma_port_capacity_50pct,68,28218641.61805294,630.5044633017545,20260918
D3,seattle_tacoma_port_capacity_50pct,69,28309707.387752768,630.2959309602178,20260916
D3,seattle_tacoma_port_capacity_50pct,70,28458369.659663968,628.8034578149013,20260918
D3,seattle_tacoma_port_capacity_50pct,71,28609050.379138157,628.0642444823245,20260914
D3,uswc_compound_50pct_delay_120h,1,37938004.828999154,747.1901811713399,20260914
D3,uswc_compound_50pct_delay_120h,2,38069385.33806923,747.0537989770452,20260914
D3,uswc_compound_50pct_delay_120h,3,38342443.33943992,746.9038595838472,20260913
D3,uswc_compound_50pct_delay_120h,4,38383442.17099135,746.8543773024401,20260933
D3,uswc_compound_50pct_delay_120h,5,38434088.39560657,746.7329574260598,20260935
D3,uswc_compound_50pct_delay_120h,6,38483038.465600304,746.5177647645115,20260913
D3,uswc_compound_50pct_delay_120h,7,38866672.085492365,746.5055325663368,20260921
D3,uswc_compound_50pct_delay_120h,8,38893313.42717357,746.3368275567321,20260921
D3,uswc_compound_50pct_delay_120h,9,38897319.5381984,746.2981303007875,20260921
D3,uswc_compound_50pct_delay_120h,10,38900976.19910697,746.1838900110694,20260921
D3,uswc_departure_delay_120h,1,37938004.828999154,747.1901811713399,20260914
D3,uswc_departure_delay_120h,2,38069385.33806923,747.0537989770452,20260914
D3,uswc_departure_delay_120h,3,38342443.33943992,746.9038595838472,20260913
D3,uswc_departure_delay_120h,4,38383442.17099135,746.8543773024401,20260933
D3,uswc_departure_delay_120h,5,38434088.39560657,746.7329574260598,20260935
D3,uswc_departure_delay_120h,6,38483038.465600304,746.5177647645115,20260913
D3,uswc_departure_delay_120h,7,38866672.085492365,746.5055325663368,20260921
D3,uswc_departure_delay_120h,8,38893313.42717357,746.3368275567321,20260921
D3,uswc_departure_delay_120h,9,38897319.5381984,746.2981303007875,20260921
D3,uswc_departure_delay_120h,10,38900976.19910697,746.1838900110694,20260921
D3,uswc_departure_delay_168h,1,49767168.29819384,789.9152966548648,20260910
D3,uswc_departure_delay_168h,2,49774482.84569648,789.8276732264219,20260910
D3,uswc_departure_delay_168h,3,49777797.097665474,789.8259353257375,20260910
D3,uswc_departure_delay_168h,4,49791910.043997124,789.743372770973,20260910
D3,uswc_departure_delay_168h,5,50022340.01807512,789.5932309547445,20260918
D3,uswc_departure_delay_168h,6,50024018.452069156,789.1034467527127,20260918
D3,uswc_departure_delay_168h,7,50571385.52832126,789.1025868280789,20260926
D3,uswc_departure_delay_168h,8,50573647.96494058,789.1023799783801,20260926
D3,uswc_departure_delay_96h,1,32918793.896751024,720.2345351029098,20260907
D3,uswc_departure_delay_96h,2,32929947.489584766,719.7948633440105,20260907
D3,uswc_departure_delay_96h,3,32960963.13243626,719.2320012845304,20260907
D3,uswc_departure_delay_96h,4,33006697.918631047,719.1411333674798,20260907
D3,uswc_departure_delay_96h,5,33021230.401529014,719.106009381611,20260907
D3,uswc_departure_delay_96h,6,33125889.78128041,719.079319115061,20260907
D3,uswc_departure_delay_96h,7,33130192.20275793,719.0391631411151,20260907
D3,uswc_departure_delay_96h,8,33181216.66523132,718.9232734230139,20260907
D3,uswc_departure_delay_96h,9,33318046.59230538,718.8614710387936,20260907
D3,uswc_departure_delay_96h,10,33797279.81348517,718.8107728242459,20260918
D3,uswc_departure_delay_96h,11,33809579.183998324,718.724157212497,20260918
D3,uswc_departure_delay_96h,12,33819193.62420056,718.7135165862542,20260918
D3,uswc_departure_delay_96h,13,33827846.603770085,718.6843838662497,20260918
D3,uswc_port_capacity_60pct,1,26673764.66638679,662.9115306071551,20260933
D3,uswc_port_capacity_60pct,2,26696211.038038332,661.0207320535734,20260923
D3,uswc_port_capacity_60pct,3,26711461.48184797,660.713155252352,20260923
D3,uswc_port_capacity_60pct,4,26732731.579635102,660.0617556276296,20260923
D3,uswc_port_capacity_60pct,5,26745303.090555888,660.0059530947309,20260923
D3,uswc_port_capacity_60pct,6,26750542.031576913,659.5602689208382,20260923
D3,uswc_port_capacity_60pct,7,26751318.775014494,659.245280603986,20260923
D3,uswc_port_capacity_60pct,8,26775090.108708367,659.1246142123736,20260923
D3,uswc_port_capacity_60pct,9,26782576.370901592,658.7458444323051,20260923
D3,uswc_port_capacity_60pct,10,26807840.29568097,658.4465209453882,20260923
D3,uswc_port_capacity_60pct,11,26810804.97951976,658.0528427349552,20260923
D3,uswc_port_capacity_60pct,12,26837872.015148453,657.7731701598733,20260923
D3,uswc_port_capacity_60pct,13,26882953.26298798,657.7596273674685,20260923
D3,uswc_port_capacity_60pct,14,26887467.79480423,657.2562602729319,20260923
D3,uswc_port_capacity_60pct,15,26906110.169457108,657.1369743213392,20260923
D3,uswc_port_capacity_60pct,16,26921987.393709525,656.9677420077601,20260932
D3,uswc_port_capacity_60pct,17,26921993.761723917,656.8425330357879,20260923
D3,uswc_port_capacity_60pct,18,26925924.912167683,656.6512287517374,20260923
D3,uswc_port_capacity_60pct,19,26929759.949122813,654.9398555579861,20260932
D3,uswc_port_capacity_60pct,20,27054590.898281597,654.3057416056195,20260932
D3,uswc_port_capacity_60pct,21,27110032.232821956,653.4982751524798,20260932
D3,uswc_port_capacity_60pct,22,27149623.45990064,652.9760337235635,20260932
D3,uswc_port_capacity_60pct,23,27185664.61770548,652.8612245371997,20260932
D3,uswc_port_capacity_60pct,24,27235052.545381736,652.7241662533426,20260932
D3,uswc_port_capacity_60pct,25,27299639.875039585,652.6811773284409,20260924
D3,uswc_port_capacity_60pct,26,27308525.645594113,651.8158536111816,20260932
D3,uswc_port_capacity_60pct,27,27370837.309439827,651.738117516539,20260932
D3,uswc_port_capacity_60pct,28,27378763.287999216,651.4470004587146,20260932
D3,uswc_port_capacity_60pct,29,27421559.301788334,651.1653136363088,20260932
D3,uswc_port_capacity_60pct,30,27428130.97733141,650.8572356586558,20260932
D3,uswc_port_capacity_60pct,31,27495592.928711325,650.8197537962308,20260932
D3,uswc_port_capacity_60pct,32,27545477.507610116,649.8024301000316,20260932
D3,uswc_port_capacity_60pct,33,27560018.91077621,649.3785700345147,20260932
D3,uswc_port_capacity_60pct,34,27643687.56908231,649.3437934383148,20260932
D3,uswc_port_capacity_60pct,35,27678827.390222225,649.1050532578138,20260932
D3,uswc_port_capacity_60pct,36,27695639.885268167,649.0962349697076,20260932
D3,uswc_port_capacity_60pct,37,27747460.041201755,648.2271260786293,20260932
D3,uswc_port_capacity_60pct,38,27818204.49691537,647.7631078371793,20260932
D3,uswc_port_capacity_60pct,39,27974084.092343353,647.7506022702905,20260932
D3,uswc_port_capacity_60pct,40,28000872.405736685,647.137206762648,20260932
D3,uswc_port_capacity_60pct,41,28052288.98643749,647.0522078699739,20260930
D3,uswc_port_capacity_60pct,42,28085726.15680079,646.8043934649435,20260919
D3,uswc_port_capacity_60pct,43,28095610.704637773,646.7448689532953,20260919
D3,uswc_port_capacity_60pct,44,28097921.997112926,646.3057451951629,20260932
D3,uswc_port_capacity_60pct,45,28202773.20616649,646.1918969779514,20260932
D3,uswc_port_capacity_60pct,46,28213045.019338574,645.5553280267333,20260919
D3,uswc_port_capacity_60pct,47,28235494.200850844,645.5258722972267,20260919
D3,uswc_port_capacity_60pct,48,28312184.60440648,644.7695961621184,20260932
D3,uswc_port_capacity_60pct,49,28361560.54779864,644.4640884745099,20260919
D3,uswc_port_capacity_60pct,50,28427583.80091137,644.1280999233549,20260932
D3,uswc_port_capacity_60pct,51,28556190.18949181,643.3497233152425,20260932
D3,uswc_port_capacity_60pct,52,28698963.454017658,642.8697847465996,20260929
D3,uswc_port_capacity_60pct,53,28757317.756515667,642.6637605315527,20260929
D3,uswc_port_capacity_60pct,54,29069834.76808762,642.511115958239,20260932
D3,uswc_port_capacity_65pct,1,26634379.89320064,666.2327002301871,20260923
D3,uswc_port_capacity_65pct,2,26635033.25454971,661.8991368991266,20260923
D3,uswc_port_capacity_65pct,3,26640396.08262353,661.4234514165981,20260923
D3,uswc_port_capacity_65pct,4,26673754.848109253,659.809121166826,20260923
D3,uswc_port_capacity_65pct,5,26681325.060295373,659.2333516476509,20260923
D3,uswc_port_capacity_65pct,6,26722010.999255575,659.0246889958231,20260923
D3,uswc_port_capacity_65pct,7,26748544.435464215,658.1788701066552,20260923
D3,uswc_port_capacity_65pct,8,26753287.67355669,657.576564262107,20260923
D3,uswc_port_capacity_65pct,9,26768946.40220424,657.4491304064782,20260923
D3,uswc_port_capacity_65pct,10,26771840.701283965,656.8919301690811,20260923
D3,uswc_port_capacity_65pct,11,26789000.274041586,656.5842034409304,20260923
D3,uswc_port_capacity_65pct,12,26806069.912465908,655.5060907891888,20260923
D3,uswc_port_capacity_65pct,13,26882049.30385723,654.434638380804,20260923
D3,uswc_port_capacity_65pct,14,26908323.29691792,654.0056680452617,20260923
D3,uswc_port_capacity_65pct,15,26916854.05807843,653.8820747746101,20260923
D3,uswc_port_capacity_65pct,16,26928822.10817532,653.4606409316897,20260923
D3,uswc_port_capacity_65pct,17,26942433.638045117,653.3650084950605,20260923
D3,uswc_port_capacity_65pct,18,26944585.795387927,653.1038981220357,20260932
D3,uswc_port_capacity_65pct,19,26985106.216156498,652.5304756003123,20260913
D3,uswc_port_capacity_65pct,20,26987505.462539393,652.2807507744416,20260932
D3,uswc_port_capacity_65pct,21,27002821.330226786,652.0379805734811,20260923
D3,uswc_port_capacity_65pct,22,27008709.41144184,651.0631005920412,20260932
D3,uswc_port_capacity_65pct,23,27051904.330352854,649.5548971626221,20260932
D3,uswc_port_capacity_65pct,24,27111053.99498785,649.2752846434818,20260911
D3,uswc_port_capacity_65pct,25,27113059.621007055,648.0165359458659,20260932
D3,uswc_port_capacity_65pct,26,27173375.806311727,647.7617620563092,20260932
D3,uswc_port_capacity_65pct,27,27215889.03880845,647.3559002417826,20260932
D3,uswc_port_capacity_65pct,28,27239506.424430303,647.2026968100141,20260932
D3,uswc_port_capacity_65pct,29,27253815.973088343,646.4382367483432,20260932
D3,uswc_port_capacity_65pct,30,27347240.316816695,645.9890405769482,20260932
D3,uswc_port_capacity_65pct,31,27369280.386555802,645.7037057226714,20260932
D3,uswc_port_capacity_65pct,32,27400802.392637357,645.6879800009813,20260913
D3,uswc_port_capacity_65pct,33,27407459.286470484,645.6234146320019,20260911
D3,uswc_port_capacity_65pct,34,27412486.33480499,645.4804501145213,20260926
D3,uswc_port_capacity_65pct,35,27426098.77462091,645.0913940155499,20260932
D3,uswc_port_capacity_65pct,36,27435571.982144877,644.8375743676777,20260932
D3,uswc_port_capacity_65pct,37,27471284.952034313,644.758836355606,20260932
D3,uswc_port_capacity_65pct,38,27500055.108266853,644.4363342731449,20260932
D3,uswc_port_capacity_65pct,39,27518782.34452416,644.2710753093462,20260932
D3,uswc_port_capacity_65pct,40,27535765.568213932,643.8701566760033,20260919
D3,uswc_port_capacity_65pct,41,27588024.98326388,643.7723022834534,20260932
D3,uswc_port_capacity_65pct,42,27605392.7192112,643.7426531681,20260932
D3,uswc_port_capacity_65pct,43,27608702.637453366,643.4398649071794,20260919
D3,uswc_port_capacity_65pct,44,27617423.65686508,643.4119345811829,20260932
D3,uswc_port_capacity_65pct,45,27618037.06632533,643.3689661056014,20260932
D3,uswc_port_capacity_65pct,46,27675314.19309946,643.3186958454056,20260919
D3,uswc_port_capacity_65pct,47,27679832.497506768,643.2842411845569,20260919
D3,uswc_port_capacity_65pct,48,27727582.599919364,642.9293318464216,20260932
D3,uswc_port_capacity_65pct,49,27728920.580694214,642.7011867512415,20260932
D3,uswc_port_capacity_65pct,50,27752912.276624646,642.1728117164358,20260932
D3,uswc_port_capacity_65pct,51,27817985.0516053,641.8633605854366,20260932
D3,uswc_port_capacity_65pct,52,27886243.578404088,641.275394460063,20260919
D3,uswc_port_capacity_65pct,53,27984807.337960713,641.2518762307583,20260929
D3,uswc_port_capacity_65pct,54,28019970.406399537,640.2507426160836,20260919
D3,uswc_port_capacity_65pct,55,28175493.07674229,640.0318243314832,20260919
D3,uswc_port_capacity_65pct,56,28177532.962237656,639.731214685623,20260919
D3,uswc_port_capacity_65pct,57,28189119.412239637,639.2647076087475,20260919
D3,uswc_port_capacity_65pct,58,28333583.03337301,639.1936688567461,20260929
D3,uswc_port_capacity_65pct,59,28336589.668228358,638.9649579669436,20260919
D3,uswc_port_capacity_65pct,60,28365003.822388493,638.7619175971353,20260919
D3,uswc_port_capacity_65pct,61,28380036.99632936,637.795992186212,20260919
D3,uswc_port_capacity_65pct,62,28495200.678746417,637.7803479772042,20260919
D3,uswc_port_capacity_65pct,63,28509154.747596618,637.7742250912381,20260919
D3,uswc_port_capacity_65pct,64,28572019.455746416,637.7083225905341,20260919
D3,uswc_port_capacity_65pct,65,28615337.19195647,637.6786324950699,20260919
D3,uswc_port_capacity_65pct,66,28623078.488711763,636.984114565,20260919
D3,uswc_port_capacity_65pct,67,28630489.80771096,636.3089532454974,20260919
D3,uswc_port_capacity_65pct,68,28687699.256848555,636.270902512726,20260919
D3,uswc_port_capacity_65pct,69,28872213.498633318,635.9535821017705,20260929
D3,uswc_port_capacity_65pct,70,28983380.033844076,635.7987627398644,20260907
D3,uswc_port_capacity_65pct,71,28990983.552210726,635.7466202010817,20260931
D3,uswc_port_capacity_65pct,72,29095764.144395985,635.4671679911401,20260929
D3,uswc_port_capacity_65pct,73,29098787.316949334,635.4372734833311,20260929
D3,uswc_port_capacity_70pct,1,26576332.611434035,661.8213301229198,20260932
D3,uswc_port_capacity_70pct,2,26640396.08262353,661.4234514165981,20260923
D3,uswc_port_capacity_70pct,3,26673754.848109253,659.809121166826,20260923
D3,uswc_port_capacity_70pct,4,26681325.060295373,659.2333516476509,20260923
D3,uswc_port_capacity_70pct,5,26693610.801710643,656.9249325591071,20260932
D3,uswc_port_capacity_70pct,6,26771840.701283965,656.8919301690811,20260923
D3,uswc_port_capacity_70pct,7,26787297.037885573,656.8780857790117,20260932
D3,uswc_port_capacity_70pct,8,26789000.274041586,656.5842034409304,20260923
D3,uswc_port_capacity_70pct,9,26806069.912465908,655.5060907891888,20260923
D3,uswc_port_capacity_70pct,10,26830903.653138798,653.9487132672075,20260932
D3,uswc_port_capacity_70pct,11,26869519.42661224,652.9531734660951,20260932
D3,uswc_port_capacity_70pct,12,26962419.841347888,651.7245950647814,20260932
D3,uswc_port_capacity_70pct,13,27019365.748485465,651.3503080552316,20260932
D3,uswc_port_capacity_70pct,14,27023803.91132418,651.3127880278809,20260932
D3,uswc_port_capacity_70pct,15,27026442.127510384,651.310931600027,20260932
D3,uswc_port_capacity_70pct,16,27040949.76467325,650.2020422773968,20260926
D3,uswc_port_capacity_70pct,17,27046774.51493893,649.8382638270546,20260932
D3,uswc_port_capacity_70pct,18,27062583.44661119,649.6419505408586,20260932
D3,uswc_port_capacity_70pct,19,27073163.297885943,649.0292266926881,20260932
D3,uswc_port_capacity_70pct,20,27118368.661293305,648.9633982093618,20260932
D3,uswc_port_capacity_70pct,21,27126723.5914174,648.8354471800443,20260932
D3,uswc_port_capacity_70pct,22,27131884.70842643,647.5811273096549,20260932
D3,uswc_port_capacity_70pct,23,27192485.065201007,647.0886954962908,20260932
D3,uswc_port_capacity_70pct,24,27210772.689231902,646.7047394398136,20260932
D3,uswc_port_capacity_70pct,25,27236888.85099846,646.6779812095456,20260932
D3,uswc_port_capacity_70pct,26,27243489.943835612,645.5897368301233,20260932
D3,uswc_port_capacity_70pct,27,27297061.576034006,645.0514403672748,20260932
D3,uswc_port_capacity_70pct,28,27323440.728353232,644.9035468932489,20260913
D3,uswc_port_capacity_70pct,29,27324230.645164542,644.7500067169206,20260932
D3,uswc_port_capacity_70pct,30,27339248.205590885,644.0046933492763,20260907
D3,uswc_port_capacity_70pct,31,27392214.370579198,643.7768518394931,20260932
D3,uswc_port_capacity_70pct,32,27393035.358572286,643.2931519012237,20260926
D3,uswc_port_capacity_70pct,33,27403189.1888302,642.8582171455923,20260913
D3,uswc_port_capacity_70pct,34,27412462.477229394,642.5973724235597,20260913
D3,uswc_port_capacity_70pct,35,27417192.263126392,642.3718076211804,20260932
D3,uswc_port_capacity_70pct,36,27442114.455498327,642.002584175591,20260932
D3,uswc_port_capacity_70pct,37,27465805.86823922,641.9111333988986,20260911
D3,uswc_port_capacity_70pct,38,27496827.886138298,641.4801278350506,20260932
D3,uswc_port_capacity_70pct,39,27529732.67960582,641.0166893924949,20260930
D3,uswc_port_capacity_70pct,40,27543436.65599488,640.9064419782992,20260907
D3,uswc_port_capacity_70pct,41,27566733.729451362,639.4449008416588,20260907
D3,uswc_port_capacity_70pct,42,27601706.9421393,639.2506650650658,20260907
D3,uswc_port_capacity_70pct,43,27642818.33045243,638.669349360385,20260911
D3,uswc_port_capacity_70pct,44,27652347.943292033,638.6167326045738,20260907
D3,uswc_port_capacity_70pct,45,27697361.306555267,638.2095672790397,20260907
D3,uswc_port_capacity_70pct,46,27703053.73887808,638.1399002158533,20260907
D3,uswc_port_capacity_70pct,47,27730644.371315908,637.8807327015755,20260906
D3,uswc_port_capacity_70pct,48,27741755.55663008,637.8505613107718,20260916
D3,uswc_port_capacity_70pct,49,27747689.54478203,637.4121027938062,20260907
D3,uswc_port_capacity_70pct,50,27784594.059630003,636.6452593547322,20260907
D3,uswc_port_capacity_70pct,51,27854653.031415083,636.3682480113836,20260931
D3,uswc_port_capacity_70pct,52,27873018.124011595,635.8181708936355,20260916
D3,uswc_port_capacity_70pct,53,27966513.713707354,635.6351473081783,20260931
D3,uswc_port_capacity_70pct,54,27967189.528552964,635.5061031937097,20260931
D3,uswc_port_capacity_70pct,55,28007389.714161113,634.5625398060902,20260929
D3,uswc_port_capacity_70pct,56,28044098.07043737,634.4391898378776,20260929
D3,uswc_port_capacity_70pct,57,28090938.913247567,634.0004427842618,20260906
D3,uswc_port_capacity_70pct,58,28150045.163615774,633.7134584657805,20260929
D3,uswc_port_capacity_70pct,59,28168227.902359903,633.6038979746188,20260907
D3,uswc_port_capacity_70pct,60,28220413.669100016,633.3212772373186,20260929
D3,uswc_port_capacity_70pct,61,28242134.605953496,633.2751176345502,20260929
D3,uswc_port_capacity_70pct,62,28279111.03020702,633.2681071301491,20260931
D3,uswc_port_capacity_70pct,63,28285214.41910569,632.2420532672494,20260929
D3,uswc_port_capacity_70pct,64,28324388.384245653,632.012356530682,20260929
D3,uswc_port_capacity_70pct,65,28418051.05341951,631.5147134479163,20260929
D3,uswc_port_capacity_70pct,66,28575305.763741992,630.700192702673,20260931
D3,uswc_port_capacity_70pct,67,28609930.142310016,630.3944799196297,20260931
D3,uswc_port_capacity_70pct,68,28777270.94570295,630.2180221757708,20260931
