solution_id,case_id,scenario,roles,source_seed,total_cost_usd,quantity_weighted_mean_delivery_time_h,makespan_h,max_lead_time_h,total_tardiness_feu_h,route_allocations
D1_la_lb_departure_delay_72h_001,D1,la_lb_departure_delay_72h,min_cost,20260934,26016061.05393632,692.3458457792964,748.8,748.8,4891.230426851444,78
D1_la_lb_departure_delay_72h_002,D1,la_lb_departure_delay_72h,,20260934,26029200.1697573,692.0435201155509,748.8,748.8,4826.860141150093,78
D1_la_lb_departure_delay_72h_003,D1,la_lb_departure_delay_72h,,20260934,26078723.192549054,691.7978094502496,748.8,748.8,4482.357426639549,82
D1_la_lb_departure_delay_72h_004,D1,la_lb_departure_delay_72h,,20260934,26134719.47948193,691.44947810229,748.8,748.8,4891.230426851444,81
D1_la_lb_departure_delay_72h_005,D1,la_lb_departure_delay_72h,,20260934,26139593.99387966,691.0625403463445,748.8,748.8,4637.926731991657,80
D1_la_lb_departure_delay_72h_006,D1,la_lb_departure_delay_72h,,20260934,26168417.72670333,690.9970563184091,748.8,748.8,4684.816215482101,81
D1_la_lb_departure_delay_72h_007,D1,la_lb_departure_delay_72h,,20260934,26177238.121685084,690.8454962484287,748.8,748.8,4565.195627648017,81
D1_la_lb_departure_delay_72h_008,D1,la_lb_departure_delay_72h,,20260934,26200303.912962556,690.8065232083154,748.8,748.8,4172.58759478496,80
D1_la_lb_departure_delay_72h_009,D1,la_lb_departure_delay_72h,,20260934,26231639.343988366,690.484535019354,748.8,748.8,4434.2961861875165,81
D1_la_lb_departure_delay_72h_010,D1,la_lb_departure_delay_72h,,20260934,26240687.51975969,689.8581582104244,748.8,748.8,4082.608729738553,81
D1_la_lb_departure_delay_72h_011,D1,la_lb_departure_delay_72h,,20260934,26268968.929012734,689.6169040882354,748.8,748.8,4226.8939084778385,82
D1_la_lb_departure_delay_72h_012,D1,la_lb_departure_delay_72h,,20260934,26273314.94510871,689.3728371180489,748.8,748.8,3932.730931809392,79
D1_la_lb_departure_delay_72h_013,D1,la_lb_departure_delay_72h,,20260934,26342330.498310756,689.2703736526673,748.8,748.8,4009.507998370051,80
D1_la_lb_departure_delay_72h_014,D1,la_lb_departure_delay_72h,,20260934,26361989.747323584,688.9773981795885,748.8,748.8,4285.540808679029,81
D1_la_lb_departure_delay_72h_015,D1,la_lb_departure_delay_72h,,20260934,26377534.519217987,688.9334421591581,748.8,748.8,3844.5100239142002,77
D1_la_lb_departure_delay_72h_016,D1,la_lb_departure_delay_72h,,20260934,26383580.343363542,688.785380170094,748.8,748.8,4363.836914742666,83
D1_la_lb_departure_delay_72h_017,D1,la_lb_departure_delay_72h,,20260934,26392824.713867553,688.7362507233314,748.8,748.8,4005.3690895941604,74
D1_la_lb_departure_delay_72h_018,D1,la_lb_departure_delay_72h,,20260934,26419640.317505762,688.6507250594411,748.8,748.8,4026.078339988762,74
D1_la_lb_departure_delay_72h_019,D1,la_lb_departure_delay_72h,,20260934,26428038.60177476,688.6338354965936,748.8,748.8,4194.455256272289,76
D1_la_lb_departure_delay_72h_020,D1,la_lb_departure_delay_72h,,20260934,26443093.822888754,688.4355315845111,748.8,748.8,4500.424305527359,84
D1_la_lb_departure_delay_72h_021,D1,la_lb_departure_delay_72h,,20260934,26445995.71522261,688.2692560891155,748.8,748.8,4089.9839938650357,81
D1_la_lb_departure_delay_72h_022,D1,la_lb_departure_delay_72h,,20260934,26446171.43677125,688.1766499186436,748.8,748.8,3875.86047831273,75
D1_la_lb_departure_delay_72h_023,D1,la_lb_departure_delay_72h,,20260934,26453464.617970962,688.1459956223389,748.8,748.8,3590.835107888777,75
D1_la_lb_departure_delay_72h_024,D1,la_lb_departure_delay_72h,,20260934,26481827.688342787,688.0524769237961,748.8,748.8,4300.1527396291485,84
D1_la_lb_departure_delay_72h_025,D1,la_lb_departure_delay_72h,,20260934,26488675.10493607,688.0010660030343,748.8,748.8,3944.797612139268,78
D1_la_lb_departure_delay_72h_026,D1,la_lb_departure_delay_72h,,20260934,26499735.33398432,687.8502120672513,748.8,748.8,3865.477379883134,75
D1_la_lb_departure_delay_72h_027,D1,la_lb_departure_delay_72h,,20260934,26517841.82440166,687.62956523166,748.8,748.8,3891.1727278774056,75
D1_la_lb_departure_delay_72h_028,D1,la_lb_departure_delay_72h,,20260907,26543539.851621117,687.5373365028944,715.2,715.2,4165.165990901246,82
D1_la_lb_departure_delay_72h_029,D1,la_lb_departure_delay_72h,,20260934,26561893.358093537,687.4826461743908,748.8,748.8,3954.555544563195,79
D1_la_lb_departure_delay_72h_030,D1,la_lb_departure_delay_72h,,20260907,26574683.1121765,686.9223424253242,715.2,715.2,3714.032657749047,79
D1_la_lb_departure_delay_72h_031,D1,la_lb_departure_delay_72h,,20260907,26626403.433013868,686.8328036825725,748.8,748.8,3767.4907501596035,82
D1_la_lb_departure_delay_72h_032,D1,la_lb_departure_delay_72h,,20260907,26648073.056295406,686.4669959390519,715.2,715.2,3566.6373865415617,79
D1_la_lb_departure_delay_72h_033,D1,la_lb_departure_delay_72h,,20260928,26699899.157598056,686.1865797847465,748.8,748.8,4253.6920576118655,71
D1_la_lb_departure_delay_72h_034,D1,la_lb_departure_delay_72h,,20260907,26716964.408265807,685.9823762817495,715.2,715.2,3454.3251316859573,79
D1_la_lb_departure_delay_72h_035,D1,la_lb_departure_delay_72h,,20260907,26733896.32782853,685.788708326798,748.8,748.8,3384.406317828309,80
D1_la_lb_departure_delay_72h_036,D1,la_lb_departure_delay_72h,,20260907,26776943.122556247,685.7760643976827,715.2,715.2,3473.489877825859,81
D1_la_lb_departure_delay_72h_037,D1,la_lb_departure_delay_72h,,20260907,26798677.53486229,685.4395003747725,715.2,715.2,3520.6456456316955,81
D1_la_lb_departure_delay_72h_038,D1,la_lb_departure_delay_72h,,20260928,26827613.353540346,685.1710071015475,715.2,715.2,4020.6773311556817,71
D1_la_lb_departure_delay_72h_039,D1,la_lb_departure_delay_72h,,20260928,26832119.24139277,685.0124515947074,715.2,715.2,4148.1731564022675,69
D1_la_lb_departure_delay_72h_040,D1,la_lb_departure_delay_72h,,20260928,26870323.71668637,684.7664647800101,715.2,715.2,3813.7306355263554,72
D1_la_lb_departure_delay_72h_041,D1,la_lb_departure_delay_72h,,20260928,26918237.69293148,684.6259577470556,715.2,715.2,4062.71459744849,72
D1_la_lb_departure_delay_72h_042,D1,la_lb_departure_delay_72h,,20260928,26920581.89493531,684.5592042196315,715.2,715.2,3991.3976512916784,72
D1_la_lb_departure_delay_72h_043,D1,la_lb_departure_delay_72h,balanced,20260928,26945871.981226664,684.2352137866126,715.2,715.2,3915.2877019502193,72
D1_la_lb_departure_delay_72h_044,D1,la_lb_departure_delay_72h,,20260907,27016650.64900093,684.0814813820318,715.2,715.2,3419.8254820715647,80
D1_la_lb_departure_delay_72h_045,D1,la_lb_departure_delay_72h,,20260928,27075390.411073778,684.0702503023774,715.2,715.2,3964.5097776346493,75
D1_la_lb_departure_delay_72h_046,D1,la_lb_departure_delay_72h,,20260918,27090920.493883215,683.7118360914777,748.8,748.8,3880.5777708432015,79
D1_la_lb_departure_delay_72h_047,D1,la_lb_departure_delay_72h,,20260928,27099509.433626723,683.6738912531514,715.2,715.2,3915.914237322067,74
D1_la_lb_departure_delay_72h_048,D1,la_lb_departure_delay_72h,,20260928,27112035.719734542,683.1139724683209,715.2,715.2,3887.3869313018513,75
D1_la_lb_departure_delay_72h_049,D1,la_lb_departure_delay_72h,,20260919,27217094.454914942,683.0331485864328,715.2,715.2,2952.6602413279297,81
D1_la_lb_departure_delay_72h_050,D1,la_lb_departure_delay_72h,,20260919,27316224.38263177,682.7997345843467,715.2,715.2,3497.3098516028144,80
D1_la_lb_departure_delay_72h_051,D1,la_lb_departure_delay_72h,,20260919,27331501.167585906,682.6426027625105,715.2,715.2,3517.502064418208,81
D1_la_lb_departure_delay_72h_052,D1,la_lb_departure_delay_72h,,20260919,27353121.043313242,682.5935745335483,715.2,715.2,3500.0514278541054,79
D1_la_lb_departure_delay_72h_053,D1,la_lb_departure_delay_72h,,20260919,27400187.305686094,682.2413165336653,715.2,715.2,3671.1591191471152,81
D1_la_lb_departure_delay_72h_054,D1,la_lb_departure_delay_72h,,20260919,27457579.40493919,682.10461437749,715.2,715.2,3671.1591191471152,80
D1_la_lb_departure_delay_72h_055,D1,la_lb_departure_delay_72h,,20260918,27475127.846487302,681.7702399699424,748.8,748.8,3737.3192762325593,79
D1_la_lb_departure_delay_72h_056,D1,la_lb_departure_delay_72h,,20260918,27597761.522028323,681.5331696438203,748.8,748.8,3600.654959506655,77
D1_la_lb_departure_delay_72h_057,D1,la_lb_departure_delay_72h,,20260918,27671265.441799972,680.9285517547738,748.8,748.8,3887.560545388801,73
D1_la_lb_departure_delay_72h_058,D1,la_lb_departure_delay_72h,,20260918,27801785.38248891,680.8769132784838,748.8,748.8,4221.959344722816,75
D1_la_lb_departure_delay_72h_059,D1,la_lb_departure_delay_72h,,20260919,27892268.875639167,680.7903574369459,748.8,748.8,3737.0885331323316,79
D1_la_lb_departure_delay_72h_060,D1,la_lb_departure_delay_72h,,20260918,27946030.253539655,680.6994383105533,748.8,748.8,4920.728800687414,73
D1_la_lb_departure_delay_72h_061,D1,la_lb_departure_delay_72h,,20260919,27992415.96611122,680.6232577615104,748.8,748.8,3970.000110014563,78
D1_la_lb_departure_delay_72h_062,D1,la_lb_departure_delay_72h,,20260918,28139316.97515343,680.4225333313454,748.8,748.8,5813.132115317446,75
D1_la_lb_departure_delay_72h_063,D1,la_lb_departure_delay_72h,min_delivery_time,20260918,28332149.572455008,680.1974688409873,748.8,748.8,6388.865553590744,79
D1_la_lb_port_capacity_50pct_001,D1,la_lb_port_capacity_50pct,min_cost,20260929,24930893.608474642,655.2349023262012,748.8,748.8,2142.850346532886,85
D1_la_lb_port_capacity_50pct_002,D1,la_lb_port_capacity_50pct,,20260929,24940704.82150948,650.8352567753644,748.8,748.8,1544.3069692694608,86
D1_la_lb_port_capacity_50pct_003,D1,la_lb_port_capacity_50pct,,20260929,25046722.330274034,650.2359812193286,748.8,748.8,1046.2230144763885,85
D1_la_lb_port_capacity_50pct_004,D1,la_lb_port_capacity_50pct,,20260927,25065943.9853397,650.157057762457,748.8,748.8,2660.7954899602782,82
D1_la_lb_port_capacity_50pct_005,D1,la_lb_port_capacity_50pct,,20260934,25099215.530851416,648.7728601351488,748.8,748.8,2122.0472754271022,79
D1_la_lb_port_capacity_50pct_006,D1,la_lb_port_capacity_50pct,,20260934,25170810.729283363,648.5819753693336,748.8,748.8,2263.5014014856347,78
D1_la_lb_port_capacity_50pct_007,D1,la_lb_port_capacity_50pct,,20260934,25185461.683584347,648.2670155507706,748.8,748.8,2122.0472754271022,79
D1_la_lb_port_capacity_50pct_008,D1,la_lb_port_capacity_50pct,,20260922,25251034.408944722,648.1499649064303,748.8,748.8,2094.8718867081475,85
D1_la_lb_port_capacity_50pct_009,D1,la_lb_port_capacity_50pct,,20260934,25254131.947929624,648.0540174794351,748.8,748.8,2544.2520990213093,77
D1_la_lb_port_capacity_50pct_010,D1,la_lb_port_capacity_50pct,,20260906,25300310.83121164,647.7201026619094,748.8,748.8,2535.691957979762,81
D1_la_lb_port_capacity_50pct_011,D1,la_lb_port_capacity_50pct,,20260934,25363018.93921191,647.4615678766605,748.8,748.8,2752.502968279971,82
D1_la_lb_port_capacity_50pct_012,D1,la_lb_port_capacity_50pct,balanced,20260934,25365062.660179533,647.2788762054203,748.8,748.8,2124.3153609474944,82
D1_la_lb_port_capacity_50pct_013,D1,la_lb_port_capacity_50pct,,20260922,25462719.11970464,647.0621857905377,748.8,748.8,1930.7928061135015,89
D1_la_lb_port_capacity_50pct_014,D1,la_lb_port_capacity_50pct,,20260907,25494071.513745375,646.9731261461301,748.8,748.8,2102.8992695903235,80
D1_la_lb_port_capacity_50pct_015,D1,la_lb_port_capacity_50pct,,20260934,25503277.52551346,646.8335192996275,748.8,748.8,2669.0397272128016,87
D1_la_lb_port_capacity_50pct_016,D1,la_lb_port_capacity_50pct,,20260907,25547671.77316292,646.6371629968601,748.8,748.8,2059.935085893117,81
D1_la_lb_port_capacity_50pct_017,D1,la_lb_port_capacity_50pct,,20260907,25646166.54826108,646.5044818552957,748.8,748.8,2100.9961141917174,83
D1_la_lb_port_capacity_50pct_018,D1,la_lb_port_capacity_50pct,,20260922,25647335.808979772,646.4629077050631,748.8,748.8,2109.6834920623032,90
D1_la_lb_port_capacity_50pct_019,D1,la_lb_port_capacity_50pct,,20260935,25654236.551638156,646.3194628054049,748.8,748.8,2761.315600811868,91
D1_la_lb_port_capacity_50pct_020,D1,la_lb_port_capacity_50pct,,20260934,25654482.95623436,646.232024268269,748.8,748.8,2817.6504562264527,84
D1_la_lb_port_capacity_50pct_021,D1,la_lb_port_capacity_50pct,,20260907,25659001.564097624,646.146146648507,748.8,748.8,2033.3689263147842,85
D1_la_lb_port_capacity_50pct_022,D1,la_lb_port_capacity_50pct,,20260935,25662499.9777219,645.7072766740837,748.8,748.8,2139.8194236245445,95
D1_la_lb_port_capacity_50pct_023,D1,la_lb_port_capacity_50pct,,20260907,25789299.865395732,645.6302611631006,748.8,748.8,2046.8942309817212,89
D1_la_lb_port_capacity_50pct_024,D1,la_lb_port_capacity_50pct,,20260935,25803023.831830535,645.5425528415101,748.8,748.8,2424.3992423897676,95
D1_la_lb_port_capacity_50pct_025,D1,la_lb_port_capacity_50pct,,20260907,25829381.892407145,644.9564903127937,748.8,748.8,1923.6000000000051,86
D1_la_lb_port_capacity_50pct_026,D1,la_lb_port_capacity_50pct,,20260935,25947545.004904367,644.9010551484733,748.8,748.8,2894.788706670013,92
D1_la_lb_port_capacity_50pct_027,D1,la_lb_port_capacity_50pct,,20260935,25965820.358097922,644.632083284647,748.8,748.8,2230.757126744138,94
D1_la_lb_port_capacity_50pct_028,D1,la_lb_port_capacity_50pct,,20260907,26018004.390413016,644.6236910104864,748.8,748.8,2038.565979701464,87
D1_la_lb_port_capacity_50pct_029,D1,la_lb_port_capacity_50pct,,20260935,26031270.491977084,644.5898764035106,748.8,748.8,2997.714995635019,89
D1_la_lb_port_capacity_50pct_030,D1,la_lb_port_capacity_50pct,,20260927,26056076.450405777,644.4957042456792,748.8,748.8,3215.6188572815836,86
D1_la_lb_port_capacity_50pct_031,D1,la_lb_port_capacity_50pct,,20260935,26084450.848686304,644.3713453277587,748.8,748.8,2915.5779966292052,93
D1_la_lb_port_capacity_50pct_032,D1,la_lb_port_capacity_50pct,,20260935,26122586.927341223,644.3405740509208,748.8,748.8,2860.177406296656,88
D1_la_lb_port_capacity_50pct_033,D1,la_lb_port_capacity_50pct,,20260927,26132546.129038565,644.1933786425891,748.8,748.8,3317.2394632268074,82
D1_la_lb_port_capacity_50pct_034,D1,la_lb_port_capacity_50pct,,20260927,26203266.17027371,644.1004616199616,748.8,748.8,3519.187512401474,86
D1_la_lb_port_capacity_50pct_035,D1,la_lb_port_capacity_50pct,,20260935,26220251.712703474,644.0925218530222,748.8,748.8,2970.238555669828,94
D1_la_lb_port_capacity_50pct_036,D1,la_lb_port_capacity_50pct,,20260927,26225616.620906234,644.0923293308159,748.8,748.8,3618.3768289461864,90
D1_la_lb_port_capacity_50pct_037,D1,la_lb_port_capacity_50pct,,20260935,26254010.569374103,643.8455241138256,748.8,748.8,2878.3299561863287,92
D1_la_lb_port_capacity_50pct_038,D1,la_lb_port_capacity_50pct,,20260927,26288318.79735203,643.5156717597563,748.8,748.8,3317.2394632268074,83
D1_la_lb_port_capacity_50pct_039,D1,la_lb_port_capacity_50pct,,20260927,26291871.00612112,643.4769701128472,748.8,748.8,3317.2394632268074,83
D1_la_lb_port_capacity_50pct_040,D1,la_lb_port_capacity_50pct,,20260935,26381657.87589582,643.4458063632683,748.8,748.8,3141.70967929549,93
D1_la_lb_port_capacity_50pct_041,D1,la_lb_port_capacity_50pct,,20260935,26412194.38396134,643.3532404506121,748.8,748.8,3191.0532969405076,95
D1_la_lb_port_capacity_50pct_042,D1,la_lb_port_capacity_50pct,,20260916,26523588.511026856,642.9656188300225,748.8,748.8,4269.2474098414405,82
D1_la_lb_port_capacity_50pct_043,D1,la_lb_port_capacity_50pct,,20260916,26571643.68480504,642.6944792648203,748.8,748.8,4288.493333694925,86
D1_la_lb_port_capacity_50pct_044,D1,la_lb_port_capacity_50pct,min_delivery_time,20260907,26575424.43253104,642.2013784179537,748.8,748.8,2391.5704920270573,88
D1_pilot_baseline_001,D1,pilot_baseline,min_cost,20260906,24842445.19812098,660.4667559181308,748.8,748.8,3447.639452293473,84
D1_pilot_baseline_002,D1,pilot_baseline,,20260906,24848650.87177561,660.0019607945736,748.8,748.8,3195.984157543646,80
D1_pilot_baseline_003,D1,pilot_baseline,,20260906,24883568.201326527,658.6343352527729,748.8,748.8,3031.3392750231387,81
D1_pilot_baseline_004,D1,pilot_baseline,,20260906,24888497.304555107,653.2299622158317,748.8,748.8,2410.918651253123,81
D1_pilot_baseline_005,D1,pilot_baseline,,20260906,24952312.852573715,653.0169489543077,748.8,748.8,2522.1870245361483,82
D1_pilot_baseline_006,D1,pilot_baseline,,20260906,24988661.712288722,651.8252915182069,748.8,748.8,2571.3402814603764,82
D1_pilot_baseline_007,D1,pilot_baseline,,20260906,25015801.614312228,651.7410650440858,748.8,748.8,2314.6899427662643,83
D1_pilot_baseline_008,D1,pilot_baseline,,20260906,25027305.75699999,648.6471827837831,748.8,748.8,1885.1303826520066,82
D1_pilot_baseline_009,D1,pilot_baseline,,20260906,25048405.284625843,647.9674761935964,748.8,748.8,1621.2231466896915,81
D1_pilot_baseline_010,D1,pilot_baseline,,20260906,25145924.420690563,647.4400488001354,748.8,748.8,2250.5025338607297,83
D1_pilot_baseline_011,D1,pilot_baseline,,20260906,25150426.31195558,646.7272102563984,748.8,748.8,2056.380881729024,84
D1_pilot_baseline_012,D1,pilot_baseline,,20260906,25154848.34343224,646.6180078702163,748.8,748.8,2109.5809464164067,82
D1_pilot_baseline_013,D1,pilot_baseline,,20260933,25177392.60003796,645.9118055369357,748.8,748.8,1050.554768631837,86
D1_pilot_baseline_014,D1,pilot_baseline,,20260923,25183901.81765151,644.1530559632971,748.8,748.8,1092.2041794689367,90
D1_pilot_baseline_015,D1,pilot_baseline,,20260923,25195300.396754384,644.1155008779716,748.8,748.8,1149.4124496892587,90
D1_pilot_baseline_016,D1,pilot_baseline,,20260933,25213844.15011067,643.8694508795252,748.8,748.8,1002.5291500635353,85
D1_pilot_baseline_017,D1,pilot_baseline,,20260932,25221481.169953357,642.4337207184383,748.8,748.8,1145.6364887855073,85
D1_pilot_baseline_018,D1,pilot_baseline,,20260912,25245563.86645435,640.9869864564172,748.8,748.8,647.5621327081191,79
D1_pilot_baseline_019,D1,pilot_baseline,,20260912,25296118.36958161,638.6596958843554,748.8,748.8,629.0955467881668,79
D1_pilot_baseline_020,D1,pilot_baseline,,20260932,25313310.103698507,638.1804410406907,748.8,748.8,117.88093471774873,77
D1_pilot_baseline_021,D1,pilot_baseline,,20260912,25373170.16865519,637.603351320569,748.8,748.8,643.3779074498354,84
D1_pilot_baseline_022,D1,pilot_baseline,,20260932,25381113.971172906,637.462174937037,748.8,748.8,141.54361200839463,83
D1_pilot_baseline_023,D1,pilot_baseline,,20260932,25412277.976145215,637.3194423787354,748.8,748.8,394.5674052745754,84
D1_pilot_baseline_024,D1,pilot_baseline,,20260912,25412396.694947865,637.3121527390931,748.8,748.8,641.9819066165198,78
D1_pilot_baseline_025,D1,pilot_baseline,balanced,20260932,25412552.53586355,636.2742574455212,748.8,748.8,176.23451303031462,82
D1_pilot_baseline_026,D1,pilot_baseline,,20260912,25477489.42523127,636.0770864938119,748.8,748.8,640.9985114193873,81
D1_pilot_baseline_027,D1,pilot_baseline,,20260932,25487990.91266626,635.4987189178859,748.8,748.8,197.91791208106352,83
D1_pilot_baseline_028,D1,pilot_baseline,,20260912,25511794.069225244,635.385771678844,748.8,748.8,634.4775226621615,81
D1_pilot_baseline_029,D1,pilot_baseline,,20260912,25512405.61914239,635.1958254120451,748.8,748.8,623.9400340790708,80
D1_pilot_baseline_030,D1,pilot_baseline,,20260912,25520009.66088834,635.0912322279218,748.8,748.8,632.9386519997652,79
D1_pilot_baseline_031,D1,pilot_baseline,,20260912,25530175.039977346,634.3162187577074,748.8,748.8,628.861852165968,76
D1_pilot_baseline_032,D1,pilot_baseline,,20260912,25534679.101430047,634.2467667372729,748.8,748.8,626.8700707862739,80
D1_pilot_baseline_033,D1,pilot_baseline,,20260932,25571105.24786311,634.0019876096361,748.8,748.8,262.6491404914599,78
D1_pilot_baseline_034,D1,pilot_baseline,,20260932,25588168.39353081,633.7394485510819,748.8,748.8,266.4431333243981,80
D1_pilot_baseline_035,D1,pilot_baseline,,20260912,25589599.156443063,633.6585786905,748.8,748.8,794.9222331757463,80
D1_pilot_baseline_036,D1,pilot_baseline,,20260912,25606115.69696911,633.477243524744,748.8,748.8,632.6614369159272,80
D1_pilot_baseline_037,D1,pilot_baseline,,20260912,25608682.029926307,633.3881903918789,748.8,748.8,849.1924770112657,78
D1_pilot_baseline_038,D1,pilot_baseline,,20260927,25619704.380212445,633.305472433005,748.8,748.8,597.5770543912765,77
D1_pilot_baseline_039,D1,pilot_baseline,,20260932,25630303.21725872,633.1538114376112,748.8,748.8,186.47245621271702,80
D1_pilot_baseline_040,D1,pilot_baseline,,20260912,25632437.050621632,633.1062400407546,748.8,748.8,635.4117575712714,81
D1_pilot_baseline_041,D1,pilot_baseline,,20260912,25637883.522405136,632.4363962140179,748.8,748.8,623.2739588250151,76
D1_pilot_baseline_042,D1,pilot_baseline,,20260932,25663193.9963302,632.3481515333553,748.8,748.8,277.3775616095975,82
D1_pilot_baseline_043,D1,pilot_baseline,,20260932,25689245.819080215,632.1039281575665,748.8,748.8,273.55782853216755,79
D1_pilot_baseline_044,D1,pilot_baseline,,20260912,25690957.30946771,631.1828970683052,748.8,748.8,624.865478142476,80
D1_pilot_baseline_045,D1,pilot_baseline,,20260912,25702106.96553333,631.1226613497582,748.8,748.8,610.541446922962,80
D1_pilot_baseline_046,D1,pilot_baseline,,20260932,25721284.12020118,630.8132637265082,748.8,748.8,164.14961133980663,77
D1_pilot_baseline_047,D1,pilot_baseline,,20260912,25742052.779472794,630.2527356495924,748.8,748.8,622.0319982465378,74
D1_pilot_baseline_048,D1,pilot_baseline,,20260912,25781620.233055748,630.1124616298766,748.8,748.8,634.8962519790384,78
D1_pilot_baseline_049,D1,pilot_baseline,,20260932,25782069.58653237,629.0165537528575,748.8,748.8,0.0,77
D1_pilot_baseline_050,D1,pilot_baseline,,20260932,25784411.552524347,628.929771282216,748.8,748.8,0.0,76
D1_pilot_baseline_051,D1,pilot_baseline,,20260932,25850159.04732197,628.6040771836915,748.8,748.8,140.12892381610337,78
D1_pilot_baseline_052,D1,pilot_baseline,,20260927,25874523.312749244,627.7748981606636,748.8,748.8,382.81893080084325,82
D1_pilot_baseline_053,D1,pilot_baseline,,20260912,25887881.881216742,627.5799754051783,748.8,748.8,381.4541682825815,76
D1_pilot_baseline_054,D1,pilot_baseline,,20260919,25947772.611799456,627.1956124114544,748.8,748.8,329.4294572194621,80
D1_pilot_baseline_055,D1,pilot_baseline,,20260919,25960495.03648061,627.1248792493246,748.8,748.8,227.82555133674896,85
D1_pilot_baseline_056,D1,pilot_baseline,,20260919,25960787.670548104,626.3455665972414,748.8,748.8,209.00683568009944,83
D1_pilot_baseline_057,D1,pilot_baseline,,20260932,25978071.889775064,626.0830615249329,748.8,748.8,154.54219101935377,77
D1_pilot_baseline_058,D1,pilot_baseline,,20260919,26012100.002830815,625.5983008306623,748.8,748.8,230.83560377680368,81
D1_pilot_baseline_059,D1,pilot_baseline,,20260919,26035957.91802891,625.3908509426325,748.8,748.8,234.42942550193834,82
D1_pilot_baseline_060,D1,pilot_baseline,,20260927,26041528.754809827,625.1327766265262,715.2,715.2,381.33792414793317,77
D1_pilot_baseline_061,D1,pilot_baseline,,20260919,26047000.380012766,624.6409284071755,748.8,748.8,207.28093437676642,80
D1_pilot_baseline_062,D1,pilot_baseline,,20260919,26078454.04174026,624.6269236616813,748.8,748.8,231.96913225586144,82
D1_pilot_baseline_063,D1,pilot_baseline,,20260919,26088108.51695721,624.3071479515643,748.8,748.8,229.0700669268021,82
D1_pilot_baseline_064,D1,pilot_baseline,,20260919,26106149.48305315,624.1270090013602,748.8,748.8,222.16155102750287,83
D1_pilot_baseline_065,D1,pilot_baseline,,20260919,26141080.43551318,623.4929835591001,748.8,748.8,216.40131882225865,83
D1_pilot_baseline_066,D1,pilot_baseline,,20260919,26166187.815320842,622.7309224621099,748.8,748.8,207.2873065195931,81
D1_pilot_baseline_067,D1,pilot_baseline,,20260919,26181550.811070465,622.6004955759352,748.8,748.8,208.79733026117924,81
D1_pilot_baseline_068,D1,pilot_baseline,,20260919,26207714.111823913,622.1477503571793,748.8,748.8,224.37088931790157,83
D1_pilot_baseline_069,D1,pilot_baseline,,20260919,26230472.702329084,622.1421780482056,748.8,748.8,218.04751808050793,78
D1_pilot_baseline_070,D1,pilot_baseline,,20260919,26233073.149938818,621.8821146802418,748.8,748.8,206.43871352378534,80
D1_pilot_baseline_071,D1,pilot_baseline,,20260919,26286310.200127587,620.976794992271,748.8,748.8,221.4744044323843,80
D1_pilot_baseline_072,D1,pilot_baseline,,20260919,26309731.3301426,620.748467188563,748.8,748.8,203.1902583543423,80
D1_pilot_baseline_073,D1,pilot_baseline,,20260925,26389990.185705308,620.6939774268258,748.8,748.8,444.9832613435965,83
D1_pilot_baseline_074,D1,pilot_baseline,,20260925,26398415.777893074,620.4481500402061,748.8,748.8,443.84772015982867,81
D1_pilot_baseline_075,D1,pilot_baseline,,20260925,26412051.673197955,619.9291129020464,748.8,748.8,449.90933892178373,83
D1_pilot_baseline_076,D1,pilot_baseline,,20260915,26469059.059917103,619.6854423631269,748.8,748.8,1050.8468784047177,84
D1_pilot_baseline_077,D1,pilot_baseline,,20260915,26478502.06672025,619.3641697795872,748.8,748.8,831.7478634922205,85
D1_pilot_baseline_078,D1,pilot_baseline,,20260915,26530623.826993868,619.3612708983297,748.8,748.8,882.5150295804617,84
D1_pilot_baseline_079,D1,pilot_baseline,,20260915,26544322.097125288,618.1737686731917,748.8,748.8,962.9211825961575,83
D1_pilot_baseline_080,D1,pilot_baseline,,20260915,26571173.55595367,617.897496926095,748.8,748.8,876.2410922740194,81
D1_pilot_baseline_081,D1,pilot_baseline,,20260915,26591906.179263618,617.5779448683761,748.8,748.8,903.000140176814,83
D1_pilot_baseline_082,D1,pilot_baseline,,20260915,26653399.489870492,617.1121999235975,748.8,748.8,954.5660091973199,81
D1_pilot_baseline_083,D1,pilot_baseline,,20260915,26720476.696201835,616.6216548441273,748.8,748.8,684.6984355688023,85
D1_pilot_baseline_084,D1,pilot_baseline,min_delivery_time,20260915,26772109.384655178,615.6406286172274,748.8,748.8,637.2958337142875,84
D1_seattle_tacoma_departure_delay_72h_001,D1,seattle_tacoma_departure_delay_72h,min_cost,20260921,26438100.874524277,636.6625372704883,816.0,816.0,4869.570948278853,72
D1_seattle_tacoma_departure_delay_72h_002,D1,seattle_tacoma_departure_delay_72h,,20260921,26449367.63834338,635.5995303540876,816.0,816.0,4743.737957596587,72
D1_seattle_tacoma_departure_delay_72h_003,D1,seattle_tacoma_departure_delay_72h,,20260921,26460263.885042455,632.5740441890407,816.0,816.0,4071.405431271069,76
D1_seattle_tacoma_departure_delay_72h_004,D1,seattle_tacoma_departure_delay_72h,,20260913,26486103.9735737,622.7262752517194,816.0,816.0,899.4319082281472,72
D1_seattle_tacoma_departure_delay_72h_005,D1,seattle_tacoma_departure_delay_72h,,20260913,26528008.088636745,622.4462373419008,816.0,816.0,863.5521689740145,78
D1_seattle_tacoma_departure_delay_72h_006,D1,seattle_tacoma_departure_delay_72h,,20260913,26531467.90074881,621.3336011434048,782.4,782.4,882.7048009823852,74
D1_seattle_tacoma_departure_delay_72h_007,D1,seattle_tacoma_departure_delay_72h,,20260913,26554705.92103494,620.4060199092489,816.0,816.0,711.5475974410778,75
D1_seattle_tacoma_departure_delay_72h_008,D1,seattle_tacoma_departure_delay_72h,,20260913,26589551.77261025,619.8427614320216,782.4,782.4,798.5101594784229,73
D1_seattle_tacoma_departure_delay_72h_009,D1,seattle_tacoma_departure_delay_72h,,20260913,26613687.32433685,619.4635761089019,816.0,816.0,821.9253991532869,79
D1_seattle_tacoma_departure_delay_72h_010,D1,seattle_tacoma_departure_delay_72h,,20260913,26631090.733547166,619.3735274634226,782.4,782.4,882.7048009823852,75
D1_seattle_tacoma_departure_delay_72h_011,D1,seattle_tacoma_departure_delay_72h,,20260913,26644141.649462547,618.5922047277552,782.4,782.4,793.240660278394,75
D1_seattle_tacoma_departure_delay_72h_012,D1,seattle_tacoma_departure_delay_72h,,20260913,26659493.13726281,617.2253049228054,816.0,816.0,67.3060236197002,73
D1_seattle_tacoma_departure_delay_72h_013,D1,seattle_tacoma_departure_delay_72h,balanced,20260913,26679314.740658864,616.6170463341375,782.4,782.4,425.0936226136863,76
D1_seattle_tacoma_departure_delay_72h_014,D1,seattle_tacoma_departure_delay_72h,,20260913,26688170.364024326,616.5741468521829,782.4,782.4,774.2237347066718,72
D1_seattle_tacoma_departure_delay_72h_015,D1,seattle_tacoma_departure_delay_72h,,20260913,26715820.703182645,616.303469820817,782.4,782.4,408.4605523938903,76
D1_seattle_tacoma_departure_delay_72h_016,D1,seattle_tacoma_departure_delay_72h,,20260913,26727343.457642354,616.0678565884413,782.4,782.4,701.9971827528419,77
D1_seattle_tacoma_departure_delay_72h_017,D1,seattle_tacoma_departure_delay_72h,,20260913,26728127.372210182,615.9340257647217,782.4,782.4,586.9000141900941,76
D1_seattle_tacoma_departure_delay_72h_018,D1,seattle_tacoma_departure_delay_72h,,20260913,26738524.301334076,615.5792200617772,782.4,782.4,791.1028132636814,77
D1_seattle_tacoma_departure_delay_72h_019,D1,seattle_tacoma_departure_delay_72h,,20260913,26751284.88004572,615.5110174390793,782.4,782.4,790.8926984799166,73
D1_seattle_tacoma_departure_delay_72h_020,D1,seattle_tacoma_departure_delay_72h,,20260913,26767385.691088796,614.8995978458179,782.4,782.4,665.8577396512693,74
D1_seattle_tacoma_departure_delay_72h_021,D1,seattle_tacoma_departure_delay_72h,,20260913,26783627.142691385,614.0764421188185,782.4,782.4,496.70720445375935,77
D1_seattle_tacoma_departure_delay_72h_022,D1,seattle_tacoma_departure_delay_72h,,20260919,26801204.85461498,614.0680886689153,782.4,782.4,345.5322044173133,71
D1_seattle_tacoma_departure_delay_72h_023,D1,seattle_tacoma_departure_delay_72h,,20260913,26805781.945805784,613.768635065717,782.4,782.4,632.3208118638346,74
D1_seattle_tacoma_departure_delay_72h_024,D1,seattle_tacoma_departure_delay_72h,,20260919,26806486.701604467,612.9721165064506,782.4,782.4,341.9422036477501,70
D1_seattle_tacoma_departure_delay_72h_025,D1,seattle_tacoma_departure_delay_72h,,20260919,26815251.02514305,612.6053927645801,782.4,782.4,341.924413806237,70
D1_seattle_tacoma_departure_delay_72h_026,D1,seattle_tacoma_departure_delay_72h,,20260929,26831935.383146644,612.317553333113,816.0,816.0,264.4217878119817,73
D1_seattle_tacoma_departure_delay_72h_027,D1,seattle_tacoma_departure_delay_72h,,20260906,26841311.93768003,611.7992688272549,782.4,782.4,0.0,71
D1_seattle_tacoma_departure_delay_72h_028,D1,seattle_tacoma_departure_delay_72h,,20260919,26864006.607239485,611.726522405132,782.4,782.4,370.2265594283182,70
D1_seattle_tacoma_departure_delay_72h_029,D1,seattle_tacoma_departure_delay_72h,,20260919,26870073.638799086,611.3394493054817,782.4,782.4,341.01053445879757,69
D1_seattle_tacoma_departure_delay_72h_030,D1,seattle_tacoma_departure_delay_72h,,20260919,26870980.620728597,611.334105567936,782.4,782.4,340.98186484548364,69
D1_seattle_tacoma_departure_delay_72h_031,D1,seattle_tacoma_departure_delay_72h,,20260915,26871956.908414785,611.2366004778387,782.4,782.4,0.0,72
D1_seattle_tacoma_departure_delay_72h_032,D1,seattle_tacoma_departure_delay_72h,,20260915,26889279.53534123,610.6879331809413,782.4,782.4,193.0722255770301,76
D1_seattle_tacoma_departure_delay_72h_033,D1,seattle_tacoma_departure_delay_72h,,20260915,26891626.77275636,610.4640873796402,816.0,816.0,13.446816888160663,75
D1_seattle_tacoma_departure_delay_72h_034,D1,seattle_tacoma_departure_delay_72h,,20260915,26896180.179929584,609.9454611416146,782.4,782.4,0.0,72
D1_seattle_tacoma_departure_delay_72h_035,D1,seattle_tacoma_departure_delay_72h,,20260915,26896519.83409446,609.9144462287622,782.4,782.4,0.0,72
D1_seattle_tacoma_departure_delay_72h_036,D1,seattle_tacoma_departure_delay_72h,,20260915,26907062.388650086,609.867903208285,782.4,782.4,0.0,75
D1_seattle_tacoma_departure_delay_72h_037,D1,seattle_tacoma_departure_delay_72h,,20260915,26908245.230853826,609.8371794806463,782.4,782.4,0.0,71
D1_seattle_tacoma_departure_delay_72h_038,D1,seattle_tacoma_departure_delay_72h,,20260915,26914284.869347043,609.6034107728872,782.4,782.4,0.0,73
D1_seattle_tacoma_departure_delay_72h_039,D1,seattle_tacoma_departure_delay_72h,,20260915,26917828.772569977,609.5088323659552,782.4,782.4,0.0,71
D1_seattle_tacoma_departure_delay_72h_040,D1,seattle_tacoma_departure_delay_72h,,20260915,26931235.114766132,609.4663308733631,782.4,782.4,0.0,74
D1_seattle_tacoma_departure_delay_72h_041,D1,seattle_tacoma_departure_delay_72h,,20260919,26959495.11085976,609.0618953052915,782.4,782.4,213.07241987394144,68
D1_seattle_tacoma_departure_delay_72h_042,D1,seattle_tacoma_departure_delay_72h,,20260915,26960130.902103588,609.0334365282355,816.0,816.0,163.08310565046384,75
D1_seattle_tacoma_departure_delay_72h_043,D1,seattle_tacoma_departure_delay_72h,,20260923,26967251.85540053,608.8832469461726,782.4,782.4,221.5128684788635,78
D1_seattle_tacoma_departure_delay_72h_044,D1,seattle_tacoma_departure_delay_72h,,20260923,26974467.849735864,608.1540288367405,625.6,625.6,0.0,76
D1_seattle_tacoma_departure_delay_72h_045,D1,seattle_tacoma_departure_delay_72h,,20260923,26982684.234236646,608.0990948507603,625.6,625.6,0.0,77
D1_seattle_tacoma_departure_delay_72h_046,D1,seattle_tacoma_departure_delay_72h,,20260915,26998918.699919835,608.0007801467389,625.6,625.6,0.0,71
D1_seattle_tacoma_departure_delay_72h_047,D1,seattle_tacoma_departure_delay_72h,,20260923,27028150.4444656,607.9657423913611,625.6,625.6,0.0,72
D1_seattle_tacoma_departure_delay_72h_048,D1,seattle_tacoma_departure_delay_72h,,20260915,27034511.860189196,607.8307758263447,625.6,625.6,0.0,73
D1_seattle_tacoma_departure_delay_72h_049,D1,seattle_tacoma_departure_delay_72h,,20260915,27045587.883897703,607.796357563176,625.6,625.6,0.0,74
D1_seattle_tacoma_departure_delay_72h_050,D1,seattle_tacoma_departure_delay_72h,,20260923,27067462.379126564,607.7402162300348,625.6,625.6,0.0,76
D1_seattle_tacoma_departure_delay_72h_051,D1,seattle_tacoma_departure_delay_72h,,20260923,27084836.507578086,607.5701575050679,625.6,625.6,0.0,74
D1_seattle_tacoma_departure_delay_72h_052,D1,seattle_tacoma_departure_delay_72h,,20260923,27109639.154786434,607.5540151767614,625.6,625.6,0.0,75
D1_seattle_tacoma_departure_delay_72h_053,D1,seattle_tacoma_departure_delay_72h,,20260923,27110207.63529137,607.5442599311993,625.6,625.6,0.0,75
D1_seattle_tacoma_departure_delay_72h_054,D1,seattle_tacoma_departure_delay_72h,,20260923,27122471.579474118,607.4815585219043,625.6,625.6,0.0,74
D1_seattle_tacoma_departure_delay_72h_055,D1,seattle_tacoma_departure_delay_72h,,20260923,27131333.37424266,607.4353216175547,625.6,625.6,0.0,74
D1_seattle_tacoma_departure_delay_72h_056,D1,seattle_tacoma_departure_delay_72h,,20260923,27140930.82622351,607.3959778066313,625.6,625.6,0.0,74
D1_seattle_tacoma_departure_delay_72h_057,D1,seattle_tacoma_departure_delay_72h,,20260923,27145187.015471358,607.3464797217783,625.6,625.6,0.0,76
D1_seattle_tacoma_departure_delay_72h_058,D1,seattle_tacoma_departure_delay_72h,,20260923,27155883.096361946,607.1911169487073,625.6,625.6,0.0,75
D1_seattle_tacoma_departure_delay_72h_059,D1,seattle_tacoma_departure_delay_72h,,20260923,27185161.66491071,607.1790396645482,625.6,625.6,0.0,72
D1_seattle_tacoma_departure_delay_72h_060,D1,seattle_tacoma_departure_delay_72h,,20260923,27198811.48195321,607.1319293403851,625.6,625.6,0.0,76
D1_seattle_tacoma_departure_delay_72h_061,D1,seattle_tacoma_departure_delay_72h,,20260923,27201939.093858894,607.0955176030589,625.6,625.6,0.0,72
D1_seattle_tacoma_departure_delay_72h_062,D1,seattle_tacoma_departure_delay_72h,,20260923,27215780.00408075,607.0652098321737,625.6,625.6,0.0,76
D1_seattle_tacoma_departure_delay_72h_063,D1,seattle_tacoma_departure_delay_72h,,20260923,27246902.190975778,606.9318317419863,625.6,625.6,0.0,75
D1_seattle_tacoma_departure_delay_72h_064,D1,seattle_tacoma_departure_delay_72h,,20260923,27250542.91788598,606.8997711510726,625.6,625.6,0.0,77
D1_seattle_tacoma_departure_delay_72h_065,D1,seattle_tacoma_departure_delay_72h,,20260923,27264799.998751026,606.8666046372401,625.6,625.6,0.0,75
D1_seattle_tacoma_departure_delay_72h_066,D1,seattle_tacoma_departure_delay_72h,min_delivery_time,20260923,27303158.537869222,606.6022720304636,625.6,625.6,0.0,73
D1_seattle_tacoma_port_capacity_50pct_001,D1,seattle_tacoma_port_capacity_50pct,min_cost,20260906,24842445.19812098,660.4667559181308,748.8,748.8,3447.639452293473,84
D1_seattle_tacoma_port_capacity_50pct_002,D1,seattle_tacoma_port_capacity_50pct,,20260906,24848650.87177561,660.0019607945736,748.8,748.8,3195.984157543646,80
D1_seattle_tacoma_port_capacity_50pct_003,D1,seattle_tacoma_port_capacity_50pct,,20260906,24883568.201326527,658.6343352527729,748.8,748.8,3031.3392750231387,81
D1_seattle_tacoma_port_capacity_50pct_004,D1,seattle_tacoma_port_capacity_50pct,,20260906,24888497.304555107,653.2299622158317,748.8,748.8,2410.918651253123,81
D1_seattle_tacoma_port_capacity_50pct_005,D1,seattle_tacoma_port_capacity_50pct,,20260906,24952312.852573715,653.0169489543077,748.8,748.8,2522.1870245361483,82
D1_seattle_tacoma_port_capacity_50pct_006,D1,seattle_tacoma_port_capacity_50pct,,20260906,24988661.712288722,651.8252915182069,748.8,748.8,2571.3402814603764,82
D1_seattle_tacoma_port_capacity_50pct_007,D1,seattle_tacoma_port_capacity_50pct,,20260906,25015801.614312228,651.7410650440858,748.8,748.8,2314.6899427662643,83
D1_seattle_tacoma_port_capacity_50pct_008,D1,seattle_tacoma_port_capacity_50pct,,20260906,25027305.75699999,648.6471827837831,748.8,748.8,1885.1303826520066,82
D1_seattle_tacoma_port_capacity_50pct_009,D1,seattle_tacoma_port_capacity_50pct,,20260906,25048405.284625843,647.9674761935964,748.8,748.8,1621.2231466896915,81
D1_seattle_tacoma_port_capacity_50pct_010,D1,seattle_tacoma_port_capacity_50pct,,20260906,25145924.420690563,647.4400488001354,748.8,748.8,2250.5025338607297,83
D1_seattle_tacoma_port_capacity_50pct_011,D1,seattle_tacoma_port_capacity_50pct,,20260906,25150426.31195558,646.7272102563984,748.8,748.8,2056.380881729024,84
D1_seattle_tacoma_port_capacity_50pct_012,D1,seattle_tacoma_port_capacity_50pct,,20260906,25154848.34343224,646.6180078702163,748.8,748.8,2109.5809464164067,82
D1_seattle_tacoma_port_capacity_50pct_013,D1,seattle_tacoma_port_capacity_50pct,,20260933,25177392.60003796,645.9118055369357,748.8,748.8,1050.554768631837,86
D1_seattle_tacoma_port_capacity_50pct_014,D1,seattle_tacoma_port_capacity_50pct,,20260923,25183901.81765151,644.1530559632971,748.8,748.8,1092.2041794689367,90
D1_seattle_tacoma_port_capacity_50pct_015,D1,seattle_tacoma_port_capacity_50pct,,20260923,25195300.396754384,644.1155008779716,748.8,748.8,1149.4124496892587,90
D1_seattle_tacoma_port_capacity_50pct_016,D1,seattle_tacoma_port_capacity_50pct,,20260933,25213844.15011067,643.8694508795252,748.8,748.8,1002.5291500635353,85
D1_seattle_tacoma_port_capacity_50pct_017,D1,seattle_tacoma_port_capacity_50pct,,20260932,25221481.169953357,642.4337207184383,748.8,748.8,1145.6364887855073,85
D1_seattle_tacoma_port_capacity_50pct_018,D1,seattle_tacoma_port_capacity_50pct,,20260912,25245563.86645435,640.9869864564172,748.8,748.8,647.5621327081191,79
D1_seattle_tacoma_port_capacity_50pct_019,D1,seattle_tacoma_port_capacity_50pct,,20260912,25296118.36958161,638.6596958843554,748.8,748.8,629.0955467881668,79
D1_seattle_tacoma_port_capacity_50pct_020,D1,seattle_tacoma_port_capacity_50pct,,20260932,25313310.103698507,638.1804410406907,748.8,748.8,117.88093471774873,77
D1_seattle_tacoma_port_capacity_50pct_021,D1,seattle_tacoma_port_capacity_50pct,,20260912,25373170.16865519,637.603351320569,748.8,748.8,643.3779074498354,84
D1_seattle_tacoma_port_capacity_50pct_022,D1,seattle_tacoma_port_capacity_50pct,,20260932,25381113.971172906,637.462174937037,748.8,748.8,141.54361200839463,83
D1_seattle_tacoma_port_capacity_50pct_023,D1,seattle_tacoma_port_capacity_50pct,,20260932,25412277.976145215,637.3194423787354,748.8,748.8,394.5674052745754,84
D1_seattle_tacoma_port_capacity_50pct_024,D1,seattle_tacoma_port_capacity_50pct,,20260912,25412396.694947865,637.3121527390931,748.8,748.8,641.9819066165198,78
D1_seattle_tacoma_port_capacity_50pct_025,D1,seattle_tacoma_port_capacity_50pct,balanced,20260932,25412552.53586355,636.2742574455212,748.8,748.8,176.23451303031462,82
D1_seattle_tacoma_port_capacity_50pct_026,D1,seattle_tacoma_port_capacity_50pct,,20260912,25477489.42523127,636.0770864938119,748.8,748.8,640.9985114193873,81
D1_seattle_tacoma_port_capacity_50pct_027,D1,seattle_tacoma_port_capacity_50pct,,20260932,25487990.91266626,635.4987189178859,748.8,748.8,197.91791208106352,83
D1_seattle_tacoma_port_capacity_50pct_028,D1,seattle_tacoma_port_capacity_50pct,,20260912,25511794.069225244,635.385771678844,748.8,748.8,634.4775226621615,81
D1_seattle_tacoma_port_capacity_50pct_029,D1,seattle_tacoma_port_capacity_50pct,,20260912,25512405.61914239,635.1958254120451,748.8,748.8,623.9400340790708,80
D1_seattle_tacoma_port_capacity_50pct_030,D1,seattle_tacoma_port_capacity_50pct,,20260912,25520009.66088834,635.0912322279218,748.8,748.8,632.9386519997652,79
D1_seattle_tacoma_port_capacity_50pct_031,D1,seattle_tacoma_port_capacity_50pct,,20260912,25530175.039977346,634.3162187577074,748.8,748.8,628.861852165968,76
D1_seattle_tacoma_port_capacity_50pct_032,D1,seattle_tacoma_port_capacity_50pct,,20260912,25534679.101430047,634.2467667372729,748.8,748.8,626.8700707862739,80
D1_seattle_tacoma_port_capacity_50pct_033,D1,seattle_tacoma_port_capacity_50pct,,20260932,25571105.24786311,634.0019876096361,748.8,748.8,262.6491404914599,78
D1_seattle_tacoma_port_capacity_50pct_034,D1,seattle_tacoma_port_capacity_50pct,,20260932,25588168.39353081,633.7394485510819,748.8,748.8,266.4431333243981,80
D1_seattle_tacoma_port_capacity_50pct_035,D1,seattle_tacoma_port_capacity_50pct,,20260912,25589599.156443063,633.6585786905,748.8,748.8,794.9222331757463,80
D1_seattle_tacoma_port_capacity_50pct_036,D1,seattle_tacoma_port_capacity_50pct,,20260912,25606115.69696911,633.477243524744,748.8,748.8,632.6614369159272,80
D1_seattle_tacoma_port_capacity_50pct_037,D1,seattle_tacoma_port_capacity_50pct,,20260912,25608682.029926307,633.3881903918789,748.8,748.8,849.1924770112657,78
D1_seattle_tacoma_port_capacity_50pct_038,D1,seattle_tacoma_port_capacity_50pct,,20260927,25619704.380212445,633.305472433005,748.8,748.8,597.5770543912765,77
D1_seattle_tacoma_port_capacity_50pct_039,D1,seattle_tacoma_port_capacity_50pct,,20260932,25630303.21725872,633.1538114376112,748.8,748.8,186.47245621271702,80
D1_seattle_tacoma_port_capacity_50pct_040,D1,seattle_tacoma_port_capacity_50pct,,20260912,25632437.050621632,633.1062400407546,748.8,748.8,635.4117575712714,81
D1_seattle_tacoma_port_capacity_50pct_041,D1,seattle_tacoma_port_capacity_50pct,,20260912,25637883.522405136,632.4363962140179,748.8,748.8,623.2739588250151,76
D1_seattle_tacoma_port_capacity_50pct_042,D1,seattle_tacoma_port_capacity_50pct,,20260932,25663193.9963302,632.3481515333553,748.8,748.8,277.3775616095975,82
D1_seattle_tacoma_port_capacity_50pct_043,D1,seattle_tacoma_port_capacity_50pct,,20260932,25689245.819080215,632.1039281575665,748.8,748.8,273.55782853216755,79
D1_seattle_tacoma_port_capacity_50pct_044,D1,seattle_tacoma_port_capacity_50pct,,20260912,25690957.30946771,631.1828970683052,748.8,748.8,624.865478142476,80
D1_seattle_tacoma_port_capacity_50pct_045,D1,seattle_tacoma_port_capacity_50pct,,20260912,25702106.96553333,631.1226613497582,748.8,748.8,610.541446922962,80
D1_seattle_tacoma_port_capacity_50pct_046,D1,seattle_tacoma_port_capacity_50pct,,20260932,25721284.12020118,630.8132637265082,748.8,748.8,164.14961133980663,77
D1_seattle_tacoma_port_capacity_50pct_047,D1,seattle_tacoma_port_capacity_50pct,,20260912,25742052.779472794,630.2527356495924,748.8,748.8,622.0319982465378,74
D1_seattle_tacoma_port_capacity_50pct_048,D1,seattle_tacoma_port_capacity_50pct,,20260912,25781620.233055748,630.1124616298766,748.8,748.8,634.8962519790384,78
D1_seattle_tacoma_port_capacity_50pct_049,D1,seattle_tacoma_port_capacity_50pct,,20260932,25782069.58653237,629.0165537528575,748.8,748.8,0.0,77
D1_seattle_tacoma_port_capacity_50pct_050,D1,seattle_tacoma_port_capacity_50pct,,20260932,25784411.552524347,628.929771282216,748.8,748.8,0.0,76
D1_seattle_tacoma_port_capacity_50pct_051,D1,seattle_tacoma_port_capacity_50pct,,20260932,25850159.04732197,628.6040771836915,748.8,748.8,140.12892381610337,78
D1_seattle_tacoma_port_capacity_50pct_052,D1,seattle_tacoma_port_capacity_50pct,,20260927,25874523.312749244,627.7748981606636,748.8,748.8,382.81893080084325,82
D1_seattle_tacoma_port_capacity_50pct_053,D1,seattle_tacoma_port_capacity_50pct,,20260912,25887881.881216742,627.5799754051783,748.8,748.8,381.4541682825815,76
D1_seattle_tacoma_port_capacity_50pct_054,D1,seattle_tacoma_port_capacity_50pct,,20260919,25947772.611799456,627.1956124114544,748.8,748.8,329.4294572194621,80
D1_seattle_tacoma_port_capacity_50pct_055,D1,seattle_tacoma_port_capacity_50pct,,20260919,25960495.03648061,627.1248792493246,748.8,748.8,227.82555133674896,85
D1_seattle_tacoma_port_capacity_50pct_056,D1,seattle_tacoma_port_capacity_50pct,,20260919,25960787.670548104,626.3455665972414,748.8,748.8,209.00683568009944,83
D1_seattle_tacoma_port_capacity_50pct_057,D1,seattle_tacoma_port_capacity_50pct,,20260932,25978071.889775064,626.0830615249329,748.8,748.8,154.54219101935377,77
D1_seattle_tacoma_port_capacity_50pct_058,D1,seattle_tacoma_port_capacity_50pct,,20260919,26012100.002830815,625.5983008306623,748.8,748.8,230.83560377680368,81
D1_seattle_tacoma_port_capacity_50pct_059,D1,seattle_tacoma_port_capacity_50pct,,20260919,26035957.91802891,625.3908509426325,748.8,748.8,234.42942550193834,82
D1_seattle_tacoma_port_capacity_50pct_060,D1,seattle_tacoma_port_capacity_50pct,,20260927,26041528.754809827,625.1327766265262,715.2,715.2,381.33792414793317,77
D1_seattle_tacoma_port_capacity_50pct_061,D1,seattle_tacoma_port_capacity_50pct,,20260919,26047000.380012766,624.6409284071755,748.8,748.8,207.28093437676642,80
D1_seattle_tacoma_port_capacity_50pct_062,D1,seattle_tacoma_port_capacity_50pct,,20260919,26078454.04174026,624.6269236616813,748.8,748.8,231.96913225586144,82
D1_seattle_tacoma_port_capacity_50pct_063,D1,seattle_tacoma_port_capacity_50pct,,20260919,26088108.51695721,624.3071479515643,748.8,748.8,229.0700669268021,82
D1_seattle_tacoma_port_capacity_50pct_064,D1,seattle_tacoma_port_capacity_50pct,,20260919,26106149.48305315,624.1270090013602,748.8,748.8,222.16155102750287,83
D1_seattle_tacoma_port_capacity_50pct_065,D1,seattle_tacoma_port_capacity_50pct,,20260919,26141080.43551318,623.4929835591001,748.8,748.8,216.40131882225865,83
D1_seattle_tacoma_port_capacity_50pct_066,D1,seattle_tacoma_port_capacity_50pct,,20260919,26166187.815320842,622.7309224621099,748.8,748.8,207.2873065195931,81
D1_seattle_tacoma_port_capacity_50pct_067,D1,seattle_tacoma_port_capacity_50pct,,20260919,26181550.811070465,622.6004955759352,748.8,748.8,208.79733026117924,81
D1_seattle_tacoma_port_capacity_50pct_068,D1,seattle_tacoma_port_capacity_50pct,,20260919,26207714.111823913,622.1477503571793,748.8,748.8,224.37088931790157,83
D1_seattle_tacoma_port_capacity_50pct_069,D1,seattle_tacoma_port_capacity_50pct,,20260919,26230472.702329084,622.1421780482056,748.8,748.8,218.04751808050793,78
D1_seattle_tacoma_port_capacity_50pct_070,D1,seattle_tacoma_port_capacity_50pct,,20260919,26233073.149938818,621.8821146802418,748.8,748.8,206.43871352378534,80
D1_seattle_tacoma_port_capacity_50pct_071,D1,seattle_tacoma_port_capacity_50pct,,20260919,26286310.200127587,620.976794992271,748.8,748.8,221.4744044323843,80
D1_seattle_tacoma_port_capacity_50pct_072,D1,seattle_tacoma_port_capacity_50pct,,20260919,26309731.3301426,620.748467188563,748.8,748.8,203.1902583543423,80
D1_seattle_tacoma_port_capacity_50pct_073,D1,seattle_tacoma_port_capacity_50pct,,20260925,26389990.185705308,620.6939774268258,748.8,748.8,444.9832613435965,83
D1_seattle_tacoma_port_capacity_50pct_074,D1,seattle_tacoma_port_capacity_50pct,,20260925,26398415.777893074,620.4481500402061,748.8,748.8,443.84772015982867,81
D1_seattle_tacoma_port_capacity_50pct_075,D1,seattle_tacoma_port_capacity_50pct,,20260925,26412051.673197955,619.9291129020464,748.8,748.8,449.90933892178373,83
D1_seattle_tacoma_port_capacity_50pct_076,D1,seattle_tacoma_port_capacity_50pct,,20260915,26469059.059917103,619.6854423631269,748.8,748.8,1050.8468784047177,84
D1_seattle_tacoma_port_capacity_50pct_077,D1,seattle_tacoma_port_capacity_50pct,,20260915,26478502.06672025,619.3641697795872,748.8,748.8,831.7478634922205,85
D1_seattle_tacoma_port_capacity_50pct_078,D1,seattle_tacoma_port_capacity_50pct,,20260915,26530623.826993868,619.3612708983297,748.8,748.8,882.5150295804617,84
D1_seattle_tacoma_port_capacity_50pct_079,D1,seattle_tacoma_port_capacity_50pct,,20260915,26544322.097125288,618.1737686731917,748.8,748.8,962.9211825961575,83
D1_seattle_tacoma_port_capacity_50pct_080,D1,seattle_tacoma_port_capacity_50pct,,20260915,26571173.55595367,617.897496926095,748.8,748.8,876.2410922740194,81
D1_seattle_tacoma_port_capacity_50pct_081,D1,seattle_tacoma_port_capacity_50pct,,20260915,26591906.179263618,617.5779448683761,748.8,748.8,903.000140176814,83
D1_seattle_tacoma_port_capacity_50pct_082,D1,seattle_tacoma_port_capacity_50pct,,20260915,26653399.489870492,617.1121999235975,748.8,748.8,954.5660091973199,81
D1_seattle_tacoma_port_capacity_50pct_083,D1,seattle_tacoma_port_capacity_50pct,,20260915,26720476.696201835,616.6216548441273,748.8,748.8,684.6984355688023,85
D1_seattle_tacoma_port_capacity_50pct_084,D1,seattle_tacoma_port_capacity_50pct,min_delivery_time,20260915,26772109.384655178,615.6406286172274,748.8,748.8,637.2958337142875,84
D1_uswc_compound_50pct_delay_120h_001,D1,uswc_compound_50pct_delay_120h,min_cost,20260919,33483711.809694815,730.5681895973376,816.0,816.0,35041.33662238221,67
D1_uswc_compound_50pct_delay_120h_002,D1,uswc_compound_50pct_delay_120h,,20260919,33521763.65561166,730.371123311126,816.0,816.0,35286.32145685594,66
D1_uswc_compound_50pct_delay_120h_003,D1,uswc_compound_50pct_delay_120h,,20260919,33525902.518509015,730.3180612662015,816.0,816.0,35189.03564568657,65
D1_uswc_compound_50pct_delay_120h_004,D1,uswc_compound_50pct_delay_120h,,20260919,33541715.37219477,730.1220970230213,816.0,816.0,35095.541199904525,68
D1_uswc_compound_50pct_delay_120h_005,D1,uswc_compound_50pct_delay_120h,,20260919,33541796.839467213,729.9420307796221,816.0,816.0,34885.85880558332,69
D1_uswc_compound_50pct_delay_120h_006,D1,uswc_compound_50pct_delay_120h,,20260919,33599172.7048417,729.9189306194028,816.0,816.0,35364.749266737694,68
D1_uswc_compound_50pct_delay_120h_007,D1,uswc_compound_50pct_delay_120h,,20260919,33605185.083769806,729.810330751229,816.0,816.0,35208.1446630799,68
D1_uswc_compound_50pct_delay_120h_008,D1,uswc_compound_50pct_delay_120h,,20260919,33671672.85724151,729.7909546699639,816.0,816.0,35470.29586977976,68
D1_uswc_compound_50pct_delay_120h_009,D1,uswc_compound_50pct_delay_120h,balanced,20260919,33671884.15443209,729.784704209731,816.0,816.0,35806.139031828076,69
D1_uswc_compound_50pct_delay_120h_010,D1,uswc_compound_50pct_delay_120h,,20260926,34387452.619397536,729.6530279064089,816.0,816.0,40127.63639703474,72
D1_uswc_compound_50pct_delay_120h_011,D1,uswc_compound_50pct_delay_120h,,20260935,34544398.48544632,729.5075494611411,816.0,816.0,40355.07880743257,75
D1_uswc_compound_50pct_delay_120h_012,D1,uswc_compound_50pct_delay_120h,,20260928,34708135.07019053,729.3944667770301,816.0,816.0,41854.46642485613,80
D1_uswc_compound_50pct_delay_120h_013,D1,uswc_compound_50pct_delay_120h,,20260928,34852197.78130937,729.3499447153807,816.0,816.0,42772.523840020374,81
D1_uswc_compound_50pct_delay_120h_014,D1,uswc_compound_50pct_delay_120h,,20260916,34896429.444976896,729.3499233806967,760.0,760.0,43006.04162773781,66
D1_uswc_compound_50pct_delay_120h_015,D1,uswc_compound_50pct_delay_120h,,20260916,34898335.31902029,729.3226346399099,760.0,760.0,43003.464908047674,66
D1_uswc_compound_50pct_delay_120h_016,D1,uswc_compound_50pct_delay_120h,,20260916,34900463.27664426,729.2831409297937,760.0,760.0,42977.19623091984,65
D1_uswc_compound_50pct_delay_120h_017,D1,uswc_compound_50pct_delay_120h,,20260916,34910257.28693447,729.2794098663717,760.0,760.0,42950.59183387708,65
D1_uswc_compound_50pct_delay_120h_018,D1,uswc_compound_50pct_delay_120h,,20260916,34927528.48837199,729.2261207702193,760.0,760.0,43101.30083888227,64
D1_uswc_compound_50pct_delay_120h_019,D1,uswc_compound_50pct_delay_120h,,20260916,34963182.2409101,729.1992312267142,760.0,760.0,43469.55978205005,66
D1_uswc_compound_50pct_delay_120h_020,D1,uswc_compound_50pct_delay_120h,,20260916,34966898.40843785,729.1038159960406,760.0,760.0,42999.040477845614,64
D1_uswc_compound_50pct_delay_120h_021,D1,uswc_compound_50pct_delay_120h,min_delivery_time,20260916,34983770.55439072,729.0373706699734,760.0,760.0,43186.115727816345,68
D1_uswc_departure_delay_120h_001,D1,uswc_departure_delay_120h,min_cost,20260919,33483711.809694815,730.5681895973376,816.0,816.0,35041.33662238221,67
D1_uswc_departure_delay_120h_002,D1,uswc_departure_delay_120h,,20260919,33521763.65561166,730.371123311126,816.0,816.0,35286.32145685594,66
D1_uswc_departure_delay_120h_003,D1,uswc_departure_delay_120h,,20260919,33525902.518509015,730.3180612662015,816.0,816.0,35189.03564568657,65
D1_uswc_departure_delay_120h_004,D1,uswc_departure_delay_120h,,20260919,33541715.37219477,730.1220970230213,816.0,816.0,35095.541199904525,68
D1_uswc_departure_delay_120h_005,D1,uswc_departure_delay_120h,,20260919,33541796.839467213,729.9420307796221,816.0,816.0,34885.85880558332,69
D1_uswc_departure_delay_120h_006,D1,uswc_departure_delay_120h,,20260919,33599172.7048417,729.9189306194028,816.0,816.0,35364.749266737694,68
D1_uswc_departure_delay_120h_007,D1,uswc_departure_delay_120h,,20260919,33605185.083769806,729.810330751229,816.0,816.0,35208.1446630799,68
D1_uswc_departure_delay_120h_008,D1,uswc_departure_delay_120h,,20260919,33671672.85724151,729.7909546699639,816.0,816.0,35470.29586977976,68
D1_uswc_departure_delay_120h_009,D1,uswc_departure_delay_120h,balanced,20260919,33671884.15443209,729.784704209731,816.0,816.0,35806.139031828076,69
D1_uswc_departure_delay_120h_010,D1,uswc_departure_delay_120h,,20260926,34387452.619397536,729.6530279064089,816.0,816.0,40127.63639703474,72
D1_uswc_departure_delay_120h_011,D1,uswc_departure_delay_120h,,20260935,34544398.48544632,729.5075494611411,816.0,816.0,40355.07880743257,75
D1_uswc_departure_delay_120h_012,D1,uswc_departure_delay_120h,,20260928,34708135.07019053,729.3944667770301,816.0,816.0,41854.46642485613,80
D1_uswc_departure_delay_120h_013,D1,uswc_departure_delay_120h,,20260928,34852197.78130937,729.3499447153807,816.0,816.0,42772.523840020374,81
D1_uswc_departure_delay_120h_014,D1,uswc_departure_delay_120h,,20260916,34896429.444976896,729.3499233806967,760.0,760.0,43006.04162773781,66
D1_uswc_departure_delay_120h_015,D1,uswc_departure_delay_120h,,20260916,34898335.31902029,729.3226346399099,760.0,760.0,43003.464908047674,66
D1_uswc_departure_delay_120h_016,D1,uswc_departure_delay_120h,,20260916,34900463.27664426,729.2831409297937,760.0,760.0,42977.19623091984,65
D1_uswc_departure_delay_120h_017,D1,uswc_departure_delay_120h,,20260916,34910257.28693447,729.2794098663717,760.0,760.0,42950.59183387708,65
D1_uswc_departure_delay_120h_018,D1,uswc_departure_delay_120h,,20260916,34927528.48837199,729.2261207702193,760.0,760.0,43101.30083888227,64
D1_uswc_departure_delay_120h_019,D1,uswc_departure_delay_120h,,20260916,34963182.2409101,729.1992312267142,760.0,760.0,43469.55978205005,66
D1_uswc_departure_delay_120h_020,D1,uswc_departure_delay_120h,,20260916,34966898.40843785,729.1038159960406,760.0,760.0,42999.040477845614,64
D1_uswc_departure_delay_120h_021,D1,uswc_departure_delay_120h,min_delivery_time,20260916,34983770.55439072,729.0373706699734,760.0,760.0,43186.115727816345,68
D1_uswc_departure_delay_168h_001,D1,uswc_departure_delay_168h,min_cost,20260922,43838008.709175274,773.4362101839644,793.6,793.6,109484.13873822625,67
D1_uswc_departure_delay_168h_002,D1,uswc_departure_delay_168h,balanced,20260922,43839247.676998325,772.4588975384577,793.6,793.6,107845.73121435287,69
D1_uswc_departure_delay_168h_003,D1,uswc_departure_delay_168h,,20260926,43920359.41950296,772.3682833668538,793.6,793.6,108272.34523050714,70
D1_uswc_departure_delay_168h_004,D1,uswc_departure_delay_168h,,20260926,43929608.650971,772.3441013823979,793.6,793.6,108293.66621018287,71
D1_uswc_departure_delay_168h_005,D1,uswc_departure_delay_168h,,20260926,43975225.02248672,772.3242327561844,793.6,793.6,108367.5876889956,73
D1_uswc_departure_delay_168h_006,D1,uswc_departure_delay_168h,min_delivery_time,20260907,44134143.63202078,772.3214864973327,793.6,793.6,109023.86576579837,81
D1_uswc_departure_delay_96h_001,D1,uswc_departure_delay_96h,min_cost,20260921,29756610.416316744,705.9821186121427,816.0,816.0,14474.84844575989,75
D1_uswc_departure_delay_96h_002,D1,uswc_departure_delay_96h,,20260921,29817352.36298414,705.7324507239932,816.0,816.0,14173.831485165656,75
D1_uswc_departure_delay_96h_003,D1,uswc_departure_delay_96h,,20260921,29864418.597093575,705.267855090387,816.0,816.0,14167.732747464783,72
D1_uswc_departure_delay_96h_004,D1,uswc_departure_delay_96h,,20260921,29925454.53703694,705.103248759007,816.0,816.0,14178.286671441541,76
D1_uswc_departure_delay_96h_005,D1,uswc_departure_delay_96h,,20260921,29971376.680163577,704.9695849768417,816.0,816.0,14659.59510301776,74
D1_uswc_departure_delay_96h_006,D1,uswc_departure_delay_96h,,20260921,29983507.867779765,704.9279131522486,816.0,816.0,14760.077415437368,75
D1_uswc_departure_delay_96h_007,D1,uswc_departure_delay_96h,,20260921,29993560.8411447,704.4949704873029,816.0,816.0,14307.932226913403,72
D1_uswc_departure_delay_96h_008,D1,uswc_departure_delay_96h,,20260921,29997246.600127164,704.419668664886,726.4,726.4,14791.378056924963,69
D1_uswc_departure_delay_96h_009,D1,uswc_departure_delay_96h,,20260921,30072905.873407304,704.2587874800732,726.4,726.4,15078.7736837574,71
D1_uswc_departure_delay_96h_010,D1,uswc_departure_delay_96h,,20260921,30078405.571134277,703.9688532500286,726.4,726.4,14757.965171099495,70
D1_uswc_departure_delay_96h_011,D1,uswc_departure_delay_96h,,20260921,30092355.66011196,703.9651119162799,816.0,816.0,14518.837479992797,72
D1_uswc_departure_delay_96h_012,D1,uswc_departure_delay_96h,balanced,20260921,30093287.223124947,703.2080461918492,726.4,726.4,13948.032027461748,72
D1_uswc_departure_delay_96h_013,D1,uswc_departure_delay_96h,,20260921,30229633.756143946,702.9451490357986,726.4,726.4,14509.430151234274,73
D1_uswc_departure_delay_96h_014,D1,uswc_departure_delay_96h,,20260921,30320003.000626124,702.9346741303027,816.0,816.0,14129.465592454546,73
D1_uswc_departure_delay_96h_015,D1,uswc_departure_delay_96h,,20260907,30592428.647805657,702.8482832438597,726.4,726.4,15997.772674847494,71
D1_uswc_departure_delay_96h_016,D1,uswc_departure_delay_96h,,20260919,30639060.830391344,702.7421911835919,816.0,816.0,15312.932573323715,71
D1_uswc_departure_delay_96h_017,D1,uswc_departure_delay_96h,min_delivery_time,20260907,30658642.65706111,702.4086372904892,726.4,726.4,15891.83581361768,69
D1_uswc_port_capacity_60pct_001,D1,uswc_port_capacity_60pct,min_cost,20260906,24842445.19812098,660.4667559181308,748.8,748.8,3447.639452293473,84
D1_uswc_port_capacity_60pct_002,D1,uswc_port_capacity_60pct,,20260906,24848650.87177561,660.0019607945736,748.8,748.8,3195.984157543646,80
D1_uswc_port_capacity_60pct_003,D1,uswc_port_capacity_60pct,,20260906,24883568.201326527,658.6343352527729,748.8,748.8,3031.3392750231387,81
D1_uswc_port_capacity_60pct_004,D1,uswc_port_capacity_60pct,,20260906,24888497.304555107,653.2299622158317,748.8,748.8,2410.918651253123,81
D1_uswc_port_capacity_60pct_005,D1,uswc_port_capacity_60pct,,20260906,24952312.852573715,653.0169489543077,748.8,748.8,2522.1870245361483,82
D1_uswc_port_capacity_60pct_006,D1,uswc_port_capacity_60pct,,20260906,24988661.712288722,651.8252915182069,748.8,748.8,2571.3402814603764,82
D1_uswc_port_capacity_60pct_007,D1,uswc_port_capacity_60pct,,20260933,24991747.13976925,645.9965684636559,748.8,748.8,693.77073724999,79
D1_uswc_port_capacity_60pct_008,D1,uswc_port_capacity_60pct,,20260933,25028287.21622129,644.8335193741771,748.8,748.8,508.76588975714856,78
D1_uswc_port_capacity_60pct_009,D1,uswc_port_capacity_60pct,,20260912,25048873.27515599,644.8199169996886,748.8,748.8,986.2223045135127,78
D1_uswc_port_capacity_60pct_010,D1,uswc_port_capacity_60pct,,20260933,25083990.32470401,643.53200471711,748.8,748.8,509.27433729817085,79
D1_uswc_port_capacity_60pct_011,D1,uswc_port_capacity_60pct,,20260933,25097046.095145185,643.1089820687554,748.8,748.8,507.0132455549981,78
D1_uswc_port_capacity_60pct_012,D1,uswc_port_capacity_60pct,,20260933,25115504.399038486,643.1049599181868,748.8,748.8,516.8828446446406,79
D1_uswc_port_capacity_60pct_013,D1,uswc_port_capacity_60pct,,20260933,25122852.1438238,642.6989135800104,748.8,748.8,553.104045023543,80
D1_uswc_port_capacity_60pct_014,D1,uswc_port_capacity_60pct,,20260933,25181676.080055457,641.7998359065786,748.8,748.8,508.03556717283914,80
D1_uswc_port_capacity_60pct_015,D1,uswc_port_capacity_60pct,,20260933,25200990.850776207,640.8212308274399,748.8,748.8,503.6160201798242,79
D1_uswc_port_capacity_60pct_016,D1,uswc_port_capacity_60pct,,20260933,25218340.42516321,640.2825532441235,748.8,748.8,628.3337033955274,78
D1_uswc_port_capacity_60pct_017,D1,uswc_port_capacity_60pct,,20260933,25242397.456667326,640.063866298762,748.8,748.8,623.3975553070135,79
D1_uswc_port_capacity_60pct_018,D1,uswc_port_capacity_60pct,,20260933,25290938.938284744,639.5695969190527,748.8,748.8,495.54649668552037,79
D1_uswc_port_capacity_60pct_019,D1,uswc_port_capacity_60pct,,20260933,25291869.073707063,639.1911830506035,748.8,748.8,432.2449765284538,79
D1_uswc_port_capacity_60pct_020,D1,uswc_port_capacity_60pct,,20260912,25301104.914711636,639.0758082369748,748.8,748.8,1110.967766388799,76
D1_uswc_port_capacity_60pct_021,D1,uswc_port_capacity_60pct,,20260912,25309246.949847087,639.0692739689953,748.8,748.8,1107.8488202621297,77
D1_uswc_port_capacity_60pct_022,D1,uswc_port_capacity_60pct,,20260933,25329383.449443374,638.359185499587,748.8,748.8,493.3848608165807,78
D1_uswc_port_capacity_60pct_023,D1,uswc_port_capacity_60pct,,20260933,25341866.87954392,638.1530404056388,748.8,748.8,530.1844273874055,76
D1_uswc_port_capacity_60pct_024,D1,uswc_port_capacity_60pct,,20260933,25360507.822598338,637.8054151973942,748.8,748.8,492.0644523453856,79
D1_uswc_port_capacity_60pct_025,D1,uswc_port_capacity_60pct,,20260933,25375356.673603307,637.6064133311,748.8,748.8,258.36421555233585,81
D1_uswc_port_capacity_60pct_026,D1,uswc_port_capacity_60pct,,20260934,25376881.602475684,637.3258004788631,748.8,748.8,698.9805487185455,74
D1_uswc_port_capacity_60pct_027,D1,uswc_port_capacity_60pct,,20260933,25377304.751914307,637.2860434339077,748.8,748.8,270.1369605873894,81
D1_uswc_port_capacity_60pct_028,D1,uswc_port_capacity_60pct,,20260933,25402836.942218564,637.1271309371087,748.8,748.8,493.3848608165807,79
D1_uswc_port_capacity_60pct_029,D1,uswc_port_capacity_60pct,,20260907,25404640.826952104,636.6483152228741,748.8,748.8,0.0,77
D1_uswc_port_capacity_60pct_030,D1,uswc_port_capacity_60pct,,20260907,25443269.475482233,636.4097575162091,748.8,748.8,0.0,76
D1_uswc_port_capacity_60pct_031,D1,uswc_port_capacity_60pct,,20260933,25448806.5623939,636.0540995663524,748.8,748.8,674.4861244102925,82
D1_uswc_port_capacity_60pct_032,D1,uswc_port_capacity_60pct,,20260907,25469214.390764765,635.7549496249206,748.8,748.8,12.429954527262984,80
D1_uswc_port_capacity_60pct_033,D1,uswc_port_capacity_60pct,,20260907,25480803.814207222,635.1906177444631,748.8,748.8,12.32268086811446,80
D1_uswc_port_capacity_60pct_034,D1,uswc_port_capacity_60pct,,20260907,25484461.21550167,635.131523678752,748.8,748.8,12.30758012531555,80
D1_uswc_port_capacity_60pct_035,D1,uswc_port_capacity_60pct,,20260933,25512843.122262914,634.6950923627983,748.8,748.8,369.7691255639154,83
D1_uswc_port_capacity_60pct_036,D1,uswc_port_capacity_60pct,,20260933,25524141.43687709,634.4716657631193,748.8,748.8,265.18028757887436,81
D1_uswc_port_capacity_60pct_037,D1,uswc_port_capacity_60pct,balanced,20260916,25525930.332462247,633.8656688513087,748.8,748.8,636.5682722501158,84
D1_uswc_port_capacity_60pct_038,D1,uswc_port_capacity_60pct,,20260916,25562225.59781579,633.5803254277316,748.8,748.8,629.9357418277993,85
D1_uswc_port_capacity_60pct_039,D1,uswc_port_capacity_60pct,,20260907,25584546.941208784,633.433237546549,748.8,748.8,0.0,80
D1_uswc_port_capacity_60pct_040,D1,uswc_port_capacity_60pct,,20260907,25592031.85270877,633.1357233388409,748.8,748.8,19.130006353658725,80
D1_uswc_port_capacity_60pct_041,D1,uswc_port_capacity_60pct,,20260907,25616257.10565553,632.9284765427464,748.8,748.8,62.884247973768254,83
D1_uswc_port_capacity_60pct_042,D1,uswc_port_capacity_60pct,,20260907,25635457.46491291,632.7589286081562,748.8,748.8,80.15828000685238,84
D1_uswc_port_capacity_60pct_043,D1,uswc_port_capacity_60pct,,20260907,25666556.1335975,632.5057253269708,748.8,748.8,19.037827279798663,82
D1_uswc_port_capacity_60pct_044,D1,uswc_port_capacity_60pct,,20260927,25674032.7285975,632.493006855551,748.8,748.8,529.318173977776,78
D1_uswc_port_capacity_60pct_045,D1,uswc_port_capacity_60pct,,20260927,25682740.987389944,631.9167118358562,748.8,748.8,534.2022285120098,79
D1_uswc_port_capacity_60pct_046,D1,uswc_port_capacity_60pct,,20260933,25715036.984856106,631.8357452913491,748.8,748.8,259.1472106491914,85
D1_uswc_port_capacity_60pct_047,D1,uswc_port_capacity_60pct,,20260927,25758042.6122075,631.5272698646252,715.2,715.2,948.4178373627452,81
D1_uswc_port_capacity_60pct_048,D1,uswc_port_capacity_60pct,,20260927,25800068.060502864,631.2270269228377,748.8,748.8,871.5361071465351,81
D1_uswc_port_capacity_60pct_049,D1,uswc_port_capacity_60pct,,20260907,25812612.343015444,631.186228434653,748.8,748.8,399.4952985959451,82
D1_uswc_port_capacity_60pct_050,D1,uswc_port_capacity_60pct,,20260927,25865345.449273285,631.0002529222829,715.2,715.2,1177.701248893236,79
D1_uswc_port_capacity_60pct_051,D1,uswc_port_capacity_60pct,,20260927,25922369.317858078,630.9737470083256,748.8,748.8,739.5038565799814,81
D1_uswc_port_capacity_60pct_052,D1,uswc_port_capacity_60pct,,20260907,25934130.095476545,630.8273056582154,748.8,748.8,17.110663704221146,86
D1_uswc_port_capacity_60pct_053,D1,uswc_port_capacity_60pct,,20260907,25970565.96909262,630.7084000063626,748.8,748.8,0.0,86
D1_uswc_port_capacity_60pct_054,D1,uswc_port_capacity_60pct,,20260907,25982153.398926117,630.2107268137667,715.2,715.2,18.11121625084136,84
D1_uswc_port_capacity_60pct_055,D1,uswc_port_capacity_60pct,,20260907,26084913.59006167,630.1628258336882,748.8,748.8,267.7180433327345,85
D1_uswc_port_capacity_60pct_056,D1,uswc_port_capacity_60pct,,20260907,26085855.686938513,629.7941506233988,715.2,715.2,328.7347306808765,86
D1_uswc_port_capacity_60pct_057,D1,uswc_port_capacity_60pct,,20260907,26208852.973372478,629.3918381784628,715.2,715.2,328.7347306808765,86
D1_uswc_port_capacity_60pct_058,D1,uswc_port_capacity_60pct,,20260907,26223118.294461194,629.2416939364463,715.2,715.2,264.1611243592024,88
D1_uswc_port_capacity_60pct_059,D1,uswc_port_capacity_60pct,,20260907,26416066.68262373,629.0179295645347,748.8,748.8,486.69228257567653,83
D1_uswc_port_capacity_60pct_060,D1,uswc_port_capacity_60pct,,20260907,26417651.254957624,628.9480922526515,748.8,748.8,570.678409041908,81
D1_uswc_port_capacity_60pct_061,D1,uswc_port_capacity_60pct,,20260907,26437142.357669055,628.5321042579693,748.8,748.8,162.06112887428245,87
D1_uswc_port_capacity_60pct_062,D1,uswc_port_capacity_60pct,,20260907,26565623.819685135,628.4716537347729,748.8,748.8,813.8487051390392,80
D1_uswc_port_capacity_60pct_063,D1,uswc_port_capacity_60pct,,20260907,26590218.398032457,628.2200300395931,748.8,748.8,790.8595531127228,83
D1_uswc_port_capacity_60pct_064,D1,uswc_port_capacity_60pct,,20260907,26740655.41888917,628.042684267543,748.8,748.8,1424.19164990312,79
D1_uswc_port_capacity_60pct_065,D1,uswc_port_capacity_60pct,,20260907,26743996.148275495,628.0289892758324,748.8,748.8,1424.19164990312,79
D1_uswc_port_capacity_60pct_066,D1,uswc_port_capacity_60pct,,20260907,26824136.080369752,627.7388736229985,748.8,748.8,1425.7591006456832,80
D1_uswc_port_capacity_60pct_067,D1,uswc_port_capacity_60pct,min_delivery_time,20260907,26941123.052318335,627.3781517710765,748.8,748.8,1436.518114933069,84
D1_uswc_port_capacity_65pct_001,D1,uswc_port_capacity_65pct,min_cost,20260906,24842445.19812098,660.4667559181308,748.8,748.8,3447.639452293473,84
D1_uswc_port_capacity_65pct_002,D1,uswc_port_capacity_65pct,,20260906,24848650.87177561,660.0019607945736,748.8,748.8,3195.984157543646,80
D1_uswc_port_capacity_65pct_003,D1,uswc_port_capacity_65pct,,20260906,24883568.201326527,658.6343352527729,748.8,748.8,3031.3392750231387,81
D1_uswc_port_capacity_65pct_004,D1,uswc_port_capacity_65pct,,20260906,24888497.304555107,653.2299622158317,748.8,748.8,2410.918651253123,81
D1_uswc_port_capacity_65pct_005,D1,uswc_port_capacity_65pct,,20260906,24952312.852573715,653.0169489543077,748.8,748.8,2522.1870245361483,82
D1_uswc_port_capacity_65pct_006,D1,uswc_port_capacity_65pct,,20260906,24988661.712288722,651.8252915182069,748.8,748.8,2571.3402814603764,82
D1_uswc_port_capacity_65pct_007,D1,uswc_port_capacity_65pct,,20260906,25015801.614312228,651.7410650440858,748.8,748.8,2314.6899427662643,83
D1_uswc_port_capacity_65pct_008,D1,uswc_port_capacity_65pct,,20260906,25027305.75699999,648.6471827837831,748.8,748.8,1885.1303826520066,82
D1_uswc_port_capacity_65pct_009,D1,uswc_port_capacity_65pct,,20260906,25048405.284625843,647.9674761935964,748.8,748.8,1621.2231466896915,81
D1_uswc_port_capacity_65pct_010,D1,uswc_port_capacity_65pct,,20260906,25145924.420690563,647.4400488001354,748.8,748.8,2250.5025338607297,83
D1_uswc_port_capacity_65pct_011,D1,uswc_port_capacity_65pct,,20260906,25150426.31195558,646.7272102563984,748.8,748.8,2056.380881729024,84
D1_uswc_port_capacity_65pct_012,D1,uswc_port_capacity_65pct,,20260906,25154848.34343224,646.6180078702163,748.8,748.8,2109.5809464164067,82
D1_uswc_port_capacity_65pct_013,D1,uswc_port_capacity_65pct,,20260933,25177392.60003796,645.9118055369357,748.8,748.8,1050.554768631837,86
D1_uswc_port_capacity_65pct_014,D1,uswc_port_capacity_65pct,,20260923,25183901.81765151,644.1530559632971,748.8,748.8,1092.2041794689367,90
D1_uswc_port_capacity_65pct_015,D1,uswc_port_capacity_65pct,,20260923,25195300.396754384,644.1155008779716,748.8,748.8,1149.4124496892587,90
D1_uswc_port_capacity_65pct_016,D1,uswc_port_capacity_65pct,,20260933,25213844.15011067,643.8694508795252,748.8,748.8,1002.5291500635353,85
D1_uswc_port_capacity_65pct_017,D1,uswc_port_capacity_65pct,,20260932,25221481.169953357,642.4337207184383,748.8,748.8,1145.6364887855073,85
D1_uswc_port_capacity_65pct_018,D1,uswc_port_capacity_65pct,,20260912,25245563.86645435,640.9869864564172,748.8,748.8,647.5621327081191,79
D1_uswc_port_capacity_65pct_019,D1,uswc_port_capacity_65pct,,20260912,25296118.36958161,638.6596958843554,748.8,748.8,629.0955467881668,79
D1_uswc_port_capacity_65pct_020,D1,uswc_port_capacity_65pct,,20260932,25313310.103698507,638.1804410406907,748.8,748.8,117.88093471774873,77
D1_uswc_port_capacity_65pct_021,D1,uswc_port_capacity_65pct,,20260912,25373170.16865519,637.603351320569,748.8,748.8,643.3779074498354,84
D1_uswc_port_capacity_65pct_022,D1,uswc_port_capacity_65pct,,20260932,25381113.971172906,637.462174937037,748.8,748.8,141.54361200839463,83
D1_uswc_port_capacity_65pct_023,D1,uswc_port_capacity_65pct,,20260932,25412277.976145215,637.3194423787354,748.8,748.8,394.5674052745754,84
D1_uswc_port_capacity_65pct_024,D1,uswc_port_capacity_65pct,,20260912,25412396.694947865,637.3121527390931,748.8,748.8,641.9819066165198,78
D1_uswc_port_capacity_65pct_025,D1,uswc_port_capacity_65pct,balanced,20260932,25412552.53586355,636.2742574455212,748.8,748.8,176.23451303031462,82
D1_uswc_port_capacity_65pct_026,D1,uswc_port_capacity_65pct,,20260912,25477489.42523127,636.0770864938119,748.8,748.8,640.9985114193873,81
D1_uswc_port_capacity_65pct_027,D1,uswc_port_capacity_65pct,,20260932,25487990.91266626,635.4987189178859,748.8,748.8,197.91791208106352,83
D1_uswc_port_capacity_65pct_028,D1,uswc_port_capacity_65pct,,20260912,25511794.069225244,635.385771678844,748.8,748.8,634.4775226621615,81
D1_uswc_port_capacity_65pct_029,D1,uswc_port_capacity_65pct,,20260912,25512405.61914239,635.1958254120451,748.8,748.8,623.9400340790708,80
D1_uswc_port_capacity_65pct_030,D1,uswc_port_capacity_65pct,,20260912,25520009.66088834,635.0912322279218,748.8,748.8,632.9386519997652,79
D1_uswc_port_capacity_65pct_031,D1,uswc_port_capacity_65pct,,20260910,25521968.794384547,635.0789855482134,748.8,748.8,394.646433706629,87
D1_uswc_port_capacity_65pct_032,D1,uswc_port_capacity_65pct,,20260912,25530175.039977346,634.3162187577074,748.8,748.8,628.861852165968,76
D1_uswc_port_capacity_65pct_033,D1,uswc_port_capacity_65pct,,20260912,25534679.101430047,634.2467667372729,748.8,748.8,626.8700707862739,80
D1_uswc_port_capacity_65pct_034,D1,uswc_port_capacity_65pct,,20260932,25571105.24786311,634.0019876096361,748.8,748.8,262.6491404914599,78
D1_uswc_port_capacity_65pct_035,D1,uswc_port_capacity_65pct,,20260932,25588168.39353081,633.7394485510819,748.8,748.8,266.4431333243981,80
D1_uswc_port_capacity_65pct_036,D1,uswc_port_capacity_65pct,,20260912,25589599.156443063,633.6585786905,748.8,748.8,794.9222331757463,80
D1_uswc_port_capacity_65pct_037,D1,uswc_port_capacity_65pct,,20260910,25603710.112623878,633.3295496895223,748.8,748.8,327.03472959489363,85
D1_uswc_port_capacity_65pct_038,D1,uswc_port_capacity_65pct,,20260910,25609458.426372945,633.3043999255896,748.8,748.8,327.0347295948936,86
D1_uswc_port_capacity_65pct_039,D1,uswc_port_capacity_65pct,,20260932,25630303.21725872,633.1538114376112,748.8,748.8,186.47245621271702,80
D1_uswc_port_capacity_65pct_040,D1,uswc_port_capacity_65pct,,20260912,25632437.050621632,633.1062400407546,748.8,748.8,635.4117575712714,81
D1_uswc_port_capacity_65pct_041,D1,uswc_port_capacity_65pct,,20260912,25637883.522405136,632.4363962140179,748.8,748.8,623.2739588250151,76
D1_uswc_port_capacity_65pct_042,D1,uswc_port_capacity_65pct,,20260910,25653086.597225145,632.1576047747174,748.8,748.8,325.91400433022136,85
D1_uswc_port_capacity_65pct_043,D1,uswc_port_capacity_65pct,,20260910,25675718.849439524,632.0879862754182,748.8,748.8,413.413136038198,88
D1_uswc_port_capacity_65pct_044,D1,uswc_port_capacity_65pct,,20260912,25690957.30946771,631.1828970683052,748.8,748.8,624.865478142476,80
D1_uswc_port_capacity_65pct_045,D1,uswc_port_capacity_65pct,,20260912,25702106.96553333,631.1226613497582,748.8,748.8,610.541446922962,80
D1_uswc_port_capacity_65pct_046,D1,uswc_port_capacity_65pct,,20260932,25721284.12020118,630.8132637265082,748.8,748.8,164.14961133980663,77
D1_uswc_port_capacity_65pct_047,D1,uswc_port_capacity_65pct,,20260912,25742052.779472794,630.2527356495924,748.8,748.8,622.0319982465378,74
D1_uswc_port_capacity_65pct_048,D1,uswc_port_capacity_65pct,,20260910,25778400.4759254,630.2508449581501,748.8,748.8,303.08546448992655,85
D1_uswc_port_capacity_65pct_049,D1,uswc_port_capacity_65pct,,20260912,25781620.233055748,630.1124616298766,748.8,748.8,634.8962519790384,78
D1_uswc_port_capacity_65pct_050,D1,uswc_port_capacity_65pct,,20260932,25782069.58653237,629.0165537528575,748.8,748.8,0.0,77
D1_uswc_port_capacity_65pct_051,D1,uswc_port_capacity_65pct,,20260932,25784411.552524347,628.929771282216,748.8,748.8,0.0,76
D1_uswc_port_capacity_65pct_052,D1,uswc_port_capacity_65pct,,20260919,25840965.873912174,628.9032682672056,748.8,748.8,219.9124726596813,82
D1_uswc_port_capacity_65pct_053,D1,uswc_port_capacity_65pct,,20260932,25850159.04732197,628.6040771836915,748.8,748.8,140.12892381610337,78
D1_uswc_port_capacity_65pct_054,D1,uswc_port_capacity_65pct,,20260927,25874523.312749244,627.7748981606636,748.8,748.8,382.81893080084325,82
D1_uswc_port_capacity_65pct_055,D1,uswc_port_capacity_65pct,,20260912,25887881.881216742,627.5799754051783,748.8,748.8,381.4541682825815,76
D1_uswc_port_capacity_65pct_056,D1,uswc_port_capacity_65pct,,20260910,25922181.95602205,627.4141914115143,748.8,748.8,366.5342519019539,86
D1_uswc_port_capacity_65pct_057,D1,uswc_port_capacity_65pct,,20260919,25951189.336563617,627.2972012656672,748.8,748.8,223.12412568994162,81
D1_uswc_port_capacity_65pct_058,D1,uswc_port_capacity_65pct,,20260910,25960866.49781286,626.6386531203631,748.8,748.8,324.20596121246757,84
D1_uswc_port_capacity_65pct_059,D1,uswc_port_capacity_65pct,,20260927,25966712.930857,626.4500721604938,748.8,748.8,456.8035662156515,82
D1_uswc_port_capacity_65pct_060,D1,uswc_port_capacity_65pct,,20260932,25978071.889775064,626.0830615249329,748.8,748.8,154.54219101935377,77
D1_uswc_port_capacity_65pct_061,D1,uswc_port_capacity_65pct,,20260910,25990801.67698908,626.023048413668,748.8,748.8,410.8353339510673,88
D1_uswc_port_capacity_65pct_062,D1,uswc_port_capacity_65pct,,20260919,26019223.852726024,626.0154148949497,748.8,748.8,378.9296787395105,84
D1_uswc_port_capacity_65pct_063,D1,uswc_port_capacity_65pct,,20260927,26030883.03599652,625.8666923794202,715.2,715.2,383.11205664161366,80
D1_uswc_port_capacity_65pct_064,D1,uswc_port_capacity_65pct,,20260919,26038215.033446256,625.3269231988893,748.8,748.8,223.98887019828086,84
D1_uswc_port_capacity_65pct_065,D1,uswc_port_capacity_65pct,,20260927,26041528.754809827,625.1327766265262,715.2,715.2,381.33792414793317,77
D1_uswc_port_capacity_65pct_066,D1,uswc_port_capacity_65pct,,20260919,26069689.0382716,624.8287036472244,748.8,748.8,216.6316102740479,82
D1_uswc_port_capacity_65pct_067,D1,uswc_port_capacity_65pct,,20260919,26089934.44826299,624.2755583892239,748.8,748.8,225.72576557648392,82
D1_uswc_port_capacity_65pct_068,D1,uswc_port_capacity_65pct,,20260919,26128231.14377763,624.1229738562364,748.8,748.8,225.43729865305636,83
D1_uswc_port_capacity_65pct_069,D1,uswc_port_capacity_65pct,,20260919,26145274.003921166,623.9719454874798,748.8,748.8,567.4125800004975,88
D1_uswc_port_capacity_65pct_070,D1,uswc_port_capacity_65pct,,20260919,26157504.090159833,623.6973207733982,748.8,748.8,369.3259949491987,88
D1_uswc_port_capacity_65pct_071,D1,uswc_port_capacity_65pct,,20260919,26194161.41531411,623.6926126281004,748.8,748.8,191.4836068314753,82
D1_uswc_port_capacity_65pct_072,D1,uswc_port_capacity_65pct,,20260921,26222654.96911266,623.5376622901315,715.2,715.2,1028.3917619912331,78
D1_uswc_port_capacity_65pct_073,D1,uswc_port_capacity_65pct,,20260919,26228102.80663373,623.4472537071432,748.8,748.8,209.44569627540574,81
D1_uswc_port_capacity_65pct_074,D1,uswc_port_capacity_65pct,,20260919,26275446.13559823,623.3881713474731,748.8,748.8,380.1985986485154,87
D1_uswc_port_capacity_65pct_075,D1,uswc_port_capacity_65pct,,20260910,26285720.793892525,623.3642133645747,748.8,748.8,416.57142437877843,91
D1_uswc_port_capacity_65pct_076,D1,uswc_port_capacity_65pct,,20260910,26290366.048575144,623.2675500767639,748.8,748.8,415.0123057584368,90
D1_uswc_port_capacity_65pct_077,D1,uswc_port_capacity_65pct,,20260919,26304899.462862115,623.2070864915058,748.8,748.8,193.45888210307987,82
D1_uswc_port_capacity_65pct_078,D1,uswc_port_capacity_65pct,,20260919,26328508.602569595,622.6357274844844,748.8,748.8,135.96812116163844,88
D1_uswc_port_capacity_65pct_079,D1,uswc_port_capacity_65pct,,20260921,26365624.679902297,622.6342290420982,715.2,715.2,954.6706420126004,78
D1_uswc_port_capacity_65pct_080,D1,uswc_port_capacity_65pct,,20260919,26421373.163505908,622.3899122703308,748.8,748.8,393.32530911416904,84
D1_uswc_port_capacity_65pct_081,D1,uswc_port_capacity_65pct,,20260919,26487821.933424328,622.2041503731351,748.8,748.8,405.49070911945455,86
D1_uswc_port_capacity_65pct_082,D1,uswc_port_capacity_65pct,,20260919,26542378.92715992,622.1242025106611,748.8,748.8,286.0210251285703,88
D1_uswc_port_capacity_65pct_083,D1,uswc_port_capacity_65pct,,20260921,26621557.687039107,622.101325260499,748.8,748.8,1418.7138671685695,74
D1_uswc_port_capacity_65pct_084,D1,uswc_port_capacity_65pct,,20260919,26643326.362105362,621.5236945325154,748.8,748.8,332.9299738419677,89
D1_uswc_port_capacity_65pct_085,D1,uswc_port_capacity_65pct,,20260919,26658770.275879696,621.4117898033392,748.8,748.8,332.9299738419677,90
D1_uswc_port_capacity_65pct_086,D1,uswc_port_capacity_65pct,min_delivery_time,20260919,26673135.04864244,621.3652811230788,748.8,748.8,332.9299738419677,90
D1_uswc_port_capacity_70pct_001,D1,uswc_port_capacity_70pct,min_cost,20260906,24842445.19812098,660.4667559181308,748.8,748.8,3447.639452293473,84
D1_uswc_port_capacity_70pct_002,D1,uswc_port_capacity_70pct,,20260906,24848650.87177561,660.0019607945736,748.8,748.8,3195.984157543646,80
D1_uswc_port_capacity_70pct_003,D1,uswc_port_capacity_70pct,,20260906,24883568.201326527,658.6343352527729,748.8,748.8,3031.3392750231387,81
D1_uswc_port_capacity_70pct_004,D1,uswc_port_capacity_70pct,,20260906,24888497.304555107,653.2299622158317,748.8,748.8,2410.918651253123,81
D1_uswc_port_capacity_70pct_005,D1,uswc_port_capacity_70pct,,20260906,24952312.852573715,653.0169489543077,748.8,748.8,2522.1870245361483,82
D1_uswc_port_capacity_70pct_006,D1,uswc_port_capacity_70pct,,20260906,24988661.712288722,651.8252915182069,748.8,748.8,2571.3402814603764,82
D1_uswc_port_capacity_70pct_007,D1,uswc_port_capacity_70pct,,20260906,25015801.614312228,651.7410650440858,748.8,748.8,2314.6899427662643,83
D1_uswc_port_capacity_70pct_008,D1,uswc_port_capacity_70pct,,20260906,25027305.75699999,648.6471827837831,748.8,748.8,1885.1303826520066,82
D1_uswc_port_capacity_70pct_009,D1,uswc_port_capacity_70pct,,20260906,25048405.284625843,647.9674761935964,748.8,748.8,1621.2231466896915,81
D1_uswc_port_capacity_70pct_010,D1,uswc_port_capacity_70pct,,20260906,25145924.420690563,647.4400488001354,748.8,748.8,2250.5025338607297,83
D1_uswc_port_capacity_70pct_011,D1,uswc_port_capacity_70pct,,20260906,25150426.31195558,646.7272102563984,748.8,748.8,2056.380881729024,84
D1_uswc_port_capacity_70pct_012,D1,uswc_port_capacity_70pct,,20260906,25154848.34343224,646.6180078702163,748.8,748.8,2109.5809464164067,82
D1_uswc_port_capacity_70pct_013,D1,uswc_port_capacity_70pct,,20260933,25177392.60003796,645.9118055369357,748.8,748.8,1050.554768631837,86
D1_uswc_port_capacity_70pct_014,D1,uswc_port_capacity_70pct,,20260923,25183901.81765151,644.1530559632971,748.8,748.8,1092.2041794689367,90
D1_uswc_port_capacity_70pct_015,D1,uswc_port_capacity_70pct,,20260923,25195300.396754384,644.1155008779716,748.8,748.8,1149.4124496892587,90
D1_uswc_port_capacity_70pct_016,D1,uswc_port_capacity_70pct,,20260933,25213844.15011067,643.8694508795252,748.8,748.8,1002.5291500635353,85
D1_uswc_port_capacity_70pct_017,D1,uswc_port_capacity_70pct,,20260932,25221481.169953357,642.4337207184383,748.8,748.8,1145.6364887855073,85
D1_uswc_port_capacity_70pct_018,D1,uswc_port_capacity_70pct,,20260912,25245563.86645435,640.9869864564172,748.8,748.8,647.5621327081191,79
D1_uswc_port_capacity_70pct_019,D1,uswc_port_capacity_70pct,,20260912,25296118.36958161,638.6596958843554,748.8,748.8,629.0955467881668,79
D1_uswc_port_capacity_70pct_020,D1,uswc_port_capacity_70pct,,20260932,25313310.103698507,638.1804410406907,748.8,748.8,117.88093471774873,77
D1_uswc_port_capacity_70pct_021,D1,uswc_port_capacity_70pct,,20260912,25373170.16865519,637.603351320569,748.8,748.8,643.3779074498354,84
D1_uswc_port_capacity_70pct_022,D1,uswc_port_capacity_70pct,,20260932,25381113.971172906,637.462174937037,748.8,748.8,141.54361200839463,83
D1_uswc_port_capacity_70pct_023,D1,uswc_port_capacity_70pct,,20260932,25412277.976145215,637.3194423787354,748.8,748.8,394.5674052745754,84
D1_uswc_port_capacity_70pct_024,D1,uswc_port_capacity_70pct,,20260912,25412396.694947865,637.3121527390931,748.8,748.8,641.9819066165198,78
D1_uswc_port_capacity_70pct_025,D1,uswc_port_capacity_70pct,balanced,20260932,25412552.53586355,636.2742574455212,748.8,748.8,176.23451303031462,82
D1_uswc_port_capacity_70pct_026,D1,uswc_port_capacity_70pct,,20260912,25477489.42523127,636.0770864938119,748.8,748.8,640.9985114193873,81
D1_uswc_port_capacity_70pct_027,D1,uswc_port_capacity_70pct,,20260932,25487990.91266626,635.4987189178859,748.8,748.8,197.91791208106352,83
D1_uswc_port_capacity_70pct_028,D1,uswc_port_capacity_70pct,,20260912,25511794.069225244,635.385771678844,748.8,748.8,634.4775226621615,81
D1_uswc_port_capacity_70pct_029,D1,uswc_port_capacity_70pct,,20260912,25512405.61914239,635.1958254120451,748.8,748.8,623.9400340790708,80
D1_uswc_port_capacity_70pct_030,D1,uswc_port_capacity_70pct,,20260912,25520009.66088834,635.0912322279218,748.8,748.8,632.9386519997652,79
D1_uswc_port_capacity_70pct_031,D1,uswc_port_capacity_70pct,,20260912,25530175.039977346,634.3162187577074,748.8,748.8,628.861852165968,76
D1_uswc_port_capacity_70pct_032,D1,uswc_port_capacity_70pct,,20260912,25534679.101430047,634.2467667372729,748.8,748.8,626.8700707862739,80
D1_uswc_port_capacity_70pct_033,D1,uswc_port_capacity_70pct,,20260932,25571105.24786311,634.0019876096361,748.8,748.8,262.6491404914599,78
D1_uswc_port_capacity_70pct_034,D1,uswc_port_capacity_70pct,,20260932,25588168.39353081,633.7394485510819,748.8,748.8,266.4431333243981,80
D1_uswc_port_capacity_70pct_035,D1,uswc_port_capacity_70pct,,20260912,25589599.156443063,633.6585786905,748.8,748.8,794.9222331757463,80
D1_uswc_port_capacity_70pct_036,D1,uswc_port_capacity_70pct,,20260912,25606115.69696911,633.477243524744,748.8,748.8,632.6614369159272,80
D1_uswc_port_capacity_70pct_037,D1,uswc_port_capacity_70pct,,20260912,25608682.029926307,633.3881903918789,748.8,748.8,849.1924770112657,78
D1_uswc_port_capacity_70pct_038,D1,uswc_port_capacity_70pct,,20260927,25619704.380212445,633.305472433005,748.8,748.8,597.5770543912765,77
D1_uswc_port_capacity_70pct_039,D1,uswc_port_capacity_70pct,,20260932,25630303.21725872,633.1538114376112,748.8,748.8,186.47245621271702,80
D1_uswc_port_capacity_70pct_040,D1,uswc_port_capacity_70pct,,20260912,25632437.050621632,633.1062400407546,748.8,748.8,635.4117575712714,81
D1_uswc_port_capacity_70pct_041,D1,uswc_port_capacity_70pct,,20260912,25637883.522405136,632.4363962140179,748.8,748.8,623.2739588250151,76
D1_uswc_port_capacity_70pct_042,D1,uswc_port_capacity_70pct,,20260932,25663193.9963302,632.3481515333553,748.8,748.8,277.3775616095975,82
D1_uswc_port_capacity_70pct_043,D1,uswc_port_capacity_70pct,,20260932,25689245.819080215,632.1039281575665,748.8,748.8,273.55782853216755,79
D1_uswc_port_capacity_70pct_044,D1,uswc_port_capacity_70pct,,20260912,25690957.30946771,631.1828970683052,748.8,748.8,624.865478142476,80
D1_uswc_port_capacity_70pct_045,D1,uswc_port_capacity_70pct,,20260912,25702106.96553333,631.1226613497582,748.8,748.8,610.541446922962,80
D1_uswc_port_capacity_70pct_046,D1,uswc_port_capacity_70pct,,20260932,25721284.12020118,630.8132637265082,748.8,748.8,164.14961133980663,77
D1_uswc_port_capacity_70pct_047,D1,uswc_port_capacity_70pct,,20260912,25742052.779472794,630.2527356495924,748.8,748.8,622.0319982465378,74
D1_uswc_port_capacity_70pct_048,D1,uswc_port_capacity_70pct,,20260912,25781620.233055748,630.1124616298766,748.8,748.8,634.8962519790384,78
D1_uswc_port_capacity_70pct_049,D1,uswc_port_capacity_70pct,,20260932,25782069.58653237,629.0165537528575,748.8,748.8,0.0,77
D1_uswc_port_capacity_70pct_050,D1,uswc_port_capacity_70pct,,20260932,25784411.552524347,628.929771282216,748.8,748.8,0.0,76
D1_uswc_port_capacity_70pct_051,D1,uswc_port_capacity_70pct,,20260932,25850159.04732197,628.6040771836915,748.8,748.8,140.12892381610337,78
D1_uswc_port_capacity_70pct_052,D1,uswc_port_capacity_70pct,,20260927,25874523.312749244,627.7748981606636,748.8,748.8,382.81893080084325,82
D1_uswc_port_capacity_70pct_053,D1,uswc_port_capacity_70pct,,20260912,25887881.881216742,627.5799754051783,748.8,748.8,381.4541682825815,76
D1_uswc_port_capacity_70pct_054,D1,uswc_port_capacity_70pct,,20260919,25947772.611799456,627.1956124114544,748.8,748.8,329.4294572194621,80
D1_uswc_port_capacity_70pct_055,D1,uswc_port_capacity_70pct,,20260919,25960495.03648061,627.1248792493246,748.8,748.8,227.82555133674896,85
D1_uswc_port_capacity_70pct_056,D1,uswc_port_capacity_70pct,,20260919,25960787.670548104,626.3455665972414,748.8,748.8,209.00683568009944,83
D1_uswc_port_capacity_70pct_057,D1,uswc_port_capacity_70pct,,20260932,25978071.889775064,626.0830615249329,748.8,748.8,154.54219101935377,77
D1_uswc_port_capacity_70pct_058,D1,uswc_port_capacity_70pct,,20260919,26012100.002830815,625.5983008306623,748.8,748.8,230.83560377680368,81
D1_uswc_port_capacity_70pct_059,D1,uswc_port_capacity_70pct,,20260919,26035957.91802891,625.3908509426325,748.8,748.8,234.42942550193834,82
D1_uswc_port_capacity_70pct_060,D1,uswc_port_capacity_70pct,,20260927,26041528.754809827,625.1327766265262,715.2,715.2,381.33792414793317,77
D1_uswc_port_capacity_70pct_061,D1,uswc_port_capacity_70pct,,20260919,26047000.380012766,624.6409284071755,748.8,748.8,207.28093437676642,80
D1_uswc_port_capacity_70pct_062,D1,uswc_port_capacity_70pct,,20260919,26078454.04174026,624.6269236616813,748.8,748.8,231.96913225586144,82
D1_uswc_port_capacity_70pct_063,D1,uswc_port_capacity_70pct,,20260919,26088108.51695721,624.3071479515643,748.8,748.8,229.0700669268021,82
D1_uswc_port_capacity_70pct_064,D1,uswc_port_capacity_70pct,,20260919,26106149.48305315,624.1270090013602,748.8,748.8,222.16155102750287,83
D1_uswc_port_capacity_70pct_065,D1,uswc_port_capacity_70pct,,20260919,26141080.43551318,623.4929835591001,748.8,748.8,216.40131882225865,83
D1_uswc_port_capacity_70pct_066,D1,uswc_port_capacity_70pct,,20260919,26166187.815320842,622.7309224621099,748.8,748.8,207.2873065195931,81
D1_uswc_port_capacity_70pct_067,D1,uswc_port_capacity_70pct,,20260919,26181550.811070465,622.6004955759352,748.8,748.8,208.79733026117924,81
D1_uswc_port_capacity_70pct_068,D1,uswc_port_capacity_70pct,,20260919,26207714.111823913,622.1477503571793,748.8,748.8,224.37088931790157,83
D1_uswc_port_capacity_70pct_069,D1,uswc_port_capacity_70pct,,20260919,26230472.702329084,622.1421780482056,748.8,748.8,218.04751808050793,78
D1_uswc_port_capacity_70pct_070,D1,uswc_port_capacity_70pct,,20260919,26233073.149938818,621.8821146802418,748.8,748.8,206.43871352378534,80
D1_uswc_port_capacity_70pct_071,D1,uswc_port_capacity_70pct,,20260919,26286310.200127587,620.976794992271,748.8,748.8,221.4744044323843,80
D1_uswc_port_capacity_70pct_072,D1,uswc_port_capacity_70pct,,20260919,26309731.3301426,620.748467188563,748.8,748.8,203.1902583543423,80
D1_uswc_port_capacity_70pct_073,D1,uswc_port_capacity_70pct,,20260925,26389990.185705308,620.6939774268258,748.8,748.8,444.9832613435965,83
D1_uswc_port_capacity_70pct_074,D1,uswc_port_capacity_70pct,,20260925,26398415.777893074,620.4481500402061,748.8,748.8,443.84772015982867,81
D1_uswc_port_capacity_70pct_075,D1,uswc_port_capacity_70pct,,20260925,26412051.673197955,619.9291129020464,748.8,748.8,449.90933892178373,83
D1_uswc_port_capacity_70pct_076,D1,uswc_port_capacity_70pct,,20260915,26469059.059917103,619.6854423631269,748.8,748.8,1050.8468784047177,84
D1_uswc_port_capacity_70pct_077,D1,uswc_port_capacity_70pct,,20260915,26478502.06672025,619.3641697795872,748.8,748.8,831.7478634922205,85
D1_uswc_port_capacity_70pct_078,D1,uswc_port_capacity_70pct,,20260915,26530623.826993868,619.3612708983297,748.8,748.8,882.5150295804617,84
D1_uswc_port_capacity_70pct_079,D1,uswc_port_capacity_70pct,,20260915,26544322.097125288,618.1737686731917,748.8,748.8,962.9211825961575,83
D1_uswc_port_capacity_70pct_080,D1,uswc_port_capacity_70pct,,20260915,26571173.55595367,617.897496926095,748.8,748.8,876.2410922740194,81
D1_uswc_port_capacity_70pct_081,D1,uswc_port_capacity_70pct,,20260915,26591906.179263618,617.5779448683761,748.8,748.8,903.000140176814,83
D1_uswc_port_capacity_70pct_082,D1,uswc_port_capacity_70pct,,20260915,26653399.489870492,617.1121999235975,748.8,748.8,954.5660091973199,81
D1_uswc_port_capacity_70pct_083,D1,uswc_port_capacity_70pct,,20260915,26720476.696201835,616.6216548441273,748.8,748.8,684.6984355688023,85
D1_uswc_port_capacity_70pct_084,D1,uswc_port_capacity_70pct,min_delivery_time,20260915,26772109.384655178,615.6406286172274,748.8,748.8,637.2958337142875,84
D2_la_lb_departure_delay_72h_001,D2,la_lb_departure_delay_72h,min_cost,20260907,26193186.405517682,696.0394920496793,760.8,760.8,6029.816893800825,81
D2_la_lb_departure_delay_72h_002,D2,la_lb_departure_delay_72h,,20260925,26219311.11050312,693.577726725324,760.8,760.8,4919.72285512656,79
D2_la_lb_departure_delay_72h_003,D2,la_lb_departure_delay_72h,,20260925,26243401.91548724,693.0262773990654,760.8,760.8,4891.805686256137,80
D2_la_lb_departure_delay_72h_004,D2,la_lb_departure_delay_72h,,20260925,26249157.54620732,692.6297423731229,760.8,760.8,4880.8853423299915,80
D2_la_lb_departure_delay_72h_005,D2,la_lb_departure_delay_72h,,20260925,26283948.67422818,692.2842062774158,760.8,760.8,4722.4677211638045,80
D2_la_lb_departure_delay_72h_006,D2,la_lb_departure_delay_72h,,20260925,26312211.190222275,691.5924181924561,760.8,760.8,4340.434707319887,78
D2_la_lb_departure_delay_72h_007,D2,la_lb_departure_delay_72h,,20260925,26315825.864836726,690.8947146159164,760.8,760.8,4336.211159026323,78
D2_la_lb_departure_delay_72h_008,D2,la_lb_departure_delay_72h,,20260925,26362333.138037488,690.5953994398543,760.8,760.8,4457.806802999425,76
D2_la_lb_departure_delay_72h_009,D2,la_lb_departure_delay_72h,,20260925,26363583.462240033,690.5827520614243,760.8,760.8,4457.806802999425,76
D2_la_lb_departure_delay_72h_010,D2,la_lb_departure_delay_72h,,20260925,26404474.63647735,690.1346291161184,760.8,760.8,4469.874610729552,76
D2_la_lb_departure_delay_72h_011,D2,la_lb_departure_delay_72h,,20260925,26417864.459463336,689.5249134080913,760.8,760.8,3998.776245817958,77
D2_la_lb_departure_delay_72h_012,D2,la_lb_departure_delay_72h,,20260925,26429663.964803856,689.2145109606939,760.8,760.8,4266.133888825791,76
D2_la_lb_departure_delay_72h_013,D2,la_lb_departure_delay_72h,,20260925,26451777.168515734,688.1457019288432,760.8,760.8,3746.362533837805,77
D2_la_lb_departure_delay_72h_014,D2,la_lb_departure_delay_72h,,20260925,26499055.945725676,687.9872453871446,760.8,760.8,3627.688241283322,77
D2_la_lb_departure_delay_72h_015,D2,la_lb_departure_delay_72h,,20260925,26559488.160131287,687.6886669677899,760.8,760.8,3994.880726985311,78
D2_la_lb_departure_delay_72h_016,D2,la_lb_departure_delay_72h,,20260925,26576370.805258572,687.4523861956434,760.8,760.8,4092.9359304343816,76
D2_la_lb_departure_delay_72h_017,D2,la_lb_departure_delay_72h,,20260925,26589908.771924853,687.106049071068,760.8,760.8,3762.586523394288,76
D2_la_lb_departure_delay_72h_018,D2,la_lb_departure_delay_72h,,20260925,26602643.500852585,686.7192328970232,760.8,760.8,3650.6184375534453,79
D2_la_lb_departure_delay_72h_019,D2,la_lb_departure_delay_72h,,20260925,26676689.931942362,686.6517262738713,760.8,760.8,4211.12278831511,75
D2_la_lb_departure_delay_72h_020,D2,la_lb_departure_delay_72h,,20260924,26681685.752154075,686.5404518590688,760.8,760.8,3564.3731686787814,76
D2_la_lb_departure_delay_72h_021,D2,la_lb_departure_delay_72h,,20260924,26699384.92949077,685.9296995034157,760.8,760.8,3346.6518759946634,79
D2_la_lb_departure_delay_72h_022,D2,la_lb_departure_delay_72h,,20260924,26732460.624765746,685.0589716544471,760.8,760.8,3115.1737271671236,77
D2_la_lb_departure_delay_72h_023,D2,la_lb_departure_delay_72h,balanced,20260924,26797021.49303412,683.3969052667484,760.8,760.8,2476.033005833962,78
D2_la_lb_departure_delay_72h_024,D2,la_lb_departure_delay_72h,,20260924,26849200.798429526,683.3514168049978,760.8,760.8,2605.1062416428467,81
D2_la_lb_departure_delay_72h_025,D2,la_lb_departure_delay_72h,,20260924,26869105.0210783,682.4650345696159,760.8,760.8,2471.7621068272224,79
D2_la_lb_departure_delay_72h_026,D2,la_lb_departure_delay_72h,,20260924,26927012.385036178,681.7687952948083,760.8,760.8,2296.458348224449,76
D2_la_lb_departure_delay_72h_027,D2,la_lb_departure_delay_72h,,20260924,26972936.80197861,681.6393474549033,760.8,760.8,2370.490344462071,77
D2_la_lb_departure_delay_72h_028,D2,la_lb_departure_delay_72h,,20260924,27005479.658158544,681.5428484134063,760.8,760.8,2974.827152302357,77
D2_la_lb_departure_delay_72h_029,D2,la_lb_departure_delay_72h,,20260924,27013108.515479866,681.2141889735354,760.8,760.8,2810.9059180085105,77
D2_la_lb_departure_delay_72h_030,D2,la_lb_departure_delay_72h,,20260924,27016785.42879884,681.2051853176798,760.8,760.8,2412.0425451362607,72
D2_la_lb_departure_delay_72h_031,D2,la_lb_departure_delay_72h,,20260924,27034993.938169453,681.1184168083373,760.8,760.8,2483.4341119972373,82
D2_la_lb_departure_delay_72h_032,D2,la_lb_departure_delay_72h,,20260924,27046118.30373851,680.7906976839231,760.8,760.8,2250.1351301339037,76
D2_la_lb_departure_delay_72h_033,D2,la_lb_departure_delay_72h,,20260924,27133433.392807927,680.643162612963,760.8,760.8,3173.1416909872737,79
D2_la_lb_departure_delay_72h_034,D2,la_lb_departure_delay_72h,,20260924,27135361.47628726,679.7646526731279,760.8,760.8,2514.2496529854843,79
D2_la_lb_departure_delay_72h_035,D2,la_lb_departure_delay_72h,,20260924,27208752.521720603,679.4651730218019,760.8,760.8,2516.7036742706955,79
D2_la_lb_departure_delay_72h_036,D2,la_lb_departure_delay_72h,,20260924,27222813.902202018,679.3187222794382,760.8,760.8,2300.7741341528777,75
D2_la_lb_departure_delay_72h_037,D2,la_lb_departure_delay_72h,,20260924,27303768.316996966,678.8525055381284,760.8,760.8,2227.9218039288226,80
D2_la_lb_departure_delay_72h_038,D2,la_lb_departure_delay_72h,min_delivery_time,20260919,27837091.253344793,678.7627986013782,760.8,760.8,5662.942403009845,76
D2_la_lb_port_capacity_50pct_001,D2,la_lb_port_capacity_50pct,min_cost,20260920,25083981.66200837,662.1499728106782,760.8,760.8,6148.456525776006,80
D2_la_lb_port_capacity_50pct_002,D2,la_lb_port_capacity_50pct,,20260908,25091296.82807752,661.5212711992419,760.8,760.8,5229.88723913511,87
D2_la_lb_port_capacity_50pct_003,D2,la_lb_port_capacity_50pct,,20260914,25114237.960768137,660.291799067262,760.8,760.8,4199.173119652806,83
D2_la_lb_port_capacity_50pct_004,D2,la_lb_port_capacity_50pct,,20260916,25223114.670534134,659.9459584278849,760.8,760.8,5265.068070779861,89
D2_la_lb_port_capacity_50pct_005,D2,la_lb_port_capacity_50pct,,20260916,25223710.265411545,659.9083408727757,760.8,760.8,5259.526039458135,89
D2_la_lb_port_capacity_50pct_006,D2,la_lb_port_capacity_50pct,,20260914,25288864.713639196,659.3547613321128,760.8,760.8,4256.823471631298,86
D2_la_lb_port_capacity_50pct_007,D2,la_lb_port_capacity_50pct,,20260908,25293335.407578185,659.0359977411102,760.8,760.8,5146.886757206974,90
D2_la_lb_port_capacity_50pct_008,D2,la_lb_port_capacity_50pct,,20260908,25305566.01449997,658.7048724104039,760.8,760.8,4977.760311065429,86
D2_la_lb_port_capacity_50pct_009,D2,la_lb_port_capacity_50pct,,20260908,25331760.608079854,658.6470417884124,760.8,760.8,4924.012205777642,85
D2_la_lb_port_capacity_50pct_010,D2,la_lb_port_capacity_50pct,,20260914,25396836.869007252,657.0390376227274,760.8,760.8,4115.295986552768,87
D2_la_lb_port_capacity_50pct_011,D2,la_lb_port_capacity_50pct,,20260908,25465369.025513604,656.5554128495245,760.8,760.8,4792.582619199834,92
D2_la_lb_port_capacity_50pct_012,D2,la_lb_port_capacity_50pct,,20260914,25501427.744421072,656.4517335704896,760.8,760.8,4754.063669930329,85
D2_la_lb_port_capacity_50pct_013,D2,la_lb_port_capacity_50pct,,20260916,25550656.16371608,656.3625621216866,760.8,760.8,6090.2458862206195,90
D2_la_lb_port_capacity_50pct_014,D2,la_lb_port_capacity_50pct,,20260909,25558168.497252427,655.2806969079562,760.8,760.8,5084.85818353976,90
D2_la_lb_port_capacity_50pct_015,D2,la_lb_port_capacity_50pct,,20260922,25615206.35546889,655.1552285881336,760.8,760.8,4134.387533141191,81
D2_la_lb_port_capacity_50pct_016,D2,la_lb_port_capacity_50pct,,20260929,25638616.640330177,655.0067063031527,760.8,760.8,4290.127417393886,91
D2_la_lb_port_capacity_50pct_017,D2,la_lb_port_capacity_50pct,,20260920,25665192.88109557,654.9110511722264,760.8,760.8,5906.734647603516,86
D2_la_lb_port_capacity_50pct_018,D2,la_lb_port_capacity_50pct,,20260919,25696441.58890234,654.5764635013512,760.8,760.8,4407.919466758721,89
D2_la_lb_port_capacity_50pct_019,D2,la_lb_port_capacity_50pct,,20260919,25727874.3683699,653.4261656020818,760.8,760.8,4046.8445974218203,92
D2_la_lb_port_capacity_50pct_020,D2,la_lb_port_capacity_50pct,,20260919,25755300.96207497,653.2011461603752,760.8,760.8,4477.915097969853,88
D2_la_lb_port_capacity_50pct_021,D2,la_lb_port_capacity_50pct,,20260919,25817846.961893704,652.6480787545078,760.8,760.8,4160.144314916736,93
D2_la_lb_port_capacity_50pct_022,D2,la_lb_port_capacity_50pct,,20260909,25850675.37805879,652.3453556988235,760.8,760.8,5294.307449729505,85
D2_la_lb_port_capacity_50pct_023,D2,la_lb_port_capacity_50pct,,20260919,25867610.969295803,652.1277660742644,760.8,760.8,4086.4992745583313,88
D2_la_lb_port_capacity_50pct_024,D2,la_lb_port_capacity_50pct,balanced,20260919,25904204.45401405,651.3381925341902,760.8,760.8,4475.746399429602,92
D2_la_lb_port_capacity_50pct_025,D2,la_lb_port_capacity_50pct,,20260919,25953564.35720013,650.8781962825827,760.8,760.8,4184.778180919834,92
D2_la_lb_port_capacity_50pct_026,D2,la_lb_port_capacity_50pct,,20260919,26024337.302455716,650.5631597038861,760.8,760.8,4637.204223754706,92
D2_la_lb_port_capacity_50pct_027,D2,la_lb_port_capacity_50pct,,20260919,26034225.7109475,650.4294555206759,760.8,760.8,4402.072067836918,89
D2_la_lb_port_capacity_50pct_028,D2,la_lb_port_capacity_50pct,,20260919,26056219.56795996,650.3758313376709,760.8,760.8,4740.195938006705,91
D2_la_lb_port_capacity_50pct_029,D2,la_lb_port_capacity_50pct,,20260919,26067210.258398905,650.235574662983,760.8,760.8,4725.934932300818,92
D2_la_lb_port_capacity_50pct_030,D2,la_lb_port_capacity_50pct,,20260919,26091797.662180148,650.1557374797022,760.8,760.8,4723.986710478061,93
D2_la_lb_port_capacity_50pct_031,D2,la_lb_port_capacity_50pct,,20260919,26092051.588047717,650.149402307727,760.8,760.8,4723.986710478061,93
D2_la_lb_port_capacity_50pct_032,D2,la_lb_port_capacity_50pct,,20260919,26139275.63140704,649.8316931453975,760.8,760.8,4867.903787994239,91
D2_la_lb_port_capacity_50pct_033,D2,la_lb_port_capacity_50pct,,20260919,26145985.328567605,649.5692093770764,760.8,760.8,4867.26319403417,90
D2_la_lb_port_capacity_50pct_034,D2,la_lb_port_capacity_50pct,,20260918,26157038.024007387,649.1939751267239,760.8,760.8,4711.28555984349,85
D2_la_lb_port_capacity_50pct_035,D2,la_lb_port_capacity_50pct,,20260919,26184669.598782595,649.0478424520886,760.8,760.8,4899.80850618545,90
D2_la_lb_port_capacity_50pct_036,D2,la_lb_port_capacity_50pct,,20260919,26191687.712838452,648.841754894716,760.8,760.8,4879.569903322139,89
D2_la_lb_port_capacity_50pct_037,D2,la_lb_port_capacity_50pct,,20260919,26254066.283161677,648.6108547131787,760.8,760.8,4886.076738298907,89
D2_la_lb_port_capacity_50pct_038,D2,la_lb_port_capacity_50pct,,20260919,26287697.241032287,648.3022888099774,760.8,760.8,4971.523596379287,90
D2_la_lb_port_capacity_50pct_039,D2,la_lb_port_capacity_50pct,,20260919,26319602.188578658,648.0517235579752,760.8,760.8,5052.40382804503,88
D2_la_lb_port_capacity_50pct_040,D2,la_lb_port_capacity_50pct,,20260919,26364432.4447211,647.9020237510598,760.8,760.8,5104.447129761573,90
D2_la_lb_port_capacity_50pct_041,D2,la_lb_port_capacity_50pct,,20260919,26412115.66349972,647.4405943899325,760.8,760.8,5140.7338011595675,85
D2_la_lb_port_capacity_50pct_042,D2,la_lb_port_capacity_50pct,,20260931,26497483.97607282,647.1921180582825,760.8,760.8,4623.239274682872,70
D2_la_lb_port_capacity_50pct_043,D2,la_lb_port_capacity_50pct,,20260931,26514361.90411604,647.0609738668634,760.8,760.8,4752.545707695306,72
D2_la_lb_port_capacity_50pct_044,D2,la_lb_port_capacity_50pct,,20260931,26547534.370796885,646.9796051608081,760.8,760.8,4869.86754872297,70
D2_la_lb_port_capacity_50pct_045,D2,la_lb_port_capacity_50pct,,20260931,26560258.406393826,646.202986640724,760.8,760.8,4472.931278210728,73
D2_la_lb_port_capacity_50pct_046,D2,la_lb_port_capacity_50pct,,20260931,26614613.645482596,646.1082461229188,760.8,760.8,4569.081791612597,72
D2_la_lb_port_capacity_50pct_047,D2,la_lb_port_capacity_50pct,,20260931,26625468.181844387,646.0036714914506,760.8,760.8,4569.081791612597,72
D2_la_lb_port_capacity_50pct_048,D2,la_lb_port_capacity_50pct,,20260931,26722703.77242821,645.7536570327806,760.8,760.8,5337.497019340786,65
D2_la_lb_port_capacity_50pct_049,D2,la_lb_port_capacity_50pct,,20260931,26752066.287452914,645.6754251556882,760.8,760.8,4979.3781406542885,71
D2_la_lb_port_capacity_50pct_050,D2,la_lb_port_capacity_50pct,min_delivery_time,20260931,27163695.68876924,645.3196272149385,760.8,760.8,7790.074542541849,67
D2_pilot_baseline_001,D2,pilot_baseline,min_cost,20260929,25042488.426821988,644.2228576954567,760.8,760.8,841.7060321840122,88
D2_pilot_baseline_002,D2,pilot_baseline,,20260929,25050600.72273132,642.432217909916,760.8,760.8,462.19650162971527,84
D2_pilot_baseline_003,D2,pilot_baseline,,20260929,25095579.711493533,642.2834995966234,760.8,760.8,880.9096338583108,86
D2_pilot_baseline_004,D2,pilot_baseline,,20260907,25123601.95313961,640.498511398455,760.8,760.8,1102.35066110436,81
D2_pilot_baseline_005,D2,pilot_baseline,,20260935,25147443.083006445,638.954472984277,760.8,760.8,486.4847559918285,85
D2_pilot_baseline_006,D2,pilot_baseline,,20260922,25162484.532220487,636.4340384670242,760.8,760.8,550.6714924594983,80
D2_pilot_baseline_007,D2,pilot_baseline,,20260919,25193293.341905214,635.6687707884093,760.8,760.8,200.58861982346542,82
D2_pilot_baseline_008,D2,pilot_baseline,,20260935,25204780.642482918,635.3951792811853,760.8,760.8,369.8015616194333,81
D2_pilot_baseline_009,D2,pilot_baseline,,20260919,25224910.491723917,635.123124280483,760.8,760.8,217.57340396071535,85
D2_pilot_baseline_010,D2,pilot_baseline,,20260919,25230698.312514964,634.7985186472152,760.8,760.8,201.12864130887826,83
D2_pilot_baseline_011,D2,pilot_baseline,,20260919,25232158.574837178,634.7481784650669,760.8,760.8,177.55350629587426,84
D2_pilot_baseline_012,D2,pilot_baseline,,20260922,25251506.218225747,634.5276644590829,760.8,760.8,544.8841529108643,78
D2_pilot_baseline_013,D2,pilot_baseline,,20260935,25254602.764740624,634.2012627418892,760.8,760.8,371.5860925899117,82
D2_pilot_baseline_014,D2,pilot_baseline,,20260919,25261721.687618826,634.0982443961713,760.8,760.8,209.65402374330085,83
D2_pilot_baseline_015,D2,pilot_baseline,,20260922,25262982.920210816,633.716195204016,760.8,760.8,546.0718334649664,80
D2_pilot_baseline_016,D2,pilot_baseline,,20260919,25268697.9829264,633.3063059927446,760.8,760.8,241.2555676850272,83
D2_pilot_baseline_017,D2,pilot_baseline,,20260919,25283623.192006044,632.7442916622921,760.8,760.8,210.65403426902546,83
D2_pilot_baseline_018,D2,pilot_baseline,,20260919,25289409.092763457,632.519496682952,760.8,760.8,171.57733271139546,84
D2_pilot_baseline_019,D2,pilot_baseline,,20260919,25297568.186163597,631.7038830328336,760.8,760.8,219.85087989615937,83
D2_pilot_baseline_020,D2,pilot_baseline,,20260919,25316536.68282912,630.691152359605,760.8,760.8,84.93525259535338,84
D2_pilot_baseline_021,D2,pilot_baseline,,20260919,25330079.32530109,630.115390172532,760.8,760.8,39.38400926555174,86
D2_pilot_baseline_022,D2,pilot_baseline,,20260919,25357894.65832598,629.9229508441925,760.8,760.8,39.851026893847006,85
D2_pilot_baseline_023,D2,pilot_baseline,,20260919,25370116.783563696,629.567854606044,760.8,760.8,40.50643923425936,86
D2_pilot_baseline_024,D2,pilot_baseline,,20260927,25387141.52726757,629.4409964318332,760.8,760.8,462.7673392762742,82
D2_pilot_baseline_025,D2,pilot_baseline,,20260919,25399034.53660163,628.8658989914115,760.8,760.8,44.382477326919805,83
D2_pilot_baseline_026,D2,pilot_baseline,,20260919,25400858.56461812,628.6564635442271,760.8,760.8,32.348723400803046,85
D2_pilot_baseline_027,D2,pilot_baseline,,20260919,25404369.409010656,628.5200177979875,760.8,760.8,48.12633760628579,84
D2_pilot_baseline_028,D2,pilot_baseline,,20260919,25409701.79123803,627.8954335352838,760.8,760.8,22.154638164007146,86
D2_pilot_baseline_029,D2,pilot_baseline,,20260919,25419043.96174824,627.7622494495813,760.8,760.8,44.414060653701114,84
D2_pilot_baseline_030,D2,pilot_baseline,,20260919,25434805.231274627,627.0167750220664,760.8,760.8,26.29873070367282,87
D2_pilot_baseline_031,D2,pilot_baseline,,20260919,25437868.3185677,626.8213563063872,760.8,760.8,44.71490563041493,83
D2_pilot_baseline_032,D2,pilot_baseline,,20260919,25453184.987443093,626.3297236359927,760.8,760.8,41.44241904874422,78
D2_pilot_baseline_033,D2,pilot_baseline,,20260919,25468696.754395302,625.9368705746316,760.8,760.8,35.527294248337355,82
D2_pilot_baseline_034,D2,pilot_baseline,,20260919,25474926.42379011,625.7334981971501,760.8,760.8,21.97614282034695,88
D2_pilot_baseline_035,D2,pilot_baseline,,20260919,25493201.721248914,625.5674859103249,760.8,760.8,21.97614282034695,88
D2_pilot_baseline_036,D2,pilot_baseline,,20260919,25523670.379105672,625.3561990894391,760.8,760.8,41.567369126988936,83
D2_pilot_baseline_037,D2,pilot_baseline,,20260919,25524432.172126237,625.1324965766598,760.8,760.8,39.99227923164243,82
D2_pilot_baseline_038,D2,pilot_baseline,,20260919,25533765.142147526,624.9665608329423,760.8,760.8,43.84365942411364,81
D2_pilot_baseline_039,D2,pilot_baseline,,20260930,25534534.047889274,624.2920912511187,760.8,760.8,81.56523982402182,72
D2_pilot_baseline_040,D2,pilot_baseline,,20260919,25538295.308761396,624.0365165422298,760.8,760.8,35.497068916274735,81
D2_pilot_baseline_041,D2,pilot_baseline,,20260930,25539601.414758723,623.5161400669996,760.8,760.8,128.64604208811548,75
D2_pilot_baseline_042,D2,pilot_baseline,,20260913,25590031.15209993,622.7237675288716,760.8,760.8,529.4134812931642,76
D2_pilot_baseline_043,D2,pilot_baseline,,20260930,25610610.00045649,622.699931607193,760.8,760.8,92.30852540759592,80
D2_pilot_baseline_044,D2,pilot_baseline,balanced,20260913,25610640.09504055,621.4628333228625,727.2,727.2,362.00100018647913,77
D2_pilot_baseline_045,D2,pilot_baseline,,20260930,25633062.954829287,621.2534411204771,760.8,760.8,89.25102063987212,74
D2_pilot_baseline_046,D2,pilot_baseline,,20260930,25649841.023257207,621.2252471138917,760.8,760.8,92.29801978943603,73
D2_pilot_baseline_047,D2,pilot_baseline,,20260930,25652582.920221817,620.9692654128704,760.8,760.8,255.64006817715358,75
D2_pilot_baseline_048,D2,pilot_baseline,,20260930,25664685.103188723,620.7679210260043,760.8,760.8,92.27971775237515,74
D2_pilot_baseline_049,D2,pilot_baseline,,20260913,25667830.126707755,620.5290301756492,760.8,760.8,423.048207204191,81
D2_pilot_baseline_050,D2,pilot_baseline,,20260930,25718729.189081665,619.9599279310055,760.8,760.8,92.86493838822236,72
D2_pilot_baseline_051,D2,pilot_baseline,,20260930,25730308.36739736,619.6616298891954,760.8,760.8,207.55441068069007,75
D2_pilot_baseline_052,D2,pilot_baseline,,20260930,25769537.01109524,619.617784981384,760.8,760.8,88.5983897953437,74
D2_pilot_baseline_053,D2,pilot_baseline,,20260930,25772606.979508296,619.4624657981099,760.8,760.8,176.18801067222148,72
D2_pilot_baseline_054,D2,pilot_baseline,,20260930,25784572.703557115,619.1012276710171,760.8,760.8,93.07162555695064,73
D2_pilot_baseline_055,D2,pilot_baseline,,20260921,25837663.6136833,618.6212504454,760.8,760.8,874.0953502160158,77
D2_pilot_baseline_056,D2,pilot_baseline,,20260930,25861913.547261577,618.1382253883559,760.8,760.8,216.8041710100357,72
D2_pilot_baseline_057,D2,pilot_baseline,,20260921,25912525.61815807,617.684449467495,760.8,760.8,1406.7115201719778,77
D2_pilot_baseline_058,D2,pilot_baseline,,20260921,25917515.447880242,617.5255191446895,760.8,760.8,1507.1779248155267,73
D2_pilot_baseline_059,D2,pilot_baseline,,20260921,25958929.87185965,617.4288030702173,760.8,760.8,1113.2536277391982,78
D2_pilot_baseline_060,D2,pilot_baseline,,20260921,25966714.742599607,616.3705803792104,760.8,760.8,1350.775232028852,74
D2_pilot_baseline_061,D2,pilot_baseline,,20260921,25982644.84135444,616.2275563064204,760.8,760.8,1344.4466646193857,74
D2_pilot_baseline_062,D2,pilot_baseline,,20260921,26003590.617530074,615.8760464803038,760.8,760.8,1288.0310504690647,73
D2_pilot_baseline_063,D2,pilot_baseline,,20260921,26062362.90782564,615.7764684074817,760.8,760.8,1132.5071916660645,75
D2_pilot_baseline_064,D2,pilot_baseline,,20260921,26098224.682954,615.6651105294036,760.8,760.8,1232.5917776383715,76
D2_pilot_baseline_065,D2,pilot_baseline,,20260921,26158103.74627222,615.5094569568153,760.8,760.8,1424.56324045675,75
D2_pilot_baseline_066,D2,pilot_baseline,,20260931,26307330.49490541,615.1108416850437,760.8,760.8,475.73227479500224,79
D2_pilot_baseline_067,D2,pilot_baseline,,20260931,26437962.158408742,614.5667546170718,760.8,760.8,672.1184100490655,78
D2_pilot_baseline_068,D2,pilot_baseline,min_delivery_time,20260931,26640245.027966164,614.2157580011346,760.8,760.8,846.9352166843528,77
D2_seattle_tacoma_departure_delay_72h_001,D2,seattle_tacoma_departure_delay_72h,min_cost,20260930,25746990.65791774,620.3608346943925,794.4,794.4,146.89747843720778,70
D2_seattle_tacoma_departure_delay_72h_002,D2,seattle_tacoma_departure_delay_72h,,20260935,25754601.765430674,617.9950984909794,794.4,794.4,0.0,75
D2_seattle_tacoma_departure_delay_72h_003,D2,seattle_tacoma_departure_delay_72h,,20260935,25773698.727449358,617.8156603945274,794.4,794.4,0.0,76
D2_seattle_tacoma_departure_delay_72h_004,D2,seattle_tacoma_departure_delay_72h,,20260935,25795352.874465,617.7738963174985,794.4,794.4,0.0,72
D2_seattle_tacoma_departure_delay_72h_005,D2,seattle_tacoma_departure_delay_72h,,20260921,25812456.26931478,617.0284474351768,794.4,794.4,543.8695356861367,74
D2_seattle_tacoma_departure_delay_72h_006,D2,seattle_tacoma_departure_delay_72h,,20260924,25814043.335544698,616.1821140130456,794.4,794.4,0.0,73
D2_seattle_tacoma_departure_delay_72h_007,D2,seattle_tacoma_departure_delay_72h,,20260924,25820444.295962118,616.0170612238863,794.4,794.4,0.0,75
D2_seattle_tacoma_departure_delay_72h_008,D2,seattle_tacoma_departure_delay_72h,,20260924,25822506.384109687,615.9953983553614,794.4,794.4,0.0,80
D2_seattle_tacoma_departure_delay_72h_009,D2,seattle_tacoma_departure_delay_72h,,20260935,25824196.714027572,615.4901252413852,794.4,794.4,0.0,71
D2_seattle_tacoma_departure_delay_72h_010,D2,seattle_tacoma_departure_delay_72h,,20260935,25826527.00142311,615.0427166322547,794.4,794.4,0.0,71
D2_seattle_tacoma_departure_delay_72h_011,D2,seattle_tacoma_departure_delay_72h,,20260935,25845793.022065505,614.5345230028255,794.4,794.4,0.0,72
D2_seattle_tacoma_departure_delay_72h_012,D2,seattle_tacoma_departure_delay_72h,,20260935,25860050.97168198,613.7339613168105,645.6,645.6,0.0,71
D2_seattle_tacoma_departure_delay_72h_013,D2,seattle_tacoma_departure_delay_72h,,20260935,25869902.22563102,613.6052094321207,645.6,645.6,0.0,66
D2_seattle_tacoma_departure_delay_72h_014,D2,seattle_tacoma_departure_delay_72h,,20260935,25885210.68036041,613.5613396699563,645.6,645.6,0.0,71
D2_seattle_tacoma_departure_delay_72h_015,D2,seattle_tacoma_departure_delay_72h,,20260935,25890031.810883306,613.4635920771875,645.6,645.6,0.0,68
D2_seattle_tacoma_departure_delay_72h_016,D2,seattle_tacoma_departure_delay_72h,,20260935,25898223.041976783,613.388705131014,645.6,645.6,0.0,69
D2_seattle_tacoma_departure_delay_72h_017,D2,seattle_tacoma_departure_delay_72h,,20260935,25914744.3901392,613.3205525293722,645.6,645.6,0.0,73
D2_seattle_tacoma_departure_delay_72h_018,D2,seattle_tacoma_departure_delay_72h,,20260919,25918779.883048963,613.2303662062001,645.6,645.6,0.0,74
D2_seattle_tacoma_departure_delay_72h_019,D2,seattle_tacoma_departure_delay_72h,,20260935,25933328.51827556,613.1261832492529,645.6,645.6,0.0,68
D2_seattle_tacoma_departure_delay_72h_020,D2,seattle_tacoma_departure_delay_72h,,20260935,25941199.651718207,613.117437789381,645.6,645.6,0.0,71
D2_seattle_tacoma_departure_delay_72h_021,D2,seattle_tacoma_departure_delay_72h,,20260935,25946057.52176625,613.0896217445253,645.6,645.6,0.0,72
D2_seattle_tacoma_departure_delay_72h_022,D2,seattle_tacoma_departure_delay_72h,balanced,20260935,25957460.227721706,612.7777851347487,645.6,645.6,0.0,72
D2_seattle_tacoma_departure_delay_72h_023,D2,seattle_tacoma_departure_delay_72h,,20260935,25976369.710250773,612.7601208992771,645.6,645.6,0.0,70
D2_seattle_tacoma_departure_delay_72h_024,D2,seattle_tacoma_departure_delay_72h,,20260935,25987005.195986178,612.6417883011236,645.6,645.6,0.0,69
D2_seattle_tacoma_departure_delay_72h_025,D2,seattle_tacoma_departure_delay_72h,,20260935,25993369.67161337,612.5237498963925,645.6,645.6,0.0,70
D2_seattle_tacoma_departure_delay_72h_026,D2,seattle_tacoma_departure_delay_72h,,20260935,26001723.285262223,612.4633612859359,645.6,645.6,0.0,68
D2_seattle_tacoma_departure_delay_72h_027,D2,seattle_tacoma_departure_delay_72h,,20260935,26007616.57730592,612.3902869762917,645.6,645.6,0.0,68
D2_seattle_tacoma_departure_delay_72h_028,D2,seattle_tacoma_departure_delay_72h,,20260919,26012932.031067062,612.3839319402597,645.6,645.6,0.0,75
D2_seattle_tacoma_departure_delay_72h_029,D2,seattle_tacoma_departure_delay_72h,,20260935,26022728.773352038,612.3680503081318,645.6,645.6,0.0,72
D2_seattle_tacoma_departure_delay_72h_030,D2,seattle_tacoma_departure_delay_72h,,20260935,26025028.768304687,612.2621218142568,645.6,645.6,0.0,68
D2_seattle_tacoma_departure_delay_72h_031,D2,seattle_tacoma_departure_delay_72h,,20260935,26030446.007717155,612.1333351859877,645.6,645.6,0.0,70
D2_seattle_tacoma_departure_delay_72h_032,D2,seattle_tacoma_departure_delay_72h,,20260919,26040147.240685962,612.0452211165323,645.6,645.6,0.0,74
D2_seattle_tacoma_departure_delay_72h_033,D2,seattle_tacoma_departure_delay_72h,,20260919,26050410.771078665,612.0057302731266,645.6,645.6,0.0,76
D2_seattle_tacoma_departure_delay_72h_034,D2,seattle_tacoma_departure_delay_72h,,20260935,26054685.841333676,611.8706937516205,645.6,645.6,0.0,67
D2_seattle_tacoma_departure_delay_72h_035,D2,seattle_tacoma_departure_delay_72h,,20260935,26075154.113971125,611.8162363523811,645.6,645.6,0.0,70
D2_seattle_tacoma_departure_delay_72h_036,D2,seattle_tacoma_departure_delay_72h,,20260928,26084392.67958706,611.7080710606273,645.6,645.6,0.0,78
D2_seattle_tacoma_departure_delay_72h_037,D2,seattle_tacoma_departure_delay_72h,,20260928,26092435.496474184,611.6003816073106,645.6,645.6,0.0,76
D2_seattle_tacoma_departure_delay_72h_038,D2,seattle_tacoma_departure_delay_72h,,20260935,26095542.931795675,611.5673540538427,645.6,645.6,0.0,74
D2_seattle_tacoma_departure_delay_72h_039,D2,seattle_tacoma_departure_delay_72h,,20260935,26099529.9940023,611.529967904502,645.6,645.6,0.0,71
D2_seattle_tacoma_departure_delay_72h_040,D2,seattle_tacoma_departure_delay_72h,,20260935,26103466.928097438,611.468800924492,645.6,645.6,0.0,68
D2_seattle_tacoma_departure_delay_72h_041,D2,seattle_tacoma_departure_delay_72h,,20260935,26128418.953517888,611.4120999604144,645.6,645.6,0.0,69
D2_seattle_tacoma_departure_delay_72h_042,D2,seattle_tacoma_departure_delay_72h,,20260935,26128976.424463272,611.356452763576,645.6,645.6,0.0,71
D2_seattle_tacoma_departure_delay_72h_043,D2,seattle_tacoma_departure_delay_72h,,20260928,26156510.80536291,610.9063254744698,645.6,645.6,0.0,77
D2_seattle_tacoma_departure_delay_72h_044,D2,seattle_tacoma_departure_delay_72h,,20260928,26175291.49845668,610.8290668265125,645.6,645.6,0.0,79
D2_seattle_tacoma_departure_delay_72h_045,D2,seattle_tacoma_departure_delay_72h,,20260928,26179346.709506042,610.7235026283017,645.6,645.6,0.0,80
D2_seattle_tacoma_departure_delay_72h_046,D2,seattle_tacoma_departure_delay_72h,,20260928,26193767.20915541,610.6821599874004,645.6,645.6,0.0,81
D2_seattle_tacoma_departure_delay_72h_047,D2,seattle_tacoma_departure_delay_72h,,20260928,26208832.375035424,610.606970484687,645.6,645.6,0.0,77
D2_seattle_tacoma_departure_delay_72h_048,D2,seattle_tacoma_departure_delay_72h,,20260928,26217890.042487804,610.5218631988076,645.6,645.6,0.0,77
D2_seattle_tacoma_departure_delay_72h_049,D2,seattle_tacoma_departure_delay_72h,,20260935,26218157.531898495,610.440195868095,645.6,645.6,0.0,70
D2_seattle_tacoma_departure_delay_72h_050,D2,seattle_tacoma_departure_delay_72h,,20260928,26232829.15424135,610.3325543366383,645.6,645.6,0.0,77
D2_seattle_tacoma_departure_delay_72h_051,D2,seattle_tacoma_departure_delay_72h,,20260928,26235344.04375682,610.241510234905,645.6,645.6,0.0,83
D2_seattle_tacoma_departure_delay_72h_052,D2,seattle_tacoma_departure_delay_72h,,20260928,26236539.757697254,610.2136475636391,645.6,645.6,0.0,78
D2_seattle_tacoma_departure_delay_72h_053,D2,seattle_tacoma_departure_delay_72h,,20260928,26262772.684684522,609.9105532374851,645.6,645.6,0.0,78
D2_seattle_tacoma_departure_delay_72h_054,D2,seattle_tacoma_departure_delay_72h,,20260935,26294366.13158935,609.825210629838,645.6,645.6,0.0,71
D2_seattle_tacoma_departure_delay_72h_055,D2,seattle_tacoma_departure_delay_72h,,20260928,26313754.869669065,609.6188843746318,645.6,645.6,0.0,79
D2_seattle_tacoma_departure_delay_72h_056,D2,seattle_tacoma_departure_delay_72h,,20260928,26318676.121510617,609.5303607907887,645.6,645.6,0.0,77
D2_seattle_tacoma_departure_delay_72h_057,D2,seattle_tacoma_departure_delay_72h,,20260928,26325960.72123024,609.4084823402981,645.6,645.6,0.0,78
D2_seattle_tacoma_departure_delay_72h_058,D2,seattle_tacoma_departure_delay_72h,,20260928,26335133.985640086,609.3586374360725,645.6,645.6,0.0,77
D2_seattle_tacoma_departure_delay_72h_059,D2,seattle_tacoma_departure_delay_72h,,20260928,26344439.45763115,609.3485012411302,645.6,645.6,0.0,77
D2_seattle_tacoma_departure_delay_72h_060,D2,seattle_tacoma_departure_delay_72h,,20260935,26361974.215338286,609.2121924837147,645.6,645.6,0.0,71
D2_seattle_tacoma_departure_delay_72h_061,D2,seattle_tacoma_departure_delay_72h,,20260935,26366421.362825163,609.1688889969561,645.6,645.6,0.0,71
D2_seattle_tacoma_departure_delay_72h_062,D2,seattle_tacoma_departure_delay_72h,,20260928,26367432.982644174,608.9621803848363,645.6,645.6,0.0,75
D2_seattle_tacoma_departure_delay_72h_063,D2,seattle_tacoma_departure_delay_72h,,20260928,26385608.126812123,608.8563620943316,645.6,645.6,0.0,78
D2_seattle_tacoma_departure_delay_72h_064,D2,seattle_tacoma_departure_delay_72h,,20260928,26398668.71848342,608.7010942005041,645.6,645.6,0.0,77
D2_seattle_tacoma_departure_delay_72h_065,D2,seattle_tacoma_departure_delay_72h,,20260928,26407218.46776948,608.7002489889434,645.6,645.6,0.0,79
D2_seattle_tacoma_departure_delay_72h_066,D2,seattle_tacoma_departure_delay_72h,,20260928,26411001.48945661,608.6872928706656,645.6,645.6,0.0,77
D2_seattle_tacoma_departure_delay_72h_067,D2,seattle_tacoma_departure_delay_72h,,20260928,26429330.859748885,608.4480944688715,645.6,645.6,0.0,79
D2_seattle_tacoma_departure_delay_72h_068,D2,seattle_tacoma_departure_delay_72h,,20260928,26443683.775230803,608.3648332709815,645.6,645.6,0.0,77
D2_seattle_tacoma_departure_delay_72h_069,D2,seattle_tacoma_departure_delay_72h,min_delivery_time,20260928,26509249.227604315,607.7251530546121,645.6,645.6,0.0,77
D2_seattle_tacoma_port_capacity_50pct_001,D2,seattle_tacoma_port_capacity_50pct,min_cost,20260929,25042488.426821988,644.2228576954567,760.8,760.8,841.7060321840122,88
D2_seattle_tacoma_port_capacity_50pct_002,D2,seattle_tacoma_port_capacity_50pct,,20260929,25050600.72273132,642.432217909916,760.8,760.8,462.19650162971527,84
D2_seattle_tacoma_port_capacity_50pct_003,D2,seattle_tacoma_port_capacity_50pct,,20260929,25095579.711493533,642.2834995966234,760.8,760.8,880.9096338583108,86
D2_seattle_tacoma_port_capacity_50pct_004,D2,seattle_tacoma_port_capacity_50pct,,20260907,25123601.95313961,640.498511398455,760.8,760.8,1102.35066110436,81
D2_seattle_tacoma_port_capacity_50pct_005,D2,seattle_tacoma_port_capacity_50pct,,20260935,25147443.083006445,638.954472984277,760.8,760.8,486.4847559918285,85
D2_seattle_tacoma_port_capacity_50pct_006,D2,seattle_tacoma_port_capacity_50pct,,20260922,25162484.532220487,636.4340384670242,760.8,760.8,550.6714924594983,80
D2_seattle_tacoma_port_capacity_50pct_007,D2,seattle_tacoma_port_capacity_50pct,,20260919,25193293.341905214,635.6687707884093,760.8,760.8,200.58861982346542,82
D2_seattle_tacoma_port_capacity_50pct_008,D2,seattle_tacoma_port_capacity_50pct,,20260935,25204780.642482918,635.3951792811853,760.8,760.8,369.8015616194333,81
D2_seattle_tacoma_port_capacity_50pct_009,D2,seattle_tacoma_port_capacity_50pct,,20260919,25224910.491723917,635.123124280483,760.8,760.8,217.57340396071535,85
D2_seattle_tacoma_port_capacity_50pct_010,D2,seattle_tacoma_port_capacity_50pct,,20260919,25230698.312514964,634.7985186472152,760.8,760.8,201.12864130887826,83
D2_seattle_tacoma_port_capacity_50pct_011,D2,seattle_tacoma_port_capacity_50pct,,20260919,25232158.574837178,634.7481784650669,760.8,760.8,177.55350629587426,84
D2_seattle_tacoma_port_capacity_50pct_012,D2,seattle_tacoma_port_capacity_50pct,,20260922,25251506.218225747,634.5276644590829,760.8,760.8,544.8841529108643,78
D2_seattle_tacoma_port_capacity_50pct_013,D2,seattle_tacoma_port_capacity_50pct,,20260935,25254602.764740624,634.2012627418892,760.8,760.8,371.5860925899117,82
D2_seattle_tacoma_port_capacity_50pct_014,D2,seattle_tacoma_port_capacity_50pct,,20260919,25261721.687618826,634.0982443961713,760.8,760.8,209.65402374330085,83
D2_seattle_tacoma_port_capacity_50pct_015,D2,seattle_tacoma_port_capacity_50pct,,20260922,25262982.920210816,633.716195204016,760.8,760.8,546.0718334649664,80
D2_seattle_tacoma_port_capacity_50pct_016,D2,seattle_tacoma_port_capacity_50pct,,20260919,25268697.9829264,633.3063059927446,760.8,760.8,241.2555676850272,83
D2_seattle_tacoma_port_capacity_50pct_017,D2,seattle_tacoma_port_capacity_50pct,,20260919,25283623.192006044,632.7442916622921,760.8,760.8,210.65403426902546,83
D2_seattle_tacoma_port_capacity_50pct_018,D2,seattle_tacoma_port_capacity_50pct,,20260919,25289409.092763457,632.519496682952,760.8,760.8,171.57733271139546,84
D2_seattle_tacoma_port_capacity_50pct_019,D2,seattle_tacoma_port_capacity_50pct,,20260919,25297568.186163597,631.7038830328336,760.8,760.8,219.85087989615937,83
D2_seattle_tacoma_port_capacity_50pct_020,D2,seattle_tacoma_port_capacity_50pct,,20260919,25316536.68282912,630.691152359605,760.8,760.8,84.93525259535338,84
D2_seattle_tacoma_port_capacity_50pct_021,D2,seattle_tacoma_port_capacity_50pct,,20260919,25330079.32530109,630.115390172532,760.8,760.8,39.38400926555174,86
D2_seattle_tacoma_port_capacity_50pct_022,D2,seattle_tacoma_port_capacity_50pct,,20260919,25357894.65832598,629.9229508441925,760.8,760.8,39.851026893847006,85
D2_seattle_tacoma_port_capacity_50pct_023,D2,seattle_tacoma_port_capacity_50pct,,20260919,25370116.783563696,629.567854606044,760.8,760.8,40.50643923425936,86
D2_seattle_tacoma_port_capacity_50pct_024,D2,seattle_tacoma_port_capacity_50pct,,20260927,25387141.52726757,629.4409964318332,760.8,760.8,462.7673392762742,82
D2_seattle_tacoma_port_capacity_50pct_025,D2,seattle_tacoma_port_capacity_50pct,,20260919,25399034.53660163,628.8658989914115,760.8,760.8,44.382477326919805,83
D2_seattle_tacoma_port_capacity_50pct_026,D2,seattle_tacoma_port_capacity_50pct,,20260919,25400858.56461812,628.6564635442271,760.8,760.8,32.348723400803046,85
D2_seattle_tacoma_port_capacity_50pct_027,D2,seattle_tacoma_port_capacity_50pct,,20260919,25404369.409010656,628.5200177979875,760.8,760.8,48.12633760628579,84
D2_seattle_tacoma_port_capacity_50pct_028,D2,seattle_tacoma_port_capacity_50pct,,20260919,25409701.79123803,627.8954335352838,760.8,760.8,22.154638164007146,86
D2_seattle_tacoma_port_capacity_50pct_029,D2,seattle_tacoma_port_capacity_50pct,,20260919,25419043.96174824,627.7622494495813,760.8,760.8,44.414060653701114,84
D2_seattle_tacoma_port_capacity_50pct_030,D2,seattle_tacoma_port_capacity_50pct,,20260919,25434805.231274627,627.0167750220664,760.8,760.8,26.29873070367282,87
D2_seattle_tacoma_port_capacity_50pct_031,D2,seattle_tacoma_port_capacity_50pct,,20260919,25437868.3185677,626.8213563063872,760.8,760.8,44.71490563041493,83
D2_seattle_tacoma_port_capacity_50pct_032,D2,seattle_tacoma_port_capacity_50pct,,20260919,25453184.987443093,626.3297236359927,760.8,760.8,41.44241904874422,78
D2_seattle_tacoma_port_capacity_50pct_033,D2,seattle_tacoma_port_capacity_50pct,,20260919,25468696.754395302,625.9368705746316,760.8,760.8,35.527294248337355,82
D2_seattle_tacoma_port_capacity_50pct_034,D2,seattle_tacoma_port_capacity_50pct,,20260919,25474926.42379011,625.7334981971501,760.8,760.8,21.97614282034695,88
D2_seattle_tacoma_port_capacity_50pct_035,D2,seattle_tacoma_port_capacity_50pct,,20260919,25493201.721248914,625.5674859103249,760.8,760.8,21.97614282034695,88
D2_seattle_tacoma_port_capacity_50pct_036,D2,seattle_tacoma_port_capacity_50pct,,20260919,25523670.379105672,625.3561990894391,760.8,760.8,41.567369126988936,83
D2_seattle_tacoma_port_capacity_50pct_037,D2,seattle_tacoma_port_capacity_50pct,,20260919,25524432.172126237,625.1324965766598,760.8,760.8,39.99227923164243,82
D2_seattle_tacoma_port_capacity_50pct_038,D2,seattle_tacoma_port_capacity_50pct,,20260919,25533765.142147526,624.9665608329423,760.8,760.8,43.84365942411364,81
D2_seattle_tacoma_port_capacity_50pct_039,D2,seattle_tacoma_port_capacity_50pct,,20260930,25534534.047889274,624.2920912511187,760.8,760.8,81.56523982402182,72
D2_seattle_tacoma_port_capacity_50pct_040,D2,seattle_tacoma_port_capacity_50pct,,20260919,25538295.308761396,624.0365165422298,760.8,760.8,35.497068916274735,81
D2_seattle_tacoma_port_capacity_50pct_041,D2,seattle_tacoma_port_capacity_50pct,,20260930,25539601.414758723,623.5161400669996,760.8,760.8,128.64604208811548,75
D2_seattle_tacoma_port_capacity_50pct_042,D2,seattle_tacoma_port_capacity_50pct,,20260913,25590031.15209993,622.7237675288716,760.8,760.8,529.4134812931642,76
D2_seattle_tacoma_port_capacity_50pct_043,D2,seattle_tacoma_port_capacity_50pct,,20260930,25610610.00045649,622.699931607193,760.8,760.8,92.30852540759592,80
D2_seattle_tacoma_port_capacity_50pct_044,D2,seattle_tacoma_port_capacity_50pct,balanced,20260913,25610640.09504055,621.4628333228625,727.2,727.2,362.00100018647913,77
D2_seattle_tacoma_port_capacity_50pct_045,D2,seattle_tacoma_port_capacity_50pct,,20260930,25633062.954829287,621.2534411204771,760.8,760.8,89.25102063987212,74
D2_seattle_tacoma_port_capacity_50pct_046,D2,seattle_tacoma_port_capacity_50pct,,20260930,25649841.023257207,621.2252471138917,760.8,760.8,92.29801978943603,73
D2_seattle_tacoma_port_capacity_50pct_047,D2,seattle_tacoma_port_capacity_50pct,,20260930,25652582.920221817,620.9692654128704,760.8,760.8,255.64006817715358,75
D2_seattle_tacoma_port_capacity_50pct_048,D2,seattle_tacoma_port_capacity_50pct,,20260930,25664685.103188723,620.7679210260043,760.8,760.8,92.27971775237515,74
D2_seattle_tacoma_port_capacity_50pct_049,D2,seattle_tacoma_port_capacity_50pct,,20260913,25667830.126707755,620.5290301756492,760.8,760.8,423.048207204191,81
D2_seattle_tacoma_port_capacity_50pct_050,D2,seattle_tacoma_port_capacity_50pct,,20260930,25718729.189081665,619.9599279310055,760.8,760.8,92.86493838822236,72
D2_seattle_tacoma_port_capacity_50pct_051,D2,seattle_tacoma_port_capacity_50pct,,20260930,25730308.36739736,619.6616298891954,760.8,760.8,207.55441068069007,75
D2_seattle_tacoma_port_capacity_50pct_052,D2,seattle_tacoma_port_capacity_50pct,,20260930,25769537.01109524,619.617784981384,760.8,760.8,88.5983897953437,74
D2_seattle_tacoma_port_capacity_50pct_053,D2,seattle_tacoma_port_capacity_50pct,,20260930,25772606.979508296,619.4624657981099,760.8,760.8,176.18801067222148,72
D2_seattle_tacoma_port_capacity_50pct_054,D2,seattle_tacoma_port_capacity_50pct,,20260930,25784572.703557115,619.1012276710171,760.8,760.8,93.07162555695064,73
D2_seattle_tacoma_port_capacity_50pct_055,D2,seattle_tacoma_port_capacity_50pct,,20260921,25837663.6136833,618.6212504454,760.8,760.8,874.0953502160158,77
D2_seattle_tacoma_port_capacity_50pct_056,D2,seattle_tacoma_port_capacity_50pct,,20260930,25861913.547261577,618.1382253883559,760.8,760.8,216.8041710100357,72
D2_seattle_tacoma_port_capacity_50pct_057,D2,seattle_tacoma_port_capacity_50pct,,20260921,25912525.61815807,617.684449467495,760.8,760.8,1406.7115201719778,77
D2_seattle_tacoma_port_capacity_50pct_058,D2,seattle_tacoma_port_capacity_50pct,,20260921,25917515.447880242,617.5255191446895,760.8,760.8,1507.1779248155267,73
D2_seattle_tacoma_port_capacity_50pct_059,D2,seattle_tacoma_port_capacity_50pct,,20260921,25958929.87185965,617.4288030702173,760.8,760.8,1113.2536277391982,78
D2_seattle_tacoma_port_capacity_50pct_060,D2,seattle_tacoma_port_capacity_50pct,,20260921,25966714.742599607,616.3705803792104,760.8,760.8,1350.775232028852,74
D2_seattle_tacoma_port_capacity_50pct_061,D2,seattle_tacoma_port_capacity_50pct,,20260921,25982644.84135444,616.2275563064204,760.8,760.8,1344.4466646193857,74
D2_seattle_tacoma_port_capacity_50pct_062,D2,seattle_tacoma_port_capacity_50pct,,20260921,26003590.617530074,615.8760464803038,760.8,760.8,1288.0310504690647,73
D2_seattle_tacoma_port_capacity_50pct_063,D2,seattle_tacoma_port_capacity_50pct,,20260921,26062362.90782564,615.7764684074817,760.8,760.8,1132.5071916660645,75
D2_seattle_tacoma_port_capacity_50pct_064,D2,seattle_tacoma_port_capacity_50pct,,20260921,26098224.682954,615.6651105294036,760.8,760.8,1232.5917776383715,76
D2_seattle_tacoma_port_capacity_50pct_065,D2,seattle_tacoma_port_capacity_50pct,,20260921,26158103.74627222,615.5094569568153,760.8,760.8,1424.56324045675,75
D2_seattle_tacoma_port_capacity_50pct_066,D2,seattle_tacoma_port_capacity_50pct,,20260931,26307330.49490541,615.1108416850437,760.8,760.8,475.73227479500224,79
D2_seattle_tacoma_port_capacity_50pct_067,D2,seattle_tacoma_port_capacity_50pct,,20260931,26437962.158408742,614.5667546170718,760.8,760.8,672.1184100490655,78
D2_seattle_tacoma_port_capacity_50pct_068,D2,seattle_tacoma_port_capacity_50pct,min_delivery_time,20260931,26640245.027966164,614.2157580011346,760.8,760.8,846.9352166843528,77
D2_uswc_compound_50pct_delay_120h_001,D2,uswc_compound_50pct_delay_120h,min_cost,20260912,33318171.218447033,734.9571146452728,861.6,861.6,44662.39688240349,68
D2_uswc_compound_50pct_delay_120h_002,D2,uswc_compound_50pct_delay_120h,,20260912,33424335.781616785,734.1947712666542,861.6,861.6,45094.70414605331,69
D2_uswc_compound_50pct_delay_120h_003,D2,uswc_compound_50pct_delay_120h,,20260912,33435770.25769403,734.173605491138,861.6,861.6,44835.96673980699,68
D2_uswc_compound_50pct_delay_120h_004,D2,uswc_compound_50pct_delay_120h,,20260912,33453728.611107122,733.7923203204127,861.6,861.6,44384.844282811486,71
D2_uswc_compound_50pct_delay_120h_005,D2,uswc_compound_50pct_delay_120h,,20260912,33461102.586515117,733.7838283337456,861.6,861.6,44363.927517386364,70
D2_uswc_compound_50pct_delay_120h_006,D2,uswc_compound_50pct_delay_120h,,20260935,33516598.47157193,732.8286210081144,828.0,828.0,43643.87764855952,73
D2_uswc_compound_50pct_delay_120h_007,D2,uswc_compound_50pct_delay_120h,,20260935,33542922.925713636,732.7806867727131,828.0,828.0,43757.995364111186,75
D2_uswc_compound_50pct_delay_120h_008,D2,uswc_compound_50pct_delay_120h,balanced,20260933,33624407.55650417,732.3163165293805,828.0,828.0,45310.26264390037,73
D2_uswc_compound_50pct_delay_120h_009,D2,uswc_compound_50pct_delay_120h,,20260908,34379866.61840629,731.6150292183755,780.0,780.0,48898.174097310744,77
D2_uswc_compound_50pct_delay_120h_010,D2,uswc_compound_50pct_delay_120h,min_delivery_time,20260908,34391416.079449646,731.5874626943183,780.0,780.0,48805.14064730682,73
D2_uswc_departure_delay_120h_001,D2,uswc_departure_delay_120h,min_cost,20260912,33318171.218447033,734.9571146452728,861.6,861.6,44662.39688240349,68
D2_uswc_departure_delay_120h_002,D2,uswc_departure_delay_120h,,20260912,33424335.781616785,734.1947712666542,861.6,861.6,45094.70414605331,69
D2_uswc_departure_delay_120h_003,D2,uswc_departure_delay_120h,,20260912,33435770.25769403,734.173605491138,861.6,861.6,44835.96673980699,68
D2_uswc_departure_delay_120h_004,D2,uswc_departure_delay_120h,,20260912,33453728.611107122,733.7923203204127,861.6,861.6,44384.844282811486,71
D2_uswc_departure_delay_120h_005,D2,uswc_departure_delay_120h,,20260912,33461102.586515117,733.7838283337456,861.6,861.6,44363.927517386364,70
D2_uswc_departure_delay_120h_006,D2,uswc_departure_delay_120h,,20260935,33516598.47157193,732.8286210081144,828.0,828.0,43643.87764855952,73
D2_uswc_departure_delay_120h_007,D2,uswc_departure_delay_120h,,20260935,33542922.925713636,732.7806867727131,828.0,828.0,43757.995364111186,75
D2_uswc_departure_delay_120h_008,D2,uswc_departure_delay_120h,balanced,20260933,33624407.55650417,732.3163165293805,828.0,828.0,45310.26264390037,73
D2_uswc_departure_delay_120h_009,D2,uswc_departure_delay_120h,,20260908,34379866.61840629,731.6150292183755,780.0,780.0,48898.174097310744,77
D2_uswc_departure_delay_120h_010,D2,uswc_departure_delay_120h,min_delivery_time,20260908,34391416.079449646,731.5874626943183,780.0,780.0,48805.14064730682,73
D2_uswc_departure_delay_168h_001,D2,uswc_departure_delay_168h,min_cost,20260919,43263890.44103574,776.4660132305884,895.2,895.2,114744.47798179176,72
D2_uswc_departure_delay_168h_002,D2,uswc_departure_delay_168h,,20260933,43304105.72845435,775.4347672389544,905.4,905.4,114703.04036666687,73
D2_uswc_departure_delay_168h_003,D2,uswc_departure_delay_168h,balanced,20260933,43350010.2071794,775.2685762797253,813.6,813.6,115263.8068729552,73
D2_uswc_departure_delay_168h_004,D2,uswc_departure_delay_168h,,20260912,43509582.66482542,775.0376069015584,813.6,813.6,114355.7214093293,65
D2_uswc_departure_delay_168h_005,D2,uswc_departure_delay_168h,,20260912,43515383.99251335,774.9204247049527,813.6,813.6,113974.84147658966,68
D2_uswc_departure_delay_168h_006,D2,uswc_departure_delay_168h,,20260907,43530723.84099022,774.9022448605842,813.6,813.6,115628.95307494514,76
D2_uswc_departure_delay_168h_007,D2,uswc_departure_delay_168h,,20260912,43592086.77385178,774.8940650370362,813.6,813.6,114251.17086870722,69
D2_uswc_departure_delay_168h_008,D2,uswc_departure_delay_168h,,20260912,43623709.72295758,774.8935650909865,813.6,813.6,114561.44544869797,69
D2_uswc_departure_delay_168h_009,D2,uswc_departure_delay_168h,,20260915,43676460.04960542,774.8819664420992,813.6,813.6,116648.88979979909,66
D2_uswc_departure_delay_168h_010,D2,uswc_departure_delay_168h,,20260915,43753156.76316055,774.8808869669335,813.6,813.6,117187.69937794728,64
D2_uswc_departure_delay_168h_011,D2,uswc_departure_delay_168h,min_delivery_time,20260935,44138180.690596946,774.8800182828641,813.6,813.6,114747.58284335567,81
D2_uswc_departure_delay_96h_001,D2,uswc_departure_delay_96h,min_cost,20260926,29329452.25077779,707.6730127883267,828.0,828.0,17423.689674108027,62
D2_uswc_departure_delay_96h_002,D2,uswc_departure_delay_96h,,20260926,29343149.964768935,707.6598885366699,828.0,828.0,17269.928060370577,57
D2_uswc_departure_delay_96h_003,D2,uswc_departure_delay_96h,,20260919,29363325.389343172,706.3424618251204,828.0,828.0,17291.601319165515,70
D2_uswc_departure_delay_96h_004,D2,uswc_departure_delay_96h,balanced,20260919,29375863.5170239,704.6378784008159,746.4,746.4,15781.115682815825,68
D2_uswc_departure_delay_96h_005,D2,uswc_departure_delay_96h,,20260933,29397226.321750168,704.595664591588,746.4,746.4,16009.676111793351,72
D2_uswc_departure_delay_96h_006,D2,uswc_departure_delay_96h,,20260912,29488145.089480147,704.5898203874833,746.4,746.4,16377.327309054048,67
D2_uswc_departure_delay_96h_007,D2,uswc_departure_delay_96h,,20260916,29941076.55549177,704.5197704843771,746.4,746.4,18942.775297238433,68
D2_uswc_departure_delay_96h_008,D2,uswc_departure_delay_96h,,20260916,29958365.026331108,704.4952149496968,746.4,746.4,18854.047986799844,68
D2_uswc_departure_delay_96h_009,D2,uswc_departure_delay_96h,,20260916,30170745.979684133,704.4927700677224,746.4,746.4,20175.020768553073,69
D2_uswc_departure_delay_96h_010,D2,uswc_departure_delay_96h,min_delivery_time,20260906,30386324.818445086,704.4683570418417,746.4,746.4,21803.29297431203,74
D2_uswc_port_capacity_60pct_001,D2,uswc_port_capacity_60pct,min_cost,20260918,25015859.292842645,643.765213897751,760.8,760.8,1295.1362982572573,89
D2_uswc_port_capacity_60pct_002,D2,uswc_port_capacity_60pct,,20260922,25093184.506100066,642.4423629004104,760.8,760.8,1133.5787786118547,82
D2_uswc_port_capacity_60pct_003,D2,uswc_port_capacity_60pct,,20260922,25148328.606139686,642.2250555137088,760.8,760.8,1027.8265080389006,79
D2_uswc_port_capacity_60pct_004,D2,uswc_port_capacity_60pct,,20260918,25150235.850263007,642.0581923427322,760.8,760.8,1623.63727787973,87
D2_uswc_port_capacity_60pct_005,D2,uswc_port_capacity_60pct,,20260918,25152675.094913557,642.0382727205601,760.8,760.8,1626.611174171487,89
D2_uswc_port_capacity_60pct_006,D2,uswc_port_capacity_60pct,,20260919,25181102.827791102,641.6831948055731,760.8,760.8,252.19692073779842,82
D2_uswc_port_capacity_60pct_007,D2,uswc_port_capacity_60pct,,20260918,25184351.710005343,641.5024992817187,760.8,760.8,1599.8408904832486,88
D2_uswc_port_capacity_60pct_008,D2,uswc_port_capacity_60pct,,20260918,25195582.09579006,641.4164649892532,760.8,760.8,1612.9008608135814,92
D2_uswc_port_capacity_60pct_009,D2,uswc_port_capacity_60pct,,20260919,25195804.55130678,641.0678460496065,760.8,760.8,258.530909959335,83
D2_uswc_port_capacity_60pct_010,D2,uswc_port_capacity_60pct,,20260919,25220882.98320749,641.0677177630665,760.8,760.8,545.5656543112754,85
D2_uswc_port_capacity_60pct_011,D2,uswc_port_capacity_60pct,,20260919,25223693.57240036,640.7750020905652,760.8,760.8,264.7157060030758,79
D2_uswc_port_capacity_60pct_012,D2,uswc_port_capacity_60pct,,20260919,25226661.76892477,639.7333825975167,760.8,760.8,309.63874515041533,81
D2_uswc_port_capacity_60pct_013,D2,uswc_port_capacity_60pct,,20260919,25275793.609216165,639.6060030177865,760.8,760.8,720.2723081896406,82
D2_uswc_port_capacity_60pct_014,D2,uswc_port_capacity_60pct,,20260919,25281660.415118206,639.3484657463235,760.8,760.8,451.63857916166063,82
D2_uswc_port_capacity_60pct_015,D2,uswc_port_capacity_60pct,,20260919,25317558.874455445,638.6928493893532,760.8,760.8,448.17360768455774,81
D2_uswc_port_capacity_60pct_016,D2,uswc_port_capacity_60pct,,20260919,25348358.312055282,638.4668027910229,760.8,760.8,550.2861735060818,82
D2_uswc_port_capacity_60pct_017,D2,uswc_port_capacity_60pct,,20260919,25349826.521930344,638.4204308000757,760.8,760.8,550.2861735060818,82
D2_uswc_port_capacity_60pct_018,D2,uswc_port_capacity_60pct,,20260919,25417390.303735808,637.5592070622149,760.8,760.8,196.90074185639506,86
D2_uswc_port_capacity_60pct_019,D2,uswc_port_capacity_60pct,,20260919,25456882.63944682,637.5104890010302,760.8,760.8,632.9969284316625,80
D2_uswc_port_capacity_60pct_020,D2,uswc_port_capacity_60pct,,20260919,25474113.559960593,637.3558420924968,760.8,760.8,542.4086309778629,82
D2_uswc_port_capacity_60pct_021,D2,uswc_port_capacity_60pct,,20260919,25477015.428402565,637.0329126958317,760.8,760.8,634.3688079191737,80
D2_uswc_port_capacity_60pct_022,D2,uswc_port_capacity_60pct,,20260919,25484223.842047345,636.5227527327996,760.8,760.8,430.8870959138401,82
D2_uswc_port_capacity_60pct_023,D2,uswc_port_capacity_60pct,,20260919,25506799.79636876,636.3894518783784,760.8,760.8,627.2000000000043,84
D2_uswc_port_capacity_60pct_024,D2,uswc_port_capacity_60pct,,20260919,25561890.691023577,635.985206504796,760.8,760.8,477.80151675606487,81
D2_uswc_port_capacity_60pct_025,D2,uswc_port_capacity_60pct,,20260919,25578108.615442786,635.9146725730637,760.8,760.8,515.2768146125724,80
D2_uswc_port_capacity_60pct_026,D2,uswc_port_capacity_60pct,,20260919,25612408.644997723,635.7674308873252,760.8,760.8,639.5824880578376,83
D2_uswc_port_capacity_60pct_027,D2,uswc_port_capacity_60pct,,20260919,25615044.235298827,635.6446417146658,760.8,760.8,573.629909738047,83
D2_uswc_port_capacity_60pct_028,D2,uswc_port_capacity_60pct,,20260919,25618510.435350753,635.6298634274132,760.8,760.8,509.3545975557226,80
D2_uswc_port_capacity_60pct_029,D2,uswc_port_capacity_60pct,,20260919,25622534.03022376,635.6109543243176,760.8,760.8,535.5568965891524,83
D2_uswc_port_capacity_60pct_030,D2,uswc_port_capacity_60pct,,20260919,25637186.2090926,635.1145127290367,760.8,760.8,263.6499145165511,84
D2_uswc_port_capacity_60pct_031,D2,uswc_port_capacity_60pct,,20260919,25713859.34291652,635.0912179168876,760.8,760.8,546.8483557619626,81
D2_uswc_port_capacity_60pct_032,D2,uswc_port_capacity_60pct,,20260919,25734154.045945015,634.725633287517,760.8,760.8,611.4879167887423,80
D2_uswc_port_capacity_60pct_033,D2,uswc_port_capacity_60pct,,20260919,25739108.840081513,634.6267363823881,760.8,760.8,604.4565522878366,81
D2_uswc_port_capacity_60pct_034,D2,uswc_port_capacity_60pct,,20260919,25763080.09515687,634.2144858667203,760.8,760.8,188.04402688817748,87
D2_uswc_port_capacity_60pct_035,D2,uswc_port_capacity_60pct,,20260919,25795467.129938114,634.1165933477581,760.8,760.8,699.453854103577,81
D2_uswc_port_capacity_60pct_036,D2,uswc_port_capacity_60pct,,20260919,25796509.811090194,634.0468326615375,760.8,760.8,514.3542040514203,78
D2_uswc_port_capacity_60pct_037,D2,uswc_port_capacity_60pct,,20260919,25812682.632901974,633.8148206851338,760.8,760.8,192.76613283649766,85
D2_uswc_port_capacity_60pct_038,D2,uswc_port_capacity_60pct,balanced,20260919,25864489.120966148,633.3984989841875,760.8,760.8,551.2701801939897,85
D2_uswc_port_capacity_60pct_039,D2,uswc_port_capacity_60pct,,20260919,25950153.71430576,633.322620985828,760.8,760.8,756.3047691006518,83
D2_uswc_port_capacity_60pct_040,D2,uswc_port_capacity_60pct,,20260919,25959992.00725169,632.7921086653162,760.8,760.8,346.77008352964634,83
D2_uswc_port_capacity_60pct_041,D2,uswc_port_capacity_60pct,,20260919,25964974.0050948,632.447036434583,760.8,760.8,512.1981865935489,83
D2_uswc_port_capacity_60pct_042,D2,uswc_port_capacity_60pct,,20260919,26019619.24893234,632.4150494582665,760.8,760.8,756.1885702128466,85
D2_uswc_port_capacity_60pct_043,D2,uswc_port_capacity_60pct,,20260919,26035276.813517075,632.3106705637111,760.8,760.8,755.8521400217969,84
D2_uswc_port_capacity_60pct_044,D2,uswc_port_capacity_60pct,,20260919,26143070.330290884,631.2769812097652,760.8,760.8,756.0532051004357,83
D2_uswc_port_capacity_60pct_045,D2,uswc_port_capacity_60pct,,20260931,26423045.31297331,630.9587430397848,760.8,760.8,2168.0599377365725,76
D2_uswc_port_capacity_60pct_046,D2,uswc_port_capacity_60pct,,20260931,26451112.25805539,630.6950215539364,760.8,760.8,2168.0599377365725,75
D2_uswc_port_capacity_60pct_047,D2,uswc_port_capacity_60pct,,20260910,26529111.33041589,630.3290478003483,760.8,760.8,3777.433775347274,83
D2_uswc_port_capacity_60pct_048,D2,uswc_port_capacity_60pct,,20260910,26571955.11541809,630.1236045329617,760.8,760.8,3944.7699126330654,82
D2_uswc_port_capacity_60pct_049,D2,uswc_port_capacity_60pct,,20260931,26596275.322536383,629.9087224752612,760.8,760.8,2399.1739578967445,70
D2_uswc_port_capacity_60pct_050,D2,uswc_port_capacity_60pct,,20260931,26640341.164198224,629.0788038707356,760.8,760.8,2266.3696436940986,71
D2_uswc_port_capacity_60pct_051,D2,uswc_port_capacity_60pct,,20260931,26783323.21635451,628.777685039363,760.8,760.8,2624.65186493856,75
D2_uswc_port_capacity_60pct_052,D2,uswc_port_capacity_60pct,,20260931,26865452.434017107,628.5935970106702,760.8,760.8,2995.4114105787894,74
D2_uswc_port_capacity_60pct_053,D2,uswc_port_capacity_60pct,,20260931,26964572.312030565,628.0256024388121,760.8,760.8,3384.037102747526,75
D2_uswc_port_capacity_60pct_054,D2,uswc_port_capacity_60pct,,20260931,27029478.133858677,628.0092667582423,760.8,760.8,3529.1568186640184,73
D2_uswc_port_capacity_60pct_055,D2,uswc_port_capacity_60pct,,20260931,27036689.805130284,627.810382773587,760.8,760.8,3529.1568186640184,74
D2_uswc_port_capacity_60pct_056,D2,uswc_port_capacity_60pct,,20260931,27045837.79342088,627.5960810152312,760.8,760.8,3446.8748914898642,71
D2_uswc_port_capacity_60pct_057,D2,uswc_port_capacity_60pct,,20260931,27065493.422335923,627.5761861661255,760.8,760.8,3544.9649181817435,70
D2_uswc_port_capacity_60pct_058,D2,uswc_port_capacity_60pct,,20260931,27068459.536510542,627.3175541327281,760.8,760.8,3501.543520564554,73
D2_uswc_port_capacity_60pct_059,D2,uswc_port_capacity_60pct,,20260931,27073330.40099961,627.311038772539,760.8,760.8,3496.2547923197717,73
D2_uswc_port_capacity_60pct_060,D2,uswc_port_capacity_60pct,min_delivery_time,20260931,27148316.03363556,627.261240843377,760.8,760.8,3935.7245604986147,71
D2_uswc_port_capacity_65pct_001,D2,uswc_port_capacity_65pct,min_cost,20260919,25043487.55585404,640.611570024911,760.8,760.8,286.2663335723129,78
D2_uswc_port_capacity_65pct_002,D2,uswc_port_capacity_65pct,,20260919,25088652.326164927,639.2964690778786,760.8,760.8,44.40336602063743,76
D2_uswc_port_capacity_65pct_003,D2,uswc_port_capacity_65pct,,20260929,25139986.3383621,638.9831699386316,760.8,760.8,907.7085045013503,81
D2_uswc_port_capacity_65pct_004,D2,uswc_port_capacity_65pct,,20260935,25144945.517129965,638.3468586142777,760.8,760.8,657.7409490745621,83
D2_uswc_port_capacity_65pct_005,D2,uswc_port_capacity_65pct,,20260919,25155631.288405407,637.1917064389021,760.8,760.8,45.339296692521216,78
D2_uswc_port_capacity_65pct_006,D2,uswc_port_capacity_65pct,,20260935,25168794.072286062,636.9878469309315,760.8,760.8,379.26541797828,82
D2_uswc_port_capacity_65pct_007,D2,uswc_port_capacity_65pct,,20260935,25182772.745610163,636.6141873903853,760.8,760.8,410.11838635960095,85
D2_uswc_port_capacity_65pct_008,D2,uswc_port_capacity_65pct,,20260919,25191650.276651077,634.8955342768164,760.8,760.8,329.49244072422067,78
D2_uswc_port_capacity_65pct_009,D2,uswc_port_capacity_65pct,,20260919,25194402.676906284,634.8358419469026,760.8,760.8,329.49244072422067,78
D2_uswc_port_capacity_65pct_010,D2,uswc_port_capacity_65pct,,20260919,25211431.151852027,634.23662820153,760.8,760.8,48.857680472987994,75
D2_uswc_port_capacity_65pct_011,D2,uswc_port_capacity_65pct,,20260919,25231909.930119246,633.9133841106669,760.8,760.8,48.29437852185639,77
D2_uswc_port_capacity_65pct_012,D2,uswc_port_capacity_65pct,,20260919,25235829.00614763,633.645538250087,760.8,760.8,49.32633212083091,75
D2_uswc_port_capacity_65pct_013,D2,uswc_port_capacity_65pct,,20260919,25270340.829781003,632.2508886049319,760.8,760.8,51.99261377631905,79
D2_uswc_port_capacity_65pct_014,D2,uswc_port_capacity_65pct,,20260919,25291411.81883998,632.0761165539537,760.8,760.8,46.97378879079638,78
D2_uswc_port_capacity_65pct_015,D2,uswc_port_capacity_65pct,,20260919,25321706.90966841,632.000158870833,760.8,760.8,53.2412102406743,78
D2_uswc_port_capacity_65pct_016,D2,uswc_port_capacity_65pct,,20260919,25332820.321837265,631.8433836080088,760.8,760.8,49.05598801074461,78
D2_uswc_port_capacity_65pct_017,D2,uswc_port_capacity_65pct,,20260933,25337391.01376879,631.7906185436796,760.8,760.8,622.3945006289433,87
D2_uswc_port_capacity_65pct_018,D2,uswc_port_capacity_65pct,,20260919,25346814.094991,631.6264889363604,760.8,760.8,48.110925716163266,79
D2_uswc_port_capacity_65pct_019,D2,uswc_port_capacity_65pct,,20260933,25357623.40447458,631.2748879115123,760.8,760.8,451.7077536000562,85
D2_uswc_port_capacity_65pct_020,D2,uswc_port_capacity_65pct,,20260919,25363383.952172074,631.0645732982658,760.8,760.8,50.636589741116694,81
D2_uswc_port_capacity_65pct_021,D2,uswc_port_capacity_65pct,,20260919,25388853.228658203,630.7413616322214,760.8,760.8,46.93263405904625,77
D2_uswc_port_capacity_65pct_022,D2,uswc_port_capacity_65pct,,20260919,25419805.558854632,630.3736039701087,760.8,760.8,52.039055528596705,80
D2_uswc_port_capacity_65pct_023,D2,uswc_port_capacity_65pct,,20260919,25433531.889931466,630.2527700035479,760.8,760.8,44.91911217889633,77
D2_uswc_port_capacity_65pct_024,D2,uswc_port_capacity_65pct,,20260919,25462084.3180684,630.1572951174423,760.8,760.8,119.96951428622754,80
D2_uswc_port_capacity_65pct_025,D2,uswc_port_capacity_65pct,,20260919,25495330.722782932,630.1373618197997,760.8,760.8,51.507762795964545,82
D2_uswc_port_capacity_65pct_026,D2,uswc_port_capacity_65pct,,20260933,25495588.383889683,629.9389075130713,760.8,760.8,451.7077536000562,87
D2_uswc_port_capacity_65pct_027,D2,uswc_port_capacity_65pct,,20260919,25510537.185579427,629.809517813327,760.8,760.8,50.53560192014083,76
D2_uswc_port_capacity_65pct_028,D2,uswc_port_capacity_65pct,,20260933,25520233.96291243,629.7002526702104,760.8,760.8,451.7077536000562,86
D2_uswc_port_capacity_65pct_029,D2,uswc_port_capacity_65pct,,20260919,25533084.37865821,629.3861427770024,760.8,760.8,46.93263405904625,77
D2_uswc_port_capacity_65pct_030,D2,uswc_port_capacity_65pct,,20260919,25564278.53928236,629.2868886414304,760.8,760.8,119.96951428622754,80
D2_uswc_port_capacity_65pct_031,D2,uswc_port_capacity_65pct,,20260919,25571547.039951626,629.1688009361847,760.8,760.8,42.682789688904094,78
D2_uswc_port_capacity_65pct_032,D2,uswc_port_capacity_65pct,,20260919,25585509.550220672,628.7926530037037,760.8,760.8,40.37288688370519,80
D2_uswc_port_capacity_65pct_033,D2,uswc_port_capacity_65pct,,20260919,25604287.07834484,628.7879013171033,760.8,760.8,47.586223334676035,76
D2_uswc_port_capacity_65pct_034,D2,uswc_port_capacity_65pct,,20260919,25624829.901078574,628.6256100520711,760.8,760.8,48.223236858143096,84
D2_uswc_port_capacity_65pct_035,D2,uswc_port_capacity_65pct,,20260919,25639712.93810773,628.3479354498897,760.8,760.8,44.863829679894266,76
D2_uswc_port_capacity_65pct_036,D2,uswc_port_capacity_65pct,balanced,20260919,25651999.08582002,627.982799703861,760.8,760.8,50.14817329520368,80
D2_uswc_port_capacity_65pct_037,D2,uswc_port_capacity_65pct,,20260919,25676198.806010775,627.8656629842736,760.8,760.8,49.405932841777066,78
D2_uswc_port_capacity_65pct_038,D2,uswc_port_capacity_65pct,,20260919,25703878.852623243,627.6107101759055,760.8,760.8,44.361963516537614,80
D2_uswc_port_capacity_65pct_039,D2,uswc_port_capacity_65pct,,20260919,25714588.796829853,627.5953399786305,760.8,760.8,49.020884916466954,85
D2_uswc_port_capacity_65pct_040,D2,uswc_port_capacity_65pct,,20260919,25744161.73697809,627.3069418049652,760.8,760.8,52.044820626866056,78
D2_uswc_port_capacity_65pct_041,D2,uswc_port_capacity_65pct,,20260919,25763404.27089544,627.2986634749567,760.8,760.8,48.90858364041517,77
D2_uswc_port_capacity_65pct_042,D2,uswc_port_capacity_65pct,,20260919,25778400.873247165,626.9226154102629,760.8,760.8,50.33014901653057,84
D2_uswc_port_capacity_65pct_043,D2,uswc_port_capacity_65pct,,20260919,25793368.40661693,626.8482117600387,760.8,760.8,45.354216842056594,83
D2_uswc_port_capacity_65pct_044,D2,uswc_port_capacity_65pct,,20260919,25823530.001429215,626.6373694236923,760.8,760.8,50.67412724780709,76
D2_uswc_port_capacity_65pct_045,D2,uswc_port_capacity_65pct,,20260919,25843866.24577591,626.4030301947529,760.8,760.8,95.46995293331037,81
D2_uswc_port_capacity_65pct_046,D2,uswc_port_capacity_65pct,,20260919,25854828.339863773,626.0825362991834,760.8,760.8,51.06925062401264,81
D2_uswc_port_capacity_65pct_047,D2,uswc_port_capacity_65pct,,20260919,25913182.187296163,625.8432340144054,760.8,760.8,56.066942980300574,78
D2_uswc_port_capacity_65pct_048,D2,uswc_port_capacity_65pct,,20260919,25928125.552187007,625.725556406496,760.8,760.8,46.08515588485014,79
D2_uswc_port_capacity_65pct_049,D2,uswc_port_capacity_65pct,,20260919,25969941.047245845,625.3326513555132,760.8,760.8,46.08515588485014,80
D2_uswc_port_capacity_65pct_050,D2,uswc_port_capacity_65pct,,20260919,25984182.011068996,625.2258638458164,760.8,760.8,46.46377819600495,79
D2_uswc_port_capacity_65pct_051,D2,uswc_port_capacity_65pct,,20260919,26012305.716882702,625.019580493837,760.8,760.8,51.30236560261296,80
D2_uswc_port_capacity_65pct_052,D2,uswc_port_capacity_65pct,,20260919,26031806.148651857,624.6708948080167,760.8,760.8,48.05370779907248,85
D2_uswc_port_capacity_65pct_053,D2,uswc_port_capacity_65pct,,20260919,26064883.842813086,624.4405537280596,760.8,760.8,46.08515588485014,79
D2_uswc_port_capacity_65pct_054,D2,uswc_port_capacity_65pct,,20260919,26111718.58911146,624.3180421971518,760.8,760.8,46.06949687767106,79
D2_uswc_port_capacity_65pct_055,D2,uswc_port_capacity_65pct,,20260919,26123839.898691885,623.8806211768378,760.8,760.8,46.37674378954401,80
D2_uswc_port_capacity_65pct_056,D2,uswc_port_capacity_65pct,,20260927,26236365.912325438,623.7470177387929,760.8,760.8,1289.0371095460105,79
D2_uswc_port_capacity_65pct_057,D2,uswc_port_capacity_65pct,,20260927,26250146.597730823,623.6748550226163,760.8,760.8,1277.47935624689,76
D2_uswc_port_capacity_65pct_058,D2,uswc_port_capacity_65pct,,20260927,26293685.035434056,623.5539264044277,760.8,760.8,1251.8456609175137,80
D2_uswc_port_capacity_65pct_059,D2,uswc_port_capacity_65pct,,20260927,26319923.423332125,623.150633732682,760.8,760.8,1319.9274515495567,79
D2_uswc_port_capacity_65pct_060,D2,uswc_port_capacity_65pct,,20260927,26330067.911000367,623.1264954322749,760.8,760.8,1307.7005514687125,80
D2_uswc_port_capacity_65pct_061,D2,uswc_port_capacity_65pct,,20260927,26337838.97476857,623.0154573996548,760.8,760.8,1277.47935624689,75
D2_uswc_port_capacity_65pct_062,D2,uswc_port_capacity_65pct,,20260931,26435252.40058705,622.8832662246523,760.8,760.8,1218.0787575952813,75
D2_uswc_port_capacity_65pct_063,D2,uswc_port_capacity_65pct,,20260931,26453799.42678532,622.7889427356006,760.8,760.8,1216.7153754845167,79
D2_uswc_port_capacity_65pct_064,D2,uswc_port_capacity_65pct,,20260931,26494766.7042472,622.4801916968503,760.8,760.8,1367.733596730499,77
D2_uswc_port_capacity_65pct_065,D2,uswc_port_capacity_65pct,,20260931,26497403.0373616,622.348475753294,760.8,760.8,1218.172172304147,82
D2_uswc_port_capacity_65pct_066,D2,uswc_port_capacity_65pct,,20260931,26522190.834053144,622.2980223909536,760.8,760.8,1376.9667272883808,80
D2_uswc_port_capacity_65pct_067,D2,uswc_port_capacity_65pct,,20260931,26562269.00427223,622.1876294958768,760.8,760.8,1190.7665452956162,77
D2_uswc_port_capacity_65pct_068,D2,uswc_port_capacity_65pct,,20260931,26584924.568303138,622.0796751633624,760.8,760.8,1619.71734957663,75
D2_uswc_port_capacity_65pct_069,D2,uswc_port_capacity_65pct,,20260931,26590935.04461458,621.3478231406252,760.8,760.8,1227.7869507447579,72
D2_uswc_port_capacity_65pct_070,D2,uswc_port_capacity_65pct,,20260931,26681588.5044279,621.1059684685786,760.8,760.8,1638.1543848685185,73
D2_uswc_port_capacity_65pct_071,D2,uswc_port_capacity_65pct,,20260931,26724020.468682364,620.8937180744823,760.8,760.8,1627.881297316813,77
D2_uswc_port_capacity_65pct_072,D2,uswc_port_capacity_65pct,,20260931,26742478.01287569,620.5249321000812,760.8,760.8,1459.756351407419,81
D2_uswc_port_capacity_65pct_073,D2,uswc_port_capacity_65pct,,20260931,26763913.665365793,620.4901538154946,760.8,760.8,1469.1078656874713,79
D2_uswc_port_capacity_65pct_074,D2,uswc_port_capacity_65pct,,20260931,26773371.63552349,620.4530938760962,760.8,760.8,1653.0458556774406,76
D2_uswc_port_capacity_65pct_075,D2,uswc_port_capacity_65pct,,20260931,26822915.34896892,620.136269341632,760.8,760.8,1619.3315639499976,75
D2_uswc_port_capacity_65pct_076,D2,uswc_port_capacity_65pct,,20260931,26827283.460146047,620.1255047606846,760.8,760.8,1619.3315639499976,75
D2_uswc_port_capacity_65pct_077,D2,uswc_port_capacity_65pct,min_delivery_time,20260931,26919481.100948412,619.0053947687866,760.8,760.8,1627.8126729386827,78
D2_uswc_port_capacity_70pct_001,D2,uswc_port_capacity_70pct,min_cost,20260929,25042488.426821988,644.2228576954567,760.8,760.8,841.7060321840122,88
D2_uswc_port_capacity_70pct_002,D2,uswc_port_capacity_70pct,,20260929,25050600.72273132,642.432217909916,760.8,760.8,462.19650162971527,84
D2_uswc_port_capacity_70pct_003,D2,uswc_port_capacity_70pct,,20260929,25095579.711493533,642.2834995966234,760.8,760.8,880.9096338583108,86
D2_uswc_port_capacity_70pct_004,D2,uswc_port_capacity_70pct,,20260907,25123601.95313961,640.498511398455,760.8,760.8,1102.35066110436,81
D2_uswc_port_capacity_70pct_005,D2,uswc_port_capacity_70pct,,20260935,25147443.083006445,638.954472984277,760.8,760.8,486.4847559918285,85
D2_uswc_port_capacity_70pct_006,D2,uswc_port_capacity_70pct,,20260922,25162484.532220487,636.4340384670242,760.8,760.8,550.6714924594983,80
D2_uswc_port_capacity_70pct_007,D2,uswc_port_capacity_70pct,,20260919,25193293.341905214,635.6687707884093,760.8,760.8,200.58861982346542,82
D2_uswc_port_capacity_70pct_008,D2,uswc_port_capacity_70pct,,20260935,25204780.642482918,635.3951792811853,760.8,760.8,369.8015616194333,81
D2_uswc_port_capacity_70pct_009,D2,uswc_port_capacity_70pct,,20260919,25224910.491723917,635.123124280483,760.8,760.8,217.57340396071535,85
D2_uswc_port_capacity_70pct_010,D2,uswc_port_capacity_70pct,,20260919,25232158.574837178,634.7481784650669,760.8,760.8,177.55350629587426,84
D2_uswc_port_capacity_70pct_011,D2,uswc_port_capacity_70pct,,20260922,25251506.218225747,634.5276644590829,760.8,760.8,544.8841529108643,78
D2_uswc_port_capacity_70pct_012,D2,uswc_port_capacity_70pct,,20260919,25252525.509383287,633.8888913258766,760.8,760.8,41.563043401909475,84
D2_uswc_port_capacity_70pct_013,D2,uswc_port_capacity_70pct,,20260922,25262982.920210816,633.716195204016,760.8,760.8,546.0718334649664,80
D2_uswc_port_capacity_70pct_014,D2,uswc_port_capacity_70pct,,20260919,25268697.9829264,633.3063059927446,760.8,760.8,241.2555676850272,83
D2_uswc_port_capacity_70pct_015,D2,uswc_port_capacity_70pct,,20260919,25283623.192006044,632.7442916622921,760.8,760.8,210.65403426902546,83
D2_uswc_port_capacity_70pct_016,D2,uswc_port_capacity_70pct,,20260919,25289409.092763457,632.519496682952,760.8,760.8,171.57733271139546,84
D2_uswc_port_capacity_70pct_017,D2,uswc_port_capacity_70pct,,20260919,25297568.186163597,631.7038830328336,760.8,760.8,219.85087989615937,83
D2_uswc_port_capacity_70pct_018,D2,uswc_port_capacity_70pct,,20260919,25316536.68282912,630.691152359605,760.8,760.8,84.93525259535338,84
D2_uswc_port_capacity_70pct_019,D2,uswc_port_capacity_70pct,,20260919,25324107.641985543,630.115390172532,760.8,760.8,39.38400926555174,87
D2_uswc_port_capacity_70pct_020,D2,uswc_port_capacity_70pct,,20260919,25357894.65832598,629.9229508441925,760.8,760.8,39.851026893847006,85
D2_uswc_port_capacity_70pct_021,D2,uswc_port_capacity_70pct,,20260919,25370116.783563696,629.567854606044,760.8,760.8,40.50643923425936,86
D2_uswc_port_capacity_70pct_022,D2,uswc_port_capacity_70pct,,20260930,25382246.798091035,629.5031221484845,760.8,760.8,377.02620591519997,73
D2_uswc_port_capacity_70pct_023,D2,uswc_port_capacity_70pct,,20260927,25387141.52726757,629.4409964318332,760.8,760.8,462.7673392762742,82
D2_uswc_port_capacity_70pct_024,D2,uswc_port_capacity_70pct,,20260919,25394305.830750283,629.0331469575898,760.8,760.8,190.5545963982898,84
D2_uswc_port_capacity_70pct_025,D2,uswc_port_capacity_70pct,,20260930,25394829.401459113,628.8419069818576,760.8,760.8,333.3874605670933,73
D2_uswc_port_capacity_70pct_026,D2,uswc_port_capacity_70pct,,20260919,25400858.56461812,628.6564635442271,760.8,760.8,32.348723400803046,85
D2_uswc_port_capacity_70pct_027,D2,uswc_port_capacity_70pct,,20260919,25404369.409010656,628.5200177979875,760.8,760.8,48.12633760628579,84
D2_uswc_port_capacity_70pct_028,D2,uswc_port_capacity_70pct,,20260919,25409701.79123803,627.8954335352838,760.8,760.8,22.154638164007146,86
D2_uswc_port_capacity_70pct_029,D2,uswc_port_capacity_70pct,,20260919,25413524.931407288,627.814107137609,760.8,760.8,44.414060653701114,84
D2_uswc_port_capacity_70pct_030,D2,uswc_port_capacity_70pct,,20260919,25415779.16171578,627.6860094192647,760.8,760.8,29.87245960352088,82
D2_uswc_port_capacity_70pct_031,D2,uswc_port_capacity_70pct,,20260919,25437868.3185677,626.8213563063872,760.8,760.8,44.71490563041493,83
D2_uswc_port_capacity_70pct_032,D2,uswc_port_capacity_70pct,,20260919,25453184.987443093,626.3297236359927,760.8,760.8,41.44241904874422,78
D2_uswc_port_capacity_70pct_033,D2,uswc_port_capacity_70pct,,20260919,25472509.394388318,626.1045486150787,760.8,760.8,31.959112822509056,82
D2_uswc_port_capacity_70pct_034,D2,uswc_port_capacity_70pct,,20260913,25484505.857970234,625.9218883301098,760.8,760.8,279.369944980631,77
D2_uswc_port_capacity_70pct_035,D2,uswc_port_capacity_70pct,,20260919,25485168.538445257,625.6613910199152,760.8,760.8,44.68552537628524,82
D2_uswc_port_capacity_70pct_036,D2,uswc_port_capacity_70pct,,20260919,25493201.721248914,625.5674859103249,760.8,760.8,21.97614282034695,88
D2_uswc_port_capacity_70pct_037,D2,uswc_port_capacity_70pct,,20260913,25497998.410686363,625.5564036593546,760.8,760.8,393.33576816388893,81
D2_uswc_port_capacity_70pct_038,D2,uswc_port_capacity_70pct,,20260919,25505277.639938347,625.5510209253185,760.8,760.8,44.69421903874773,83
D2_uswc_port_capacity_70pct_039,D2,uswc_port_capacity_70pct,,20260919,25509730.5977554,625.058362527867,760.8,760.8,29.438491657945974,88
D2_uswc_port_capacity_70pct_040,D2,uswc_port_capacity_70pct,,20260930,25525205.100286886,624.9727904348589,760.8,760.8,275.204571772186,77
D2_uswc_port_capacity_70pct_041,D2,uswc_port_capacity_70pct,,20260919,25533765.142147526,624.9665608329423,760.8,760.8,43.84365942411364,81
D2_uswc_port_capacity_70pct_042,D2,uswc_port_capacity_70pct,,20260919,25535595.538411375,624.1558868954002,760.8,760.8,28.68792448779691,85
D2_uswc_port_capacity_70pct_043,D2,uswc_port_capacity_70pct,,20260919,25543649.66928894,623.9295386300438,760.8,760.8,35.497068916274735,81
D2_uswc_port_capacity_70pct_044,D2,uswc_port_capacity_70pct,,20260913,25560733.97766878,623.8927519985494,760.8,760.8,350.80951357413704,80
D2_uswc_port_capacity_70pct_045,D2,uswc_port_capacity_70pct,,20260930,25569572.66754996,623.863091994464,760.8,760.8,325.4127382667582,77
D2_uswc_port_capacity_70pct_046,D2,uswc_port_capacity_70pct,,20260930,25571215.88808682,623.649253637266,760.8,760.8,276.78718717155107,77
D2_uswc_port_capacity_70pct_047,D2,uswc_port_capacity_70pct,balanced,20260913,25583811.210827533,622.6724564002843,760.8,760.8,284.77545872996444,76
D2_uswc_port_capacity_70pct_048,D2,uswc_port_capacity_70pct,,20260913,25624382.55753071,622.4335542641497,760.8,760.8,403.831752295908,77
D2_uswc_port_capacity_70pct_049,D2,uswc_port_capacity_70pct,,20260913,25637928.246947575,622.1158922210185,727.2,727.2,715.8895959800884,78
D2_uswc_port_capacity_70pct_050,D2,uswc_port_capacity_70pct,,20260913,25642485.76807267,621.4757691193633,760.8,760.8,109.13971990233011,77
D2_uswc_port_capacity_70pct_051,D2,uswc_port_capacity_70pct,,20260913,25694884.277436662,621.3839180654664,760.8,760.8,163.8110841894745,76
D2_uswc_port_capacity_70pct_052,D2,uswc_port_capacity_70pct,,20260913,25701005.520105615,621.2482986083165,760.8,760.8,262.4469934160449,75
D2_uswc_port_capacity_70pct_053,D2,uswc_port_capacity_70pct,,20260913,25728049.61679986,620.9999419505247,760.8,760.8,425.3186199172386,77
D2_uswc_port_capacity_70pct_054,D2,uswc_port_capacity_70pct,,20260913,25750797.865031816,620.5432801809925,760.8,760.8,245.37435656945314,78
D2_uswc_port_capacity_70pct_055,D2,uswc_port_capacity_70pct,,20260913,25808756.353005365,620.3450734960568,760.8,760.8,283.3929941700837,76
D2_uswc_port_capacity_70pct_056,D2,uswc_port_capacity_70pct,,20260930,25859809.63206122,620.22522359371,760.8,760.8,469.27708546921014,75
D2_uswc_port_capacity_70pct_057,D2,uswc_port_capacity_70pct,,20260919,25863050.543707203,620.047372999018,760.8,760.8,20.68313881637851,82
D2_uswc_port_capacity_70pct_058,D2,uswc_port_capacity_70pct,,20260930,25881317.437845144,619.980818924935,760.8,760.8,510.3470990034516,75
D2_uswc_port_capacity_70pct_059,D2,uswc_port_capacity_70pct,,20260913,25881588.238267303,619.6147577794546,760.8,760.8,297.946234446493,78
D2_uswc_port_capacity_70pct_060,D2,uswc_port_capacity_70pct,,20260913,25946871.826262873,619.5993140313823,760.8,760.8,310.41400485628725,79
D2_uswc_port_capacity_70pct_061,D2,uswc_port_capacity_70pct,,20260913,25958826.978285443,619.4029906600904,760.8,760.8,310.41400485628725,81
D2_uswc_port_capacity_70pct_062,D2,uswc_port_capacity_70pct,,20260919,26007335.75861181,619.1556538743874,760.8,760.8,30.181781053846432,81
D2_uswc_port_capacity_70pct_063,D2,uswc_port_capacity_70pct,,20260913,26011574.831758056,618.9913542873436,760.8,760.8,310.41400485628725,78
D2_uswc_port_capacity_70pct_064,D2,uswc_port_capacity_70pct,,20260931,26062340.511587944,618.7970319756217,760.8,760.8,550.9267594593167,81
D2_uswc_port_capacity_70pct_065,D2,uswc_port_capacity_70pct,,20260931,26125453.01278981,618.6323761731948,760.8,760.8,696.5978961416326,79
D2_uswc_port_capacity_70pct_066,D2,uswc_port_capacity_70pct,,20260931,26138746.589772716,617.802872873478,760.8,760.8,646.7372798160238,79
D2_uswc_port_capacity_70pct_067,D2,uswc_port_capacity_70pct,,20260931,26171088.2085634,617.7557151089011,760.8,760.8,609.2371098122395,75
D2_uswc_port_capacity_70pct_068,D2,uswc_port_capacity_70pct,,20260931,26197143.451928254,617.7463581497431,760.8,760.8,575.5640148537409,78
D2_uswc_port_capacity_70pct_069,D2,uswc_port_capacity_70pct,,20260931,26219361.646403305,617.4580331259637,760.8,760.8,536.7186845728801,82
D2_uswc_port_capacity_70pct_070,D2,uswc_port_capacity_70pct,,20260931,26263445.653080996,616.9166413514864,760.8,760.8,767.2740322725358,80
D2_uswc_port_capacity_70pct_071,D2,uswc_port_capacity_70pct,,20260931,26277365.86884906,616.863734176658,760.8,760.8,540.848410518347,80
D2_uswc_port_capacity_70pct_072,D2,uswc_port_capacity_70pct,,20260931,26298123.634990927,616.5913759420126,760.8,760.8,564.8077022043108,79
D2_uswc_port_capacity_70pct_073,D2,uswc_port_capacity_70pct,,20260931,26324294.730412174,616.2854156986594,760.8,760.8,529.266419865935,79
D2_uswc_port_capacity_70pct_074,D2,uswc_port_capacity_70pct,,20260931,26358534.970140927,616.0236952754311,760.8,760.8,546.359968432166,76
D2_uswc_port_capacity_70pct_075,D2,uswc_port_capacity_70pct,,20260931,26381436.4318607,615.9113010931335,760.8,760.8,492.9454983871559,80
D2_uswc_port_capacity_70pct_076,D2,uswc_port_capacity_70pct,,20260931,26384000.055012092,615.8999875974397,760.8,760.8,583.3099488944451,81
D2_uswc_port_capacity_70pct_077,D2,uswc_port_capacity_70pct,,20260931,26389347.633583065,615.7287810513116,760.8,760.8,575.1891434396235,81
D2_uswc_port_capacity_70pct_078,D2,uswc_port_capacity_70pct,,20260931,26409354.16714107,615.5591384001992,760.8,760.8,500.5602897030056,80
D2_uswc_port_capacity_70pct_079,D2,uswc_port_capacity_70pct,,20260931,26430668.134612054,615.4958414263484,760.8,760.8,673.049729001008,80
D2_uswc_port_capacity_70pct_080,D2,uswc_port_capacity_70pct,,20260931,26440948.993655767,615.3611409339243,760.8,760.8,515.3226462852131,79
D2_uswc_port_capacity_70pct_081,D2,uswc_port_capacity_70pct,,20260931,26523612.843240235,614.3036498497887,760.8,760.8,490.74987295496567,75
D2_uswc_port_capacity_70pct_082,D2,uswc_port_capacity_70pct,,20260931,26623847.63470524,613.415365353299,760.8,760.8,611.2707400615368,76
D2_uswc_port_capacity_70pct_083,D2,uswc_port_capacity_70pct,min_delivery_time,20260931,26654878.992789205,613.2728915036072,760.8,760.8,515.8718748499912,77
D3_la_lb_departure_delay_72h_001,D3,la_lb_departure_delay_72h,min_cost,20260924,29152453.65233205,704.7605897552082,772.8,772.8,8748.379443644444,71
D3_la_lb_departure_delay_72h_002,D3,la_lb_departure_delay_72h,,20260924,29156829.506010674,704.3383088094511,772.8,772.8,8672.808920215879,74
D3_la_lb_departure_delay_72h_003,D3,la_lb_departure_delay_72h,,20260924,29200917.02245717,704.1301873390261,772.8,772.8,8748.379443644444,72
D3_la_lb_departure_delay_72h_004,D3,la_lb_departure_delay_72h,,20260924,29239880.046626084,702.7088177199654,772.8,772.8,7214.214070316966,74
D3_la_lb_departure_delay_72h_005,D3,la_lb_departure_delay_72h,,20260924,29242588.770643745,702.6538963150831,772.8,772.8,8118.240483214091,73
D3_la_lb_departure_delay_72h_006,D3,la_lb_departure_delay_72h,,20260924,29242840.506702773,702.6444265794113,772.8,772.8,8118.240483214091,73
D3_la_lb_departure_delay_72h_007,D3,la_lb_departure_delay_72h,,20260924,29277472.737956073,702.16694170297,772.8,772.8,8183.387396541346,68
D3_la_lb_departure_delay_72h_008,D3,la_lb_departure_delay_72h,,20260924,29316178.32316455,701.768102946877,772.8,772.8,7904.209619147652,74
D3_la_lb_departure_delay_72h_009,D3,la_lb_departure_delay_72h,,20260924,29339417.0052447,701.2701946017135,772.8,772.8,7222.40315620115,74
D3_la_lb_departure_delay_72h_010,D3,la_lb_departure_delay_72h,,20260924,29369692.847850278,700.6666540008029,772.8,772.8,7084.225617369861,76
D3_la_lb_departure_delay_72h_011,D3,la_lb_departure_delay_72h,,20260924,29385309.346088793,700.5633207557132,772.8,772.8,7281.603764788215,77
D3_la_lb_departure_delay_72h_012,D3,la_lb_departure_delay_72h,,20260924,29442084.69918572,700.1936853364093,772.8,772.8,7365.188366199666,73
D3_la_lb_departure_delay_72h_013,D3,la_lb_departure_delay_72h,,20260924,29462252.9983081,699.4265345192248,772.8,772.8,7128.608642937907,71
D3_la_lb_departure_delay_72h_014,D3,la_lb_departure_delay_72h,,20260924,29508123.165744044,699.3055508212453,772.8,772.8,7524.382274362012,74
D3_la_lb_departure_delay_72h_015,D3,la_lb_departure_delay_72h,,20260924,29527994.50356927,699.1842471819607,772.8,772.8,7282.029767082546,73
D3_la_lb_departure_delay_72h_016,D3,la_lb_departure_delay_72h,,20260924,29551176.74617284,699.1153164590725,772.8,772.8,7281.236391230846,71
D3_la_lb_departure_delay_72h_017,D3,la_lb_departure_delay_72h,,20260924,29559306.047005072,699.1076862332081,772.8,772.8,7106.708984703576,76
D3_la_lb_departure_delay_72h_018,D3,la_lb_departure_delay_72h,,20260924,29567980.194986895,698.8525182031821,772.8,772.8,7278.630054964625,75
D3_la_lb_departure_delay_72h_019,D3,la_lb_departure_delay_72h,,20260924,29599638.40491203,698.6777595992853,772.8,772.8,7170.169052699331,76
D3_la_lb_departure_delay_72h_020,D3,la_lb_departure_delay_72h,,20260924,29601747.06317885,698.494472010704,772.8,772.8,6890.123208603205,74
D3_la_lb_departure_delay_72h_021,D3,la_lb_departure_delay_72h,,20260924,29619354.232127916,698.4433039954237,772.8,772.8,7177.483446175516,76
D3_la_lb_departure_delay_72h_022,D3,la_lb_departure_delay_72h,,20260924,29619593.392943338,698.261348964126,772.8,772.8,6614.326743599816,78
D3_la_lb_departure_delay_72h_023,D3,la_lb_departure_delay_72h,,20260924,29649456.32598437,698.1404855326352,772.8,772.8,7154.252302151832,74
D3_la_lb_departure_delay_72h_024,D3,la_lb_departure_delay_72h,,20260924,29707016.48558102,697.9688275005554,772.8,772.8,7218.788471712261,77
D3_la_lb_departure_delay_72h_025,D3,la_lb_departure_delay_72h,,20260924,29717284.0303669,697.9081381821226,772.8,772.8,6984.04818011173,80
D3_la_lb_departure_delay_72h_026,D3,la_lb_departure_delay_72h,,20260924,29739049.727879345,697.7679889000026,772.8,772.8,7092.145042639571,81
D3_la_lb_departure_delay_72h_027,D3,la_lb_departure_delay_72h,balanced,20260924,29743021.9233787,697.063727123192,772.8,772.8,6602.792828647505,77
D3_la_lb_departure_delay_72h_028,D3,la_lb_departure_delay_72h,,20260924,29766549.940878607,696.9416943392808,772.8,772.8,6602.792828647505,76
D3_la_lb_departure_delay_72h_029,D3,la_lb_departure_delay_72h,,20260924,29779245.113517128,696.8399973212257,772.8,772.8,6685.4846991644545,74
D3_la_lb_departure_delay_72h_030,D3,la_lb_departure_delay_72h,,20260924,29857552.322389167,696.8362667257888,772.8,772.8,7114.393908334513,74
D3_la_lb_departure_delay_72h_031,D3,la_lb_departure_delay_72h,,20260924,29861688.56789462,696.3230883918039,772.8,772.8,6872.960064111756,75
D3_la_lb_departure_delay_72h_032,D3,la_lb_departure_delay_72h,,20260924,29880050.041068383,696.0215830259041,772.8,772.8,6686.61524674524,74
D3_la_lb_departure_delay_72h_033,D3,la_lb_departure_delay_72h,,20260924,29936306.699900486,695.9250775321763,772.8,772.8,6966.255888607263,79
D3_la_lb_departure_delay_72h_034,D3,la_lb_departure_delay_72h,,20260915,30045044.495327674,694.8063370140557,772.8,772.8,6208.2343972235885,74
D3_la_lb_departure_delay_72h_035,D3,la_lb_departure_delay_72h,,20260915,30052613.29643644,694.4492320893299,772.8,772.8,6227.432835072269,73
D3_la_lb_departure_delay_72h_036,D3,la_lb_departure_delay_72h,,20260915,30186377.135705985,694.2239525165841,772.8,772.8,7021.468071163846,78
D3_la_lb_departure_delay_72h_037,D3,la_lb_departure_delay_72h,,20260915,30210923.173624232,694.1311565312774,772.8,772.8,7198.530411561481,77
D3_la_lb_departure_delay_72h_038,D3,la_lb_departure_delay_72h,,20260915,30251528.77699175,694.0194789162542,772.8,772.8,7373.874032778718,77
D3_la_lb_departure_delay_72h_039,D3,la_lb_departure_delay_72h,,20260926,30331673.576446,693.9048009251368,772.8,772.8,8218.2529383089,79
D3_la_lb_departure_delay_72h_040,D3,la_lb_departure_delay_72h,,20260926,30359292.23625639,693.8711265757314,772.8,772.8,8349.72660920761,75
D3_la_lb_departure_delay_72h_041,D3,la_lb_departure_delay_72h,,20260926,30384475.618322406,693.8227952019323,772.8,772.8,8527.625182356305,78
D3_la_lb_departure_delay_72h_042,D3,la_lb_departure_delay_72h,,20260926,30386738.49573613,693.5065450546064,772.8,772.8,8219.724355858776,79
D3_la_lb_departure_delay_72h_043,D3,la_lb_departure_delay_72h,,20260926,30403516.10344108,693.1563474179798,772.8,772.8,8326.269724338166,78
D3_la_lb_departure_delay_72h_044,D3,la_lb_departure_delay_72h,,20260915,30530191.184171513,693.0595993989979,772.8,772.8,8115.368613815956,74
D3_la_lb_departure_delay_72h_045,D3,la_lb_departure_delay_72h,,20260931,30565689.78095195,693.05601222945,772.8,772.8,9652.083642831263,79
D3_la_lb_departure_delay_72h_046,D3,la_lb_departure_delay_72h,,20260931,30599613.243409246,692.925187969448,772.8,772.8,9649.116752436776,80
D3_la_lb_departure_delay_72h_047,D3,la_lb_departure_delay_72h,min_delivery_time,20260931,30840667.6340246,692.9039000051813,772.8,772.8,11141.103781807838,79
D3_la_lb_port_capacity_50pct_001,D3,la_lb_port_capacity_50pct,min_cost,20260923,26674109.5122458,678.3233469962859,772.8,772.8,6842.5458838122,83
D3_la_lb_port_capacity_50pct_002,D3,la_lb_port_capacity_50pct,,20260923,26775806.1396421,678.0629886375426,772.8,772.8,7641.024376497218,85
D3_la_lb_port_capacity_50pct_003,D3,la_lb_port_capacity_50pct,,20260933,26793997.62472505,672.5892673132136,772.8,772.8,3524.473961581657,76
D3_la_lb_port_capacity_50pct_004,D3,la_lb_port_capacity_50pct,,20260926,26903015.277377523,672.1482904931647,772.8,772.8,6462.984708345168,74
D3_la_lb_port_capacity_50pct_005,D3,la_lb_port_capacity_50pct,,20260926,26947464.509492043,670.1251549306951,772.8,772.8,5342.823557892124,76
D3_la_lb_port_capacity_50pct_006,D3,la_lb_port_capacity_50pct,,20260926,27067307.08130653,669.3446473663009,772.8,772.8,5322.927353479496,78
D3_la_lb_port_capacity_50pct_007,D3,la_lb_port_capacity_50pct,,20260926,27154430.69329338,669.2820173730366,772.8,772.8,6173.548099061292,80
D3_la_lb_port_capacity_50pct_008,D3,la_lb_port_capacity_50pct,,20260926,27204952.45452424,669.1846791873061,772.8,772.8,6293.356827499657,77
D3_la_lb_port_capacity_50pct_009,D3,la_lb_port_capacity_50pct,,20260926,27217624.430954255,668.6365126534024,772.8,772.8,6235.957455395211,80
D3_la_lb_port_capacity_50pct_010,D3,la_lb_port_capacity_50pct,,20260926,27232589.87430428,668.6306855806351,772.8,772.8,6036.637700274275,81
D3_la_lb_port_capacity_50pct_011,D3,la_lb_port_capacity_50pct,,20260917,27254130.189195752,667.72380519518,772.8,772.8,4080.512777991886,82
D3_la_lb_port_capacity_50pct_012,D3,la_lb_port_capacity_50pct,,20260917,27287217.838743053,666.9606495345805,772.8,772.8,4188.377430052095,80
D3_la_lb_port_capacity_50pct_013,D3,la_lb_port_capacity_50pct,,20260917,27321595.50225975,666.7664718228934,772.8,772.8,4239.734745526842,80
D3_la_lb_port_capacity_50pct_014,D3,la_lb_port_capacity_50pct,,20260917,27346091.28223073,666.4103506816634,772.8,772.8,4188.093809618536,82
D3_la_lb_port_capacity_50pct_015,D3,la_lb_port_capacity_50pct,,20260917,27451578.609544355,666.1724953660703,772.8,772.8,4392.826231428852,86
D3_la_lb_port_capacity_50pct_016,D3,la_lb_port_capacity_50pct,balanced,20260917,27483681.56120275,664.5252433200967,772.8,772.8,3977.395855412796,80
D3_la_lb_port_capacity_50pct_017,D3,la_lb_port_capacity_50pct,,20260917,27577885.549761698,663.9542712559775,772.8,772.8,3905.973012214171,83
D3_la_lb_port_capacity_50pct_018,D3,la_lb_port_capacity_50pct,,20260917,27712776.334114134,663.4804318082591,772.8,772.8,4266.029533718558,83
D3_la_lb_port_capacity_50pct_019,D3,la_lb_port_capacity_50pct,,20260932,27723998.64905944,662.8869469569073,772.8,772.8,4224.366079765219,83
D3_la_lb_port_capacity_50pct_020,D3,la_lb_port_capacity_50pct,,20260917,27930764.94378103,662.7811294138833,772.8,772.8,5114.237457629275,85
D3_la_lb_port_capacity_50pct_021,D3,la_lb_port_capacity_50pct,,20260917,27947450.847128257,662.4983044479251,772.8,772.8,5028.730815276553,82
D3_la_lb_port_capacity_50pct_022,D3,la_lb_port_capacity_50pct,,20260924,27987145.48809528,662.4628775843594,772.8,772.8,4997.09008774173,73
D3_la_lb_port_capacity_50pct_023,D3,la_lb_port_capacity_50pct,,20260917,28055841.19155827,662.324615085484,772.8,772.8,6120.381091942022,86
D3_la_lb_port_capacity_50pct_024,D3,la_lb_port_capacity_50pct,,20260917,28063465.313593417,662.0885956201581,772.8,772.8,5921.3365977800595,85
D3_la_lb_port_capacity_50pct_025,D3,la_lb_port_capacity_50pct,,20260917,28073571.524749197,662.0003635477573,772.8,772.8,5921.3365977800595,85
D3_la_lb_port_capacity_50pct_026,D3,la_lb_port_capacity_50pct,,20260917,28090055.71889036,661.9883755807703,772.8,772.8,5926.924377913796,92
D3_la_lb_port_capacity_50pct_027,D3,la_lb_port_capacity_50pct,,20260932,28091859.876732536,661.1438428446727,772.8,772.8,5156.05540945749,83
D3_la_lb_port_capacity_50pct_028,D3,la_lb_port_capacity_50pct,,20260917,28098005.748408332,661.1130882912878,772.8,772.8,5393.564503007309,86
D3_la_lb_port_capacity_50pct_029,D3,la_lb_port_capacity_50pct,,20260932,28317548.231368326,660.9412148586879,772.8,772.8,6284.670744968834,84
D3_la_lb_port_capacity_50pct_030,D3,la_lb_port_capacity_50pct,,20260922,28321821.404892784,660.9021455049599,772.8,772.8,6353.304031780405,81
D3_la_lb_port_capacity_50pct_031,D3,la_lb_port_capacity_50pct,,20260919,28328912.325406875,660.6611022566018,772.8,772.8,6505.98221971245,73
D3_la_lb_port_capacity_50pct_032,D3,la_lb_port_capacity_50pct,,20260909,28471930.15819454,660.0088300318506,772.8,772.8,7773.705194567504,81
D3_la_lb_port_capacity_50pct_033,D3,la_lb_port_capacity_50pct,,20260925,28605778.62101071,659.9489613788302,772.8,772.8,7505.444243288751,87
D3_la_lb_port_capacity_50pct_034,D3,la_lb_port_capacity_50pct,,20260909,28629636.459658924,659.6513212820396,772.8,772.8,8604.11284939609,86
D3_la_lb_port_capacity_50pct_035,D3,la_lb_port_capacity_50pct,,20260931,28776752.94111463,659.329304572637,772.8,772.8,6986.89038358777,78
D3_la_lb_port_capacity_50pct_036,D3,la_lb_port_capacity_50pct,,20260907,28873148.85332878,658.2658513284327,772.8,772.8,8910.722902342524,82
D3_la_lb_port_capacity_50pct_037,D3,la_lb_port_capacity_50pct,,20260909,29147706.41018267,658.1679781828286,772.8,772.8,9887.870154220875,84
D3_la_lb_port_capacity_50pct_038,D3,la_lb_port_capacity_50pct,min_delivery_time,20260925,29157031.559254948,657.9484447214204,772.8,772.8,9609.925206985703,89
D3_pilot_baseline_001,D3,pilot_baseline,min_cost,20260932,26576332.611434035,661.8213301229198,772.8,772.8,894.4083318110808,77
D3_pilot_baseline_002,D3,pilot_baseline,,20260923,26640396.08262353,661.4234514165981,772.8,772.8,1322.3755367524077,83
D3_pilot_baseline_003,D3,pilot_baseline,,20260923,26673754.848109253,659.809121166826,772.8,772.8,841.4672118645583,82
D3_pilot_baseline_004,D3,pilot_baseline,,20260923,26681325.060295373,659.2333516476509,772.8,772.8,811.5209421762113,83
D3_pilot_baseline_005,D3,pilot_baseline,,20260932,26693610.801710643,656.9249325591071,772.8,772.8,487.25731656814673,77
D3_pilot_baseline_006,D3,pilot_baseline,,20260923,26771840.701283965,656.8919301690811,772.8,772.8,671.792515302317,80
D3_pilot_baseline_007,D3,pilot_baseline,,20260932,26787297.037885573,656.8780857790117,772.8,772.8,1399.3555904506206,79
D3_pilot_baseline_008,D3,pilot_baseline,,20260923,26789000.274041586,656.5842034409304,772.8,772.8,696.6634325811448,81
D3_pilot_baseline_009,D3,pilot_baseline,,20260923,26806069.912465908,655.5060907891888,772.8,772.8,386.7706559608438,81
D3_pilot_baseline_010,D3,pilot_baseline,,20260932,26830903.653138798,653.9487132672075,772.8,772.8,460.27199335766966,76
D3_pilot_baseline_011,D3,pilot_baseline,,20260932,26869519.42661224,652.9531734660951,772.8,772.8,392.816965722725,79
D3_pilot_baseline_012,D3,pilot_baseline,,20260932,26962419.841347888,651.7245950647814,772.8,772.8,395.85631851576824,76
D3_pilot_baseline_013,D3,pilot_baseline,,20260932,27019365.748485465,651.3503080552316,772.8,772.8,536.7983426124288,76
D3_pilot_baseline_014,D3,pilot_baseline,,20260932,27023803.91132418,651.3127880278809,772.8,772.8,536.7983426124288,76
D3_pilot_baseline_015,D3,pilot_baseline,,20260932,27026442.127510384,651.310931600027,772.8,772.8,808.4107350090412,81
D3_pilot_baseline_016,D3,pilot_baseline,,20260932,27046774.51493893,649.8382638270546,772.8,772.8,378.48418086263206,82
D3_pilot_baseline_017,D3,pilot_baseline,,20260932,27062583.44661119,649.6419505408586,772.8,772.8,417.3625340682557,79
D3_pilot_baseline_018,D3,pilot_baseline,,20260932,27073163.297885943,649.0292266926881,772.8,772.8,443.96497120028755,78
D3_pilot_baseline_019,D3,pilot_baseline,,20260926,27111657.972461287,648.8876580144467,772.8,772.8,257.67716885092705,77
D3_pilot_baseline_020,D3,pilot_baseline,,20260932,27126723.5914174,648.8354471800443,772.8,772.8,492.78619329223534,81
D3_pilot_baseline_021,D3,pilot_baseline,,20260932,27131884.70842643,647.5811273096549,739.2,739.2,398.545812812687,78
D3_pilot_baseline_022,D3,pilot_baseline,,20260932,27192485.065201007,647.0886954962908,772.8,772.8,383.41571658565505,81
D3_pilot_baseline_023,D3,pilot_baseline,,20260932,27210772.689231902,646.7047394398136,772.8,772.8,344.72547357856683,81
D3_pilot_baseline_024,D3,pilot_baseline,,20260932,27236888.85099846,646.6779812095456,739.2,739.2,320.030782423427,77
D3_pilot_baseline_025,D3,pilot_baseline,,20260932,27243489.943835612,645.5897368301233,772.8,772.8,335.9436399809009,79
D3_pilot_baseline_026,D3,pilot_baseline,,20260932,27297061.576034006,645.0514403672748,772.8,772.8,363.39210056785316,82
D3_pilot_baseline_027,D3,pilot_baseline,,20260913,27323440.728353232,644.9035468932489,739.2,739.2,609.971521378217,86
D3_pilot_baseline_028,D3,pilot_baseline,,20260932,27324230.645164542,644.7500067169206,772.8,772.8,326.9952601757878,78
D3_pilot_baseline_029,D3,pilot_baseline,,20260932,27344667.025819764,644.4183097202846,739.2,739.2,287.2486867061486,79
D3_pilot_baseline_030,D3,pilot_baseline,,20260926,27345367.240201388,644.0941339029658,772.8,772.8,433.65219846986474,78
D3_pilot_baseline_031,D3,pilot_baseline,,20260926,27347951.38283946,644.0686111199308,772.8,772.8,433.65219846986474,78
D3_pilot_baseline_032,D3,pilot_baseline,,20260907,27371387.73085083,643.7984353871527,772.8,772.8,677.2338444489708,78
D3_pilot_baseline_033,D3,pilot_baseline,,20260926,27382356.025026947,643.2640466335648,772.8,772.8,433.65219846986474,75
D3_pilot_baseline_034,D3,pilot_baseline,,20260913,27403189.1888302,642.8582171455923,739.2,739.2,577.5691081404714,84
D3_pilot_baseline_035,D3,pilot_baseline,,20260913,27412462.477229394,642.5973724235597,739.2,739.2,496.47818247043165,87
D3_pilot_baseline_036,D3,pilot_baseline,balanced,20260932,27417192.263126392,642.3718076211804,739.2,739.2,252.19923811033976,78
D3_pilot_baseline_037,D3,pilot_baseline,,20260926,27429169.62883351,642.2868151613222,772.8,772.8,475.7017609270697,75
D3_pilot_baseline_038,D3,pilot_baseline,,20260932,27442114.455498327,642.002584175591,739.2,739.2,246.8236945562543,77
D3_pilot_baseline_039,D3,pilot_baseline,,20260911,27465805.86823922,641.9111333988986,772.8,772.8,372.1219993000034,78
D3_pilot_baseline_040,D3,pilot_baseline,,20260932,27496827.886138298,641.4801278350506,739.2,739.2,266.2253606156967,76
D3_pilot_baseline_041,D3,pilot_baseline,,20260929,27522060.474037446,641.4526292778002,772.8,772.8,508.8554767007148,77
D3_pilot_baseline_042,D3,pilot_baseline,,20260930,27529732.67960582,641.0166893924949,772.8,772.8,369.9758521053242,82
D3_pilot_baseline_043,D3,pilot_baseline,,20260911,27547911.847124938,640.9260695150616,772.8,772.8,426.16893355259276,77
D3_pilot_baseline_044,D3,pilot_baseline,,20260929,27550121.0572488,640.2505485068748,772.8,772.8,411.32083411308906,78
D3_pilot_baseline_045,D3,pilot_baseline,,20260907,27580334.82143745,640.0393820199846,772.8,772.8,722.2540432795332,77
D3_pilot_baseline_046,D3,pilot_baseline,,20260906,27593387.064369347,639.7576673216292,772.8,772.8,466.0438932319166,78
D3_pilot_baseline_047,D3,pilot_baseline,,20260929,27630395.33042214,639.4714154959914,772.8,772.8,404.8095292267017,79
D3_pilot_baseline_048,D3,pilot_baseline,,20260906,27631761.044654634,639.3812672338424,772.8,772.8,549.8550610074656,74
D3_pilot_baseline_049,D3,pilot_baseline,,20260914,27638729.956879683,639.0769029108418,772.8,772.8,172.20911895340288,79
D3_pilot_baseline_050,D3,pilot_baseline,,20260911,27642818.33045243,638.669349360385,772.8,772.8,276.00000000000136,75
D3_pilot_baseline_051,D3,pilot_baseline,,20260907,27664878.684072804,638.4825970687725,772.8,772.8,550.2270362993922,75
D3_pilot_baseline_052,D3,pilot_baseline,,20260907,27679532.26776552,638.0040425240385,772.8,772.8,553.6743602198766,74
D3_pilot_baseline_053,D3,pilot_baseline,,20260907,27707934.182482336,637.5256341512203,772.8,772.8,469.5518680180312,72
D3_pilot_baseline_054,D3,pilot_baseline,,20260929,27742777.101409726,637.1491016110156,772.8,772.8,400.4712969569268,82
D3_pilot_baseline_055,D3,pilot_baseline,,20260929,27776016.9319294,637.1223277475217,772.8,772.8,410.3115037000098,78
D3_pilot_baseline_056,D3,pilot_baseline,,20260931,27783302.834795497,635.5445716862802,772.8,772.8,85.99444708866646,77
D3_pilot_baseline_057,D3,pilot_baseline,,20260914,27857275.620715957,635.467158191678,772.8,772.8,249.9982610702719,77
D3_pilot_baseline_058,D3,pilot_baseline,,20260907,27883052.747887503,635.4283766083394,772.8,772.8,543.6000579951917,76
D3_pilot_baseline_059,D3,pilot_baseline,,20260918,27949334.37622791,634.9665957586682,772.8,772.8,707.4992617173311,83
D3_pilot_baseline_060,D3,pilot_baseline,,20260931,27960434.894237146,634.5819840222651,772.8,772.8,368.4113062952155,83
D3_pilot_baseline_061,D3,pilot_baseline,,20260914,27976000.56065584,634.5298904578734,772.8,772.8,469.64732391364953,82
D3_pilot_baseline_062,D3,pilot_baseline,,20260931,28032074.82568361,634.2009414968325,772.8,772.8,406.6643947569516,82
D3_pilot_baseline_063,D3,pilot_baseline,,20260916,28057628.575082324,633.5279700894674,772.8,772.8,614.2430434599971,78
D3_pilot_baseline_064,D3,pilot_baseline,,20260916,28068174.51347062,633.027109012823,772.8,772.8,614.2430434599971,77
D3_pilot_baseline_065,D3,pilot_baseline,,20260918,28103042.832278684,632.6691331785843,772.8,772.8,557.4449440377302,82
D3_pilot_baseline_066,D3,pilot_baseline,,20260931,28168448.21915646,632.3467983292057,772.8,772.8,74.65184063544575,78
D3_pilot_baseline_067,D3,pilot_baseline,,20260916,28169057.70775276,631.4849769759304,772.8,772.8,605.6148238754677,76
D3_pilot_baseline_068,D3,pilot_baseline,,20260918,28218641.61805294,630.5044633017545,739.2,739.2,909.4571503311669,88
D3_pilot_baseline_069,D3,pilot_baseline,,20260916,28309707.387752768,630.2959309602178,772.8,772.8,605.6148238754677,76
D3_pilot_baseline_070,D3,pilot_baseline,,20260918,28458369.659663968,628.8034578149013,739.2,739.2,1087.7830420636185,86
D3_pilot_baseline_071,D3,pilot_baseline,min_delivery_time,20260914,28609050.379138157,628.0642444823245,772.8,772.8,562.0623656247111,76
D3_seattle_tacoma_departure_delay_72h_001,D3,seattle_tacoma_departure_delay_72h,min_cost,20260912,27836448.613146864,644.4199197431384,806.4,806.4,3192.4024342562016,75
D3_seattle_tacoma_departure_delay_72h_002,D3,seattle_tacoma_departure_delay_72h,,20260912,27843572.42566125,643.9246552042365,806.4,806.4,3192.4024342562016,75
D3_seattle_tacoma_departure_delay_72h_003,D3,seattle_tacoma_departure_delay_72h,,20260912,27855525.751886006,638.0290807214616,806.4,806.4,282.95109680404215,75
D3_seattle_tacoma_departure_delay_72h_004,D3,seattle_tacoma_departure_delay_72h,,20260923,27870055.458928756,636.3629101452838,806.4,806.4,35.42637553644121,74
D3_seattle_tacoma_departure_delay_72h_005,D3,seattle_tacoma_departure_delay_72h,,20260923,27876701.999807235,636.3092425125692,806.4,806.4,37.04170416265482,74
D3_seattle_tacoma_departure_delay_72h_006,D3,seattle_tacoma_departure_delay_72h,,20260923,27901672.58356295,635.5043009816858,806.4,806.4,141.83917147893288,72
D3_seattle_tacoma_departure_delay_72h_007,D3,seattle_tacoma_departure_delay_72h,,20260923,27904286.39882864,635.1070095587767,806.4,806.4,148.69579557899425,72
D3_seattle_tacoma_departure_delay_72h_008,D3,seattle_tacoma_departure_delay_72h,,20260923,27926987.286263425,634.1965184559369,806.4,806.4,137.6465793700062,72
D3_seattle_tacoma_departure_delay_72h_009,D3,seattle_tacoma_departure_delay_72h,,20260923,27940959.450106222,633.7709650087809,806.4,806.4,125.6005170456837,77
D3_seattle_tacoma_departure_delay_72h_010,D3,seattle_tacoma_departure_delay_72h,,20260923,27951561.81074579,632.7217161483052,806.4,806.4,48.8767050788407,74
D3_seattle_tacoma_departure_delay_72h_011,D3,seattle_tacoma_departure_delay_72h,,20260923,27977578.233675856,632.6260186688576,806.4,806.4,52.70554061676242,75
D3_seattle_tacoma_departure_delay_72h_012,D3,seattle_tacoma_departure_delay_72h,,20260923,27983122.129631944,631.8729584413314,806.4,806.4,43.06730334620412,74
D3_seattle_tacoma_departure_delay_72h_013,D3,seattle_tacoma_departure_delay_72h,,20260923,27983269.2463796,631.8717147230191,806.4,806.4,43.06730334620412,74
D3_seattle_tacoma_departure_delay_72h_014,D3,seattle_tacoma_departure_delay_72h,,20260933,28007448.795532428,631.1527442255953,806.4,806.4,83.34509000795518,75
D3_seattle_tacoma_departure_delay_72h_015,D3,seattle_tacoma_departure_delay_72h,,20260911,28014455.944803186,630.8625025531312,806.4,806.4,0.0,73
D3_seattle_tacoma_departure_delay_72h_016,D3,seattle_tacoma_departure_delay_72h,,20260912,28044291.378900535,630.1725687140314,806.4,806.4,125.55905911115303,74
D3_seattle_tacoma_departure_delay_72h_017,D3,seattle_tacoma_departure_delay_72h,,20260912,28064213.848538104,630.147484179428,806.4,806.4,120.100834905012,76
D3_seattle_tacoma_departure_delay_72h_018,D3,seattle_tacoma_departure_delay_72h,,20260927,28066316.367606044,630.0297538482052,806.4,806.4,592.1630071008233,73
D3_seattle_tacoma_departure_delay_72h_019,D3,seattle_tacoma_departure_delay_72h,,20260927,28078002.29648972,630.0190830896563,806.4,806.4,621.4042030415288,73
D3_seattle_tacoma_departure_delay_72h_020,D3,seattle_tacoma_departure_delay_72h,,20260912,28080198.67578875,629.9383655413468,806.4,806.4,124.47046548700202,76
D3_seattle_tacoma_departure_delay_72h_021,D3,seattle_tacoma_departure_delay_72h,,20260912,28083788.94407982,629.9349981528441,806.4,806.4,123.61230646161647,75
D3_seattle_tacoma_departure_delay_72h_022,D3,seattle_tacoma_departure_delay_72h,,20260933,28091915.00710965,629.1783540933769,806.4,806.4,20.83047415998497,74
D3_seattle_tacoma_departure_delay_72h_023,D3,seattle_tacoma_departure_delay_72h,balanced,20260927,28118864.004551455,628.4602497831422,664.6,664.6,0.0,69
D3_seattle_tacoma_departure_delay_72h_024,D3,seattle_tacoma_departure_delay_72h,,20260933,28146824.80016009,628.2490917241118,664.6,664.6,0.0,75
D3_seattle_tacoma_departure_delay_72h_025,D3,seattle_tacoma_departure_delay_72h,,20260927,28164127.409180406,628.0796424796102,664.6,664.6,0.0,72
D3_seattle_tacoma_departure_delay_72h_026,D3,seattle_tacoma_departure_delay_72h,,20260927,28191360.914025538,627.927304217624,664.6,664.6,0.0,70
D3_seattle_tacoma_departure_delay_72h_027,D3,seattle_tacoma_departure_delay_72h,,20260933,28199494.48036723,627.8968913471728,664.6,664.6,0.0,76
D3_seattle_tacoma_departure_delay_72h_028,D3,seattle_tacoma_departure_delay_72h,,20260927,28212373.736284144,627.7550766367775,664.6,664.6,0.0,73
D3_seattle_tacoma_departure_delay_72h_029,D3,seattle_tacoma_departure_delay_72h,,20260929,28265236.443716455,627.7387307649332,664.6,664.6,372.742797692164,71
D3_seattle_tacoma_departure_delay_72h_030,D3,seattle_tacoma_departure_delay_72h,,20260935,28276247.350348145,627.6601143290505,664.6,664.6,276.00000000000136,74
D3_seattle_tacoma_departure_delay_72h_031,D3,seattle_tacoma_departure_delay_72h,,20260927,28290745.416324608,627.106316449256,664.6,664.6,0.0,70
D3_seattle_tacoma_departure_delay_72h_032,D3,seattle_tacoma_departure_delay_72h,,20260935,28313757.89492993,627.0038377097707,664.6,664.6,110.35090421010209,76
D3_seattle_tacoma_departure_delay_72h_033,D3,seattle_tacoma_departure_delay_72h,,20260933,28330565.70249094,626.8374907550434,664.6,664.6,0.0,76
D3_seattle_tacoma_departure_delay_72h_034,D3,seattle_tacoma_departure_delay_72h,,20260935,28339965.8506907,626.6644881546184,664.6,664.6,52.12213067656871,76
D3_seattle_tacoma_departure_delay_72h_035,D3,seattle_tacoma_departure_delay_72h,,20260917,28365672.50467317,626.5884817631637,664.6,664.6,148.16004549630554,72
D3_seattle_tacoma_departure_delay_72h_036,D3,seattle_tacoma_departure_delay_72h,,20260923,28392369.530373357,626.4992488362377,664.6,664.6,151.70297479939467,74
D3_seattle_tacoma_departure_delay_72h_037,D3,seattle_tacoma_departure_delay_72h,,20260923,28395443.03597288,626.383190016922,664.6,664.6,145.82756529593934,73
D3_seattle_tacoma_departure_delay_72h_038,D3,seattle_tacoma_departure_delay_72h,,20260933,28397651.748802748,626.1696539950567,664.6,664.6,0.0,79
D3_seattle_tacoma_departure_delay_72h_039,D3,seattle_tacoma_departure_delay_72h,,20260933,28428975.869820286,625.9684798561934,664.6,664.6,0.0,80
D3_seattle_tacoma_departure_delay_72h_040,D3,seattle_tacoma_departure_delay_72h,,20260923,28469878.51920104,625.7738026860014,664.6,664.6,135.74028363135088,73
D3_seattle_tacoma_departure_delay_72h_041,D3,seattle_tacoma_departure_delay_72h,,20260917,28493898.504790116,625.5111310166089,664.6,664.6,146.76958162931427,72
D3_seattle_tacoma_departure_delay_72h_042,D3,seattle_tacoma_departure_delay_72h,,20260917,28517589.370959673,625.3581351930648,664.6,664.6,144.98115469707554,74
D3_seattle_tacoma_departure_delay_72h_043,D3,seattle_tacoma_departure_delay_72h,,20260918,28577625.44302507,625.3190943316969,664.6,664.6,142.23673363675985,76
D3_seattle_tacoma_departure_delay_72h_044,D3,seattle_tacoma_departure_delay_72h,,20260935,28587056.76812645,625.0755859649316,664.6,664.6,276.00000000000136,80
D3_seattle_tacoma_departure_delay_72h_045,D3,seattle_tacoma_departure_delay_72h,,20260913,28603230.288838945,624.9073991801839,664.6,664.6,119.28042300043032,72
D3_seattle_tacoma_departure_delay_72h_046,D3,seattle_tacoma_departure_delay_72h,,20260913,28625988.22014981,624.7296021327392,664.6,664.6,110.12046997056076,71
D3_seattle_tacoma_departure_delay_72h_047,D3,seattle_tacoma_departure_delay_72h,,20260913,28637952.15733111,624.6426250315011,664.6,664.6,119.28042300043032,71
D3_seattle_tacoma_departure_delay_72h_048,D3,seattle_tacoma_departure_delay_72h,,20260913,28692488.233189456,624.0799566712068,664.6,664.6,110.89063896224043,71
D3_seattle_tacoma_departure_delay_72h_049,D3,seattle_tacoma_departure_delay_72h,min_delivery_time,20260913,28810199.53981872,623.228279093574,664.6,664.6,138.44026454110562,71
D3_seattle_tacoma_port_capacity_50pct_001,D3,seattle_tacoma_port_capacity_50pct,min_cost,20260932,26576332.611434035,661.8213301229198,772.8,772.8,894.4083318110808,77
D3_seattle_tacoma_port_capacity_50pct_002,D3,seattle_tacoma_port_capacity_50pct,,20260923,26640396.08262353,661.4234514165981,772.8,772.8,1322.3755367524077,83
D3_seattle_tacoma_port_capacity_50pct_003,D3,seattle_tacoma_port_capacity_50pct,,20260923,26673754.848109253,659.809121166826,772.8,772.8,841.4672118645583,82
D3_seattle_tacoma_port_capacity_50pct_004,D3,seattle_tacoma_port_capacity_50pct,,20260923,26681325.060295373,659.2333516476509,772.8,772.8,811.5209421762113,83
D3_seattle_tacoma_port_capacity_50pct_005,D3,seattle_tacoma_port_capacity_50pct,,20260932,26693610.801710643,656.9249325591071,772.8,772.8,487.25731656814673,77
D3_seattle_tacoma_port_capacity_50pct_006,D3,seattle_tacoma_port_capacity_50pct,,20260923,26771840.701283965,656.8919301690811,772.8,772.8,671.792515302317,80
D3_seattle_tacoma_port_capacity_50pct_007,D3,seattle_tacoma_port_capacity_50pct,,20260932,26787297.037885573,656.8780857790117,772.8,772.8,1399.3555904506206,79
D3_seattle_tacoma_port_capacity_50pct_008,D3,seattle_tacoma_port_capacity_50pct,,20260923,26789000.274041586,656.5842034409304,772.8,772.8,696.6634325811448,81
D3_seattle_tacoma_port_capacity_50pct_009,D3,seattle_tacoma_port_capacity_50pct,,20260923,26806069.912465908,655.5060907891888,772.8,772.8,386.7706559608438,81
D3_seattle_tacoma_port_capacity_50pct_010,D3,seattle_tacoma_port_capacity_50pct,,20260932,26830903.653138798,653.9487132672075,772.8,772.8,460.27199335766966,76
D3_seattle_tacoma_port_capacity_50pct_011,D3,seattle_tacoma_port_capacity_50pct,,20260932,26869519.42661224,652.9531734660951,772.8,772.8,392.816965722725,79
D3_seattle_tacoma_port_capacity_50pct_012,D3,seattle_tacoma_port_capacity_50pct,,20260932,26962419.841347888,651.7245950647814,772.8,772.8,395.85631851576824,76
D3_seattle_tacoma_port_capacity_50pct_013,D3,seattle_tacoma_port_capacity_50pct,,20260932,27019365.748485465,651.3503080552316,772.8,772.8,536.7983426124288,76
D3_seattle_tacoma_port_capacity_50pct_014,D3,seattle_tacoma_port_capacity_50pct,,20260932,27023803.91132418,651.3127880278809,772.8,772.8,536.7983426124288,76
D3_seattle_tacoma_port_capacity_50pct_015,D3,seattle_tacoma_port_capacity_50pct,,20260932,27026442.127510384,651.310931600027,772.8,772.8,808.4107350090412,81
D3_seattle_tacoma_port_capacity_50pct_016,D3,seattle_tacoma_port_capacity_50pct,,20260932,27046774.51493893,649.8382638270546,772.8,772.8,378.48418086263206,82
D3_seattle_tacoma_port_capacity_50pct_017,D3,seattle_tacoma_port_capacity_50pct,,20260932,27062583.44661119,649.6419505408586,772.8,772.8,417.3625340682557,79
D3_seattle_tacoma_port_capacity_50pct_018,D3,seattle_tacoma_port_capacity_50pct,,20260932,27073163.297885943,649.0292266926881,772.8,772.8,443.96497120028755,78
D3_seattle_tacoma_port_capacity_50pct_019,D3,seattle_tacoma_port_capacity_50pct,,20260926,27111657.972461287,648.8876580144467,772.8,772.8,257.67716885092705,77
D3_seattle_tacoma_port_capacity_50pct_020,D3,seattle_tacoma_port_capacity_50pct,,20260932,27126723.5914174,648.8354471800443,772.8,772.8,492.78619329223534,81
D3_seattle_tacoma_port_capacity_50pct_021,D3,seattle_tacoma_port_capacity_50pct,,20260932,27131884.70842643,647.5811273096549,739.2,739.2,398.545812812687,78
D3_seattle_tacoma_port_capacity_50pct_022,D3,seattle_tacoma_port_capacity_50pct,,20260932,27192485.065201007,647.0886954962908,772.8,772.8,383.41571658565505,81
D3_seattle_tacoma_port_capacity_50pct_023,D3,seattle_tacoma_port_capacity_50pct,,20260932,27210772.689231902,646.7047394398136,772.8,772.8,344.72547357856683,81
D3_seattle_tacoma_port_capacity_50pct_024,D3,seattle_tacoma_port_capacity_50pct,,20260932,27236888.85099846,646.6779812095456,739.2,739.2,320.030782423427,77
D3_seattle_tacoma_port_capacity_50pct_025,D3,seattle_tacoma_port_capacity_50pct,,20260932,27243489.943835612,645.5897368301233,772.8,772.8,335.9436399809009,79
D3_seattle_tacoma_port_capacity_50pct_026,D3,seattle_tacoma_port_capacity_50pct,,20260932,27297061.576034006,645.0514403672748,772.8,772.8,363.39210056785316,82
D3_seattle_tacoma_port_capacity_50pct_027,D3,seattle_tacoma_port_capacity_50pct,,20260913,27323440.728353232,644.9035468932489,739.2,739.2,609.971521378217,86
D3_seattle_tacoma_port_capacity_50pct_028,D3,seattle_tacoma_port_capacity_50pct,,20260932,27324230.645164542,644.7500067169206,772.8,772.8,326.9952601757878,78
D3_seattle_tacoma_port_capacity_50pct_029,D3,seattle_tacoma_port_capacity_50pct,,20260932,27344667.025819764,644.4183097202846,739.2,739.2,287.2486867061486,79
D3_seattle_tacoma_port_capacity_50pct_030,D3,seattle_tacoma_port_capacity_50pct,,20260926,27345367.240201388,644.0941339029658,772.8,772.8,433.65219846986474,78
D3_seattle_tacoma_port_capacity_50pct_031,D3,seattle_tacoma_port_capacity_50pct,,20260926,27347951.38283946,644.0686111199308,772.8,772.8,433.65219846986474,78
D3_seattle_tacoma_port_capacity_50pct_032,D3,seattle_tacoma_port_capacity_50pct,,20260907,27371387.73085083,643.7984353871527,772.8,772.8,677.2338444489708,78
D3_seattle_tacoma_port_capacity_50pct_033,D3,seattle_tacoma_port_capacity_50pct,,20260926,27382356.025026947,643.2640466335648,772.8,772.8,433.65219846986474,75
D3_seattle_tacoma_port_capacity_50pct_034,D3,seattle_tacoma_port_capacity_50pct,,20260913,27403189.1888302,642.8582171455923,739.2,739.2,577.5691081404714,84
D3_seattle_tacoma_port_capacity_50pct_035,D3,seattle_tacoma_port_capacity_50pct,,20260913,27412462.477229394,642.5973724235597,739.2,739.2,496.47818247043165,87
D3_seattle_tacoma_port_capacity_50pct_036,D3,seattle_tacoma_port_capacity_50pct,balanced,20260932,27417192.263126392,642.3718076211804,739.2,739.2,252.19923811033976,78
D3_seattle_tacoma_port_capacity_50pct_037,D3,seattle_tacoma_port_capacity_50pct,,20260926,27429169.62883351,642.2868151613222,772.8,772.8,475.7017609270697,75
D3_seattle_tacoma_port_capacity_50pct_038,D3,seattle_tacoma_port_capacity_50pct,,20260932,27442114.455498327,642.002584175591,739.2,739.2,246.8236945562543,77
D3_seattle_tacoma_port_capacity_50pct_039,D3,seattle_tacoma_port_capacity_50pct,,20260911,27465805.86823922,641.9111333988986,772.8,772.8,372.1219993000034,78
D3_seattle_tacoma_port_capacity_50pct_040,D3,seattle_tacoma_port_capacity_50pct,,20260932,27496827.886138298,641.4801278350506,739.2,739.2,266.2253606156967,76
D3_seattle_tacoma_port_capacity_50pct_041,D3,seattle_tacoma_port_capacity_50pct,,20260929,27522060.474037446,641.4526292778002,772.8,772.8,508.8554767007148,77
D3_seattle_tacoma_port_capacity_50pct_042,D3,seattle_tacoma_port_capacity_50pct,,20260930,27529732.67960582,641.0166893924949,772.8,772.8,369.9758521053242,82
D3_seattle_tacoma_port_capacity_50pct_043,D3,seattle_tacoma_port_capacity_50pct,,20260911,27547911.847124938,640.9260695150616,772.8,772.8,426.16893355259276,77
D3_seattle_tacoma_port_capacity_50pct_044,D3,seattle_tacoma_port_capacity_50pct,,20260929,27550121.0572488,640.2505485068748,772.8,772.8,411.32083411308906,78
D3_seattle_tacoma_port_capacity_50pct_045,D3,seattle_tacoma_port_capacity_50pct,,20260907,27580334.82143745,640.0393820199846,772.8,772.8,722.2540432795332,77
D3_seattle_tacoma_port_capacity_50pct_046,D3,seattle_tacoma_port_capacity_50pct,,20260906,27593387.064369347,639.7576673216292,772.8,772.8,466.0438932319166,78
D3_seattle_tacoma_port_capacity_50pct_047,D3,seattle_tacoma_port_capacity_50pct,,20260929,27630395.33042214,639.4714154959914,772.8,772.8,404.8095292267017,79
D3_seattle_tacoma_port_capacity_50pct_048,D3,seattle_tacoma_port_capacity_50pct,,20260906,27631761.044654634,639.3812672338424,772.8,772.8,549.8550610074656,74
D3_seattle_tacoma_port_capacity_50pct_049,D3,seattle_tacoma_port_capacity_50pct,,20260914,27638729.956879683,639.0769029108418,772.8,772.8,172.20911895340288,79
D3_seattle_tacoma_port_capacity_50pct_050,D3,seattle_tacoma_port_capacity_50pct,,20260911,27642818.33045243,638.669349360385,772.8,772.8,276.00000000000136,75
D3_seattle_tacoma_port_capacity_50pct_051,D3,seattle_tacoma_port_capacity_50pct,,20260907,27664878.684072804,638.4825970687725,772.8,772.8,550.2270362993922,75
D3_seattle_tacoma_port_capacity_50pct_052,D3,seattle_tacoma_port_capacity_50pct,,20260907,27679532.26776552,638.0040425240385,772.8,772.8,553.6743602198766,74
D3_seattle_tacoma_port_capacity_50pct_053,D3,seattle_tacoma_port_capacity_50pct,,20260907,27707934.182482336,637.5256341512203,772.8,772.8,469.5518680180312,72
D3_seattle_tacoma_port_capacity_50pct_054,D3,seattle_tacoma_port_capacity_50pct,,20260929,27742777.101409726,637.1491016110156,772.8,772.8,400.4712969569268,82
D3_seattle_tacoma_port_capacity_50pct_055,D3,seattle_tacoma_port_capacity_50pct,,20260929,27776016.9319294,637.1223277475217,772.8,772.8,410.3115037000098,78
D3_seattle_tacoma_port_capacity_50pct_056,D3,seattle_tacoma_port_capacity_50pct,,20260931,27783302.834795497,635.5445716862802,772.8,772.8,85.99444708866646,77
D3_seattle_tacoma_port_capacity_50pct_057,D3,seattle_tacoma_port_capacity_50pct,,20260914,27857275.620715957,635.467158191678,772.8,772.8,249.9982610702719,77
D3_seattle_tacoma_port_capacity_50pct_058,D3,seattle_tacoma_port_capacity_50pct,,20260907,27883052.747887503,635.4283766083394,772.8,772.8,543.6000579951917,76
D3_seattle_tacoma_port_capacity_50pct_059,D3,seattle_tacoma_port_capacity_50pct,,20260918,27949334.37622791,634.9665957586682,772.8,772.8,707.4992617173311,83
D3_seattle_tacoma_port_capacity_50pct_060,D3,seattle_tacoma_port_capacity_50pct,,20260931,27960434.894237146,634.5819840222651,772.8,772.8,368.4113062952155,83
D3_seattle_tacoma_port_capacity_50pct_061,D3,seattle_tacoma_port_capacity_50pct,,20260914,27976000.56065584,634.5298904578734,772.8,772.8,469.64732391364953,82
D3_seattle_tacoma_port_capacity_50pct_062,D3,seattle_tacoma_port_capacity_50pct,,20260931,28032074.82568361,634.2009414968325,772.8,772.8,406.6643947569516,82
D3_seattle_tacoma_port_capacity_50pct_063,D3,seattle_tacoma_port_capacity_50pct,,20260916,28057628.575082324,633.5279700894674,772.8,772.8,614.2430434599971,78
D3_seattle_tacoma_port_capacity_50pct_064,D3,seattle_tacoma_port_capacity_50pct,,20260916,28068174.51347062,633.027109012823,772.8,772.8,614.2430434599971,77
D3_seattle_tacoma_port_capacity_50pct_065,D3,seattle_tacoma_port_capacity_50pct,,20260918,28103042.832278684,632.6691331785843,772.8,772.8,557.4449440377302,82
D3_seattle_tacoma_port_capacity_50pct_066,D3,seattle_tacoma_port_capacity_50pct,,20260931,28168448.21915646,632.3467983292057,772.8,772.8,74.65184063544575,78
D3_seattle_tacoma_port_capacity_50pct_067,D3,seattle_tacoma_port_capacity_50pct,,20260916,28169057.70775276,631.4849769759304,772.8,772.8,605.6148238754677,76
D3_seattle_tacoma_port_capacity_50pct_068,D3,seattle_tacoma_port_capacity_50pct,,20260918,28218641.61805294,630.5044633017545,739.2,739.2,909.4571503311669,88
D3_seattle_tacoma_port_capacity_50pct_069,D3,seattle_tacoma_port_capacity_50pct,,20260916,28309707.387752768,630.2959309602178,772.8,772.8,605.6148238754677,76
D3_seattle_tacoma_port_capacity_50pct_070,D3,seattle_tacoma_port_capacity_50pct,,20260918,28458369.659663968,628.8034578149013,739.2,739.2,1087.7830420636185,86
D3_seattle_tacoma_port_capacity_50pct_071,D3,seattle_tacoma_port_capacity_50pct,min_delivery_time,20260914,28609050.379138157,628.0642444823245,772.8,772.8,562.0623656247111,76
D3_uswc_compound_50pct_delay_120h_001,D3,uswc_compound_50pct_delay_120h,min_cost,20260914,37938004.828999154,747.1901811713399,840.0,840.0,60812.19022034319,70
D3_uswc_compound_50pct_delay_120h_002,D3,uswc_compound_50pct_delay_120h,,20260914,38069385.33806923,747.0537989770452,840.0,840.0,61636.03577667108,69
D3_uswc_compound_50pct_delay_120h_003,D3,uswc_compound_50pct_delay_120h,,20260913,38342443.33943992,746.9038595838472,840.0,840.0,65869.78787315065,70
D3_uswc_compound_50pct_delay_120h_004,D3,uswc_compound_50pct_delay_120h,,20260933,38383442.17099135,746.8543773024401,873.6,873.6,65652.55006485038,67
D3_uswc_compound_50pct_delay_120h_005,D3,uswc_compound_50pct_delay_120h,,20260935,38434088.39560657,746.7329574260598,840.0,840.0,63607.19410050374,72
D3_uswc_compound_50pct_delay_120h_006,D3,uswc_compound_50pct_delay_120h,balanced,20260913,38483038.465600304,746.5177647645115,840.0,840.0,65806.38833600377,72
D3_uswc_compound_50pct_delay_120h_007,D3,uswc_compound_50pct_delay_120h,,20260921,38866672.085492365,746.5055325663368,840.0,840.0,66867.29791278613,70
D3_uswc_compound_50pct_delay_120h_008,D3,uswc_compound_50pct_delay_120h,,20260921,38893313.42717357,746.3368275567321,840.0,840.0,67125.2775543486,68
D3_uswc_compound_50pct_delay_120h_009,D3,uswc_compound_50pct_delay_120h,,20260921,38897319.5381984,746.2981303007875,840.0,840.0,66930.217859002,70
D3_uswc_compound_50pct_delay_120h_010,D3,uswc_compound_50pct_delay_120h,min_delivery_time,20260921,38900976.19910697,746.1838900110694,840.0,840.0,66921.526706837,69
D3_uswc_departure_delay_120h_001,D3,uswc_departure_delay_120h,min_cost,20260914,37938004.828999154,747.1901811713399,840.0,840.0,60812.19022034319,70
D3_uswc_departure_delay_120h_002,D3,uswc_departure_delay_120h,,20260914,38069385.33806923,747.0537989770452,840.0,840.0,61636.03577667108,69
D3_uswc_departure_delay_120h_003,D3,uswc_departure_delay_120h,,20260913,38342443.33943992,746.9038595838472,840.0,840.0,65869.78787315065,70
D3_uswc_departure_delay_120h_004,D3,uswc_departure_delay_120h,,20260933,38383442.17099135,746.8543773024401,873.6,873.6,65652.55006485038,67
D3_uswc_departure_delay_120h_005,D3,uswc_departure_delay_120h,,20260935,38434088.39560657,746.7329574260598,840.0,840.0,63607.19410050374,72
D3_uswc_departure_delay_120h_006,D3,uswc_departure_delay_120h,balanced,20260913,38483038.465600304,746.5177647645115,840.0,840.0,65806.38833600377,72
D3_uswc_departure_delay_120h_007,D3,uswc_departure_delay_120h,,20260921,38866672.085492365,746.5055325663368,840.0,840.0,66867.29791278613,70
D3_uswc_departure_delay_120h_008,D3,uswc_departure_delay_120h,,20260921,38893313.42717357,746.3368275567321,840.0,840.0,67125.2775543486,68
D3_uswc_departure_delay_120h_009,D3,uswc_departure_delay_120h,,20260921,38897319.5381984,746.2981303007875,840.0,840.0,66930.217859002,70
D3_uswc_departure_delay_120h_010,D3,uswc_departure_delay_120h,min_delivery_time,20260921,38900976.19910697,746.1838900110694,840.0,840.0,66921.526706837,69
D3_uswc_departure_delay_168h_001,D3,uswc_departure_delay_168h,min_cost,20260910,49767168.29819384,789.9152966548648,890.4,890.4,147171.9492175304,77
D3_uswc_departure_delay_168h_002,D3,uswc_departure_delay_168h,,20260910,49774482.84569648,789.8276732264219,890.4,890.4,146006.48525600648,75
D3_uswc_departure_delay_168h_003,D3,uswc_departure_delay_168h,,20260910,49777797.097665474,789.8259353257375,890.4,890.4,146977.49400299997,77
D3_uswc_departure_delay_168h_004,D3,uswc_departure_delay_168h,,20260910,49791910.043997124,789.743372770973,890.4,890.4,146739.7830753651,76
D3_uswc_departure_delay_168h_005,D3,uswc_departure_delay_168h,,20260918,50022340.01807512,789.5932309547445,890.4,890.4,146063.7864365928,68
D3_uswc_departure_delay_168h_006,D3,uswc_departure_delay_168h,balanced,20260918,50024018.452069156,789.1034467527127,832.6,832.6,145223.77612277,71
D3_uswc_departure_delay_168h_007,D3,uswc_departure_delay_168h,,20260926,50571385.52832126,789.1025868280789,832.6,832.6,144153.67710949347,69
D3_uswc_departure_delay_168h_008,D3,uswc_departure_delay_168h,min_delivery_time,20260926,50573647.96494058,789.1023799783801,832.6,832.6,144222.84606994424,68
D3_uswc_departure_delay_96h_001,D3,uswc_departure_delay_96h,min_cost,20260907,32918793.896751024,720.2345351029098,840.0,840.0,24676.356571234042,65
D3_uswc_departure_delay_96h_002,D3,uswc_departure_delay_96h,,20260907,32929947.489584766,719.7948633440105,765.4,765.4,24152.86132725633,64
D3_uswc_departure_delay_96h_003,D3,uswc_departure_delay_96h,,20260907,32960963.13243626,719.2320012845304,840.0,840.0,23956.142754531505,66
D3_uswc_departure_delay_96h_004,D3,uswc_departure_delay_96h,,20260907,33006697.918631047,719.1411333674798,840.0,840.0,24158.416894554455,69
D3_uswc_departure_delay_96h_005,D3,uswc_departure_delay_96h,balanced,20260907,33021230.401529014,719.106009381611,840.0,840.0,24293.40231748357,68
D3_uswc_departure_delay_96h_006,D3,uswc_departure_delay_96h,,20260907,33125889.78128041,719.079319115061,840.0,840.0,25554.70424329891,69
D3_uswc_departure_delay_96h_007,D3,uswc_departure_delay_96h,,20260907,33130192.20275793,719.0391631411151,840.0,840.0,25545.166620870365,69
D3_uswc_departure_delay_96h_008,D3,uswc_departure_delay_96h,,20260907,33181216.66523132,718.9232734230139,840.0,840.0,25786.180177575032,69
D3_uswc_departure_delay_96h_009,D3,uswc_departure_delay_96h,,20260907,33318046.59230538,718.8614710387936,840.0,840.0,26568.363247680823,71
D3_uswc_departure_delay_96h_010,D3,uswc_departure_delay_96h,,20260918,33797279.81348517,718.8107728242459,765.4,765.4,30608.739010220466,68
D3_uswc_departure_delay_96h_011,D3,uswc_departure_delay_96h,,20260918,33809579.183998324,718.724157212497,765.4,765.4,30496.00422547994,68
D3_uswc_departure_delay_96h_012,D3,uswc_departure_delay_96h,,20260918,33819193.62420056,718.7135165862542,765.4,765.4,30557.503088601494,68
D3_uswc_departure_delay_96h_013,D3,uswc_departure_delay_96h,min_delivery_time,20260918,33827846.603770085,718.6843838662497,765.4,765.4,30790.919161191538,70
D3_uswc_port_capacity_60pct_001,D3,uswc_port_capacity_60pct,min_cost,20260933,26673764.66638679,662.9115306071551,772.8,772.8,2127.912388112823,83
D3_uswc_port_capacity_60pct_002,D3,uswc_port_capacity_60pct,,20260923,26696211.038038332,661.0207320535734,772.8,772.8,1400.4809291637139,79
D3_uswc_port_capacity_60pct_003,D3,uswc_port_capacity_60pct,,20260923,26711461.48184797,660.713155252352,772.8,772.8,1391.317700559311,82
D3_uswc_port_capacity_60pct_004,D3,uswc_port_capacity_60pct,,20260923,26732731.579635102,660.0617556276296,772.8,772.8,1285.5343310156672,78
D3_uswc_port_capacity_60pct_005,D3,uswc_port_capacity_60pct,,20260923,26745303.090555888,660.0059530947309,772.8,772.8,1383.4791987984463,80
D3_uswc_port_capacity_60pct_006,D3,uswc_port_capacity_60pct,,20260923,26750542.031576913,659.5602689208382,772.8,772.8,1372.7787690227244,83
D3_uswc_port_capacity_60pct_007,D3,uswc_port_capacity_60pct,,20260923,26751318.775014494,659.245280603986,772.8,772.8,1275.9014335082968,80
D3_uswc_port_capacity_60pct_008,D3,uswc_port_capacity_60pct,,20260923,26775090.108708367,659.1246142123736,772.8,772.8,1379.4049479500368,84
D3_uswc_port_capacity_60pct_009,D3,uswc_port_capacity_60pct,,20260923,26782576.370901592,658.7458444323051,772.8,772.8,1246.702376267027,82
D3_uswc_port_capacity_60pct_010,D3,uswc_port_capacity_60pct,,20260923,26807840.29568097,658.4465209453882,772.8,772.8,1243.5670978628375,82
D3_uswc_port_capacity_60pct_011,D3,uswc_port_capacity_60pct,,20260923,26810804.97951976,658.0528427349552,772.8,772.8,1371.1817729437914,84
D3_uswc_port_capacity_60pct_012,D3,uswc_port_capacity_60pct,,20260923,26837872.015148453,657.7731701598733,772.8,772.8,1337.000142422396,82
D3_uswc_port_capacity_60pct_013,D3,uswc_port_capacity_60pct,,20260923,26882953.26298798,657.7596273674685,772.8,772.8,1418.0835038242162,82
D3_uswc_port_capacity_60pct_014,D3,uswc_port_capacity_60pct,,20260923,26887467.79480423,657.2562602729319,772.8,772.8,1276.0217192994908,82
D3_uswc_port_capacity_60pct_015,D3,uswc_port_capacity_60pct,,20260923,26906110.169457108,657.1369743213392,772.8,772.8,1301.462551707219,82
D3_uswc_port_capacity_60pct_016,D3,uswc_port_capacity_60pct,,20260932,26921987.393709525,656.9677420077601,772.8,772.8,859.1250289637585,77
D3_uswc_port_capacity_60pct_017,D3,uswc_port_capacity_60pct,,20260923,26921993.761723917,656.8425330357879,772.8,772.8,1405.0291153434969,84
D3_uswc_port_capacity_60pct_018,D3,uswc_port_capacity_60pct,,20260923,26925924.912167683,656.6512287517374,772.8,772.8,1587.315589245562,85
D3_uswc_port_capacity_60pct_019,D3,uswc_port_capacity_60pct,,20260932,26929759.949122813,654.9398555579861,772.8,772.8,674.3752527242139,80
D3_uswc_port_capacity_60pct_020,D3,uswc_port_capacity_60pct,,20260932,27054590.898281597,654.3057416056195,772.8,772.8,756.3642678991648,79
D3_uswc_port_capacity_60pct_021,D3,uswc_port_capacity_60pct,,20260932,27110032.232821956,653.4982751524798,772.8,772.8,674.3752527242139,78
D3_uswc_port_capacity_60pct_022,D3,uswc_port_capacity_60pct,,20260932,27149623.45990064,652.9760337235635,772.8,772.8,418.890435913971,80
D3_uswc_port_capacity_60pct_023,D3,uswc_port_capacity_60pct,,20260932,27185664.61770548,652.8612245371997,772.8,772.8,667.6284343146417,80
D3_uswc_port_capacity_60pct_024,D3,uswc_port_capacity_60pct,,20260932,27235052.545381736,652.7241662533426,772.8,772.8,466.74991389474815,81
D3_uswc_port_capacity_60pct_025,D3,uswc_port_capacity_60pct,,20260924,27299639.875039585,652.6811773284409,772.8,772.8,1820.0183996470469,87
D3_uswc_port_capacity_60pct_026,D3,uswc_port_capacity_60pct,,20260932,27308525.645594113,651.8158536111816,772.8,772.8,353.81777163972777,79
D3_uswc_port_capacity_60pct_027,D3,uswc_port_capacity_60pct,,20260932,27370837.309439827,651.738117516539,772.8,772.8,553.4763771263088,80
D3_uswc_port_capacity_60pct_028,D3,uswc_port_capacity_60pct,,20260932,27378763.287999216,651.4470004587146,772.8,772.8,445.9154547956505,76
D3_uswc_port_capacity_60pct_029,D3,uswc_port_capacity_60pct,,20260932,27421559.301788334,651.1653136363088,772.8,772.8,838.2775403149116,78
D3_uswc_port_capacity_60pct_030,D3,uswc_port_capacity_60pct,,20260932,27428130.97733141,650.8572356586558,772.8,772.8,627.1448192134742,79
D3_uswc_port_capacity_60pct_031,D3,uswc_port_capacity_60pct,,20260932,27495592.928711325,650.8197537962308,772.8,772.8,613.1231800341874,78
D3_uswc_port_capacity_60pct_032,D3,uswc_port_capacity_60pct,,20260932,27545477.507610116,649.8024301000316,772.8,772.8,729.8223870535357,83
D3_uswc_port_capacity_60pct_033,D3,uswc_port_capacity_60pct,balanced,20260932,27560018.91077621,649.3785700345147,772.8,772.8,450.13498073492025,73
D3_uswc_port_capacity_60pct_034,D3,uswc_port_capacity_60pct,,20260932,27643687.56908231,649.3437934383148,772.8,772.8,979.8273816283399,83
D3_uswc_port_capacity_60pct_035,D3,uswc_port_capacity_60pct,,20260932,27678827.390222225,649.1050532578138,772.8,772.8,947.8780583538058,84
D3_uswc_port_capacity_60pct_036,D3,uswc_port_capacity_60pct,,20260932,27695639.885268167,649.0962349697076,772.8,772.8,1240.6475219827178,83
D3_uswc_port_capacity_60pct_037,D3,uswc_port_capacity_60pct,,20260932,27747460.041201755,648.2271260786293,772.8,772.8,860.0044882212277,79
D3_uswc_port_capacity_60pct_038,D3,uswc_port_capacity_60pct,,20260932,27818204.49691537,647.7631078371793,772.8,772.8,396.8424505136094,79
D3_uswc_port_capacity_60pct_039,D3,uswc_port_capacity_60pct,,20260932,27974084.092343353,647.7506022702905,772.8,772.8,1904.6780686715276,77
D3_uswc_port_capacity_60pct_040,D3,uswc_port_capacity_60pct,,20260932,28000872.405736685,647.137206762648,772.8,772.8,1404.8950066387604,81
D3_uswc_port_capacity_60pct_041,D3,uswc_port_capacity_60pct,,20260930,28052288.98643749,647.0522078699739,772.8,772.8,2095.7541178298607,84
D3_uswc_port_capacity_60pct_042,D3,uswc_port_capacity_60pct,,20260919,28085726.15680079,646.8043934649435,772.8,772.8,2155.6579140471167,86
D3_uswc_port_capacity_60pct_043,D3,uswc_port_capacity_60pct,,20260919,28095610.704637773,646.7448689532953,772.8,772.8,2117.616872275615,82
D3_uswc_port_capacity_60pct_044,D3,uswc_port_capacity_60pct,,20260932,28097921.997112926,646.3057451951629,772.8,772.8,1212.052235109101,82
D3_uswc_port_capacity_60pct_045,D3,uswc_port_capacity_60pct,,20260932,28202773.20616649,646.1918969779514,772.8,772.8,1665.724062358811,73
D3_uswc_port_capacity_60pct_046,D3,uswc_port_capacity_60pct,,20260919,28213045.019338574,645.5553280267333,772.8,772.8,1938.700706127321,89
D3_uswc_port_capacity_60pct_047,D3,uswc_port_capacity_60pct,,20260919,28235494.200850844,645.5258722972267,772.8,772.8,1962.718785488626,84
D3_uswc_port_capacity_60pct_048,D3,uswc_port_capacity_60pct,,20260932,28312184.60440648,644.7695961621184,772.8,772.8,1760.808899801049,74
D3_uswc_port_capacity_60pct_049,D3,uswc_port_capacity_60pct,,20260919,28361560.54779864,644.4640884745099,772.8,772.8,1930.8909472703817,84
D3_uswc_port_capacity_60pct_050,D3,uswc_port_capacity_60pct,,20260932,28427583.80091137,644.1280999233549,772.8,772.8,2104.639586756983,74
D3_uswc_port_capacity_60pct_051,D3,uswc_port_capacity_60pct,,20260932,28556190.18949181,643.3497233152425,772.8,772.8,2078.175488438851,76
D3_uswc_port_capacity_60pct_052,D3,uswc_port_capacity_60pct,,20260929,28698963.454017658,642.8697847465996,772.8,772.8,2516.1012962860705,82
D3_uswc_port_capacity_60pct_053,D3,uswc_port_capacity_60pct,,20260929,28757317.756515667,642.6637605315527,772.8,772.8,2552.2256683459295,76
D3_uswc_port_capacity_60pct_054,D3,uswc_port_capacity_60pct,min_delivery_time,20260932,29069834.76808762,642.511115958239,772.8,772.8,3817.0710879982016,75
D3_uswc_port_capacity_65pct_001,D3,uswc_port_capacity_65pct,min_cost,20260923,26634379.89320064,666.2327002301871,772.8,772.8,2839.4602408338815,83
D3_uswc_port_capacity_65pct_002,D3,uswc_port_capacity_65pct,,20260923,26635033.25454971,661.8991368991266,772.8,772.8,1429.68835604411,85
D3_uswc_port_capacity_65pct_003,D3,uswc_port_capacity_65pct,,20260923,26640396.08262353,661.4234514165981,772.8,772.8,1322.3755367524077,83
D3_uswc_port_capacity_65pct_004,D3,uswc_port_capacity_65pct,,20260923,26673754.848109253,659.809121166826,772.8,772.8,841.4672118645583,82
D3_uswc_port_capacity_65pct_005,D3,uswc_port_capacity_65pct,,20260923,26681325.060295373,659.2333516476509,772.8,772.8,811.5209421762113,83
D3_uswc_port_capacity_65pct_006,D3,uswc_port_capacity_65pct,,20260923,26722010.999255575,659.0246889958231,772.8,772.8,944.98230581306,82
D3_uswc_port_capacity_65pct_007,D3,uswc_port_capacity_65pct,,20260923,26748544.435464215,658.1788701066552,772.8,772.8,1051.4910825942845,81
D3_uswc_port_capacity_65pct_008,D3,uswc_port_capacity_65pct,,20260923,26753287.67355669,657.576564262107,772.8,772.8,790.0676406111517,83
D3_uswc_port_capacity_65pct_009,D3,uswc_port_capacity_65pct,,20260923,26768946.40220424,657.4491304064782,772.8,772.8,790.0676406111517,83
D3_uswc_port_capacity_65pct_010,D3,uswc_port_capacity_65pct,,20260923,26771840.701283965,656.8919301690811,772.8,772.8,671.792515302317,80
D3_uswc_port_capacity_65pct_011,D3,uswc_port_capacity_65pct,,20260923,26789000.274041586,656.5842034409304,772.8,772.8,696.6634325811448,81
D3_uswc_port_capacity_65pct_012,D3,uswc_port_capacity_65pct,,20260923,26806069.912465908,655.5060907891888,772.8,772.8,386.7706559608438,81
D3_uswc_port_capacity_65pct_013,D3,uswc_port_capacity_65pct,,20260923,26882049.30385723,654.434638380804,772.8,772.8,672.9140319994845,81
D3_uswc_port_capacity_65pct_014,D3,uswc_port_capacity_65pct,,20260923,26908323.29691792,654.0056680452617,772.8,772.8,549.0597745699314,79
D3_uswc_port_capacity_65pct_015,D3,uswc_port_capacity_65pct,,20260923,26916854.05807843,653.8820747746101,772.8,772.8,497.7395837711099,84
D3_uswc_port_capacity_65pct_016,D3,uswc_port_capacity_65pct,,20260923,26928822.10817532,653.4606409316897,772.8,772.8,525.0914029270084,83
D3_uswc_port_capacity_65pct_017,D3,uswc_port_capacity_65pct,,20260923,26942433.638045117,653.3650084950605,772.8,772.8,551.9250573195725,82
D3_uswc_port_capacity_65pct_018,D3,uswc_port_capacity_65pct,,20260932,26944585.795387927,653.1038981220357,772.8,772.8,831.7940104367602,80
D3_uswc_port_capacity_65pct_019,D3,uswc_port_capacity_65pct,,20260913,26985106.216156498,652.5304756003123,772.8,772.8,996.2233275511428,84
D3_uswc_port_capacity_65pct_020,D3,uswc_port_capacity_65pct,,20260932,26987505.462539393,652.2807507744416,772.8,772.8,603.2654973135959,79
D3_uswc_port_capacity_65pct_021,D3,uswc_port_capacity_65pct,,20260923,27002821.330226786,652.0379805734811,772.8,772.8,343.15950708515436,77
D3_uswc_port_capacity_65pct_022,D3,uswc_port_capacity_65pct,,20260932,27008709.41144184,651.0631005920412,772.8,772.8,536.8507903425987,76
D3_uswc_port_capacity_65pct_023,D3,uswc_port_capacity_65pct,,20260932,27051904.330352854,649.5548971626221,739.2,739.2,350.7742732541135,74
D3_uswc_port_capacity_65pct_024,D3,uswc_port_capacity_65pct,,20260911,27111053.99498785,649.2752846434818,772.8,772.8,579.8814728545973,78
D3_uswc_port_capacity_65pct_025,D3,uswc_port_capacity_65pct,,20260932,27113059.621007055,648.0165359458659,739.2,739.2,340.0739657500492,76
D3_uswc_port_capacity_65pct_026,D3,uswc_port_capacity_65pct,,20260932,27173375.806311727,647.7617620563092,772.8,772.8,581.3692048205079,73
D3_uswc_port_capacity_65pct_027,D3,uswc_port_capacity_65pct,,20260932,27215889.03880845,647.3559002417826,772.8,772.8,558.2004227529605,77
D3_uswc_port_capacity_65pct_028,D3,uswc_port_capacity_65pct,,20260932,27239506.424430303,647.2026968100141,772.8,772.8,581.3692048205079,74
D3_uswc_port_capacity_65pct_029,D3,uswc_port_capacity_65pct,balanced,20260932,27253815.973088343,646.4382367483432,772.8,772.8,547.0854980955024,76
D3_uswc_port_capacity_65pct_030,D3,uswc_port_capacity_65pct,,20260932,27347240.316816695,645.9890405769482,772.8,772.8,534.500055936135,81
D3_uswc_port_capacity_65pct_031,D3,uswc_port_capacity_65pct,,20260932,27369280.386555802,645.7037057226714,772.8,772.8,753.4349967636226,74
D3_uswc_port_capacity_65pct_032,D3,uswc_port_capacity_65pct,,20260913,27400802.392637357,645.6879800009813,772.8,772.8,1101.2383761441638,88
D3_uswc_port_capacity_65pct_033,D3,uswc_port_capacity_65pct,,20260911,27407459.286470484,645.6234146320019,772.8,772.8,616.2917511207928,80
D3_uswc_port_capacity_65pct_034,D3,uswc_port_capacity_65pct,,20260926,27412486.33480499,645.4804501145213,772.8,772.8,1029.0608731149925,76
D3_uswc_port_capacity_65pct_035,D3,uswc_port_capacity_65pct,,20260932,27426098.77462091,645.0913940155499,772.8,772.8,571.8385096917038,77
D3_uswc_port_capacity_65pct_036,D3,uswc_port_capacity_65pct,,20260932,27435571.982144877,644.8375743676777,772.8,772.8,692.8839932624556,78
D3_uswc_port_capacity_65pct_037,D3,uswc_port_capacity_65pct,,20260932,27471284.952034313,644.758836355606,772.8,772.8,603.2688139089253,73
D3_uswc_port_capacity_65pct_038,D3,uswc_port_capacity_65pct,,20260932,27500055.108266853,644.4363342731449,772.8,772.8,660.1629686792037,75
D3_uswc_port_capacity_65pct_039,D3,uswc_port_capacity_65pct,,20260932,27518782.34452416,644.2710753093462,772.8,772.8,433.35948005231063,76
D3_uswc_port_capacity_65pct_040,D3,uswc_port_capacity_65pct,,20260919,27535765.568213932,643.8701566760033,739.2,739.2,506.82075204251134,93
D3_uswc_port_capacity_65pct_041,D3,uswc_port_capacity_65pct,,20260932,27588024.98326388,643.7723022834534,772.8,772.8,585.1101950707697,72
D3_uswc_port_capacity_65pct_042,D3,uswc_port_capacity_65pct,,20260932,27605392.7192112,643.7426531681,772.8,772.8,628.0676596693938,76
D3_uswc_port_capacity_65pct_043,D3,uswc_port_capacity_65pct,,20260919,27608702.637453366,643.4398649071794,772.8,772.8,465.9198033444569,93
D3_uswc_port_capacity_65pct_044,D3,uswc_port_capacity_65pct,,20260932,27617423.65686508,643.4119345811829,772.8,772.8,622.064409813953,74
D3_uswc_port_capacity_65pct_045,D3,uswc_port_capacity_65pct,,20260932,27618037.06632533,643.3689661056014,739.2,739.2,407.72935245131157,74
D3_uswc_port_capacity_65pct_046,D3,uswc_port_capacity_65pct,,20260919,27675314.19309946,643.3186958454056,772.8,772.8,1136.01376811733,94
D3_uswc_port_capacity_65pct_047,D3,uswc_port_capacity_65pct,,20260919,27679832.497506768,643.2842411845569,772.8,772.8,1136.01376811733,94
D3_uswc_port_capacity_65pct_048,D3,uswc_port_capacity_65pct,,20260932,27727582.599919364,642.9293318464216,772.8,772.8,601.5416978972276,73
D3_uswc_port_capacity_65pct_049,D3,uswc_port_capacity_65pct,,20260932,27728920.580694214,642.7011867512415,772.8,772.8,535.7099087242227,75
D3_uswc_port_capacity_65pct_050,D3,uswc_port_capacity_65pct,,20260932,27752912.276624646,642.1728117164358,772.8,772.8,578.2274703825366,74
D3_uswc_port_capacity_65pct_051,D3,uswc_port_capacity_65pct,,20260932,27817985.0516053,641.8633605854366,772.8,772.8,452.473295940725,75
D3_uswc_port_capacity_65pct_052,D3,uswc_port_capacity_65pct,,20260919,27886243.578404088,641.275394460063,772.8,772.8,527.6001042233933,91
D3_uswc_port_capacity_65pct_053,D3,uswc_port_capacity_65pct,,20260929,27984807.337960713,641.2518762307583,772.8,772.8,1161.505497306717,84
D3_uswc_port_capacity_65pct_054,D3,uswc_port_capacity_65pct,,20260919,28019970.406399537,640.2507426160836,739.2,739.2,484.1234651246823,87
D3_uswc_port_capacity_65pct_055,D3,uswc_port_capacity_65pct,,20260919,28175493.07674229,640.0318243314832,772.8,772.8,1714.4096180908964,93
D3_uswc_port_capacity_65pct_056,D3,uswc_port_capacity_65pct,,20260919,28177532.962237656,639.731214685623,772.8,772.8,1482.216998991636,87
D3_uswc_port_capacity_65pct_057,D3,uswc_port_capacity_65pct,,20260919,28189119.412239637,639.2647076087475,772.8,772.8,1345.560243955639,89
D3_uswc_port_capacity_65pct_058,D3,uswc_port_capacity_65pct,,20260929,28333583.03337301,639.1936688567461,772.8,772.8,1658.7831610917365,88
D3_uswc_port_capacity_65pct_059,D3,uswc_port_capacity_65pct,,20260919,28336589.668228358,638.9649579669436,772.8,772.8,1792.0184335923796,92
D3_uswc_port_capacity_65pct_060,D3,uswc_port_capacity_65pct,,20260919,28365003.822388493,638.7619175971353,772.8,772.8,1743.9552807982511,90
D3_uswc_port_capacity_65pct_061,D3,uswc_port_capacity_65pct,,20260919,28380036.99632936,637.795992186212,772.8,772.8,1419.2092339347323,89
D3_uswc_port_capacity_65pct_062,D3,uswc_port_capacity_65pct,,20260919,28495200.678746417,637.7803479772042,772.8,772.8,2532.769529603534,83
D3_uswc_port_capacity_65pct_063,D3,uswc_port_capacity_65pct,,20260919,28509154.747596618,637.7742250912381,772.8,772.8,2530.016749340151,83
D3_uswc_port_capacity_65pct_064,D3,uswc_port_capacity_65pct,,20260919,28572019.455746416,637.7083225905341,772.8,772.8,2568.139549273114,87
D3_uswc_port_capacity_65pct_065,D3,uswc_port_capacity_65pct,,20260919,28615337.19195647,637.6786324950699,772.8,772.8,2558.4884088842728,90
D3_uswc_port_capacity_65pct_066,D3,uswc_port_capacity_65pct,,20260919,28623078.488711763,636.984114565,772.8,772.8,2347.653365180074,92
D3_uswc_port_capacity_65pct_067,D3,uswc_port_capacity_65pct,,20260919,28630489.80771096,636.3089532454974,772.8,772.8,2218.1831324645636,83
D3_uswc_port_capacity_65pct_068,D3,uswc_port_capacity_65pct,,20260919,28687699.256848555,636.270902512726,772.8,772.8,2235.060703529998,92
D3_uswc_port_capacity_65pct_069,D3,uswc_port_capacity_65pct,,20260929,28872213.498633318,635.9535821017705,772.8,772.8,2788.3074172136526,82
D3_uswc_port_capacity_65pct_070,D3,uswc_port_capacity_65pct,,20260907,28983380.033844076,635.7987627398644,772.8,772.8,3756.9653037312937,82
D3_uswc_port_capacity_65pct_071,D3,uswc_port_capacity_65pct,,20260931,28990983.552210726,635.7466202010817,772.8,772.8,3115.6366798415943,78
D3_uswc_port_capacity_65pct_072,D3,uswc_port_capacity_65pct,,20260929,29095764.144395985,635.4671679911401,772.8,772.8,4317.892038583595,82
D3_uswc_port_capacity_65pct_073,D3,uswc_port_capacity_65pct,min_delivery_time,20260929,29098787.316949334,635.4372734833311,772.8,772.8,4317.892038583595,82
D3_uswc_port_capacity_70pct_001,D3,uswc_port_capacity_70pct,min_cost,20260932,26576332.611434035,661.8213301229198,772.8,772.8,894.4083318110808,77
D3_uswc_port_capacity_70pct_002,D3,uswc_port_capacity_70pct,,20260923,26640396.08262353,661.4234514165981,772.8,772.8,1322.3755367524077,83
D3_uswc_port_capacity_70pct_003,D3,uswc_port_capacity_70pct,,20260923,26673754.848109253,659.809121166826,772.8,772.8,841.4672118645583,82
D3_uswc_port_capacity_70pct_004,D3,uswc_port_capacity_70pct,,20260923,26681325.060295373,659.2333516476509,772.8,772.8,811.5209421762113,83
D3_uswc_port_capacity_70pct_005,D3,uswc_port_capacity_70pct,,20260932,26693610.801710643,656.9249325591071,772.8,772.8,487.25731656814673,77
D3_uswc_port_capacity_70pct_006,D3,uswc_port_capacity_70pct,,20260923,26771840.701283965,656.8919301690811,772.8,772.8,671.792515302317,80
D3_uswc_port_capacity_70pct_007,D3,uswc_port_capacity_70pct,,20260932,26787297.037885573,656.8780857790117,772.8,772.8,1399.3555904506206,79
D3_uswc_port_capacity_70pct_008,D3,uswc_port_capacity_70pct,,20260923,26789000.274041586,656.5842034409304,772.8,772.8,696.6634325811448,81
D3_uswc_port_capacity_70pct_009,D3,uswc_port_capacity_70pct,,20260923,26806069.912465908,655.5060907891888,772.8,772.8,386.7706559608438,81
D3_uswc_port_capacity_70pct_010,D3,uswc_port_capacity_70pct,,20260932,26830903.653138798,653.9487132672075,772.8,772.8,460.27199335766966,76
D3_uswc_port_capacity_70pct_011,D3,uswc_port_capacity_70pct,,20260932,26869519.42661224,652.9531734660951,772.8,772.8,392.816965722725,79
D3_uswc_port_capacity_70pct_012,D3,uswc_port_capacity_70pct,,20260932,26962419.841347888,651.7245950647814,772.8,772.8,395.85631851576824,76
D3_uswc_port_capacity_70pct_013,D3,uswc_port_capacity_70pct,,20260932,27019365.748485465,651.3503080552316,772.8,772.8,536.7983426124288,76
D3_uswc_port_capacity_70pct_014,D3,uswc_port_capacity_70pct,,20260932,27023803.91132418,651.3127880278809,772.8,772.8,536.7983426124288,76
D3_uswc_port_capacity_70pct_015,D3,uswc_port_capacity_70pct,,20260932,27026442.127510384,651.310931600027,772.8,772.8,808.4107350090412,81
D3_uswc_port_capacity_70pct_016,D3,uswc_port_capacity_70pct,,20260926,27040949.76467325,650.2020422773968,772.8,772.8,643.4264135019835,78
D3_uswc_port_capacity_70pct_017,D3,uswc_port_capacity_70pct,,20260932,27046774.51493893,649.8382638270546,772.8,772.8,378.48418086263206,82
D3_uswc_port_capacity_70pct_018,D3,uswc_port_capacity_70pct,,20260932,27062583.44661119,649.6419505408586,772.8,772.8,417.3625340682557,79
D3_uswc_port_capacity_70pct_019,D3,uswc_port_capacity_70pct,,20260932,27073163.297885943,649.0292266926881,772.8,772.8,443.96497120028755,78
D3_uswc_port_capacity_70pct_020,D3,uswc_port_capacity_70pct,,20260932,27118368.661293305,648.9633982093618,772.8,772.8,788.6521793610714,79
D3_uswc_port_capacity_70pct_021,D3,uswc_port_capacity_70pct,,20260932,27126723.5914174,648.8354471800443,772.8,772.8,492.78619329223534,81
D3_uswc_port_capacity_70pct_022,D3,uswc_port_capacity_70pct,,20260932,27131884.70842643,647.5811273096549,739.2,739.2,398.545812812687,78
D3_uswc_port_capacity_70pct_023,D3,uswc_port_capacity_70pct,,20260932,27192485.065201007,647.0886954962908,772.8,772.8,383.41571658565505,81
D3_uswc_port_capacity_70pct_024,D3,uswc_port_capacity_70pct,,20260932,27210772.689231902,646.7047394398136,772.8,772.8,344.72547357856683,81
D3_uswc_port_capacity_70pct_025,D3,uswc_port_capacity_70pct,,20260932,27236888.85099846,646.6779812095456,739.2,739.2,320.030782423427,77
D3_uswc_port_capacity_70pct_026,D3,uswc_port_capacity_70pct,,20260932,27243489.943835612,645.5897368301233,772.8,772.8,335.9436399809009,79
D3_uswc_port_capacity_70pct_027,D3,uswc_port_capacity_70pct,,20260932,27297061.576034006,645.0514403672748,772.8,772.8,363.39210056785316,82
D3_uswc_port_capacity_70pct_028,D3,uswc_port_capacity_70pct,,20260913,27323440.728353232,644.9035468932489,739.2,739.2,609.971521378217,86
D3_uswc_port_capacity_70pct_029,D3,uswc_port_capacity_70pct,,20260932,27324230.645164542,644.7500067169206,772.8,772.8,326.9952601757878,78
D3_uswc_port_capacity_70pct_030,D3,uswc_port_capacity_70pct,,20260907,27339248.205590885,644.0046933492763,772.8,772.8,664.2305772874295,76
D3_uswc_port_capacity_70pct_031,D3,uswc_port_capacity_70pct,,20260932,27392214.370579198,643.7768518394931,772.8,772.8,400.1858413473731,81
D3_uswc_port_capacity_70pct_032,D3,uswc_port_capacity_70pct,,20260926,27393035.358572286,643.2931519012237,772.8,772.8,415.51698711718814,77
D3_uswc_port_capacity_70pct_033,D3,uswc_port_capacity_70pct,,20260913,27403189.1888302,642.8582171455923,739.2,739.2,577.5691081404714,84
D3_uswc_port_capacity_70pct_034,D3,uswc_port_capacity_70pct,,20260913,27412462.477229394,642.5973724235597,739.2,739.2,496.47818247043165,87
D3_uswc_port_capacity_70pct_035,D3,uswc_port_capacity_70pct,,20260932,27417192.263126392,642.3718076211804,739.2,739.2,252.19923811033976,78
D3_uswc_port_capacity_70pct_036,D3,uswc_port_capacity_70pct,,20260932,27442114.455498327,642.002584175591,739.2,739.2,246.8236945562543,77
D3_uswc_port_capacity_70pct_037,D3,uswc_port_capacity_70pct,,20260911,27465805.86823922,641.9111333988986,772.8,772.8,372.1219993000034,78
D3_uswc_port_capacity_70pct_038,D3,uswc_port_capacity_70pct,,20260932,27496827.886138298,641.4801278350506,739.2,739.2,266.2253606156967,76
D3_uswc_port_capacity_70pct_039,D3,uswc_port_capacity_70pct,,20260930,27529732.67960582,641.0166893924949,772.8,772.8,369.9758521053242,82
D3_uswc_port_capacity_70pct_040,D3,uswc_port_capacity_70pct,,20260907,27543436.65599488,640.9064419782992,772.8,772.8,763.6910870535369,81
D3_uswc_port_capacity_70pct_041,D3,uswc_port_capacity_70pct,balanced,20260907,27566733.729451362,639.4449008416588,772.8,772.8,536.074418643052,74
D3_uswc_port_capacity_70pct_042,D3,uswc_port_capacity_70pct,,20260907,27601706.9421393,639.2506650650658,772.8,772.8,533.2680449247301,76
D3_uswc_port_capacity_70pct_043,D3,uswc_port_capacity_70pct,,20260911,27642818.33045243,638.669349360385,772.8,772.8,276.00000000000136,75
D3_uswc_port_capacity_70pct_044,D3,uswc_port_capacity_70pct,,20260907,27652347.943292033,638.6167326045738,772.8,772.8,525.1270258340165,75
D3_uswc_port_capacity_70pct_045,D3,uswc_port_capacity_70pct,,20260907,27697361.306555267,638.2095672790397,772.8,772.8,855.518838340301,77
D3_uswc_port_capacity_70pct_046,D3,uswc_port_capacity_70pct,,20260907,27703053.73887808,638.1399002158533,772.8,772.8,518.75482770631,75
D3_uswc_port_capacity_70pct_047,D3,uswc_port_capacity_70pct,,20260906,27730644.371315908,637.8807327015755,772.8,772.8,512.4782271987399,72
D3_uswc_port_capacity_70pct_048,D3,uswc_port_capacity_70pct,,20260916,27741755.55663008,637.8505613107718,772.8,772.8,318.4227731108399,77
D3_uswc_port_capacity_70pct_049,D3,uswc_port_capacity_70pct,,20260907,27747689.54478203,637.4121027938062,772.8,772.8,775.5175010979301,79
D3_uswc_port_capacity_70pct_050,D3,uswc_port_capacity_70pct,,20260907,27784594.059630003,636.6452593547322,772.8,772.8,590.429658235191,74
D3_uswc_port_capacity_70pct_051,D3,uswc_port_capacity_70pct,,20260931,27854653.031415083,636.3682480113836,772.8,772.8,501.585315122387,79
D3_uswc_port_capacity_70pct_052,D3,uswc_port_capacity_70pct,,20260916,27873018.124011595,635.8181708936355,772.8,772.8,249.31054295641275,77
D3_uswc_port_capacity_70pct_053,D3,uswc_port_capacity_70pct,,20260931,27966513.713707354,635.6351473081783,772.8,772.8,586.4079244166832,82
D3_uswc_port_capacity_70pct_054,D3,uswc_port_capacity_70pct,,20260931,27967189.528552964,635.5061031937097,772.8,772.8,585.2393969390466,82
D3_uswc_port_capacity_70pct_055,D3,uswc_port_capacity_70pct,,20260929,28007389.714161113,634.5625398060902,772.8,772.8,224.36996775922097,77
D3_uswc_port_capacity_70pct_056,D3,uswc_port_capacity_70pct,,20260929,28044098.07043737,634.4391898378776,772.8,772.8,384.80344164653536,78
D3_uswc_port_capacity_70pct_057,D3,uswc_port_capacity_70pct,,20260906,28090938.913247567,634.0004427842618,772.8,772.8,459.7618167026398,75
D3_uswc_port_capacity_70pct_058,D3,uswc_port_capacity_70pct,,20260929,28150045.163615774,633.7134584657805,772.8,772.8,544.3512720237987,77
D3_uswc_port_capacity_70pct_059,D3,uswc_port_capacity_70pct,,20260907,28168227.902359903,633.6038979746188,739.2,739.2,863.5863809634586,78
D3_uswc_port_capacity_70pct_060,D3,uswc_port_capacity_70pct,,20260929,28220413.669100016,633.3212772373186,772.8,772.8,425.50094934549264,74
D3_uswc_port_capacity_70pct_061,D3,uswc_port_capacity_70pct,,20260929,28242134.605953496,633.2751176345502,772.8,772.8,522.6235826383031,77
D3_uswc_port_capacity_70pct_062,D3,uswc_port_capacity_70pct,,20260931,28279111.03020702,633.2681071301491,772.8,772.8,586.4057203282867,84
D3_uswc_port_capacity_70pct_063,D3,uswc_port_capacity_70pct,,20260929,28285214.41910569,632.2420532672494,772.8,772.8,458.24601098895187,75
D3_uswc_port_capacity_70pct_064,D3,uswc_port_capacity_70pct,,20260929,28324388.384245653,632.012356530682,772.8,772.8,357.7042130835472,77
D3_uswc_port_capacity_70pct_065,D3,uswc_port_capacity_70pct,,20260929,28418051.05341951,631.5147134479163,772.8,772.8,427.9843936675146,75
D3_uswc_port_capacity_70pct_066,D3,uswc_port_capacity_70pct,,20260931,28575305.763741992,630.700192702673,772.8,772.8,504.1864345327697,77
D3_uswc_port_capacity_70pct_067,D3,uswc_port_capacity_70pct,,20260931,28609930.142310016,630.3944799196297,772.8,772.8,501.4880839630845,79
D3_uswc_port_capacity_70pct_068,D3,uswc_port_capacity_70pct,min_delivery_time,20260931,28777270.94570295,630.2180221757708,772.8,772.8,683.9830089502002,81
