case_id,scenario,seed,elapsed_seconds,population_size,generations,feasible_population,pareto_size,min_cost_usd,min_weighted_mean_delivery_time_h,hypervolume_normalized,spacing_normalized
D1,la_lb_departure_delay_72h,20260906,15.02124872803688,48,99,48,27,26601860.23650713,683.0235906493225,0.6358151294779713,0.04477474433177005
D1,la_lb_departure_delay_72h,20260907,14.501884885132313,48,99,48,28,26321946.62532525,682.4409534548121,0.8163322869688434,0.013826661222209978
D1,la_lb_departure_delay_72h,20260908,14.340826035942882,48,99,48,23,26190941.96381056,687.2722630368753,0.5850772118388716,0.017010254478574707
D1,la_lb_departure_delay_72h,20260909,14.801021912135184,48,99,48,21,26441141.39755587,684.0115862131564,0.6252955708501786,0.03077031813972486
D1,la_lb_departure_delay_72h,20260910,14.724249680992216,48,99,48,15,26301802.369970158,685.4343965645904,0.6690242617012874,0.025925791712992464
D1,la_lb_departure_delay_72h,20260911,14.621855584904552,48,99,48,32,26282761.202941272,683.8088979945469,0.6765044157118424,0.036993150622347766
D1,la_lb_departure_delay_72h,20260912,14.930448673199862,48,99,48,27,26359387.54454457,682.4335196469202,0.6973298924366806,0.026540741306435193
D1,la_lb_departure_delay_72h,20260913,15.047670386731625,48,99,48,24,26089707.083630603,686.7506733380292,0.646534385039586,0.030468769194729312
D1,la_lb_departure_delay_72h,20260914,14.873957796953619,48,99,48,25,26445336.123762086,682.5934407182465,0.7311805313884682,0.01923282183459983
D1,la_lb_departure_delay_72h,20260915,15.173333227168769,48,99,48,28,26119551.6366089,685.2657437936525,0.6723154540927907,0.018666443044271095
D1,la_lb_departure_delay_72h,20260916,15.199724681675434,48,99,48,26,26043407.542794086,687.383051788733,0.5895813826351037,0.03776075704701493
D1,la_lb_departure_delay_72h,20260917,14.520371212624013,48,99,48,35,26502320.862864383,681.1120300610155,0.7617054789968266,0.01740595680950659
D1,la_lb_departure_delay_72h,20260918,14.294461428187788,48,99,48,24,26931302.5610325,680.1974688409873,0.697619904581215,0.027231194319691197
D1,la_lb_departure_delay_72h,20260919,14.584862142335624,48,99,48,27,26730014.816607904,680.6232577615104,0.7560788597942479,0.01690033222609828
D1,la_lb_departure_delay_72h,20260920,14.736115728039294,48,99,48,16,26513192.532228034,685.3205756766508,0.6025082742028262,0.026274562747187067
D1,la_lb_departure_delay_72h,20260921,14.414497558027506,48,99,48,23,26459391.398174994,681.8460701863418,0.7592341075196275,0.02306215750162415
D1,la_lb_departure_delay_72h,20260922,14.406428154092282,48,99,48,18,26339617.405584335,684.0620674307766,0.7205114006096734,0.04080687288025756
D1,la_lb_departure_delay_72h,20260923,15.370790974237025,48,99,48,21,26379059.398087032,685.569538133642,0.6309021947538961,0.024264270084537142
D1,la_lb_departure_delay_72h,20260924,14.40558171318844,48,99,48,43,26303492.59784203,683.5238266446386,0.7166893989156176,0.016779944837780218
D1,la_lb_departure_delay_72h,20260925,14.806271467823535,48,99,48,35,26144617.515062377,682.3478145059503,0.8156250473682775,0.0314377286977764
D1,la_lb_departure_delay_72h,20260926,15.279366483911872,48,99,48,21,26225437.159508858,686.5152049967426,0.6197843499611193,0.023124051709614925
D1,la_lb_departure_delay_72h,20260927,14.785874844994396,48,99,48,30,26407152.955225535,683.8153420486037,0.7023653176860455,0.015610384760363744
D1,la_lb_departure_delay_72h,20260928,14.06417670706287,48,99,48,22,26552275.70073407,682.343703650671,0.7713978668561163,0.017833337813701826
D1,la_lb_departure_delay_72h,20260929,14.664849358610809,48,99,48,24,26353094.872959778,684.7953192158219,0.6642179551541008,0.03370720844505449
D1,la_lb_departure_delay_72h,20260930,14.588784337975085,48,99,48,21,26747588.129000273,683.9414507183707,0.5884878870282557,0.022372721008148397
D1,la_lb_departure_delay_72h,20260931,14.617969484068453,48,99,48,31,26490929.35205577,683.2576124551553,0.6992749326518523,0.01730172729295195
D1,la_lb_departure_delay_72h,20260932,14.536595118232071,48,99,48,32,26444598.617281403,683.3271581852787,0.6494914158055312,0.029420586945933365
D1,la_lb_departure_delay_72h,20260933,14.715444865170866,48,99,48,23,26153826.955412958,685.9264164215764,0.6121102773649046,0.027529101844998
D1,la_lb_departure_delay_72h,20260934,14.965297549031675,48,99,48,40,26016061.05393632,685.7294847412095,0.7287664321628453,0.009670009616860719
D1,la_lb_departure_delay_72h,20260935,14.497073556762189,48,99,48,30,26393078.02653954,682.9753577561958,0.7098827596349536,0.03497093271488559
D1,la_lb_port_capacity_50pct,20260906,14.724282555282116,48,99,48,20,25147910.779046714,645.1460217493548,0.8655922579118853,0.016893027552840976
D1,la_lb_port_capacity_50pct,20260907,14.670124545227736,48,99,48,25,25166519.50044054,642.2013784179537,1.0087318888910617,0.018474910728673473
D1,la_lb_port_capacity_50pct,20260908,14.819828931707889,48,99,48,24,25693181.96888049,644.838599344187,0.673415838756655,0.029731736408290587
D1,la_lb_port_capacity_50pct,20260909,14.568187477998435,48,99,48,22,25037853.24162593,647.3109721726479,0.710143586156673,0.025532947854542555
D1,la_lb_port_capacity_50pct,20260910,15.270185385365039,48,99,48,25,25229500.829004634,643.7296481730101,0.8821455496215918,0.03626635550994206
D1,la_lb_port_capacity_50pct,20260911,14.941008191090077,48,99,48,25,25453704.052758213,643.4467287635109,0.8716143077245424,0.010226716578809459
D1,la_lb_port_capacity_50pct,20260912,15.053329718764871,48,99,48,35,25056725.76455644,644.3617633115043,0.9018430519431523,0.03001860630655011
D1,la_lb_port_capacity_50pct,20260913,14.800229582004249,48,99,48,15,25452737.802496064,648.8738298912457,0.5335577549955205,0.08604980693914142
D1,la_lb_port_capacity_50pct,20260914,15.01257917797193,48,99,48,20,25265969.84391114,647.3502399235277,0.6546494510888169,0.04039165604198169
D1,la_lb_port_capacity_50pct,20260915,15.22318616276607,48,99,48,16,25679668.43858775,645.9553843079879,0.6439608320763499,0.03195110527425542
D1,la_lb_port_capacity_50pct,20260916,14.806234955787659,48,99,48,20,25654609.87855041,642.5728479427764,0.8618715925887556,0.044833808205254996
D1,la_lb_port_capacity_50pct,20260917,14.156764979008585,48,99,48,25,25083561.117120057,645.6030943807325,0.8010046266082391,0.029152859815994255
D1,la_lb_port_capacity_50pct,20260918,14.389742926228791,48,99,48,19,25779527.36764236,645.3904005346549,0.6822825965852842,0.01100942511307665
D1,la_lb_port_capacity_50pct,20260919,15.052162840031087,48,99,48,23,25229963.851683617,644.1748052943324,0.8420503906023098,0.026082356752470275
D1,la_lb_port_capacity_50pct,20260920,14.971097909845412,48,99,48,15,25971511.494121883,644.6853489026861,0.6139122225078939,0.03859484547079581
D1,la_lb_port_capacity_50pct,20260921,14.75849955715239,48,99,48,20,25481353.08145735,645.0548718835392,0.7604364967720039,0.060332096026692233
D1,la_lb_port_capacity_50pct,20260922,14.84066330594942,48,99,48,20,25057250.399441373,645.5161859795246,0.8611917103030484,0.023535677511834868
D1,la_lb_port_capacity_50pct,20260923,15.402340909000486,48,99,48,25,25079977.58427764,645.2960518627211,0.8027838006778412,0.025679772487928836
D1,la_lb_port_capacity_50pct,20260924,14.796299524139613,48,99,48,19,25419815.87345848,643.6916025687831,0.8619957731844929,0.03576636333521792
D1,la_lb_port_capacity_50pct,20260925,15.239439871162176,48,99,48,15,25358961.966628592,645.0387459705569,0.6958295852402533,0.04206922404452022
D1,la_lb_port_capacity_50pct,20260926,15.688512241002172,48,99,48,19,25852462.121417776,646.0244012922994,0.6050252147730397,0.018974217494238606
D1,la_lb_port_capacity_50pct,20260927,14.88810069207102,48,99,48,38,25065943.9853397,643.1798026837876,0.9835808336890063,0.017517377317230038
D1,la_lb_port_capacity_50pct,20260928,15.221256664022803,48,99,48,11,25559860.714339662,646.6282349084719,0.653997760751402,0.05551149860324999
D1,la_lb_port_capacity_50pct,20260929,14.97040080325678,48,99,48,9,24930893.608474642,646.6125740699142,0.8025825959899874,0.08229193167541814
D1,la_lb_port_capacity_50pct,20260930,15.358876544982195,48,99,48,13,25888629.698686395,645.462924115103,0.6371734902764616,0.03028668834181117
D1,la_lb_port_capacity_50pct,20260931,15.279279575217515,48,99,48,11,25505052.5381805,646.7948577653599,0.6807493444635312,0.022474525910774163
D1,la_lb_port_capacity_50pct,20260932,15.21886776201427,48,99,48,19,25486345.02945351,644.407017201189,0.761151568718652,0.050338376219415136
D1,la_lb_port_capacity_50pct,20260933,14.394747082609683,48,99,48,22,25330417.31629501,644.1381693367726,0.8461114213104582,0.03468496660395564
D1,la_lb_port_capacity_50pct,20260934,14.42730281734839,48,99,48,19,25099215.530851416,645.2197751667602,0.8744436090870364,0.01607766220307528
D1,la_lb_port_capacity_50pct,20260935,15.298776417970657,48,99,48,27,25361442.06286377,643.3532404506121,0.9188752872703884,0.014485467887849763
D1,pilot_baseline,20260906,16.62743128463626,48,99,48,35,24842445.19812098,631.2515582168876,0.6918067077927461,0.013284880446067971
D1,pilot_baseline,20260907,15.901544605847448,48,99,48,29,25515584.528721776,620.8929751749603,0.6681496653083172,0.015703789594426993
D1,pilot_baseline,20260908,17.049284632783383,48,99,48,25,25569653.57766146,629.0580670168874,0.5423603565879856,0.020647798916455663
D1,pilot_baseline,20260909,16.42222358379513,48,99,48,23,25186500.8418719,630.5950551057432,0.605392476857209,0.0178656953062849
D1,pilot_baseline,20260910,16.678500558249652,48,99,48,46,25543194.307037503,620.5607815634917,0.670442986952875,0.014760146627645951
D1,pilot_baseline,20260911,16.733827349729836,48,99,48,41,25452940.511781923,624.39263151076,0.6496964045503757,0.022949972723675993
D1,pilot_baseline,20260912,16.332335847895592,48,99,48,36,25232421.79304781,626.7443542432873,0.7135347852952864,0.02463133266366375
D1,pilot_baseline,20260913,16.293373418040574,48,99,48,15,25677113.651315615,628.5960554010862,0.5078499246600846,0.026101914705090268
D1,pilot_baseline,20260914,16.742295146919787,48,99,48,25,25641665.444374107,620.4554428150458,0.6074555339971779,0.02024150389133097
D1,pilot_baseline,20260915,16.689477503299713,48,99,48,32,25546508.438125897,615.6406286172274,0.6841124041354416,0.013056048976708394
D1,pilot_baseline,20260916,17.41119228489697,48,99,48,30,25224257.32314798,625.1349055846833,0.712745443926939,0.015409359065075876
D1,pilot_baseline,20260917,16.597841985989362,48,99,48,32,25323906.030142374,623.1969666843478,0.6881167464856671,0.016307472926833117
D1,pilot_baseline,20260918,15.871422510128468,48,99,48,42,25439066.657839645,620.2759784168749,0.6863485553813675,0.025443475723399847
D1,pilot_baseline,20260919,16.793715347070247,48,99,48,38,25535165.286814276,620.748467188563,0.6824172306399005,0.01741378481384894
D1,pilot_baseline,20260920,16.264633781276643,48,99,48,34,25320529.721365545,620.4134857169181,0.6969064141937962,0.022088387356515585
D1,pilot_baseline,20260921,16.03487040195614,48,99,48,30,25593553.10810194,621.2529400389718,0.6468132699354632,0.016842363652852826
D1,pilot_baseline,20260922,16.60421836003661,48,99,48,42,25234968.73262493,625.1420091598114,0.6916269987937247,0.018802337919765426
D1,pilot_baseline,20260923,17.15589445270598,48,99,48,40,25183901.81765151,627.507329158215,0.6959644431222066,0.014491680745556661
D1,pilot_baseline,20260924,16.46604822995141,48,99,48,33,25394621.600913357,622.4143702737733,0.6844285483748888,0.014872794830908129
D1,pilot_baseline,20260925,16.694477637764066,48,99,48,35,25475960.521740958,619.9291129020464,0.6955975198008606,0.010939512296924001
D1,pilot_baseline,20260926,17.1020416370593,48,99,48,38,25366926.301028013,617.7039590188061,0.733910766934022,0.01585048465426848
D1,pilot_baseline,20260927,16.58723125513643,48,99,48,30,25328678.692612767,623.8893318601287,0.714035743032417,0.015280490294954362
D1,pilot_baseline,20260928,15.946096973028034,48,99,48,28,25577762.70665097,623.2855024274461,0.6094672952182266,0.009032441689536616
D1,pilot_baseline,20260929,16.286834887694567,48,99,48,33,25191742.798955087,628.873470107427,0.6810868331648335,0.018464443989459338
D1,pilot_baseline,20260930,16.780208093114197,48,99,48,31,25564523.014464915,620.6624744076898,0.6233975115546566,0.03812139190057035
D1,pilot_baseline,20260931,16.634993968065828,48,99,48,30,25217481.649182767,626.4226177767099,0.7091571973892868,0.011395697205112212
D1,pilot_baseline,20260932,16.41158025013283,48,99,48,30,25221481.169953357,624.4256273744387,0.7376166707728861,0.027589239828100444
D1,pilot_baseline,20260933,16.463683103676885,48,99,48,44,25177392.60003796,625.6500334808647,0.7201910249004039,0.014644497571547892
D1,pilot_baseline,20260934,15.30380872124806,48,99,48,40,25345585.86754619,626.3282514198103,0.6598633860992321,0.009344486052570405
D1,pilot_baseline,20260935,17.074425706174225,48,99,48,47,25305074.64729478,621.3079809518541,0.7276701143736397,0.014334739015442303
D1,seattle_tacoma_departure_delay_72h,20260906,13.986382935196161,48,99,48,5,26789012.360008202,611.7992688272549,0.7207103281010393,0.042740227729284576
D1,seattle_tacoma_departure_delay_72h,20260907,13.968712640926242,48,99,48,17,26732398.19812314,609.5104613731701,0.7941982665517409,0.012200629004564822
D1,seattle_tacoma_departure_delay_72h,20260908,13.350917923264205,48,99,48,6,26766481.068178017,615.5735021539616,0.62718633695509,0.02773244535048773
D1,seattle_tacoma_departure_delay_72h,20260909,13.86909379484132,48,99,48,11,26723602.657892905,618.1977305172663,0.5534218244392278,0.03767791289438287
D1,seattle_tacoma_departure_delay_72h,20260910,13.331090505700558,48,99,48,11,26836614.714505564,609.2242522542318,0.7289861944013495,0.07843568029317936
D1,seattle_tacoma_departure_delay_72h,20260911,13.835427443031222,48,99,48,9,26672170.746128395,620.0120218749836,0.5555194775770802,0.043075918482181265
D1,seattle_tacoma_departure_delay_72h,20260912,13.764827749691904,48,99,48,12,26680200.001918256,613.4313240850026,0.7172774356146154,0.09193431790492192
D1,seattle_tacoma_departure_delay_72h,20260913,13.278715203981847,48,99,48,29,26486103.9735737,609.4526360021055,0.9605498841394164,0.015703403336513322
D1,seattle_tacoma_departure_delay_72h,20260914,14.133677036967129,48,99,48,13,26804478.528406613,612.5507890003448,0.6706365656480989,0.021047115234618132
D1,seattle_tacoma_departure_delay_72h,20260915,13.22528098616749,48,99,48,24,26776442.983438496,607.7590957283293,0.8216093318208214,0.044371170060490316
D1,seattle_tacoma_departure_delay_72h,20260916,13.240164659917355,48,99,48,25,26777937.289053753,608.8123192771046,0.7836332414535391,0.022846340869133924
D1,seattle_tacoma_departure_delay_72h,20260917,13.12612073076889,48,99,48,24,26574771.5188975,613.110862983616,0.8175309105896015,0.020255744846373738
D1,seattle_tacoma_departure_delay_72h,20260918,13.896543317008764,48,99,48,29,26513072.58560563,615.8070056490055,0.7732805704870619,0.017679610181746092
D1,seattle_tacoma_departure_delay_72h,20260919,13.110136789269745,48,99,48,28,26727173.020877875,607.5915513210832,0.8506110008097654,0.047635234670939476
D1,seattle_tacoma_departure_delay_72h,20260920,13.247988620307297,48,99,48,16,26914707.438795682,608.063677620307,0.6911086756641842,0.012951725688814418
D1,seattle_tacoma_departure_delay_72h,20260921,13.6356280031614,48,99,48,24,26438100.874524277,615.8811660886281,0.7125044797745946,0.025898937705894284
D1,seattle_tacoma_departure_delay_72h,20260922,13.616919689811766,48,99,48,13,26753450.106622268,611.173431852945,0.7364140636306463,0.03311767131969923
D1,seattle_tacoma_departure_delay_72h,20260923,13.73109225416556,48,99,48,28,26964131.50299137,606.6022720304636,0.6865127764235315,0.010178088007049904
D1,seattle_tacoma_departure_delay_72h,20260924,13.337365742772818,48,99,48,13,26750924.04634459,611.1452067714013,0.7408281060272227,0.03344621314616726
D1,seattle_tacoma_departure_delay_72h,20260925,13.545768538024276,48,99,48,9,26764307.81579156,610.1874550099662,0.7559146890779859,0.04249468887511657
D1,seattle_tacoma_departure_delay_72h,20260926,13.495100229978561,48,99,48,24,26711243.739115823,612.1795425246837,0.7400361746624936,0.023612133865946672
D1,seattle_tacoma_departure_delay_72h,20260927,13.733244852162898,48,99,48,12,26858730.272719167,611.1874128885343,0.6777460823517228,0.02893439247368859
D1,seattle_tacoma_departure_delay_72h,20260928,14.055671270936728,48,99,48,17,26766853.94545622,610.7510582349028,0.7536872115859581,0.01997263786297805
D1,seattle_tacoma_departure_delay_72h,20260929,13.285459992941469,48,99,48,12,26787599.21217759,608.9547833626324,0.788559482642545,0.030277094174928344
D1,seattle_tacoma_departure_delay_72h,20260930,13.578185595106333,48,99,48,20,26800789.229742564,610.8442613710558,0.6701462151890865,0.020295119291097452
D1,seattle_tacoma_departure_delay_72h,20260931,13.69277412025258,48,99,48,23,26614954.511791028,609.6706503048997,0.8178758966207875,0.020337418622434794
D1,seattle_tacoma_departure_delay_72h,20260932,13.493413816206157,48,99,48,13,26701290.7897479,609.6030902730494,0.7832072126489681,0.05535482394193534
D1,seattle_tacoma_departure_delay_72h,20260933,13.656082398723811,48,99,48,15,26821076.31188236,608.6739446909768,0.7613554877860454,0.054617632921162215
D1,seattle_tacoma_departure_delay_72h,20260934,14.230188145302236,48,99,48,24,26662775.839107823,613.9817219564329,0.685884902185807,0.028199402825986545
D1,seattle_tacoma_departure_delay_72h,20260935,13.729156865272671,48,99,48,8,26813351.335455704,611.1883174642152,0.6997149387783805,0.05993337362394829
D1,seattle_tacoma_port_capacity_50pct,20260906,14.813702200073749,48,99,48,35,24842445.19812098,631.2515582168876,0.6918067077927461,0.013284880446067971
D1,seattle_tacoma_port_capacity_50pct,20260907,14.227953894995153,48,99,48,29,25515584.528721776,620.8929751749603,0.6681496653083172,0.015703789594426993
D1,seattle_tacoma_port_capacity_50pct,20260908,15.21686244616285,48,99,48,25,25569653.57766146,629.0580670168874,0.5423603565879856,0.020647798916455663
D1,seattle_tacoma_port_capacity_50pct,20260909,14.653763081878424,48,99,48,23,25186500.8418719,630.5950551057432,0.605392476857209,0.0178656953062849
D1,seattle_tacoma_port_capacity_50pct,20260910,14.819308068137616,48,99,48,46,25543194.307037503,620.5607815634917,0.670442986952875,0.014760146627645951
D1,seattle_tacoma_port_capacity_50pct,20260911,14.870161016006023,48,99,48,41,25452940.511781923,624.39263151076,0.6496964045503757,0.022949972723675993
D1,seattle_tacoma_port_capacity_50pct,20260912,14.541154619771987,48,99,48,36,25232421.79304781,626.7443542432873,0.7135347852952864,0.02463133266366375
D1,seattle_tacoma_port_capacity_50pct,20260913,14.591838459018618,48,99,48,15,25677113.651315615,628.5960554010862,0.5078499246600846,0.026101914705090268
D1,seattle_tacoma_port_capacity_50pct,20260914,14.870981064159423,48,99,48,25,25641665.444374107,620.4554428150458,0.6074555339971779,0.02024150389133097
D1,seattle_tacoma_port_capacity_50pct,20260915,14.789172668941319,48,99,48,32,25546508.438125897,615.6406286172274,0.6841124041354416,0.013056048976708394
D1,seattle_tacoma_port_capacity_50pct,20260916,14.966016071848571,48,99,48,30,25224257.32314798,625.1349055846833,0.712745443926939,0.015409359065075876
D1,seattle_tacoma_port_capacity_50pct,20260917,14.30454325163737,48,99,48,32,25323906.030142374,623.1969666843478,0.6881167464856671,0.016307472926833117
D1,seattle_tacoma_port_capacity_50pct,20260918,13.934856200125068,48,99,48,42,25439066.657839645,620.2759784168749,0.6863485553813675,0.025443475723399847
D1,seattle_tacoma_port_capacity_50pct,20260919,14.79029232216999,48,99,48,38,25535165.286814276,620.748467188563,0.6824172306399005,0.01741378481384894
D1,seattle_tacoma_port_capacity_50pct,20260920,14.484366656281054,48,99,48,34,25320529.721365545,620.4134857169181,0.6969064141937962,0.022088387356515585
D1,seattle_tacoma_port_capacity_50pct,20260921,14.244180073030293,48,99,48,30,25593553.10810194,621.2529400389718,0.6468132699354632,0.016842363652852826
D1,seattle_tacoma_port_capacity_50pct,20260922,14.768003501929343,48,99,48,42,25234968.73262493,625.1420091598114,0.6916269987937247,0.018802337919765426
D1,seattle_tacoma_port_capacity_50pct,20260923,15.279591579921544,48,99,48,40,25183901.81765151,627.507329158215,0.6959644431222066,0.014491680745556661
D1,seattle_tacoma_port_capacity_50pct,20260924,14.63169371476397,48,99,48,33,25394621.600913357,622.4143702737733,0.6844285483748888,0.014872794830908129
D1,seattle_tacoma_port_capacity_50pct,20260925,14.882896298076957,48,99,48,35,25475960.521740958,619.9291129020464,0.6955975198008606,0.010939512296924001
D1,seattle_tacoma_port_capacity_50pct,20260926,15.274582834914327,48,99,48,38,25366926.301028013,617.7039590188061,0.733910766934022,0.01585048465426848
D1,seattle_tacoma_port_capacity_50pct,20260927,14.75861523905769,48,99,48,30,25328678.692612767,623.8893318601287,0.714035743032417,0.015280490294954362
D1,seattle_tacoma_port_capacity_50pct,20260928,14.19585036393255,48,99,48,28,25577762.70665097,623.2855024274461,0.6094672952182266,0.009032441689536616
D1,seattle_tacoma_port_capacity_50pct,20260929,14.483009356074035,48,99,48,33,25191742.798955087,628.873470107427,0.6810868331648335,0.018464443989459338
D1,seattle_tacoma_port_capacity_50pct,20260930,14.854556453879923,48,99,48,31,25564523.014464915,620.6624744076898,0.6233975115546566,0.03812139190057035
D1,seattle_tacoma_port_capacity_50pct,20260931,14.759929469786584,48,99,48,30,25217481.649182767,626.4226177767099,0.7091571973892868,0.011395697205112212
D1,seattle_tacoma_port_capacity_50pct,20260932,14.5983900539577,48,99,48,30,25221481.169953357,624.4256273744387,0.7376166707728861,0.027589239828100444
D1,seattle_tacoma_port_capacity_50pct,20260933,14.600664572790265,48,99,48,44,25177392.60003796,625.6500334808647,0.7201910249004039,0.014644497571547892
D1,seattle_tacoma_port_capacity_50pct,20260934,13.645005336031318,48,99,48,40,25345585.86754619,626.3282514198103,0.6598633860992321,0.009344486052570405
D1,seattle_tacoma_port_capacity_50pct,20260935,15.157998880837113,48,99,48,47,25305074.64729478,621.3079809518541,0.7276701143736397,0.014334739015442303
D1,uswc_compound_50pct_delay_120h,20260906,13.686424101702869,48,99,48,8,34510262.668336175,730.0807282030104,0.5086185170433597,0.04654635655174642
D1,uswc_compound_50pct_delay_120h,20260907,13.36018940107897,48,99,48,4,33934224.033316165,730.9398062581295,0.668524337289993,0.013841316093446715
D1,uswc_compound_50pct_delay_120h,20260908,13.167627134360373,48,99,48,6,34598685.53244145,730.768825332731,0.40405692364833,0.03376194845748579
D1,uswc_compound_50pct_delay_120h,20260909,13.913830541074276,48,99,48,5,35031821.245280765,731.0680569741015,0.18824674056766771,0.06595827209813053
D1,uswc_compound_50pct_delay_120h,20260910,13.074541107285768,48,99,48,1,34615087.783403605,730.8614119618991,0.40135009298652,0.0
D1,uswc_compound_50pct_delay_120h,20260911,13.27137941494584,48,99,48,4,34933614.051746435,731.4423810849252,0.2312667692859262,0.026395713691212984
D1,uswc_compound_50pct_delay_120h,20260912,13.409606641624123,48,99,48,2,34276820.54054916,730.528626335915,0.5779482580479652,0.0
D1,uswc_compound_50pct_delay_120h,20260913,13.065685690380633,48,99,48,4,34492000.009922594,730.5769061909742,0.4567070247566646,0.12507623906196577
D1,uswc_compound_50pct_delay_120h,20260914,13.168926392216235,48,99,48,10,34214224.42507803,730.2530432491338,0.6013722259196845,0.15190131690616965
D1,uswc_compound_50pct_delay_120h,20260915,13.113906139973551,48,99,48,4,34774495.203177646,732.2265414923812,0.22214736968344112,0.009351394239150268
D1,uswc_compound_50pct_delay_120h,20260916,12.691441572271287,48,99,48,11,34717108.86787472,729.0373706699734,0.4722011748956593,0.02252084380115536
D1,uswc_compound_50pct_delay_120h,20260917,12.57327341940254,48,99,48,4,34611170.048263505,729.5132991336342,0.501857375768638,0.07691240708176718
D1,uswc_compound_50pct_delay_120h,20260918,14.026229813694954,48,99,48,5,33991996.2737842,730.0089674550735,0.7524914565498763,0.0594665357342862
D1,uswc_compound_50pct_delay_120h,20260919,12.793517844285816,48,99,48,9,33483711.809694815,729.784704209731,1.0704300313332764,0.015347506385276677
D1,uswc_compound_50pct_delay_120h,20260920,13.06316350121051,48,99,48,7,34344921.32128123,730.5117721852231,0.5275217788697163,0.04990258721565368
D1,uswc_compound_50pct_delay_120h,20260921,13.511931031011045,48,99,48,2,35024751.84099913,733.0638226190306,0.12317365723371679,0.0
D1,uswc_compound_50pct_delay_120h,20260922,13.461843641009182,48,99,48,3,34322080.632515006,730.0149076674974,0.5567396020579238,0.10254143600155864
D1,uswc_compound_50pct_delay_120h,20260923,13.466275892220438,48,99,48,2,34730153.623863235,733.810772797029,0.13683943752093874,0.0
D1,uswc_compound_50pct_delay_120h,20260924,13.079983722418547,48,99,48,5,34434008.92092738,730.4998207517287,0.4825191791068068,0.02474426375797019
D1,uswc_compound_50pct_delay_120h,20260925,13.036585442721844,48,99,48,6,34557685.93209798,729.5990817484238,0.512023092743917,0.13326265358475337
D1,uswc_compound_50pct_delay_120h,20260926,13.459406476933509,48,99,48,3,34324521.17795074,729.6530279064089,0.6481824083916605,0.06832307582549257
D1,uswc_compound_50pct_delay_120h,20260927,13.350864300038666,48,99,48,5,34239732.16508053,729.9921850690465,0.6554012272956508,0.009614479979593913
D1,uswc_compound_50pct_delay_120h,20260928,13.832193727139384,48,99,48,5,34664690.82432834,729.3260760984398,0.4956265342924547,0.011948118024545323
D1,uswc_compound_50pct_delay_120h,20260929,12.849285715259612,48,99,48,4,34610392.91487488,729.8631992965784,0.479867021541654,0.048401757024326905
D1,uswc_compound_50pct_delay_120h,20260930,12.840108857955784,48,99,48,4,34511538.33173668,730.1636479935545,0.5055539810966205,0.002196290762906686
D1,uswc_compound_50pct_delay_120h,20260931,12.948460505809635,48,99,48,2,34265346.82538691,730.9385020910738,0.5392566804748099,0.0
D1,uswc_compound_50pct_delay_120h,20260932,12.916952218860388,48,99,48,10,34912865.05166787,730.1128418495281,0.29032273579101786,0.01704945934460181
D1,uswc_compound_50pct_delay_120h,20260933,13.580352362710983,48,99,48,2,34885049.97583161,730.5544292584459,0.2934550457971442,0.0
D1,uswc_compound_50pct_delay_120h,20260934,13.805298400111496,48,99,48,9,34493996.04979443,729.9316374541291,0.47227919880372327,0.08214909555451153
D1,uswc_compound_50pct_delay_120h,20260935,13.49166762875393,48,99,48,8,34187870.651749946,729.5075494611411,0.709194777118758,0.07455979794985122
D1,uswc_departure_delay_120h,20260906,13.679664451163262,48,99,48,8,34510262.668336175,730.0807282030104,0.5086185170433597,0.04654635655174642
D1,uswc_departure_delay_120h,20260907,13.325467459857464,48,99,48,4,33934224.033316165,730.9398062581295,0.668524337289993,0.013841316093446715
D1,uswc_departure_delay_120h,20260908,13.17074854299426,48,99,48,6,34598685.53244145,730.768825332731,0.40405692364833,0.03376194845748579
D1,uswc_departure_delay_120h,20260909,13.88618490844965,48,99,48,5,35031821.245280765,731.0680569741015,0.18824674056766771,0.06595827209813053
D1,uswc_departure_delay_120h,20260910,13.0340460781008,48,99,48,1,34615087.783403605,730.8614119618991,0.40135009298652,0.0
D1,uswc_departure_delay_120h,20260911,13.281330375000834,48,99,48,4,34933614.051746435,731.4423810849252,0.2312667692859262,0.026395713691212984
D1,uswc_departure_delay_120h,20260912,13.415992587804794,48,99,48,2,34276820.54054916,730.528626335915,0.5779482580479652,0.0
D1,uswc_departure_delay_120h,20260913,13.058026570826769,48,99,48,4,34492000.009922594,730.5769061909742,0.4567070247566646,0.12507623906196577
D1,uswc_departure_delay_120h,20260914,13.153605442959815,48,99,48,10,34214224.42507803,730.2530432491338,0.6013722259196845,0.15190131690616965
D1,uswc_departure_delay_120h,20260915,13.136713771615177,48,99,48,4,34774495.203177646,732.2265414923812,0.22214736968344112,0.009351394239150268
D1,uswc_departure_delay_120h,20260916,12.648078251164407,48,99,48,11,34717108.86787472,729.0373706699734,0.4722011748956593,0.02252084380115536
D1,uswc_departure_delay_120h,20260917,12.551297394093126,48,99,48,4,34611170.048263505,729.5132991336342,0.501857375768638,0.07691240708176718
D1,uswc_departure_delay_120h,20260918,13.971975936088711,48,99,48,5,33991996.2737842,730.0089674550735,0.7524914565498763,0.0594665357342862
D1,uswc_departure_delay_120h,20260919,12.76023514708504,48,99,48,9,33483711.809694815,729.784704209731,1.0704300313332764,0.015347506385276677
D1,uswc_departure_delay_120h,20260920,13.096207150723785,48,99,48,7,34344921.32128123,730.5117721852231,0.5275217788697163,0.04990258721565368
D1,uswc_departure_delay_120h,20260921,13.509432375896722,48,99,48,2,35024751.84099913,733.0638226190306,0.12317365723371679,0.0
D1,uswc_departure_delay_120h,20260922,13.426990709733218,48,99,48,3,34322080.632515006,730.0149076674974,0.5567396020579238,0.10254143600155864
D1,uswc_departure_delay_120h,20260923,13.456276331096888,48,99,48,2,34730153.623863235,733.810772797029,0.13683943752093874,0.0
D1,uswc_departure_delay_120h,20260924,13.031819257885218,48,99,48,5,34434008.92092738,730.4998207517287,0.4825191791068068,0.02474426375797019
D1,uswc_departure_delay_120h,20260925,13.006924159824848,48,99,48,6,34557685.93209798,729.5990817484238,0.512023092743917,0.13326265358475337
D1,uswc_departure_delay_120h,20260926,13.414882211945951,48,99,48,3,34324521.17795074,729.6530279064089,0.6481824083916605,0.06832307582549257
D1,uswc_departure_delay_120h,20260927,13.283030171878636,48,99,48,5,34239732.16508053,729.9921850690465,0.6554012272956508,0.009614479979593913
D1,uswc_departure_delay_120h,20260928,13.779315845109522,48,99,48,5,34664690.82432834,729.3260760984398,0.4956265342924547,0.011948118024545323
D1,uswc_departure_delay_120h,20260929,12.796752527821809,48,99,48,4,34610392.91487488,729.8631992965784,0.479867021541654,0.048401757024326905
D1,uswc_departure_delay_120h,20260930,12.883968483656645,48,99,48,4,34511538.33173668,730.1636479935545,0.5055539810966205,0.002196290762906686
D1,uswc_departure_delay_120h,20260931,12.960128437262028,48,99,48,2,34265346.82538691,730.9385020910738,0.5392566804748099,0.0
D1,uswc_departure_delay_120h,20260932,12.902165750041604,48,99,48,10,34912865.05166787,730.1128418495281,0.29032273579101786,0.01704945934460181
D1,uswc_departure_delay_120h,20260933,13.57626660214737,48,99,48,2,34885049.97583161,730.5544292584459,0.2934550457971442,0.0
D1,uswc_departure_delay_120h,20260934,13.772745744790882,48,99,48,9,34493996.04979443,729.9316374541291,0.47227919880372327,0.08214909555451153
D1,uswc_departure_delay_120h,20260935,13.476888134144247,48,99,48,8,34187870.651749946,729.5075494611411,0.709194777118758,0.07455979794985122
D1,uswc_departure_delay_168h,20260906,12.763525620102882,48,99,48,3,44309037.82142776,772.3839710618372,0.6967879218884936,0.006726162142203947
D1,uswc_departure_delay_168h,20260907,13.33753992896527,48,99,48,6,43980743.40749254,772.3214864973327,1.0491135208357278,0.02142407544704654
D1,uswc_departure_delay_168h,20260908,12.807943770196289,48,99,48,3,44321070.85499977,772.4557973559859,0.6727964662636334,0.07444173813588396
D1,uswc_departure_delay_168h,20260909,13.578468125779182,48,99,48,5,44507274.96673238,773.0034496880869,0.39487831126501843,0.04572118830705937
D1,uswc_departure_delay_168h,20260910,13.290467538870871,48,99,48,3,44316838.801183164,773.2701362493941,0.5255401255880595,0.032972127583271234
D1,uswc_departure_delay_168h,20260911,13.107272741850466,48,99,48,4,44299691.382462345,773.6022746669009,0.47984171924820807,0.01894710709169728
D1,uswc_departure_delay_168h,20260912,12.836720511782914,48,99,48,3,44378561.742146276,774.2573964465657,0.3160283600746829,0.05261765503764651
D1,uswc_departure_delay_168h,20260913,13.023214302025735,48,99,48,8,44257031.201424986,772.3704679980237,0.7300716169308857,0.04368178724472931
D1,uswc_departure_delay_168h,20260914,13.695470297709107,48,99,48,1,44879396.720922016,773.8834271889352,0.06694784424292148,0.0
D1,uswc_departure_delay_168h,20260915,12.132163495756686,48,99,48,6,44216716.021954715,772.3380483532083,0.7813941119950354,0.09697856490203127
D1,uswc_departure_delay_168h,20260916,12.7532455092296,48,99,48,4,44254728.64232353,772.5358837199296,0.7046295240999699,0.08845697630455661
D1,uswc_departure_delay_168h,20260917,12.107347479090095,48,99,48,6,43839689.37032472,772.5671268518378,1.1253072111377629,0.015930489602156386
D1,uswc_departure_delay_168h,20260918,12.796338888350874,48,99,48,1,44681926.7993048,775.4183811184545,0.07136146630530874,0.0
D1,uswc_departure_delay_168h,20260919,12.53240012936294,48,99,48,3,44365252.10183058,772.3699993264279,0.6449033740464533,0.02297960523518657
D1,uswc_departure_delay_168h,20260920,12.545730790123343,48,99,48,12,44280219.773551926,772.322713522841,0.7072434522019732,0.06775849565613581
D1,uswc_departure_delay_168h,20260921,12.344214293640107,48,99,48,7,44131186.9298277,772.5933744141793,0.83626418252628,0.020446177885687637
D1,uswc_departure_delay_168h,20260922,13.137113508302718,48,99,48,4,43838008.709175274,772.3369329042482,1.198788605763787,0.08058314523838539
D1,uswc_departure_delay_168h,20260923,13.102137153036892,48,99,48,5,44085138.160591125,772.3733302123286,0.9257980808492944,0.021584281153624825
D1,uswc_departure_delay_168h,20260924,13.276539977174252,48,99,48,9,44461968.62533822,773.7464008123131,0.29117055196827946,0.029785417433236077
D1,uswc_departure_delay_168h,20260925,12.526789992582053,48,99,48,6,44451680.60493297,772.7917715051203,0.47296194770743805,0.052456970087605075
D1,uswc_departure_delay_168h,20260926,12.485131983179599,48,99,48,3,43920359.41950296,772.3242327561844,1.1218938595044516,0.01590183909919082
D1,uswc_departure_delay_168h,20260927,12.947552123107016,48,99,48,4,44232412.615383014,772.3736051159566,0.7778576879815793,0.07288178955217736
D1,uswc_departure_delay_168h,20260928,13.502521318849176,48,99,48,4,44541468.96885945,772.9674617654177,0.35743680635558345,0.1944951514942697
D1,uswc_departure_delay_168h,20260929,12.416541494894773,48,99,48,6,44034244.983851,773.0092767077792,0.8150883306117953,0.11550962568328337
D1,uswc_departure_delay_168h,20260930,13.085944802965969,48,99,48,2,44355822.129782625,773.5914158689795,0.4475779491786153,0.0
D1,uswc_departure_delay_168h,20260931,13.05320056900382,48,99,48,3,44447989.66729446,774.2625070591004,0.29024330190235115,0.01882713219459514
D1,uswc_departure_delay_168h,20260932,12.641810846980661,48,99,48,5,44498591.18918288,772.9832814672129,0.424059067482686,0.019482109592477006
D1,uswc_departure_delay_168h,20260933,12.767997460905463,48,99,48,7,44095729.127321534,773.2841605465668,0.6776466519777374,0.061905256420331886
D1,uswc_departure_delay_168h,20260934,13.393854205030948,48,99,48,3,44521067.38637136,773.482144899087,0.3409951227675668,0.0893627462018803
D1,uswc_departure_delay_168h,20260935,12.950490762013942,48,99,48,8,44340037.82520716,772.3261996120416,0.6768786369241601,0.01884225803631182
D1,uswc_departure_delay_96h,20260906,13.709281002171338,48,99,48,6,30996248.896642167,705.8220560156706,0.2557971814839707,0.04679845224435343
D1,uswc_departure_delay_96h,20260907,12.750758558046073,48,99,48,18,29967543.6334626,702.4086372904892,0.9928998904371588,0.04620416412923232
D1,uswc_departure_delay_96h,20260908,13.625465749762952,48,99,48,6,30748034.563515123,703.1852889278152,0.5462341574255537,0.040300177469788395
D1,uswc_departure_delay_96h,20260909,12.974720733705908,48,99,48,7,31053069.770834014,706.5695891430573,0.2561123329562626,0.01620670412311835
D1,uswc_departure_delay_96h,20260910,13.675510755740106,48,99,48,2,30546385.690045647,706.0048163849793,0.4822071089790061,0.0
D1,uswc_departure_delay_96h,20260911,13.997887083794922,48,99,48,11,30689484.966003004,706.1012713907536,0.4015461165938064,0.039201432679440984
D1,uswc_departure_delay_96h,20260912,12.993120496161282,48,99,48,15,30144104.471493147,703.0449476961115,0.8876380633240217,0.017161868418723313
D1,uswc_departure_delay_96h,20260913,12.699736529961228,48,99,48,11,30546899.31710231,703.9419246468229,0.6125069718141114,0.02938010057991327
D1,uswc_departure_delay_96h,20260914,14.22334597678855,48,99,48,4,30872032.314431317,705.0799412712819,0.3960371965430638,0.011090493218736171
D1,uswc_departure_delay_96h,20260915,13.170827963855118,48,99,48,10,30528598.856973797,702.6265325620092,0.717762928596058,0.027441841948993694
D1,uswc_departure_delay_96h,20260916,14.032390146050602,48,99,48,8,30849436.645677585,702.4962206102168,0.5231271953589037,0.029070315379381536
D1,uswc_departure_delay_96h,20260917,13.987412804272026,48,99,48,6,30611663.53976153,704.4732799028367,0.5495571798597119,0.019512460340231515
D1,uswc_departure_delay_96h,20260918,13.601631417870522,48,99,48,2,30737757.1543642,707.4539864800572,0.3003911939033272,0.0
D1,uswc_departure_delay_96h,20260919,13.007580371107906,48,99,48,9,30369189.4321743,702.7421911835919,0.7916749773980155,0.019190663943022056
D1,uswc_departure_delay_96h,20260920,13.666640569921583,48,99,48,4,30931341.428237718,703.4833450860075,0.4402731002855661,0.05663009276639355
D1,uswc_departure_delay_96h,20260921,13.350124550051987,48,99,48,14,29756610.416316744,702.9346741303027,1.1027178632782315,0.023797472187990203
D1,uswc_departure_delay_96h,20260922,13.516714067198336,48,99,48,5,30537563.59976756,704.2784274517379,0.6022192979626695,0.0499075071403141
D1,uswc_departure_delay_96h,20260923,13.33012277027592,48,99,48,9,30162466.330298603,703.2625206286914,0.8394828514973321,0.02555389655409146
D1,uswc_departure_delay_96h,20260924,13.064302687998861,48,99,48,6,30141707.585468397,706.2575368484218,0.5865862489318399,0.012591756305801314
D1,uswc_departure_delay_96h,20260925,13.323155948892236,48,99,48,20,30711292.214505266,705.9255177046958,0.4066031152390551,0.02054347678026615
D1,uswc_departure_delay_96h,20260926,13.14097238285467,48,99,48,13,30276384.052024055,702.5212539777123,0.8404214765292297,0.022519033935636514
D1,uswc_departure_delay_96h,20260927,13.789490783587098,48,99,48,10,30458464.914502814,707.3575899069698,0.37215992087109595,0.04004291388733642
D1,uswc_departure_delay_96h,20260928,13.46008816221729,48,99,48,10,30272785.586591452,705.342233243906,0.635352790890772,0.03479897672512067
D1,uswc_departure_delay_96h,20260929,12.866239861119539,48,99,48,6,30264318.096881535,705.1545693202482,0.6573922035939678,0.01642951731122117
D1,uswc_departure_delay_96h,20260930,13.502875071950257,48,99,48,9,30561015.733745318,704.6441378949929,0.530879019187135,0.030632898433230332
D1,uswc_departure_delay_96h,20260931,13.190531050320715,48,99,48,10,30625638.22684116,702.8504260819203,0.6310342076498667,0.04331781726926158
D1,uswc_departure_delay_96h,20260932,13.332505028229207,48,99,48,6,30716245.80343447,704.6717755516709,0.4628676024275541,0.02728110837971294
D1,uswc_departure_delay_96h,20260933,13.397774843964726,48,99,48,7,30333909.59157579,705.0778589843865,0.6107066003112105,0.029473259057864225
D1,uswc_departure_delay_96h,20260934,13.341218929737806,48,99,48,7,30285433.388824616,705.464248546236,0.6104697997738184,0.025317773771870056
D1,uswc_departure_delay_96h,20260935,12.832242933101952,48,99,48,3,30461912.72468136,702.7287358841576,0.7611802824538648,0.012616976939120601
D1,uswc_port_capacity_60pct,20260906,14.844252792187035,48,99,48,35,24842445.19812098,631.2515582168876,0.9528990520293057,0.013509534648713751
D1,uswc_port_capacity_60pct,20260907,14.186573010403663,48,99,48,37,25355372.204201818,627.3781517710765,0.9586849511348541,0.010607730213932836
D1,uswc_port_capacity_60pct,20260908,15.181480336003006,48,99,48,28,25369167.837454982,631.2937760634633,0.8345351836920291,0.015023492628992925
D1,uswc_port_capacity_60pct,20260909,14.616267606150359,48,99,48,29,25198420.661119506,631.1554003047036,0.8583369142724887,0.03247899932415523
D1,uswc_port_capacity_60pct,20260910,14.972666040062904,48,99,48,43,25154287.91702902,628.2957644500899,0.9726616223382876,0.020838058542775893
D1,uswc_port_capacity_60pct,20260911,14.990949457976967,48,99,48,29,25197377.784963798,631.5967240945845,0.8929856122661499,0.05007615628129724
D1,uswc_port_capacity_60pct,20260912,14.589308665134013,48,99,48,43,25036901.87875438,629.6558847353625,0.9870762384255123,0.010739533477986634
D1,uswc_port_capacity_60pct,20260913,14.647068962920457,48,99,48,28,25512568.840730187,632.1160770560201,0.7839675577277667,0.01245865506284549
D1,uswc_port_capacity_60pct,20260914,14.886956957168877,48,99,48,16,25472152.7284248,631.1790790453441,0.8240168406195963,0.04380229553977477
D1,uswc_port_capacity_60pct,20260915,14.716853577643633,48,99,48,30,25902187.147193264,628.4392524645771,0.7315788936908754,0.014312657137132655
D1,uswc_port_capacity_60pct,20260916,14.906323915347457,48,99,48,39,25232435.59137505,628.804114601182,0.9559523070818252,0.016722339923403676
D1,uswc_port_capacity_60pct,20260917,14.112916535232216,48,99,48,35,25398790.09213754,631.8876801596122,0.8480256605983716,0.0099318561079776
D1,uswc_port_capacity_60pct,20260918,13.950424385722727,48,99,48,16,25709379.626632124,630.8536288210798,0.7557699051391404,0.02929789978320397
D1,uswc_port_capacity_60pct,20260919,14.963532778900117,48,99,48,33,25583156.92346008,628.6195011486662,0.8650382683077191,0.011330070304442236
D1,uswc_port_capacity_60pct,20260920,14.293265770189464,48,99,48,23,25190260.325786676,631.0536515024016,0.9139181499119974,0.009484759145199364
D1,uswc_port_capacity_60pct,20260921,14.268993392586708,48,99,48,31,25491976.443520356,630.5186082576022,0.857394467375657,0.007187200781407531
D1,uswc_port_capacity_60pct,20260922,14.717149681877345,48,99,48,22,25224559.97394691,631.65427466992,0.8963295082734684,0.017457134254163155
D1,uswc_port_capacity_60pct,20260923,15.273749898187816,48,99,48,26,25141618.47957245,631.6593413177903,0.9241955406540706,0.014597057445470192
D1,uswc_port_capacity_60pct,20260924,14.62730460288003,48,99,48,43,25421340.85805189,630.7625902416213,0.8584559617306988,0.008233913031362913
D1,uswc_port_capacity_60pct,20260925,14.89093203889206,48,99,48,36,25308948.590941325,630.9882470671307,0.8819303789301232,0.014101805821086982
D1,uswc_port_capacity_60pct,20260926,15.275608567986637,48,99,48,30,25480217.239930183,629.4238499051662,0.8684957275908541,0.014120050759436975
D1,uswc_port_capacity_60pct,20260927,14.744870872236788,48,99,48,35,25178126.5298261,630.1814327141433,0.9525667722949732,0.010790673164984476
D1,uswc_port_capacity_60pct,20260928,14.356517500709742,48,99,48,30,25351307.69031146,631.084247395179,0.8671186368248327,0.013190805653788454
D1,uswc_port_capacity_60pct,20260929,14.509861202910542,48,99,48,31,25191205.178108007,633.0596651669471,0.8809858657730464,0.008820648334034868
D1,uswc_port_capacity_60pct,20260930,14.606124056968838,48,99,48,16,25820527.009489004,630.3849254569441,0.7368201468671589,0.024953578889639526
D1,uswc_port_capacity_60pct,20260931,14.873957364819944,48,99,48,28,25094181.388656642,630.4533764141231,0.937789591763936,0.02462648944000923
D1,uswc_port_capacity_60pct,20260932,14.810625185724348,48,99,48,32,25198612.39224626,630.8454903426441,0.9090031299801061,0.009595279610371666
D1,uswc_port_capacity_60pct,20260933,14.518316648900509,48,99,48,39,24991747.13976925,630.7096648508042,0.9832063131216429,0.01008854386966365
D1,uswc_port_capacity_60pct,20260934,13.650943237822503,48,99,48,37,25205403.58588291,630.6407949443092,0.9307508902113918,0.01797806102803044
D1,uswc_port_capacity_60pct,20260935,15.17344134207815,48,99,48,33,25392206.772235762,629.9369110834526,0.8937423830541116,0.020799419197338073
D1,uswc_port_capacity_65pct,20260906,16.66177874710411,48,99,48,35,24842445.19812098,631.2515582168876,0.7949038627172451,0.013509283497030953
D1,uswc_port_capacity_65pct,20260907,15.93946461379528,48,99,48,38,25499608.837316617,624.1520642845945,0.7763155866206973,0.009738655320927079
D1,uswc_port_capacity_65pct,20260908,17.12488387292251,48,99,48,25,25569653.57766146,629.0580670168874,0.6552113585510272,0.02017402802681614
D1,uswc_port_capacity_65pct,20260909,16.522890454158187,48,99,48,23,25186500.8418719,630.5950551057432,0.7116469428521945,0.01772527051439526
D1,uswc_port_capacity_65pct,20260910,16.446567450184375,48,99,48,47,25361438.67509795,621.6186519550528,0.8556095109320443,0.0210930181397401
D1,uswc_port_capacity_65pct,20260911,16.28963221097365,48,99,48,41,25452940.511781923,624.39263151076,0.778459557712718,0.020826745403157702
D1,uswc_port_capacity_65pct,20260912,15.382426576223224,48,99,48,36,25232421.79304781,626.7443542432873,0.8341071243257517,0.025310085936296634
D1,uswc_port_capacity_65pct,20260913,15.287845495156944,48,99,48,15,25677113.651315615,628.5960554010862,0.6224195606773144,0.027221267006156156
D1,uswc_port_capacity_65pct,20260914,14.821153708267957,48,99,48,39,25522600.674779907,623.350715630947,0.747580751447082,0.011931325834998409
D1,uswc_port_capacity_65pct,20260915,14.627553245052695,48,99,48,26,25797752.885263845,623.2318643681143,0.6803953231370057,0.015141207788080865
D1,uswc_port_capacity_65pct,20260916,15.001715182792395,48,99,48,30,25224257.32314798,625.1349055846833,0.8384919075435243,0.015273313868599833
D1,uswc_port_capacity_65pct,20260917,14.325726790819317,48,99,48,33,25397799.887194473,625.0740821717228,0.7759354501237489,0.015784870250543794
D1,uswc_port_capacity_65pct,20260918,13.944943729322404,48,99,48,29,25576488.79330718,624.205706632183,0.7505898082388207,0.012039575245954568
D1,uswc_port_capacity_65pct,20260919,14.842086878139526,48,99,48,44,25318846.9375988,621.3652811230788,0.860712385479681,0.019657459688239853
D1,uswc_port_capacity_65pct,20260920,14.421982762869447,48,99,48,27,25307880.737887315,621.9738368720357,0.8188208609553591,0.031244409177334252
D1,uswc_port_capacity_65pct,20260921,14.243360966909677,48,99,48,36,25653367.42366414,622.101325260499,0.7533126686817072,0.010319057411845124
D1,uswc_port_capacity_65pct,20260922,14.77692350698635,48,99,48,42,25234968.73262493,625.1420091598114,0.8171279728337374,0.01868506301471804
D1,uswc_port_capacity_65pct,20260923,15.33188667986542,48,99,48,40,25183901.81765151,627.507329158215,0.8134995159499235,0.015042810830217069
D1,uswc_port_capacity_65pct,20260924,14.584732407703996,48,99,48,28,25415393.774267703,624.0263014413706,0.8002775427536803,0.026723979741779258
D1,uswc_port_capacity_65pct,20260925,14.896581030916423,48,99,48,33,25522336.04377622,623.4217153776011,0.780198043275902,0.016992492743832514
D1,uswc_port_capacity_65pct,20260926,15.15169263863936,48,99,48,42,25410671.260300606,622.5909935028499,0.8120815509559994,0.019879186639707547
D1,uswc_port_capacity_65pct,20260927,14.757245532236993,48,99,48,30,25328678.692612767,623.8893318601287,0.8445249456146414,0.01498162071101094
D1,uswc_port_capacity_65pct,20260928,14.147202658001333,48,99,48,32,25562364.962144814,624.2330823192063,0.7380811046905479,0.011230651075271771
D1,uswc_port_capacity_65pct,20260929,14.442891311831772,48,99,48,33,25191742.798955087,628.873470107427,0.7940214058098451,0.019576844852679257
D1,uswc_port_capacity_65pct,20260930,14.863978400360793,48,99,48,23,25633207.220585257,622.0853703884758,0.732386764923791,0.019065406531748385
D1,uswc_port_capacity_65pct,20260931,14.722958739381284,48,99,48,30,25217481.649182767,626.4226177767099,0.830620083202354,0.011982289795473904
D1,uswc_port_capacity_65pct,20260932,14.559508282225579,48,99,48,30,25221481.169953357,624.4256273744387,0.8659964537527597,0.02611204363450166
D1,uswc_port_capacity_65pct,20260933,14.565371981356293,48,99,48,44,25177392.60003796,625.6500334808647,0.8440624327547077,0.01497524314771295
D1,uswc_port_capacity_65pct,20260934,13.600536244921386,48,99,48,40,25345585.86754619,626.3282514198103,0.7817773816928919,0.009590812927865119
D1,uswc_port_capacity_65pct,20260935,15.143683237023652,48,99,48,38,25388500.295296162,623.7005379504994,0.8172141477757363,0.007392980739752537
D1,uswc_port_capacity_70pct,20260906,16.6766394819133,48,99,48,35,24842445.19812098,631.2515582168876,0.6918067077927461,0.013284880446067971
D1,uswc_port_capacity_70pct,20260907,16.002860731910914,48,99,48,29,25515584.528721776,620.8929751749603,0.6681496653083172,0.015703789594426993
D1,uswc_port_capacity_70pct,20260908,17.121237112674862,48,99,48,25,25569653.57766146,629.0580670168874,0.5423603565879856,0.020647798916455663
D1,uswc_port_capacity_70pct,20260909,16.510810771025717,48,99,48,23,25186500.8418719,630.5950551057432,0.605392476857209,0.0178656953062849
D1,uswc_port_capacity_70pct,20260910,16.638360308948904,48,99,48,46,25543194.307037503,620.5607815634917,0.670442986952875,0.014760146627645951
D1,uswc_port_capacity_70pct,20260911,16.72545455675572,48,99,48,41,25452940.511781923,624.39263151076,0.6496964045503757,0.022949972723675993
D1,uswc_port_capacity_70pct,20260912,16.376778485253453,48,99,48,36,25232421.79304781,626.7443542432873,0.7135347852952864,0.02463133266366375
D1,uswc_port_capacity_70pct,20260913,16.366109730210155,48,99,48,15,25677113.651315615,628.5960554010862,0.5078499246600846,0.026101914705090268
D1,uswc_port_capacity_70pct,20260914,16.620711147785187,48,99,48,25,25641665.444374107,620.4554428150458,0.6074555339971779,0.02024150389133097
D1,uswc_port_capacity_70pct,20260915,16.635315847117454,48,99,48,32,25546508.438125897,615.6406286172274,0.6841124041354416,0.013056048976708394
D1,uswc_port_capacity_70pct,20260916,16.893906893674284,48,99,48,30,25224257.32314798,625.1349055846833,0.712745443926939,0.015409359065075876
D1,uswc_port_capacity_70pct,20260917,16.07181168999523,48,99,48,32,25323906.030142374,623.1969666843478,0.6881167464856671,0.016307472926833117
D1,uswc_port_capacity_70pct,20260918,15.668991825077683,48,99,48,42,25439066.657839645,620.2759784168749,0.6863485553813675,0.025443475723399847
D1,uswc_port_capacity_70pct,20260919,16.678974833339453,48,99,48,38,25535165.286814276,620.748467188563,0.6824172306399005,0.01741378481384894
D1,uswc_port_capacity_70pct,20260920,16.237686926033348,48,99,48,34,25320529.721365545,620.4134857169181,0.6969064141937962,0.022088387356515585
D1,uswc_port_capacity_70pct,20260921,16.006867384072393,48,99,48,30,25593553.10810194,621.2529400389718,0.6468132699354632,0.016842363652852826
D1,uswc_port_capacity_70pct,20260922,16.59382011089474,48,99,48,42,25234968.73262493,625.1420091598114,0.6916269987937247,0.018802337919765426
D1,uswc_port_capacity_70pct,20260923,17.181118092965335,48,99,48,40,25183901.81765151,627.507329158215,0.6959644431222066,0.014491680745556661
D1,uswc_port_capacity_70pct,20260924,16.48852628003806,48,99,48,33,25394621.600913357,622.4143702737733,0.6844285483748888,0.014872794830908129
D1,uswc_port_capacity_70pct,20260925,16.705315394327044,48,99,48,35,25475960.521740958,619.9291129020464,0.6955975198008606,0.010939512296924001
D1,uswc_port_capacity_70pct,20260926,17.087999613024294,48,99,48,38,25366926.301028013,617.7039590188061,0.733910766934022,0.01585048465426848
D1,uswc_port_capacity_70pct,20260927,16.629171459935606,48,99,48,30,25328678.692612767,623.8893318601287,0.714035743032417,0.015280490294954362
D1,uswc_port_capacity_70pct,20260928,16.00088135804981,48,99,48,28,25577762.70665097,623.2855024274461,0.6094672952182266,0.009032441689536616
D1,uswc_port_capacity_70pct,20260929,16.290683209896088,48,99,48,33,25191742.798955087,628.873470107427,0.6810868331648335,0.018464443989459338
D1,uswc_port_capacity_70pct,20260930,16.717269700951874,48,99,48,31,25564523.014464915,620.6624744076898,0.6233975115546566,0.03812139190057035
D1,uswc_port_capacity_70pct,20260931,16.568127271253616,48,99,48,30,25217481.649182767,626.4226177767099,0.7091571973892868,0.011395697205112212
D1,uswc_port_capacity_70pct,20260932,16.430003365967423,48,99,48,30,25221481.169953357,624.4256273744387,0.7376166707728861,0.027589239828100444
D1,uswc_port_capacity_70pct,20260933,16.42631876002997,48,99,48,44,25177392.60003796,625.6500334808647,0.7201910249004039,0.014644497571547892
D1,uswc_port_capacity_70pct,20260934,15.338541320059448,48,99,48,40,25345585.86754619,626.3282514198103,0.6598633860992321,0.009344486052570405
D1,uswc_port_capacity_70pct,20260935,17.061422161757946,48,99,48,47,25305074.64729478,621.3079809518541,0.7276701143736397,0.014334739015442303
D2,la_lb_departure_delay_72h,20260906,14.050690040923655,48,99,48,14,26851572.43045031,681.0381506416802,0.6724017118841238,0.04936794594201906
D2,la_lb_departure_delay_72h,20260907,14.644986073020846,48,99,48,27,26193186.405517682,686.618975958023,0.7142497161518945,0.032933824922072516
D2,la_lb_departure_delay_72h,20260908,13.830615770071745,48,99,48,7,26537657.456966817,686.9843272619165,0.604789132079885,0.04503086323541309
D2,la_lb_departure_delay_72h,20260909,14.301797527819872,48,99,48,14,26662442.440553922,684.157899532675,0.6597191750928527,0.08993130082025756
D2,la_lb_departure_delay_72h,20260910,14.469948574900627,48,99,48,9,26897180.682890743,683.9034654622402,0.6045381918555168,0.0456616270809065
D2,la_lb_departure_delay_72h,20260911,14.637149244081229,48,99,48,21,26761206.25762259,683.6327402438628,0.6173902317323917,0.014974689652641034
D2,la_lb_departure_delay_72h,20260912,14.171227343846112,48,99,48,19,26484796.602401245,682.20647791825,0.7988438212171681,0.025032469352867227
D2,la_lb_departure_delay_72h,20260913,14.30818580975756,48,99,48,30,26876854.790880356,683.2306577049691,0.5455739900980447,0.018603172070594372
D2,la_lb_departure_delay_72h,20260914,14.393725014757365,48,99,48,10,27284763.179278962,684.5334372991389,0.3886397512430854,0.03469496744593506
D2,la_lb_departure_delay_72h,20260915,14.368040290195495,48,99,48,15,26727541.556865614,684.118955879395,0.6480330330386707,0.023037589311079153
D2,la_lb_departure_delay_72h,20260916,14.356506920419633,48,99,48,31,26456491.083110116,680.9254584110264,0.7903947422282283,0.017783740279690805
D2,la_lb_departure_delay_72h,20260917,13.483561682980508,48,99,48,37,26722011.36889811,679.3496369978229,0.7706230103938798,0.02048979149568759
D2,la_lb_departure_delay_72h,20260918,14.517332104966044,48,99,48,26,26341025.613544818,684.026006470774,0.7830980445990747,0.015034554168704558
D2,la_lb_departure_delay_72h,20260919,14.112582029774785,48,99,48,19,27280080.137659937,678.7627986013782,0.5291966317178957,0.01648283876965029
D2,la_lb_departure_delay_72h,20260920,14.045464836992323,48,99,48,17,26743931.126675077,683.8439454899307,0.6438757708678028,0.03978197856218394
D2,la_lb_departure_delay_72h,20260921,13.561644767876714,48,99,48,12,26533129.122531407,682.9936302689356,0.7438872806001814,0.04567885934659793
D2,la_lb_departure_delay_72h,20260922,14.021191672887653,48,99,48,17,26449352.986358147,684.3999125430516,0.726707989177718,0.025305094834100955
D2,la_lb_departure_delay_72h,20260923,14.310026111081243,48,99,48,26,26842658.642687213,682.9903876895077,0.6209030289049814,0.03265766106314162
D2,la_lb_departure_delay_72h,20260924,13.907705015968531,48,99,48,18,26681685.752154075,678.8525055381284,0.872035772671404,0.01782060269248136
D2,la_lb_departure_delay_72h,20260925,14.491135688964278,48,99,48,24,26219311.11050312,684.8289126326819,0.8144987289112126,0.010315454166970993
D2,la_lb_departure_delay_72h,20260926,13.667864197865129,48,99,48,18,26817353.120006293,681.6154804693333,0.6527694239375433,0.029874665854628644
D2,la_lb_departure_delay_72h,20260927,13.84959648316726,48,99,48,18,26418693.136916667,688.874824867198,0.5356366711039975,0.035310968988895554
D2,la_lb_departure_delay_72h,20260928,13.964683669153601,48,99,48,15,27113907.82048149,683.9716045168424,0.441357078147266,0.05226569850602741
D2,la_lb_departure_delay_72h,20260929,14.330213172361255,48,99,48,17,27010985.753844924,681.3391275565788,0.5699723080375513,0.024820135845714
D2,la_lb_departure_delay_72h,20260930,14.074078578036278,48,99,48,14,27119567.149754614,679.4773901092244,0.5909003952367023,0.028105647176526333
D2,la_lb_departure_delay_72h,20260931,14.365009986795485,48,99,48,18,26657499.92173789,684.3358956509807,0.6412624530175632,0.027158355621132585
D2,la_lb_departure_delay_72h,20260932,14.365566819906235,48,99,48,20,26552243.129054964,681.1082538288343,0.7986398988491372,0.025516024819690532
D2,la_lb_departure_delay_72h,20260933,13.759501626249403,48,99,48,22,26777126.127499003,682.348870735861,0.6933343532536579,0.01458658957398654
D2,la_lb_departure_delay_72h,20260934,14.321376400068402,48,99,48,25,26434803.25192756,681.5532094137258,0.8311373348227004,0.03437093433925107
D2,la_lb_departure_delay_72h,20260935,14.269627463072538,48,99,48,20,26690441.29923222,680.627745840524,0.7853714329033783,0.02380550447449738
D2,la_lb_port_capacity_50pct,20260906,13.998292119242251,48,99,48,12,25958686.984142635,650.8527586229542,0.5628957724863795,0.03533067130799975
D2,la_lb_port_capacity_50pct,20260907,15.1838703379035,48,99,48,9,25562597.191485103,651.0346940071372,0.646279982094138,0.06817650066000294
D2,la_lb_port_capacity_50pct,20260908,14.66116346186027,48,99,48,22,25091296.82807752,652.2370504250466,0.6899308853867737,0.026702364173435293
D2,la_lb_port_capacity_50pct,20260909,14.663423895835876,48,99,48,27,25500702.626349647,646.5536167948575,0.8290131203590869,0.021999671384103865
D2,la_lb_port_capacity_50pct,20260910,14.533543752040714,48,99,48,17,25944557.315013383,648.4581667222033,0.6821914598082305,0.015830823832961874
D2,la_lb_port_capacity_50pct,20260911,15.107887730002403,48,99,48,20,25876055.398138255,651.991896746145,0.5153687594794758,0.020395844868799213
D2,la_lb_port_capacity_50pct,20260912,14.697747970931232,48,99,48,13,26024028.903199255,651.3019547462382,0.5413260021615747,0.05288544307615083
D2,la_lb_port_capacity_50pct,20260913,14.485721244942397,48,99,48,29,25867228.786054246,645.8079820180175,0.7517515981291438,0.03187939283925585
D2,la_lb_port_capacity_50pct,20260914,14.509095391258597,48,99,48,29,25114237.960768137,649.2848797365567,0.8103859123511702,0.0258995432661153
D2,la_lb_port_capacity_50pct,20260915,15.02137133711949,48,99,48,15,25383571.22323808,654.7096421997442,0.5208188604958629,0.052170293924793276
D2,la_lb_port_capacity_50pct,20260916,14.525106647983193,48,99,48,31,25223114.670534134,646.2360122702428,0.8592597381512604,0.03049726731270366
D2,la_lb_port_capacity_50pct,20260917,13.735136080067605,48,99,48,18,25657656.81366959,647.095609042477,0.7967472359743051,0.02049770133856327
D2,la_lb_port_capacity_50pct,20260918,14.607158177066594,48,99,48,13,25790961.638320398,647.750925571934,0.7396337165696267,0.037582375080693974
D2,la_lb_port_capacity_50pct,20260919,14.86180645879358,48,99,48,26,25696441.58890234,646.5064799209089,0.8362963183761795,0.017898783573424962
D2,la_lb_port_capacity_50pct,20260920,15.068303653039038,48,99,48,19,25083981.66200837,651.9177988525362,0.7064454366288999,0.027815199659795363
D2,la_lb_port_capacity_50pct,20260921,14.74714442808181,48,99,48,14,25347482.10487404,653.7387493697154,0.5924126347498335,0.021588497339812482
D2,la_lb_port_capacity_50pct,20260922,14.146181530784816,48,99,48,14,25346661.127513636,652.6599413881909,0.6408812016705898,0.02726064789424138
D2,la_lb_port_capacity_50pct,20260923,13.945349559187889,48,99,48,11,25826684.263306882,649.2858267909273,0.6628084744635849,0.029293365007485923
D2,la_lb_port_capacity_50pct,20260924,14.791472406126559,48,99,48,27,26049217.816886567,646.2879190664544,0.6870094448813359,0.012135943778548978
D2,la_lb_port_capacity_50pct,20260925,14.692877992987633,48,99,48,19,25978697.846663713,648.4616184438387,0.5721252905117638,0.0302881022699627
D2,la_lb_port_capacity_50pct,20260926,13.844938582740724,48,99,48,13,25906796.11795611,649.1378681317673,0.6411052865159658,0.04220001183096817
D2,la_lb_port_capacity_50pct,20260927,14.41706365533173,48,99,48,21,25954288.02959826,646.6835736050489,0.7115458342078322,0.014286416868024841
D2,la_lb_port_capacity_50pct,20260928,14.659297153819352,48,99,48,14,25632858.162807044,653.5888669726035,0.47496070384528366,0.012282386231184762
D2,la_lb_port_capacity_50pct,20260929,14.723082941956818,48,99,48,23,25500719.721387833,647.8289738946366,0.7986768225543271,0.02859580283500596
D2,la_lb_port_capacity_50pct,20260930,14.94780387217179,48,99,48,14,26114979.06358618,648.8856974626376,0.5925060434941188,0.04228617821808073
D2,la_lb_port_capacity_50pct,20260931,13.194513903930783,48,99,48,18,25968261.990011,645.3196272149385,0.7757524044254893,0.04079074988572193
D2,la_lb_port_capacity_50pct,20260932,14.72442078217864,48,99,48,12,26335787.59962435,650.0358702623873,0.47176145108633477,0.05121395295622854
D2,la_lb_port_capacity_50pct,20260933,14.566717911045998,48,99,48,24,25717551.47280512,652.1109661719101,0.5216418970252165,0.030662489878985254
D2,la_lb_port_capacity_50pct,20260934,14.25731001701206,48,99,48,21,25415388.77977246,652.1890582974025,0.6364011243070199,0.02882052138518755
D2,la_lb_port_capacity_50pct,20260935,14.63202536990866,48,99,48,16,25417930.169735108,649.1012479859322,0.7633544114887335,0.04021931864235366
D2,pilot_baseline,20260906,14.007137332111597,48,99,48,30,25278806.236593403,621.6229447704113,0.7658095406161282,0.010944870392466438
D2,pilot_baseline,20260907,14.088956179097295,48,99,48,24,25123601.95313961,623.3949797234089,0.7790984903311111,0.018952893324358948
D2,pilot_baseline,20260908,13.999995841179043,48,99,48,29,25276617.754388966,626.1416425016846,0.6773343395189207,0.014420432244457982
D2,pilot_baseline,20260909,14.609683074988425,48,99,48,26,25222033.63080329,623.0041655196293,0.746747662609876,0.03218845441682756
D2,pilot_baseline,20260910,14.577401007991284,48,99,48,24,25220434.03676876,621.8956441583435,0.7013106067807925,0.025068663732823012
D2,pilot_baseline,20260911,14.329594834242016,48,99,48,24,25494817.407277174,619.7038403487876,0.7264237123073116,0.014824145451284122
D2,pilot_baseline,20260912,13.675440812017769,48,99,48,30,25360262.129742343,619.875972887289,0.7678980692304416,0.02777554415026475
D2,pilot_baseline,20260913,14.15002328902483,48,99,48,20,25391934.626830075,617.0197076589014,0.8351679875294392,0.03325752100510318
D2,pilot_baseline,20260914,14.302423138171434,48,99,48,26,25332476.476330154,622.6667719625208,0.6894782643889622,0.03160809352545589
D2,pilot_baseline,20260915,14.590383236762136,48,99,48,24,25163166.756595816,625.7478888226259,0.6758090490480027,0.020357688163733845
D2,pilot_baseline,20260916,14.051129852421582,48,99,48,19,25266711.35950584,625.3024627056179,0.7246869150783406,0.017340129769742127
D2,pilot_baseline,20260917,14.441833795979619,48,99,48,26,25373371.706048667,620.5485701489476,0.7552714226985898,0.018322693871811176
D2,pilot_baseline,20260918,14.458933390211314,48,99,48,27,25146315.907751385,624.7709068181726,0.7321398595094118,0.018377603583783545
D2,pilot_baseline,20260919,14.284833998885006,48,99,48,44,25193293.341905214,619.0224339165679,0.8796264179529586,0.014205383882147248
D2,pilot_baseline,20260920,14.823737193830311,48,99,48,29,25153932.23040417,623.6831714819521,0.7389463801536376,0.018921336662626187
D2,pilot_baseline,20260921,13.990175255108625,48,99,48,23,25635637.652448915,615.5094569568153,0.7386974361811056,0.01508717120696937
D2,pilot_baseline,20260922,13.639817190822214,48,99,48,29,25162484.532220487,622.9533985700633,0.802246055637739,0.02209429840426433
D2,pilot_baseline,20260923,13.958425073884428,48,99,48,27,25046006.42259322,625.7831359173924,0.7475790743702713,0.027210842629339888
D2,pilot_baseline,20260924,14.494503990747035,48,99,48,15,25428893.801923327,623.9093610468125,0.6591836768997392,0.02422097455935582
D2,pilot_baseline,20260925,14.19730818271637,48,99,48,25,25206519.600066766,620.6866913464276,0.8071352123994894,0.02798567850527534
D2,pilot_baseline,20260926,13.729269037023187,48,99,48,27,25308508.040359497,622.5642416460266,0.726778246605703,0.03817701282415363
D2,pilot_baseline,20260927,13.904580345842987,48,99,48,25,25315951.693776637,620.9217478133452,0.7964759882341637,0.020901329736101946
D2,pilot_baseline,20260928,14.201546724885702,48,99,48,10,25531649.809478123,623.1456253035512,0.6426706585146233,0.024806041562340737
D2,pilot_baseline,20260929,14.498863589949906,48,99,48,24,25042488.426821988,626.0001895462509,0.7517743948605696,0.01403366961075909
D2,pilot_baseline,20260930,13.389216803945601,48,99,48,39,25332159.27667016,618.1382253883559,0.8510716195517153,0.007320675951703656
D2,pilot_baseline,20260931,13.307858539745212,48,99,48,17,25724809.667285755,614.2157580011346,0.6800772451492144,0.03685360806195132
D2,pilot_baseline,20260932,14.598590976092964,48,99,48,17,25559731.174305983,615.724201528769,0.7644126893381895,0.016895996913683736
D2,pilot_baseline,20260933,14.36697795893997,48,99,48,26,25101518.18841451,622.7601558250858,0.7956128776108652,0.03451880525412058
D2,pilot_baseline,20260934,13.665098293218762,48,99,48,25,25451694.82196437,623.237525470693,0.6443240323762727,0.026357128340719696
D2,pilot_baseline,20260935,14.806053042877465,48,99,48,16,25147443.083006445,628.8273123882916,0.6638896586251257,0.03190088991814701
D2,seattle_tacoma_departure_delay_72h,20260906,13.761429508216679,48,99,48,2,26044496.631996583,614.1390456246,0.6167439439493063,0.0
D2,seattle_tacoma_departure_delay_72h,20260907,13.754607687704265,48,99,48,10,25991386.538328048,616.8321740387704,0.46537957829836635,0.028482269726919484
D2,seattle_tacoma_departure_delay_72h,20260908,13.166914773639292,48,99,48,10,26163105.58706392,612.3776646977796,0.5303874166247045,0.04002212119831343
D2,seattle_tacoma_departure_delay_72h,20260909,13.675094109028578,48,99,48,19,26112441.98115627,613.5602215068301,0.5489221778105206,0.02012422281392933
D2,seattle_tacoma_departure_delay_72h,20260910,13.313806480262429,48,99,48,18,25961481.02549968,614.4182376803968,0.6552225540909337,0.014437363639425393
D2,seattle_tacoma_departure_delay_72h,20260911,13.36633594892919,48,99,48,23,25989573.71284815,611.1272484693825,0.6682009686767592,0.02137615728967224
D2,seattle_tacoma_departure_delay_72h,20260912,13.38544352678582,48,99,48,22,25894081.07610324,609.5166304032921,0.8775147668229348,0.021618136267816553
D2,seattle_tacoma_departure_delay_72h,20260913,14.036024930886924,48,99,48,13,25828631.387043137,614.2645221586976,0.7572676266708797,0.05439351599650038
D2,seattle_tacoma_departure_delay_72h,20260914,13.217598411254585,48,99,48,15,26027036.632041864,610.2740683700134,0.7033245192553873,0.020223425157798763
D2,seattle_tacoma_departure_delay_72h,20260915,13.238268864806741,48,99,48,12,25904293.665189292,612.3145182936736,0.788852222260248,0.04767653640730531
D2,seattle_tacoma_departure_delay_72h,20260916,13.562506805174053,48,99,48,21,25854250.864967126,613.1716028888253,0.8012368961242502,0.04300757622722627
D2,seattle_tacoma_departure_delay_72h,20260917,13.563531185965985,48,99,48,21,25959482.835373323,611.4201101202701,0.774339762922335,0.021553666383634304
D2,seattle_tacoma_departure_delay_72h,20260918,13.447908346075565,48,99,48,6,25897971.683787227,617.9563699862899,0.5881901829911349,0.025588994852356443
D2,seattle_tacoma_departure_delay_72h,20260919,13.306949960067868,48,99,48,16,25756227.437680874,612.0057302731266,0.9392077999220272,0.019158821941527605
D2,seattle_tacoma_departure_delay_72h,20260920,13.327315916772932,48,99,48,4,25956643.33905239,617.3855567283624,0.5669054990471432,0.015532560661941058
D2,seattle_tacoma_departure_delay_72h,20260921,13.490239998325706,48,99,48,15,25812456.26931478,612.7019586571282,0.8659090868301358,0.06784287394806457
D2,seattle_tacoma_departure_delay_72h,20260922,13.357123531866819,48,99,48,10,25907137.984466523,611.8245571332163,0.8222984367033689,0.029527717021371122
D2,seattle_tacoma_departure_delay_72h,20260923,14.093041711952537,48,99,48,7,25882510.32214035,621.780882762043,0.39002463353890465,0.04725921132118974
D2,seattle_tacoma_departure_delay_72h,20260924,13.139342312235385,48,99,48,47,25814043.335544698,611.6622016478715,0.8944375611891368,0.008668176542809389
D2,seattle_tacoma_departure_delay_72h,20260925,13.016319069080055,48,99,48,33,25855575.849108126,610.7144628348213,0.8045725423911996,0.027889462014344682
D2,seattle_tacoma_departure_delay_72h,20260926,12.732188399881124,48,99,48,14,25894127.581674434,611.8645079126867,0.806194345964348,0.015894177626797425
D2,seattle_tacoma_departure_delay_72h,20260927,13.162404314149171,48,99,48,15,25956992.090413477,616.6076094408936,0.5635806124745705,0.0967185724048511
D2,seattle_tacoma_departure_delay_72h,20260928,13.690129725262523,48,99,48,33,25885517.484505106,607.7251530546121,0.9344564622501251,0.024966405602799887
D2,seattle_tacoma_departure_delay_72h,20260929,13.486126746982336,48,99,48,14,25860364.276657075,612.3969766688119,0.8153025791452166,0.06437086099716248
D2,seattle_tacoma_departure_delay_72h,20260930,12.034508490934968,48,99,48,42,25746990.65791774,611.5295534004256,0.9678324564720406,0.015310053345349895
D2,seattle_tacoma_departure_delay_72h,20260931,13.69940134882927,48,99,48,9,25975125.31056694,613.2467092007323,0.6989179747707441,0.054823582448804455
D2,seattle_tacoma_departure_delay_72h,20260932,13.333209339063615,48,99,48,16,25874608.91128066,611.5935657322079,0.8380104613966994,0.04851527507080276
D2,seattle_tacoma_departure_delay_72h,20260933,12.984600908122957,48,99,48,17,25860388.623892315,611.7025651273835,0.8605668826939483,0.06342967884586218
D2,seattle_tacoma_departure_delay_72h,20260934,13.589341913815588,48,99,48,19,25862122.800068855,614.3801130079775,0.7077214956781983,0.026478686021765636
D2,seattle_tacoma_departure_delay_72h,20260935,13.229050958994776,48,99,48,42,25754601.765430674,609.1019832684063,1.0293532720760403,0.016781852449051362
D2,seattle_tacoma_port_capacity_50pct,20260906,14.289431095123291,48,99,48,30,25278806.236593403,621.6229447704113,0.7658095406161282,0.010944870392466438
D2,seattle_tacoma_port_capacity_50pct,20260907,14.589873634278774,48,99,48,24,25123601.95313961,623.3949797234089,0.7790984903311111,0.018952893324358948
D2,seattle_tacoma_port_capacity_50pct,20260908,14.40222191484645,48,99,48,29,25276617.754388966,626.1416425016846,0.6773343395189207,0.014420432244457982
D2,seattle_tacoma_port_capacity_50pct,20260909,14.79914050642401,48,99,48,26,25222033.63080329,623.0041655196293,0.746747662609876,0.03218845441682756
D2,seattle_tacoma_port_capacity_50pct,20260910,14.743806045036763,48,99,48,24,25220434.03676876,621.8956441583435,0.7013106067807925,0.025068663732823012
D2,seattle_tacoma_port_capacity_50pct,20260911,14.451626413036138,48,99,48,24,25494817.407277174,619.7038403487876,0.7264237123073116,0.014824145451284122
D2,seattle_tacoma_port_capacity_50pct,20260912,13.714153020177037,48,99,48,30,25360262.129742343,619.875972887289,0.7678980692304416,0.02777554415026475
D2,seattle_tacoma_port_capacity_50pct,20260913,14.229691555257887,48,99,48,20,25391934.626830075,617.0197076589014,0.8351679875294392,0.03325752100510318
D2,seattle_tacoma_port_capacity_50pct,20260914,14.295919621828943,48,99,48,26,25332476.476330154,622.6667719625208,0.6894782643889622,0.03160809352545589
D2,seattle_tacoma_port_capacity_50pct,20260915,14.587954262271523,48,99,48,24,25163166.756595816,625.7478888226259,0.6758090490480027,0.020357688163733845
D2,seattle_tacoma_port_capacity_50pct,20260916,14.046942822169513,48,99,48,19,25266711.35950584,625.3024627056179,0.7246869150783406,0.017340129769742127
D2,seattle_tacoma_port_capacity_50pct,20260917,14.427319285925478,48,99,48,26,25373371.706048667,620.5485701489476,0.7552714226985898,0.018322693871811176
D2,seattle_tacoma_port_capacity_50pct,20260918,14.465523768216372,48,99,48,27,25146315.907751385,624.7709068181726,0.7321398595094118,0.018377603583783545
D2,seattle_tacoma_port_capacity_50pct,20260919,14.268782760947943,48,99,48,44,25193293.341905214,619.0224339165679,0.8796264179529586,0.014205383882147248
D2,seattle_tacoma_port_capacity_50pct,20260920,14.873757832217962,48,99,48,29,25153932.23040417,623.6831714819521,0.7389463801536376,0.018921336662626187
D2,seattle_tacoma_port_capacity_50pct,20260921,14.031492393929511,48,99,48,23,25635637.652448915,615.5094569568153,0.7386974361811056,0.01508717120696937
D2,seattle_tacoma_port_capacity_50pct,20260922,13.650679482612759,48,99,48,29,25162484.532220487,622.9533985700633,0.802246055637739,0.02209429840426433
D2,seattle_tacoma_port_capacity_50pct,20260923,13.971202949993312,48,99,48,27,25046006.42259322,625.7831359173924,0.7475790743702713,0.027210842629339888
D2,seattle_tacoma_port_capacity_50pct,20260924,14.52777196886018,48,99,48,15,25428893.801923327,623.9093610468125,0.6591836768997392,0.02422097455935582
D2,seattle_tacoma_port_capacity_50pct,20260925,14.131984672043473,48,99,48,25,25206519.600066766,620.6866913464276,0.8071352123994894,0.02798567850527534
D2,seattle_tacoma_port_capacity_50pct,20260926,13.745055666659027,48,99,48,27,25308508.040359497,622.5642416460266,0.726778246605703,0.03817701282415363
D2,seattle_tacoma_port_capacity_50pct,20260927,13.945681129116565,48,99,48,25,25315951.693776637,620.9217478133452,0.7964759882341637,0.020901329736101946
D2,seattle_tacoma_port_capacity_50pct,20260928,14.248205481097102,48,99,48,10,25531649.809478123,623.1456253035512,0.6426706585146233,0.024806041562340737
D2,seattle_tacoma_port_capacity_50pct,20260929,14.51839791284874,48,99,48,24,25042488.426821988,626.0001895462509,0.7517743948605696,0.01403366961075909
D2,seattle_tacoma_port_capacity_50pct,20260930,13.37559385271743,48,99,48,39,25332159.27667016,618.1382253883559,0.8510716195517153,0.007320675951703656
D2,seattle_tacoma_port_capacity_50pct,20260931,13.303878425154835,48,99,48,17,25724809.667285755,614.2157580011346,0.6800772451492144,0.03685360806195132
D2,seattle_tacoma_port_capacity_50pct,20260932,14.673787279985845,48,99,48,17,25559731.174305983,615.724201528769,0.7644126893381895,0.016895996913683736
D2,seattle_tacoma_port_capacity_50pct,20260933,14.4202925208956,48,99,48,26,25101518.18841451,622.7601558250858,0.7956128776108652,0.03451880525412058
D2,seattle_tacoma_port_capacity_50pct,20260934,13.69852825300768,48,99,48,25,25451694.82196437,623.237525470693,0.6443240323762727,0.026357128340719696
D2,seattle_tacoma_port_capacity_50pct,20260935,14.762469694949687,48,99,48,16,25147443.083006445,628.8273123882916,0.6638896586251257,0.03190088991814701
D2,uswc_compound_50pct_delay_120h,20260906,12.601727990899235,48,99,48,6,33616707.29613681,733.4872896905396,0.700119349721157,0.09325869347413739
D2,uswc_compound_50pct_delay_120h,20260907,13.07687024306506,48,99,48,3,33640975.85818853,732.7747439098393,0.812807364225548,0.08423023558640205
D2,uswc_compound_50pct_delay_120h,20260908,13.042869694065303,48,99,48,2,34379866.61840629,731.5874626943183,0.670340505081981,0.0
D2,uswc_compound_50pct_delay_120h,20260909,13.075231280177832,48,99,48,6,34768614.55657005,734.2800284781268,0.23816727340956462,0.01050848773298069
D2,uswc_compound_50pct_delay_120h,20260910,12.79725921107456,48,99,48,2,34172632.318112075,734.2044983988782,0.41848075377546395,0.0
D2,uswc_compound_50pct_delay_120h,20260911,13.022704232018441,48,99,48,8,34857350.00268037,733.5232983891132,0.27880442194137006,0.019981500756438
D2,uswc_compound_50pct_delay_120h,20260912,12.803681017830968,48,99,48,5,33318171.218447033,733.7838283337456,0.7311058738708994,0.07567082452007469
D2,uswc_compound_50pct_delay_120h,20260913,12.73475628811866,48,99,48,9,34420914.10851749,732.294101146607,0.5564540923848811,0.07871115954342961
D2,uswc_compound_50pct_delay_120h,20260914,12.590395325794816,48,99,48,3,33887439.74467029,732.7839814539116,0.7221544032592258,0.017900349453903373
D2,uswc_compound_50pct_delay_120h,20260915,13.199517278932035,48,99,48,3,34525687.981702074,735.3796169126235,0.19840400581892434,0.07529120476985614
D2,uswc_compound_50pct_delay_120h,20260916,12.734543320257217,48,99,48,6,34180988.81718449,732.6958507541897,0.6167827763719853,0.03293403971786064
D2,uswc_compound_50pct_delay_120h,20260917,12.411666297819465,48,99,48,2,33910367.609766155,733.4334940177295,0.6134760161788783,0.0
D2,uswc_compound_50pct_delay_120h,20260918,13.208230072632432,48,99,48,6,34560061.264444746,734.3751706084378,0.2872466266897862,0.05238800478788005
D2,uswc_compound_50pct_delay_120h,20260919,12.591532188933343,48,99,48,4,33704442.86015763,733.415252966,0.6870971510463594,0.005430632772655116
D2,uswc_compound_50pct_delay_120h,20260920,12.715943904127926,48,99,48,4,34762957.76481348,733.4200111349455,0.32124451179706487,0.007907145000149095
D2,uswc_compound_50pct_delay_120h,20260921,12.405077830888331,48,99,48,6,33873317.18946566,732.8130540810852,0.7224718226377121,0.04298311828016883
D2,uswc_compound_50pct_delay_120h,20260922,12.891553649678826,48,99,48,1,34865113.409941114,733.8339232983878,0.25656015649473984,0.0
D2,uswc_compound_50pct_delay_120h,20260923,12.999068262055516,48,99,48,3,34164760.00499925,732.8481755525826,0.6043092793643455,0.023360095690058213
D2,uswc_compound_50pct_delay_120h,20260924,13.044655638281256,48,99,48,5,34967041.62070405,734.0228721394723,0.19033135073401117,0.10333114525041952
D2,uswc_compound_50pct_delay_120h,20260925,13.017209197860211,48,99,48,2,33606411.90702721,732.7810443746029,0.8333897430623813,0.0
D2,uswc_compound_50pct_delay_120h,20260926,12.50891136797145,48,99,48,4,34055532.19545924,734.8945685325266,0.34725357537539703,0.019630003394546514
D2,uswc_compound_50pct_delay_120h,20260927,12.450675807893276,48,99,48,2,35129022.172703035,736.0666955311525,0.05155050000935389,0.0
D2,uswc_compound_50pct_delay_120h,20260928,13.072425381746143,48,99,48,3,33683385.242313445,732.8570359347517,0.7851423024413842,0.03944941084009143
D2,uswc_compound_50pct_delay_120h,20260929,12.91260682279244,48,99,48,4,34111690.45700773,733.1341794361347,0.5706629952142251,0.01307180867452215
D2,uswc_compound_50pct_delay_120h,20260930,12.505112764891237,48,99,48,5,35251587.36368015,732.8861589150505,0.16167270939402362,0.019985916733109694
D2,uswc_compound_50pct_delay_120h,20260931,12.375857454258949,48,99,48,5,33483473.469742995,734.6396287756288,0.5013068217319702,0.02412739103582647
D2,uswc_compound_50pct_delay_120h,20260932,13.176680952310562,48,99,48,2,34249100.065692954,733.1093092260866,0.526838858514575,0.0
D2,uswc_compound_50pct_delay_120h,20260933,12.661546317860484,48,99,48,2,33619216.762502186,732.3163165293805,0.9196341187981164,0.0
D2,uswc_compound_50pct_delay_120h,20260934,13.15468961885199,48,99,48,3,34132059.54643179,734.208408400445,0.4220024735824926,0.06536262020069925
D2,uswc_compound_50pct_delay_120h,20260935,12.550485278945416,48,99,48,2,33516598.47157193,732.7806867727131,0.8766076625859514,0.0
D2,uswc_departure_delay_120h,20260906,12.615636085160077,48,99,48,6,33616707.29613681,733.4872896905396,0.700119349721157,0.09325869347413739
D2,uswc_departure_delay_120h,20260907,13.074372672941536,48,99,48,3,33640975.85818853,732.7747439098393,0.812807364225548,0.08423023558640205
D2,uswc_departure_delay_120h,20260908,13.04546899208799,48,99,48,2,34379866.61840629,731.5874626943183,0.670340505081981,0.0
D2,uswc_departure_delay_120h,20260909,13.0982078560628,48,99,48,6,34768614.55657005,734.2800284781268,0.23816727340956462,0.01050848773298069
D2,uswc_departure_delay_120h,20260910,12.829801375977695,48,99,48,2,34172632.318112075,734.2044983988782,0.41848075377546395,0.0
D2,uswc_departure_delay_120h,20260911,13.05983064789325,48,99,48,8,34857350.00268037,733.5232983891132,0.27880442194137006,0.019981500756438
D2,uswc_departure_delay_120h,20260912,12.796559893991798,48,99,48,5,33318171.218447033,733.7838283337456,0.7311058738708994,0.07567082452007469
D2,uswc_departure_delay_120h,20260913,12.708337747957557,48,99,48,9,34420914.10851749,732.294101146607,0.5564540923848811,0.07871115954342961
D2,uswc_departure_delay_120h,20260914,12.575645864009857,48,99,48,3,33887439.74467029,732.7839814539116,0.7221544032592258,0.017900349453903373
D2,uswc_departure_delay_120h,20260915,13.184156591072679,48,99,48,3,34525687.981702074,735.3796169126235,0.19840400581892434,0.07529120476985614
D2,uswc_departure_delay_120h,20260916,12.739201043266803,48,99,48,6,34180988.81718449,732.6958507541897,0.6167827763719853,0.03293403971786064
D2,uswc_departure_delay_120h,20260917,12.395381903741509,48,99,48,2,33910367.609766155,733.4334940177295,0.6134760161788783,0.0
D2,uswc_departure_delay_120h,20260918,13.249317003879696,48,99,48,6,34560061.264444746,734.3751706084378,0.2872466266897862,0.05238800478788005
D2,uswc_departure_delay_120h,20260919,12.54747159825638,48,99,48,4,33704442.86015763,733.415252966,0.6870971510463594,0.005430632772655116
D2,uswc_departure_delay_120h,20260920,12.700202610809356,48,99,48,4,34762957.76481348,733.4200111349455,0.32124451179706487,0.007907145000149095
D2,uswc_departure_delay_120h,20260921,12.342789974994957,48,99,48,6,33873317.18946566,732.8130540810852,0.7224718226377121,0.04298311828016883
D2,uswc_departure_delay_120h,20260922,12.852524807676673,48,99,48,1,34865113.409941114,733.8339232983878,0.25656015649473984,0.0
D2,uswc_departure_delay_120h,20260923,12.994110598228872,48,99,48,3,34164760.00499925,732.8481755525826,0.6043092793643455,0.023360095690058213
D2,uswc_departure_delay_120h,20260924,13.053456729277968,48,99,48,5,34967041.62070405,734.0228721394723,0.19033135073401117,0.10333114525041952
D2,uswc_departure_delay_120h,20260925,13.03285339800641,48,99,48,2,33606411.90702721,732.7810443746029,0.8333897430623813,0.0
D2,uswc_departure_delay_120h,20260926,12.512259016279131,48,99,48,4,34055532.19545924,734.8945685325266,0.34725357537539703,0.019630003394546514
D2,uswc_departure_delay_120h,20260927,12.444813973736018,48,99,48,2,35129022.172703035,736.0666955311525,0.05155050000935389,0.0
D2,uswc_departure_delay_120h,20260928,13.085595470387489,48,99,48,3,33683385.242313445,732.8570359347517,0.7851423024413842,0.03944941084009143
D2,uswc_departure_delay_120h,20260929,12.856136228889227,48,99,48,4,34111690.45700773,733.1341794361347,0.5706629952142251,0.01307180867452215
D2,uswc_departure_delay_120h,20260930,12.520289143081754,48,99,48,5,35251587.36368015,732.8861589150505,0.16167270939402362,0.019985916733109694
D2,uswc_departure_delay_120h,20260931,12.392660589888692,48,99,48,5,33483473.469742995,734.6396287756288,0.5013068217319702,0.02412739103582647
D2,uswc_departure_delay_120h,20260932,13.180666130036116,48,99,48,2,34249100.065692954,733.1093092260866,0.526838858514575,0.0
D2,uswc_departure_delay_120h,20260933,12.617871245834976,48,99,48,2,33619216.762502186,732.3163165293805,0.9196341187981164,0.0
D2,uswc_departure_delay_120h,20260934,13.175067653879523,48,99,48,3,34132059.54643179,734.208408400445,0.4220024735824926,0.06536262020069925
D2,uswc_departure_delay_120h,20260935,12.487395918928087,48,99,48,2,33516598.47157193,732.7806867727131,0.8766076625859514,0.0
D2,uswc_departure_delay_168h,20260906,12.602184178307652,48,99,48,2,43761503.85274764,775.302348978694,0.767373351257482,0.0
D2,uswc_departure_delay_168h,20260907,12.35020204866305,48,99,48,4,43446180.32082708,774.9022448605842,1.0617241882037973,0.013951089259510115
D2,uswc_departure_delay_168h,20260908,12.824055917095393,48,99,48,1,44359954.543045804,776.4090085196258,0.27234919708521504,0.0
D2,uswc_departure_delay_168h,20260909,11.979845305904746,48,99,48,2,44192236.0852958,775.7829556274379,0.42812563655522795,0.0
D2,uswc_departure_delay_168h,20260910,13.036440409719944,48,99,48,3,43376594.86147159,776.5283281617167,0.7026801829456862,0.0005020334523022906
D2,uswc_departure_delay_168h,20260911,12.626064157113433,48,99,48,7,43805456.80477808,774.8814361094104,0.8135031647925934,0.05312051141623029
D2,uswc_departure_delay_168h,20260912,12.303681728895754,48,99,48,6,43463903.00137946,774.8935650909865,1.0560204062664524,0.06067633939424785
D2,uswc_departure_delay_168h,20260913,12.050937979947776,48,99,48,4,44281687.70370615,776.1284701232921,0.33952407991702593,0.013882629717512376
D2,uswc_departure_delay_168h,20260914,12.3964140759781,48,99,48,1,44015003.0800278,776.2684783601918,0.4558002589794938,0.0
D2,uswc_departure_delay_168h,20260915,12.164072336163372,48,99,48,6,43636691.584334336,774.8808869669335,0.9376770019567332,0.03266226649395254
D2,uswc_departure_delay_168h,20260916,12.305842304136604,48,99,48,1,44376153.46223231,777.4504605331695,0.1678551640807053,0.0
D2,uswc_departure_delay_168h,20260917,11.925804825033993,48,99,48,2,43942410.92785972,775.503133444605,0.617239374406879,0.0
D2,uswc_departure_delay_168h,20260918,12.164247350767255,48,99,48,3,44082219.4000792,775.125375484333,0.5800649117003774,0.043740711909791195
D2,uswc_departure_delay_168h,20260919,12.646038188133389,48,99,48,3,43263890.44103574,775.9583519761248,0.9079794580412998,0.014501022139187966
D2,uswc_departure_delay_168h,20260920,12.42683226428926,48,99,48,1,43951293.55558413,775.3307409101859,0.6401851554248023,0.0
D2,uswc_departure_delay_168h,20260921,13.00153645221144,48,99,48,1,44017891.12597694,775.2445297473643,0.6101750762412563,0.0
D2,uswc_departure_delay_168h,20260922,12.62429746100679,48,99,48,4,44510386.94100727,777.0201851762869,0.15533794908751355,0.017814628684134026
D2,uswc_departure_delay_168h,20260923,13.034065175335854,48,99,48,3,44566232.22212171,778.2647446243645,0.05916576443600861,0.070555022009697
D2,uswc_departure_delay_168h,20260924,13.05670008296147,48,99,48,5,43537146.2730747,775.1759542079999,0.9405688207076022,0.013623360126882396
D2,uswc_departure_delay_168h,20260925,13.043960663024336,48,99,48,2,43881574.52591228,775.3120101137557,0.6826084033455229,0.0
D2,uswc_departure_delay_168h,20260926,12.120270788669586,48,99,48,4,43527085.487127475,774.9412011075302,0.9973943834677532,0.030284543025804828
D2,uswc_departure_delay_168h,20260927,12.94181411806494,48,99,48,3,44275006.35518169,776.0937736886923,0.3447011538872544,0.039539022835673183
D2,uswc_departure_delay_168h,20260928,12.544190577697009,48,99,48,2,44672910.95435207,778.310040962527,0.04135430640250542,0.0
D2,uswc_departure_delay_168h,20260929,12.398525808937848,48,99,48,8,43614728.86233249,775.4037529199741,0.841214624332666,0.005125454283655916
D2,uswc_departure_delay_168h,20260930,11.407127609942108,48,99,48,4,43969822.87306547,774.9101414423166,0.6800042164942859,0.11758666825880222
D2,uswc_departure_delay_168h,20260931,12.344635426066816,48,99,48,3,43644054.03120511,774.9589459056025,0.9129543797029301,0.016546721465948672
D2,uswc_departure_delay_168h,20260932,12.617567587643862,48,99,48,4,43613463.27445286,775.446465071277,0.8311039697751234,0.008554422838293038
D2,uswc_departure_delay_168h,20260933,12.607453937176615,48,99,48,2,43304105.72845435,775.2685762797253,1.074815541821195,0.0
D2,uswc_departure_delay_168h,20260934,12.392831346951425,48,99,48,2,43905492.99562916,774.9673095969342,0.7318638920399333,0.0
D2,uswc_departure_delay_168h,20260935,12.777615835890174,48,99,48,7,43795937.3828032,774.8800182828641,0.8238663640110607,0.019061093478055513
D2,uswc_departure_delay_96h,20260906,13.209278097841889,48,99,48,2,30311337.721211705,704.4683570418417,0.7069000074681312,0.0
D2,uswc_departure_delay_96h,20260907,13.360806641168892,48,99,48,3,30434417.532223552,707.1229780407855,0.4404571859056044,0.003384770779869782
D2,uswc_departure_delay_96h,20260908,12.797804419882596,48,99,48,3,30572956.746152543,705.8450272081442,0.484968365823856,0.011414895955526673
D2,uswc_departure_delay_96h,20260909,13.485156381968409,48,99,48,2,31452860.211072482,706.971721625049,0.09110293576844113,0.0
D2,uswc_departure_delay_96h,20260910,12.304662067443132,48,99,48,1,30915983.89098018,706.6511905409664,0.3041609370982973,0.0
D2,uswc_departure_delay_96h,20260911,13.272822564002126,48,99,48,1,30313625.573321585,706.9971990146307,0.5082759146407588,0.0
D2,uswc_departure_delay_96h,20260912,12.920175918843597,48,99,48,2,29411835.050711975,704.5898203874833,1.147001505302746,0.0
D2,uswc_departure_delay_96h,20260913,13.188819717150182,48,99,48,8,29917231.809105646,704.6424067824828,0.882833560904868,0.04000597256252089
D2,uswc_departure_delay_96h,20260914,12.933943583630025,48,99,48,1,30341554.61913223,705.6194999000279,0.6053254596660509,0.0
D2,uswc_departure_delay_96h,20260915,13.352906391955912,48,99,48,10,30309736.472094394,704.4754897494169,0.6266332086323558,0.04296431347074247
D2,uswc_departure_delay_96h,20260916,12.4283461808227,48,99,48,4,29838883.200150184,704.4927700677224,0.942610990405376,0.0629185452836946
D2,uswc_departure_delay_96h,20260917,12.96941188396886,48,99,48,5,29887449.632551566,705.0813079305391,0.8497467602656669,0.010172093194870904
D2,uswc_departure_delay_96h,20260918,13.19038911210373,48,99,48,6,30597511.43617835,705.4628663687362,0.4903003613284349,0.07090144523063205
D2,uswc_departure_delay_96h,20260919,13.022788299713284,48,99,48,2,29363325.389343172,704.6378784008159,1.1688953026987512,0.0
D2,uswc_departure_delay_96h,20260920,12.682903613895178,48,99,48,3,30546663.666403234,707.361270377327,0.3951166549912294,0.02056758788053729
D2,uswc_departure_delay_96h,20260921,13.093220454175025,48,99,48,8,30183922.422922563,705.0080122473441,0.7181753293652756,0.036890489363307126
D2,uswc_departure_delay_96h,20260922,12.170069033745676,48,99,48,3,30355498.16843422,706.1784120253611,0.5535296125190151,0.0016085209479512132
D2,uswc_departure_delay_96h,20260923,13.099289732985198,48,99,48,5,29705057.377400238,705.8977030989273,0.8495337059207497,0.03563145275736721
D2,uswc_departure_delay_96h,20260924,12.922624474857002,48,99,48,6,30085895.04070972,704.4913777710773,0.8107914245504907,0.1637266497083084
D2,uswc_departure_delay_96h,20260925,12.90102065494284,48,99,48,2,30456627.82568277,705.4863014756822,0.5634418771089319,0.0
D2,uswc_departure_delay_96h,20260926,11.563371756114066,48,99,48,5,29329452.25077779,706.0630824107984,0.9891467751571323,0.015434350040799863
D2,uswc_departure_delay_96h,20260927,13.199350318871439,48,99,48,4,29924309.132192936,705.0820100686639,0.8405287406108373,0.04837200989156404
D2,uswc_departure_delay_96h,20260928,12.445872443728149,48,99,48,4,29552406.142436534,705.0190333068182,1.0075304798341547,0.06095624232790946
D2,uswc_departure_delay_96h,20260929,12.662669070065022,48,99,48,5,29717177.928284068,704.7689934152529,0.9637162343792285,0.0574239047766333
D2,uswc_departure_delay_96h,20260930,11.713657454121858,48,99,48,13,30365834.917168062,704.9138580266668,0.6214795643347502,0.029767875099766295
D2,uswc_departure_delay_96h,20260931,12.578018908854574,48,99,48,7,29679649.797486052,705.2421129230032,0.9279207934754814,0.04386966138125016
D2,uswc_departure_delay_96h,20260932,12.984811278991401,48,99,48,14,30136198.48181271,704.7106687245,0.7499037790247217,0.049621826006448905
D2,uswc_departure_delay_96h,20260933,12.968088169116527,48,99,48,1,29397226.321750168,704.595664591588,1.1587466991847741,0.0
D2,uswc_departure_delay_96h,20260934,13.609380674082786,48,99,48,10,30011619.81365089,707.5323473883035,0.5336197032401375,0.051324812335558634
D2,uswc_departure_delay_96h,20260935,13.0616694400087,48,99,48,10,30412948.52567467,705.2411587973786,0.5925508977077107,0.056349547106254304
D2,uswc_port_capacity_60pct,20260906,13.957141851074994,48,99,48,19,25416480.447790563,636.5260308934136,0.5795748009764563,0.020796470189191882
D2,uswc_port_capacity_60pct,20260907,14.317870052997023,48,99,48,27,25342663.89686905,632.6723746140218,0.7265995027455756,0.01510551967086322
D2,uswc_port_capacity_60pct,20260908,14.099109590053558,48,99,48,18,25362371.13576198,635.32451736555,0.6416497294204762,0.03720184198268564
D2,uswc_port_capacity_60pct,20260909,14.491724472958595,48,99,48,35,25275770.435500722,633.3711670993135,0.7340126250659937,0.04144081745711328
D2,uswc_port_capacity_60pct,20260910,14.505334433168173,48,99,48,34,25506844.924658567,629.3173016705971,0.7494169579418963,0.025539521899783958
D2,uswc_port_capacity_60pct,20260911,14.472782189957798,48,99,48,23,25580697.99110044,632.6539165100976,0.6383286847814139,0.029963916597002403
D2,uswc_port_capacity_60pct,20260912,14.268270721193403,48,99,48,29,25174329.672246486,634.5503678104208,0.7122508235666859,0.019981823562120166
D2,uswc_port_capacity_60pct,20260913,14.370209040120244,48,99,48,34,25450755.426876336,632.1753409644924,0.6866426546779557,0.04012699892427871
D2,uswc_port_capacity_60pct,20260914,14.392424602992833,48,99,48,41,25193165.446470376,633.798815058563,0.7287041771900206,0.041783654911078404
D2,uswc_port_capacity_60pct,20260915,14.56109252711758,48,99,48,19,25234249.86354287,636.8116718840117,0.6289124272595149,0.02073106752214222
D2,uswc_port_capacity_60pct,20260916,14.225087352097034,48,99,48,33,25110894.12883346,634.1536928612252,0.7237948718406627,0.033564531173293256
D2,uswc_port_capacity_60pct,20260917,14.602664450649172,48,99,48,26,25358470.769048333,633.1417328281078,0.703294060051533,0.02255300693215657
D2,uswc_port_capacity_60pct,20260918,14.623382677324116,48,99,48,31,25015859.292842645,633.9454366493751,0.7944855803850497,0.013720197919375496
D2,uswc_port_capacity_60pct,20260919,14.249541454948485,48,99,48,38,25090778.367355198,631.2769812097652,0.8757353286291579,0.030567404165859947
D2,uswc_port_capacity_60pct,20260920,14.90491717401892,48,99,48,26,25197949.463157915,636.0607499767651,0.643023635370382,0.030525352556221897
D2,uswc_port_capacity_60pct,20260921,14.694064659066498,48,99,48,31,25315945.18180061,634.655883340957,0.6582271884682166,0.034965298784580365
D2,uswc_port_capacity_60pct,20260922,13.820375670213252,48,99,48,34,25093184.506100066,634.1682681268069,0.7538287176917959,0.011385926620197877
D2,uswc_port_capacity_60pct,20260923,14.182600355707109,48,99,48,25,25540442.011592396,633.8408728066453,0.609530306157275,0.023426996431411364
D2,uswc_port_capacity_60pct,20260924,14.682321807835251,48,99,48,15,25538697.208053056,633.4639973586172,0.6395551730396631,0.025673134128192734
D2,uswc_port_capacity_60pct,20260925,14.178728373721242,48,99,48,27,25428435.3986264,634.3458420806172,0.6432818319949103,0.014535904952289708
D2,uswc_port_capacity_60pct,20260926,13.607194754295051,48,99,48,34,25816109.476204757,631.6803880543474,0.5736988402730353,0.015890498665945815
D2,uswc_port_capacity_60pct,20260927,14.067974158097059,48,99,48,34,25461510.756690092,631.1219588874934,0.7470163782558807,0.015780648790019294
D2,uswc_port_capacity_60pct,20260928,14.2428122702986,48,99,48,27,25643333.139529817,635.0229836346302,0.5121649147824682,0.02683058755554239
D2,uswc_port_capacity_60pct,20260929,14.370935340877622,48,99,48,41,25139220.501234207,632.2811703495718,0.7620165344336889,0.023406528928241795
D2,uswc_port_capacity_60pct,20260930,14.273836181033403,48,99,48,19,25199655.894589104,632.5572185914212,0.784436598394954,0.028066894589107973
D2,uswc_port_capacity_60pct,20260931,13.12413234077394,48,99,48,32,26095545.18968207,627.261240843377,0.5853147488988051,0.014291932576175177
D2,uswc_port_capacity_60pct,20260932,14.762176583055407,48,99,48,29,25468659.2567209,631.9097072616344,0.6843538559372867,0.029476183838872776
D2,uswc_port_capacity_60pct,20260933,14.26314855972305,48,99,48,38,25301748.16856747,634.9220135755309,0.6914664345243748,0.007965956661234357
D2,uswc_port_capacity_60pct,20260934,14.193482642062008,48,99,48,14,25650873.827478327,636.433018256478,0.5097576053143866,0.0742013458535922
D2,uswc_port_capacity_60pct,20260935,14.779834902379662,48,99,48,16,25628695.067209616,635.1330429986533,0.5806349179166655,0.010294678611260091
D2,uswc_port_capacity_65pct,20260906,14.019541125744581,48,99,48,35,25435569.249249637,626.189891092418,0.7092082148103196,0.00842586669528526
D2,uswc_port_capacity_65pct,20260907,14.244266256224364,48,99,48,25,25333258.66841689,625.102723518522,0.7379800490327483,0.01250412686910358
D2,uswc_port_capacity_65pct,20260908,14.03822426032275,48,99,48,23,25406056.03648372,626.1602065701934,0.7119071088748877,0.021955413286874125
D2,uswc_port_capacity_65pct,20260909,14.51746602775529,48,99,48,22,25268022.984027345,627.9921731055152,0.7438184076828666,0.016275023355319867
D2,uswc_port_capacity_65pct,20260910,14.573063276708126,48,99,48,31,25299082.307086386,625.2890292807167,0.731382152408724,0.016354187756387608
D2,uswc_port_capacity_65pct,20260911,14.507564057596028,48,99,48,26,25526250.846960552,627.0677307420865,0.6284217819050336,0.021639665161602775
D2,uswc_port_capacity_65pct,20260912,13.753704668954015,48,99,48,27,25367956.8738622,626.9592410989011,0.7170269920921694,0.018426403371152155
D2,uswc_port_capacity_65pct,20260913,14.307393873110414,48,99,48,25,25495868.857240256,625.0203353501221,0.6924183185399856,0.029420995331481223
D2,uswc_port_capacity_65pct,20260914,14.241273218765855,48,99,48,26,25427558.177996907,627.6786800593286,0.6540165307787781,0.06314581352115282
D2,uswc_port_capacity_65pct,20260915,14.596460013184696,48,99,48,28,25160319.886073954,629.2184259559228,0.6707260365632842,0.017707903494056456
D2,uswc_port_capacity_65pct,20260916,14.150083797983825,48,99,48,25,25271529.69948469,626.7346653615975,0.7630925793592346,0.024922936005368927
D2,uswc_port_capacity_65pct,20260917,14.454828990157694,48,99,48,25,25368433.464356374,626.6205787508989,0.7188831317631343,0.020413859815019364
D2,uswc_port_capacity_65pct,20260918,14.462331117130816,48,99,48,23,25205860.31125266,628.0106137812147,0.7522626126281944,0.014769034169560498
D2,uswc_port_capacity_65pct,20260919,14.13616448501125,48,99,48,47,25043487.55585404,623.8806211768378,0.9008491687416877,0.017159265460500863
D2,uswc_port_capacity_65pct,20260920,14.871061962097883,48,99,48,33,25099848.720092695,626.2880975165373,0.7815510994597619,0.018175680743989325
D2,uswc_port_capacity_65pct,20260921,14.35505337594077,48,99,48,30,25506152.046301898,624.8551536413679,0.6907816535423119,0.020617282809942
D2,uswc_port_capacity_65pct,20260922,13.580405452288687,48,99,48,32,25213710.164308753,625.6154909379642,0.809507091433379,0.0257520161266391
D2,uswc_port_capacity_65pct,20260923,13.932001762092113,48,99,48,33,25090145.667863123,630.1233473133552,0.7214102895792162,0.010623355584206282
D2,uswc_port_capacity_65pct,20260924,14.569012637250125,48,99,48,26,25284990.173132688,627.2153187058722,0.7389998627430137,0.02318282172217808
D2,uswc_port_capacity_65pct,20260925,14.183724916074425,48,99,48,25,25385101.428297598,626.303236908144,0.7217466880016719,0.01954482913074708
D2,uswc_port_capacity_65pct,20260926,13.780254554003477,48,99,48,16,25295993.113732733,628.0628879974486,0.7108202888700629,0.037832306250828916
D2,uswc_port_capacity_65pct,20260927,13.895761949941516,48,99,48,37,25310905.533882294,623.0154573996548,0.8071579319237315,0.023624685878150548
D2,uswc_port_capacity_65pct,20260928,14.251652189064771,48,99,48,17,25602291.762204506,627.0169185735217,0.6200158743998138,0.02555564331934334
D2,uswc_port_capacity_65pct,20260929,14.456283048260957,48,99,48,34,25088062.38755255,626.8262465120243,0.8114165878082188,0.017870325800812742
D2,uswc_port_capacity_65pct,20260930,13.556976355612278,48,99,48,36,25405573.65391613,626.3311301211426,0.7046168918157248,0.015255424650356729
D2,uswc_port_capacity_65pct,20260931,13.265817902050912,48,99,48,43,25726803.687623676,619.0053947687866,0.6896931731099458,0.02466511905026465
D2,uswc_port_capacity_65pct,20260932,14.559750554617494,48,99,48,18,25564441.881106604,621.8925954759615,0.7357754388948726,0.018101123648695778
D2,uswc_port_capacity_65pct,20260933,14.28165346197784,48,99,48,18,25270015.882691342,628.1745592754776,0.7359848394901417,0.015946549761133487
D2,uswc_port_capacity_65pct,20260934,13.643066734075546,48,99,48,16,25157517.727945127,629.1773368496171,0.7086997135444304,0.030488377457516036
D2,uswc_port_capacity_65pct,20260935,14.758929289877415,48,99,48,22,25107084.056640036,629.2124574963742,0.748637207752657,0.0177506531956774
D2,uswc_port_capacity_70pct,20260906,13.94577416498214,48,99,48,30,25278806.236593403,621.6229447704113,0.7781059654538286,0.010181669630544581
D2,uswc_port_capacity_70pct,20260907,14.076687681023031,48,99,48,24,25123601.95313961,623.3949797234089,0.7812981298243153,0.017508027119890787
D2,uswc_port_capacity_70pct,20260908,13.9563088840805,48,99,48,29,25276617.754388966,626.1416425016846,0.6841088701695498,0.013138384687483512
D2,uswc_port_capacity_70pct,20260909,14.560956064146012,48,99,48,26,25222033.63080329,623.0041655196293,0.7560798620768514,0.029935812694367323
D2,uswc_port_capacity_70pct,20260910,14.578926177229732,48,99,48,24,25220434.03676876,621.8956441583435,0.7234032792610458,0.023066901803746674
D2,uswc_port_capacity_70pct,20260911,14.26187122380361,48,99,48,23,25506392.260199867,621.7681563782792,0.713467338505308,0.02565910123014846
D2,uswc_port_capacity_70pct,20260912,13.675377735868096,48,99,48,30,25360262.129742343,619.875972887289,0.7876698970486601,0.02650771220175479
D2,uswc_port_capacity_70pct,20260913,14.14561141608283,48,99,48,21,25484505.857970234,618.0870035769465,0.804124618481587,0.025210267236767503
D2,uswc_port_capacity_70pct,20260914,14.259372328408062,48,99,48,26,25332476.476330154,622.6667719625208,0.7099150771284238,0.027763253321164656
D2,uswc_port_capacity_70pct,20260915,14.593748782761395,48,99,48,24,25163166.756595816,625.7478888226259,0.6847936985727899,0.019104873200515127
D2,uswc_port_capacity_70pct,20260916,14.035137197934091,48,99,48,19,25266711.35950584,625.3024627056179,0.727250014084974,0.015678677708587403
D2,uswc_port_capacity_70pct,20260917,14.438183293212205,48,99,48,26,25373371.706048667,620.5485701489476,0.7741101838672465,0.016202312050602338
D2,uswc_port_capacity_70pct,20260918,14.47394818905741,48,99,48,27,25146315.907751385,624.7709068181726,0.7360248156776066,0.016623713216379687
D2,uswc_port_capacity_70pct,20260919,14.301495560910553,48,99,48,41,25193293.341905214,619.1556538743874,0.8806909652663403,0.014121046746429874
D2,uswc_port_capacity_70pct,20260920,14.871105917263776,48,99,48,29,25153932.23040417,623.6831714819521,0.7466116043860344,0.017358630496290522
D2,uswc_port_capacity_70pct,20260921,14.18114965222776,48,99,48,25,25539239.698545836,618.754572422503,0.7541987992703957,0.010614379566167034
D2,uswc_port_capacity_70pct,20260922,13.675948161166161,48,99,48,29,25162484.532220487,622.9533985700633,0.8024678547484432,0.02034733813669629
D2,uswc_port_capacity_70pct,20260923,13.931769823655486,48,99,48,27,25046006.42259322,625.7831359173924,0.7443800814199223,0.023851796180970348
D2,uswc_port_capacity_70pct,20260924,14.497367925010622,48,99,48,15,25428893.801923327,623.9093610468125,0.6789779972564796,0.022268111298055622
D2,uswc_port_capacity_70pct,20260925,14.13570588408038,48,99,48,27,25249184.911697455,620.6866913464276,0.8069189823287198,0.02689951444320297
D2,uswc_port_capacity_70pct,20260926,13.73206706205383,48,99,48,27,25308508.040359497,622.5642416460266,0.7413804855662102,0.03361301481842039
D2,uswc_port_capacity_70pct,20260927,13.950114571023732,48,99,48,25,25315951.693776637,620.9217478133452,0.8067008045076681,0.019303600481233443
D2,uswc_port_capacity_70pct,20260928,14.227001691237092,48,99,48,10,25531649.809478123,623.1456253035512,0.668597695617054,0.02242420021578788
D2,uswc_port_capacity_70pct,20260929,14.496036588214338,48,99,48,24,25042488.426821988,626.0001895462509,0.746880716106472,0.013314917818769593
D2,uswc_port_capacity_70pct,20260930,13.388413653708994,48,99,48,45,25285554.288309842,619.3167670410536,0.8481497859636515,0.013255560082701245
D2,uswc_port_capacity_70pct,20260931,13.29345740005374,48,99,48,30,25771178.82546692,613.2728915036072,0.7198327778415156,0.014192543145582836
D2,uswc_port_capacity_70pct,20260932,14.647481205873191,48,99,48,32,25394157.622699022,616.8757395625266,0.8117126864494647,0.04997508547508532
D2,uswc_port_capacity_70pct,20260933,14.398822613991797,48,99,48,26,25101518.18841451,622.7601558250858,0.7979262065704346,0.03187679334717346
D2,uswc_port_capacity_70pct,20260934,13.654146461281925,48,99,48,25,25451694.82196437,623.237525470693,0.6696652795942472,0.02280238131259098
D2,uswc_port_capacity_70pct,20260935,14.743644775822759,48,99,48,16,25147443.083006445,628.8273123882916,0.6609156711721668,0.02822144776282474
D3,la_lb_departure_delay_72h,20260906,13.792552497703582,48,99,48,24,29886332.48585753,694.0136724123456,0.6306057892811325,0.020462343703802302
D3,la_lb_departure_delay_72h,20260907,14.590267366729677,48,99,48,20,29764673.81871028,693.6035167956073,0.7742603381085684,0.03328370593187005
D3,la_lb_departure_delay_72h,20260908,13.944964427966624,48,99,48,25,29542501.27247261,694.7018296288564,0.8685367017547335,0.021120334625310027
D3,la_lb_departure_delay_72h,20260909,14.094606607221067,48,99,48,17,30149166.740900494,693.8366872787917,0.5683088698308632,0.03630251945696206
D3,la_lb_departure_delay_72h,20260910,13.801675254944712,48,99,48,22,29604696.231718447,696.8603804488359,0.7373528858025238,0.013021131341858425
D3,la_lb_departure_delay_72h,20260911,14.451604871079326,48,99,48,8,29720233.283168204,697.1504031850039,0.7193965487749334,0.0393643142276964
D3,la_lb_departure_delay_72h,20260912,14.256827098783106,48,99,48,17,29704610.118004553,693.8788558233391,0.8325877356707594,0.0341214537714746
D3,la_lb_departure_delay_72h,20260913,14.184124930296093,48,99,48,14,29482275.494180102,697.3020212314341,0.7919611782228154,0.03920059851190329
D3,la_lb_departure_delay_72h,20260914,13.825266654137522,48,99,48,21,29684083.64509584,693.7416117508479,0.8131236144683474,0.03576315200333964
D3,la_lb_departure_delay_72h,20260915,13.717148318886757,48,99,48,13,29621204.39375452,693.0595993989979,0.8822161592458748,0.04629334233214148
D3,la_lb_departure_delay_72h,20260916,13.41110689425841,48,99,48,27,29489668.56827365,696.8584499120619,0.7832627320140535,0.019299466976974065
D3,la_lb_departure_delay_72h,20260917,13.983345995191485,48,99,48,23,29443377.42029844,696.424279774657,0.8502946386609521,0.01967343793943913
D3,la_lb_departure_delay_72h,20260918,14.284837145358324,48,99,48,22,29478826.69659246,694.6258487090878,0.9098679051857502,0.02052359714676149
D3,la_lb_departure_delay_72h,20260919,14.003570074215531,48,99,48,23,29742846.244491078,693.4417103215416,0.7801228501304369,0.03960351711464091
D3,la_lb_departure_delay_72h,20260920,14.31562874186784,48,99,48,21,29736912.562389888,696.2755669719604,0.5808769477668126,0.03704502108188503
D3,la_lb_departure_delay_72h,20260921,13.665194772649556,48,99,48,11,29724069.252231244,697.0873223811601,0.7334512244372231,0.03669629509906206
D3,la_lb_departure_delay_72h,20260922,14.294412801973522,48,99,48,19,29450839.737446904,696.1842891897843,0.859703608985198,0.03778098259937936
D3,la_lb_departure_delay_72h,20260923,14.30624241521582,48,99,48,26,29277651.548617624,697.7705827121814,0.8313236591629067,0.017788088860960363
D3,la_lb_departure_delay_72h,20260924,14.02610635990277,48,99,48,33,29152453.65233205,695.9250775321763,1.0047670198355432,0.010776705676647083
D3,la_lb_departure_delay_72h,20260925,14.116093932185322,48,99,48,17,29618067.78025221,695.752076296134,0.8073752035304148,0.024398692577217853
D3,la_lb_departure_delay_72h,20260926,13.816690815147012,48,99,48,17,29823197.814232092,693.1563474179798,0.8106840658539752,0.024617828477647357
D3,la_lb_departure_delay_72h,20260927,14.113054099027067,48,99,48,15,29531893.398430374,696.9062092911995,0.8010240198173818,0.02617785964681127
D3,la_lb_departure_delay_72h,20260928,14.369816799182445,48,99,48,12,29985431.717932947,693.3882865919978,0.6889681135267346,0.02229035896826153
D3,la_lb_departure_delay_72h,20260929,14.6064867018722,48,99,48,18,29835036.216247022,694.2865850630651,0.7034318146459851,0.029485210820003282
D3,la_lb_departure_delay_72h,20260930,14.234131977893412,48,99,48,27,29800230.173447076,695.252579153282,0.7328068978365979,0.017081274705459705
D3,la_lb_departure_delay_72h,20260931,14.122894215863198,48,99,48,23,29722128.536797035,692.9039000051813,0.8367290541094317,0.02473965509657772
D3,la_lb_departure_delay_72h,20260932,14.051008141599596,48,99,48,28,29449118.352532905,696.9146797338516,0.809554836315093,0.014047251469238919
D3,la_lb_departure_delay_72h,20260933,14.002374054864049,48,99,48,17,29711115.361174665,694.1453588090815,0.7905793476538084,0.0525462107363656
D3,la_lb_departure_delay_72h,20260934,14.154525223188102,48,99,48,16,29664542.89992855,696.611600194171,0.7281840448463113,0.038262722262319214
D3,la_lb_departure_delay_72h,20260935,14.421024270821363,48,99,48,13,29848976.733547516,695.840311815726,0.6578871430843414,0.0462624702464553
D3,la_lb_port_capacity_50pct,20260906,14.762544416822493,48,99,48,18,27413107.12789134,667.0929401815206,0.5343116427381729,0.02357032292244732
D3,la_lb_port_capacity_50pct,20260907,14.734070746228099,48,99,48,19,27245425.786846098,658.2658513284327,0.8876856187357559,0.029928130931474124
D3,la_lb_port_capacity_50pct,20260908,14.695049413014203,48,99,48,20,27192049.197131492,665.0056759381354,0.6605864356181264,0.01665432210420139
D3,la_lb_port_capacity_50pct,20260909,14.1865349332802,48,99,48,26,27358947.234522928,658.1679781828286,0.8728832774361112,0.021467393709096217
D3,la_lb_port_capacity_50pct,20260910,14.255704337731004,48,99,48,22,27673273.07290209,666.2973677544986,0.4931619265480291,0.03370812723063718
D3,la_lb_port_capacity_50pct,20260911,14.606568488292396,48,99,48,29,27102336.672493868,664.908807741138,0.672160925829238,0.03525877047998264
D3,la_lb_port_capacity_50pct,20260912,14.821390657220036,48,99,48,17,27730998.378210828,666.0621032629896,0.5266267280829635,0.015355787113071678
D3,la_lb_port_capacity_50pct,20260913,14.834094095043838,48,99,48,25,27769751.17803266,660.6335254186556,0.6687162433766946,0.02657111262002034
D3,la_lb_port_capacity_50pct,20260914,14.298149011097848,48,99,48,17,28111642.541683067,661.8340453713884,0.5923707309478775,0.013155515162733595
D3,la_lb_port_capacity_50pct,20260915,14.434817546978593,48,99,48,19,27172883.053134564,663.3306768299695,0.6879191497342708,0.020484059763644393
D3,la_lb_port_capacity_50pct,20260916,14.476588282734156,48,99,48,20,27617525.662724506,660.980961629885,0.7143986184007577,0.032027143346938035
D3,la_lb_port_capacity_50pct,20260917,14.52294075069949,48,99,48,17,27031431.929010175,661.1130882912878,0.8757721178091025,0.04501500181589582
D3,la_lb_port_capacity_50pct,20260918,14.743183348793536,48,99,48,24,28018313.1478947,663.4294935097492,0.45153356133036254,0.04078336402973622
D3,la_lb_port_capacity_50pct,20260919,14.158250837121159,48,99,48,22,27055865.62993141,660.6611022566018,0.8567324596876933,0.0408924573848681
D3,la_lb_port_capacity_50pct,20260920,14.352005907334387,48,99,48,13,27362878.41822282,661.9265135458384,0.7774488668082059,0.027578221542574763
D3,la_lb_port_capacity_50pct,20260921,14.113365575671196,48,99,48,26,27452265.980767503,662.7339296091214,0.6885670556259683,0.019620770325726858
D3,la_lb_port_capacity_50pct,20260922,14.281756445299834,48,99,48,16,27784476.019334964,659.4477411027705,0.7641606989725063,0.019665606830175934
D3,la_lb_port_capacity_50pct,20260923,14.78606763901189,48,99,48,26,26674109.5122458,667.0873742744405,0.6314086709437976,0.028589128587711534
D3,la_lb_port_capacity_50pct,20260924,13.947305445093662,48,99,48,30,27175403.605520368,661.9840155901995,0.8123352311695025,0.01660767409086533
D3,la_lb_port_capacity_50pct,20260925,14.635448090732098,48,99,48,15,27792941.716474675,657.9484447214204,0.7704605188485691,0.02617776029069968
D3,la_lb_port_capacity_50pct,20260926,14.417584476992488,48,99,48,33,26868592.320890766,662.43470810217,0.8335819832395812,0.02250658356434495
D3,la_lb_port_capacity_50pct,20260927,14.701170168351382,48,99,48,27,27893555.140692864,661.2220513416315,0.564093146822461,0.0217105355553775
D3,la_lb_port_capacity_50pct,20260928,15.122782540973276,48,99,48,20,27519779.504209943,661.9166729368652,0.626213618068715,0.0466891714777219
D3,la_lb_port_capacity_50pct,20260929,14.512285703793168,48,99,48,22,27627576.233222026,662.1721623477141,0.6388896800619402,0.031673823228752125
D3,la_lb_port_capacity_50pct,20260930,14.402666469104588,48,99,48,25,27431213.36646043,661.1656096588449,0.755831169177616,0.035302633577306244
D3,la_lb_port_capacity_50pct,20260931,13.97600029176101,48,99,48,14,27936065.277312353,659.329304572637,0.7234887696697223,0.02290772340624629
D3,la_lb_port_capacity_50pct,20260932,14.245478881988674,48,99,48,19,27108682.202409603,660.618909866318,0.8724080570120524,0.02890588602903009
D3,la_lb_port_capacity_50pct,20260933,13.693719101604074,48,99,48,38,26793997.62472505,661.5055561119813,0.8560376307597797,0.01672847519069609
D3,la_lb_port_capacity_50pct,20260934,14.545608510728925,48,99,48,16,27529839.459393248,664.0329135215235,0.6091715791024344,0.03313266674199159
D3,la_lb_port_capacity_50pct,20260935,14.077734705992043,48,99,48,20,27448032.42154772,662.7628706987139,0.7099812132738044,0.014484499202380794
D3,pilot_baseline,20260906,13.925303129013628,48,99,48,40,27071530.936532266,634.0004427842618,0.7190654304172489,0.014677737994095807
D3,pilot_baseline,20260907,13.924663984682411,48,99,48,27,27047603.17876105,631.9443474162598,0.7323463116619273,0.029458592095900543
D3,pilot_baseline,20260908,14.048517003655434,48,99,48,42,27095631.001549467,637.5351500430855,0.6547044015065094,0.015431870047978202
D3,pilot_baseline,20260909,14.486998659092933,48,99,48,20,26984195.84286157,643.5792495822841,0.5754993399562587,0.017373237667552454
D3,pilot_baseline,20260910,13.494132332038134,48,99,48,18,27186616.550436966,635.0571202004917,0.6430898196840488,0.040525645228828185
D3,pilot_baseline,20260911,14.424674456939101,48,99,48,29,27127061.029575955,638.3399976412487,0.6566764457334773,0.010864881054848752
D3,pilot_baseline,20260912,14.156453805044293,48,99,48,24,27269462.53575689,642.7831543312383,0.4897862709394186,0.01452166130351964
D3,pilot_baseline,20260913,14.670522131957114,48,99,48,27,26961270.68955315,638.1356532160847,0.6908197253667889,0.01319197454915003
D3,pilot_baseline,20260914,13.92723443172872,48,99,48,23,27355175.80655106,628.0642444823245,0.6773545487108428,0.02740477951509293
D3,pilot_baseline,20260915,13.929257091134787,48,99,48,44,26794856.09352255,636.4909180163291,0.7441969298291531,0.01592763728978531
D3,pilot_baseline,20260916,14.130583382677287,48,99,48,31,27114303.80562875,630.2959309602178,0.7327290176020944,0.02367784684183605
D3,pilot_baseline,20260917,14.348889895249158,48,99,48,25,27213328.946984466,633.7753177454358,0.6541801057248235,0.02428569547847486
D3,pilot_baseline,20260918,14.204681865405291,48,99,48,15,27695739.8416294,628.8034578149013,0.5660684608520784,0.03383128239314104
D3,pilot_baseline,20260919,14.956493911799043,48,99,48,23,27136344.927365422,633.321713783038,0.6839795111370742,0.03427137485574048
D3,pilot_baseline,20260920,14.088205689098686,48,99,48,24,27429030.678373825,634.7403762179389,0.5705699684380953,0.028043870703253083
D3,pilot_baseline,20260921,13.68805475300178,48,99,48,24,27021356.142961245,640.7407144702529,0.6238448812333311,0.01661622654070391
D3,pilot_baseline,20260922,14.701705102808774,48,99,48,19,27189745.143815156,637.8442313748645,0.638989565935034,0.023011988795746723
D3,pilot_baseline,20260923,14.449956503231078,48,99,48,29,26634379.89320064,648.8499398195116,0.5518597732469611,0.02044256990970449
D3,pilot_baseline,20260924,14.477254874072969,48,99,48,31,27050415.586142417,636.8848213956603,0.6648261182657449,0.011878328290139455
D3,pilot_baseline,20260925,14.41883290419355,48,99,48,41,27320521.921464473,634.1390482925609,0.6017772460459863,0.014468991181725585
D3,pilot_baseline,20260926,13.813302000053227,48,99,48,32,27061954.528446827,631.9916426238939,0.7373988329434901,0.023902833368005645
D3,pilot_baseline,20260927,14.540019230917096,48,99,48,20,27178589.796320513,640.0529789154351,0.5962522452944234,0.014375424443372893
D3,pilot_baseline,20260928,14.884990653954446,48,99,48,25,26995839.544919126,635.1711875928459,0.6881641427582091,0.03079676380727779
D3,pilot_baseline,20260929,14.13493722025305,48,99,48,24,27184984.250662763,631.591347568281,0.7119232832101771,0.024707159622060725
D3,pilot_baseline,20260930,14.432840682100505,48,99,48,20,27276305.111748274,634.7407329723009,0.6508701268602513,0.028745350026374697
D3,pilot_baseline,20260931,14.168642546981573,48,99,48,22,27489414.99771961,630.7282836436683,0.6295020093663953,0.019435961466071804
D3,pilot_baseline,20260932,13.758055440150201,48,99,48,27,26576332.611434035,641.0467080603667,0.7212334623378857,0.0339761812098715
D3,pilot_baseline,20260933,13.827069101389498,48,99,48,44,26693962.84489113,640.1419493872464,0.6425706685960944,0.020452932937431383
D3,pilot_baseline,20260934,13.956241159234196,48,99,48,33,27133347.22319797,634.8669137683743,0.6443607949900115,0.056233517382634574
D3,pilot_baseline,20260935,14.168040087912232,48,99,48,23,27164241.705480825,638.4707361704421,0.6308129586498499,0.0276375682326032
D3,seattle_tacoma_departure_delay_72h,20260906,13.669861319009215,48,99,48,17,28094047.54715589,625.9577111254405,0.8007887418492872,0.031610743218336144
D3,seattle_tacoma_departure_delay_72h,20260907,13.00631468789652,48,99,48,13,28121330.620461963,628.3650616804512,0.7299520296956794,0.02420724350052731
D3,seattle_tacoma_departure_delay_72h,20260908,13.478071708232164,48,99,48,6,27909743.737900205,628.9407561151634,0.805395692699293,0.029237905597119546
D3,seattle_tacoma_departure_delay_72h,20260909,13.620909254066646,48,99,48,19,28168297.138928004,624.8323051778814,0.7943231594687011,0.024270709118138032
D3,seattle_tacoma_departure_delay_72h,20260910,13.499015237670392,48,99,48,9,28307727.63609521,634.3737263988975,0.4250374798508121,0.056918572726975966
D3,seattle_tacoma_departure_delay_72h,20260911,13.283028606325388,48,99,48,10,28014455.944803186,626.8919117429164,0.8719927184830816,0.021942194489213983
D3,seattle_tacoma_departure_delay_72h,20260912,13.435270169284195,48,99,48,26,27836448.613146864,626.4688237745021,0.965547066787655,0.03641822711568375
D3,seattle_tacoma_departure_delay_72h,20260913,12.806410533376038,48,99,48,24,28128844.83623198,623.228279093574,0.8945439142501792,0.026076903366107688
D3,seattle_tacoma_departure_delay_72h,20260914,13.200793168973178,48,99,48,10,28300367.334386617,627.068807434901,0.649227573823126,0.03466650368556897
D3,seattle_tacoma_departure_delay_72h,20260915,12.777027187868953,48,99,48,7,28187045.3489089,626.4754892030187,0.773558316735189,0.03466684953700627
D3,seattle_tacoma_departure_delay_72h,20260916,13.238513914868236,48,99,48,21,28080921.9797426,626.5702838324098,0.7989766798123379,0.03435241169724412
D3,seattle_tacoma_departure_delay_72h,20260917,13.207467270083725,48,99,48,21,28077504.802839432,624.4748561497391,0.8996419577033383,0.020400592881508108
D3,seattle_tacoma_departure_delay_72h,20260918,13.977342667989433,48,99,48,32,28175534.429297063,625.2175352562017,0.8304761802135902,0.03287028224046688
D3,seattle_tacoma_departure_delay_72h,20260919,13.476225606165826,48,99,48,4,28422927.77494002,632.6109444151824,0.45422463373802946,0.0182313200517473
D3,seattle_tacoma_departure_delay_72h,20260920,13.206442572176456,48,99,48,13,28206978.536290806,626.3597882063021,0.7096676169557365,0.09910392802742078
D3,seattle_tacoma_departure_delay_72h,20260921,13.41463077114895,48,99,48,13,28157550.638205443,627.8980576319133,0.7433602296698262,0.03855004184982129
D3,seattle_tacoma_departure_delay_72h,20260922,13.053866494912654,48,99,48,21,27995103.663037185,630.5122765685855,0.7230542977450178,0.01904636043511318
D3,seattle_tacoma_departure_delay_72h,20260923,13.105751771014184,48,99,48,32,27870055.458928756,625.7738026860014,0.9867810163313441,0.0101020364956248
D3,seattle_tacoma_departure_delay_72h,20260924,13.103908581193537,48,99,48,13,28122913.69564416,626.7651097486494,0.7918799893763687,0.03821542821196468
D3,seattle_tacoma_departure_delay_72h,20260925,13.360414352733642,48,99,48,29,27864515.717532653,627.6908169164626,0.8549429787643826,0.027543675646016966
D3,seattle_tacoma_departure_delay_72h,20260926,13.583342226222157,48,99,48,30,28092623.20633554,627.7107159398134,0.7595440978791754,0.015290645689633144
D3,seattle_tacoma_departure_delay_72h,20260927,13.16122434195131,48,99,48,13,28066316.367606044,626.9373955171188,0.8621914272949238,0.03001689801618143
D3,seattle_tacoma_departure_delay_72h,20260928,13.756449247710407,48,99,48,5,28175261.87079904,632.9358734221681,0.5791257088869551,0.031326292104952094
D3,seattle_tacoma_departure_delay_72h,20260929,13.582929893862456,48,99,48,25,27975833.00563776,626.712382315988,0.9070635740283229,0.019234222354028503
D3,seattle_tacoma_departure_delay_72h,20260930,13.450806581880897,48,99,48,15,28050301.7473043,625.9793302690776,0.6833073233507644,0.07356800153952138
D3,seattle_tacoma_departure_delay_72h,20260931,13.32409549690783,48,99,48,22,28176443.60827077,627.6661978274487,0.736700060524205,0.01660527552925168
D3,seattle_tacoma_departure_delay_72h,20260932,13.512519199866802,48,99,48,11,28144729.189771537,630.9316918458906,0.6232537346275314,0.046474650819125
D3,seattle_tacoma_departure_delay_72h,20260933,13.256785582285374,48,99,48,14,27965507.524634786,625.9684798561934,0.9425585186227745,0.04132929775328715
D3,seattle_tacoma_departure_delay_72h,20260934,13.71148121310398,48,99,48,18,28260713.07054101,628.8697560467922,0.5847343419897056,0.033646743113184656
D3,seattle_tacoma_departure_delay_72h,20260935,13.03433327190578,48,99,48,33,28046628.13780709,625.0755859649316,0.9102013453631957,0.028040710276638667
D3,seattle_tacoma_port_capacity_50pct,20260906,13.911095794755965,48,99,48,40,27071530.936532266,634.0004427842618,0.7190654304172489,0.014677737994095807
D3,seattle_tacoma_port_capacity_50pct,20260907,13.979049620218575,48,99,48,27,27047603.17876105,631.9443474162598,0.7323463116619273,0.029458592095900543
D3,seattle_tacoma_port_capacity_50pct,20260908,14.081484054215252,48,99,48,42,27095631.001549467,637.5351500430855,0.6547044015065094,0.015431870047978202
D3,seattle_tacoma_port_capacity_50pct,20260909,14.462203988805413,48,99,48,20,26984195.84286157,643.5792495822841,0.5754993399562587,0.017373237667552454
D3,seattle_tacoma_port_capacity_50pct,20260910,13.53122715326026,48,99,48,18,27186616.550436966,635.0571202004917,0.6430898196840488,0.040525645228828185
D3,seattle_tacoma_port_capacity_50pct,20260911,14.417619823943824,48,99,48,29,27127061.029575955,638.3399976412487,0.6566764457334773,0.010864881054848752
D3,seattle_tacoma_port_capacity_50pct,20260912,14.16903536207974,48,99,48,24,27269462.53575689,642.7831543312383,0.4897862709394186,0.01452166130351964
D3,seattle_tacoma_port_capacity_50pct,20260913,14.70919898385182,48,99,48,27,26961270.68955315,638.1356532160847,0.6908197253667889,0.01319197454915003
D3,seattle_tacoma_port_capacity_50pct,20260914,13.94451967207715,48,99,48,23,27355175.80655106,628.0642444823245,0.6773545487108428,0.02740477951509293
D3,seattle_tacoma_port_capacity_50pct,20260915,13.924165646079928,48,99,48,44,26794856.09352255,636.4909180163291,0.7441969298291531,0.01592763728978531
D3,seattle_tacoma_port_capacity_50pct,20260916,14.194057526998222,48,99,48,31,27114303.80562875,630.2959309602178,0.7327290176020944,0.02367784684183605
D3,seattle_tacoma_port_capacity_50pct,20260917,14.315960802137852,48,99,48,25,27213328.946984466,633.7753177454358,0.6541801057248235,0.02428569547847486
D3,seattle_tacoma_port_capacity_50pct,20260918,14.21931830001995,48,99,48,15,27695739.8416294,628.8034578149013,0.5660684608520784,0.03383128239314104
D3,seattle_tacoma_port_capacity_50pct,20260919,14.939468683674932,48,99,48,23,27136344.927365422,633.321713783038,0.6839795111370742,0.03427137485574048
D3,seattle_tacoma_port_capacity_50pct,20260920,14.096725033596158,48,99,48,24,27429030.678373825,634.7403762179389,0.5705699684380953,0.028043870703253083
D3,seattle_tacoma_port_capacity_50pct,20260921,13.663771661929786,48,99,48,24,27021356.142961245,640.7407144702529,0.6238448812333311,0.01661622654070391
D3,seattle_tacoma_port_capacity_50pct,20260922,14.70705012511462,48,99,48,19,27189745.143815156,637.8442313748645,0.638989565935034,0.023011988795746723
D3,seattle_tacoma_port_capacity_50pct,20260923,14.510871782898903,48,99,48,29,26634379.89320064,648.8499398195116,0.5518597732469611,0.02044256990970449
D3,seattle_tacoma_port_capacity_50pct,20260924,14.53324952442199,48,99,48,31,27050415.586142417,636.8848213956603,0.6648261182657449,0.011878328290139455
D3,seattle_tacoma_port_capacity_50pct,20260925,14.423534370027483,48,99,48,41,27320521.921464473,634.1390482925609,0.6017772460459863,0.014468991181725585
D3,seattle_tacoma_port_capacity_50pct,20260926,13.834609027020633,48,99,48,32,27061954.528446827,631.9916426238939,0.7373988329434901,0.023902833368005645
D3,seattle_tacoma_port_capacity_50pct,20260927,14.56193115701899,48,99,48,20,27178589.796320513,640.0529789154351,0.5962522452944234,0.014375424443372893
D3,seattle_tacoma_port_capacity_50pct,20260928,14.849851279053837,48,99,48,25,26995839.544919126,635.1711875928459,0.6881641427582091,0.03079676380727779
D3,seattle_tacoma_port_capacity_50pct,20260929,14.159965851344168,48,99,48,24,27184984.250662763,631.591347568281,0.7119232832101771,0.024707159622060725
D3,seattle_tacoma_port_capacity_50pct,20260930,14.448510461021215,48,99,48,20,27276305.111748274,634.7407329723009,0.6508701268602513,0.028745350026374697
D3,seattle_tacoma_port_capacity_50pct,20260931,14.192461459897459,48,99,48,22,27489414.99771961,630.7282836436683,0.6295020093663953,0.019435961466071804
D3,seattle_tacoma_port_capacity_50pct,20260932,13.784093316178769,48,99,48,27,26576332.611434035,641.0467080603667,0.7212334623378857,0.0339761812098715
D3,seattle_tacoma_port_capacity_50pct,20260933,13.755374704953283,48,99,48,44,26693962.84489113,640.1419493872464,0.6425706685960944,0.020452932937431383
D3,seattle_tacoma_port_capacity_50pct,20260934,13.977407067082822,48,99,48,33,27133347.22319797,634.8669137683743,0.6443607949900115,0.056233517382634574
D3,seattle_tacoma_port_capacity_50pct,20260935,14.17996203713119,48,99,48,23,27164241.705480825,638.4707361704421,0.6308129586498499,0.0276375682326032
D3,uswc_compound_50pct_delay_120h,20260906,12.643185629043728,48,99,48,1,38393563.15038888,747.7595640686453,0.7559264407570203,0.0
D3,uswc_compound_50pct_delay_120h,20260907,13.058316635899246,48,99,48,4,39003982.82199247,747.8157045172659,0.561682556995636,0.026790305823661483
D3,uswc_compound_50pct_delay_120h,20260908,12.628242170903832,48,99,48,2,40210014.41606531,748.5153592017438,0.16544774003306037,0.0
D3,uswc_compound_50pct_delay_120h,20260909,12.92955614393577,48,99,48,5,38883428.78501183,747.1106157881213,0.6915361610469403,0.03157125729525242
D3,uswc_compound_50pct_delay_120h,20260910,12.543688868172467,48,99,48,1,39717086.189464055,749.7698206178497,0.19461095207309356,0.0
D3,uswc_compound_50pct_delay_120h,20260911,12.939432899001986,48,99,48,7,39325426.98172536,749.0469573407133,0.33362714212559946,0.02027035439764768
D3,uswc_compound_50pct_delay_120h,20260912,12.433692908845842,48,99,48,3,39378086.14276934,748.3818746213198,0.39277014838106994,0.007401659171949497
D3,uswc_compound_50pct_delay_120h,20260913,12.911960030905902,48,99,48,4,38322739.078642905,746.5177647645115,0.9894401388546107,0.0093041647226039
D3,uswc_compound_50pct_delay_120h,20260914,12.293413471896201,48,99,48,2,37938004.828999154,747.0537989770452,1.0344313617841037,0.0
D3,uswc_compound_50pct_delay_120h,20260915,12.24430471798405,48,99,48,4,38675646.09221172,746.7023949947552,0.8279470655949118,0.018926550832274867
D3,uswc_compound_50pct_delay_120h,20260916,12.238366748671979,48,99,48,4,38405396.3579077,748.0357778686152,0.6925725981750431,0.04823841118261101
D3,uswc_compound_50pct_delay_120h,20260917,12.56765393121168,48,99,48,4,39014302.505373895,746.9144477024884,0.6726848672352516,0.008305926547521695
D3,uswc_compound_50pct_delay_120h,20260918,13.069985239300877,48,99,48,5,39329449.387131274,747.2038091685995,0.5216061672001708,0.06340105681214563
D3,uswc_compound_50pct_delay_120h,20260919,12.701904131099582,48,99,48,2,39143142.596741915,748.7807585396758,0.40729399195960125,0.0
D3,uswc_compound_50pct_delay_120h,20260920,12.715489832218736,48,99,48,2,39216230.39578232,748.0300124238464,0.47459129431894576,0.0
D3,uswc_compound_50pct_delay_120h,20260921,12.195579547900707,48,99,48,4,38866672.085492365,746.1838900110694,0.827927390078353,0.01318161074377567
D3,uswc_compound_50pct_delay_120h,20260922,12.81572087900713,48,99,48,6,39639205.0755374,747.9932477075238,0.35412244818371463,0.025626587001177446
D3,uswc_compound_50pct_delay_120h,20260923,12.835407734382898,48,99,48,4,38915948.337619565,747.5526039115483,0.6060701277658536,0.05820868037977867
D3,uswc_compound_50pct_delay_120h,20260924,11.918685810640454,48,99,48,3,39169841.41074693,746.3328402279722,0.6864079690006946,0.0009751701274919624
D3,uswc_compound_50pct_delay_120h,20260925,13.034410909283906,48,99,48,3,39277379.736830674,746.7765513078191,0.5938570447007465,0.006204428429218573
D3,uswc_compound_50pct_delay_120h,20260926,12.325283166021109,48,99,48,1,38988693.03754425,748.0074130400325,0.5433322470147466,0.0
D3,uswc_compound_50pct_delay_120h,20260927,12.893361386843026,48,99,48,5,39352483.68679223,749.6687715310022,0.2628057536269334,0.027802862949185377
D3,uswc_compound_50pct_delay_120h,20260928,13.189801531843841,48,99,48,7,40236571.42501885,748.3180389876818,0.13283603527700583,0.05952962214926235
D3,uswc_compound_50pct_delay_120h,20260929,13.242336987983435,48,99,48,6,39598364.54632332,747.8488892454967,0.36597901747121814,0.03490073000111895
D3,uswc_compound_50pct_delay_120h,20260930,13.080085809808224,48,99,48,2,39222235.586875185,749.1572907623453,0.34497893558640363,0.0
D3,uswc_compound_50pct_delay_120h,20260931,12.77301081083715,48,99,48,1,38722648.93884643,746.7183474147523,0.8091449875450952,0.0
D3,uswc_compound_50pct_delay_120h,20260932,13.124125792179257,48,99,48,3,39564718.53761003,748.0079997256287,0.37668238950218724,0.009430017498240165
D3,uswc_compound_50pct_delay_120h,20260933,12.45791588909924,48,99,48,2,38376166.94222905,746.8543773024401,0.9154953685665898,0.0
D3,uswc_compound_50pct_delay_120h,20260934,12.893344239797443,48,99,48,4,40491281.4919832,749.9876670404627,0.04715684964613125,0.015730957675667234
D3,uswc_compound_50pct_delay_120h,20260935,12.460387700702995,48,99,48,1,38434088.39560657,746.7329574260598,0.9147347222534835,0.0
D3,uswc_departure_delay_120h,20260906,12.630924057681113,48,99,48,1,38393563.15038888,747.7595640686453,0.7559264407570203,0.0
D3,uswc_departure_delay_120h,20260907,13.15123526705429,48,99,48,4,39003982.82199247,747.8157045172659,0.561682556995636,0.026790305823661483
D3,uswc_departure_delay_120h,20260908,12.613384031690657,48,99,48,2,40210014.41606531,748.5153592017438,0.16544774003306037,0.0
D3,uswc_departure_delay_120h,20260909,12.934862425085157,48,99,48,5,38883428.78501183,747.1106157881213,0.6915361610469403,0.03157125729525242
D3,uswc_departure_delay_120h,20260910,12.56902740104124,48,99,48,1,39717086.189464055,749.7698206178497,0.19461095207309356,0.0
D3,uswc_departure_delay_120h,20260911,12.976052484009415,48,99,48,7,39325426.98172536,749.0469573407133,0.33362714212559946,0.02027035439764768
D3,uswc_departure_delay_120h,20260912,12.447732733096927,48,99,48,3,39378086.14276934,748.3818746213198,0.39277014838106994,0.007401659171949497
D3,uswc_departure_delay_120h,20260913,12.941761817783117,48,99,48,4,38322739.078642905,746.5177647645115,0.9894401388546107,0.0093041647226039
D3,uswc_departure_delay_120h,20260914,12.257965789176524,48,99,48,2,37938004.828999154,747.0537989770452,1.0344313617841037,0.0
D3,uswc_departure_delay_120h,20260915,12.236529527232051,48,99,48,4,38675646.09221172,746.7023949947552,0.8279470655949118,0.018926550832274867
D3,uswc_departure_delay_120h,20260916,12.262426726985723,48,99,48,4,38405396.3579077,748.0357778686152,0.6925725981750431,0.04823841118261101
D3,uswc_departure_delay_120h,20260917,12.592861337121576,48,99,48,4,39014302.505373895,746.9144477024884,0.6726848672352516,0.008305926547521695
D3,uswc_departure_delay_120h,20260918,13.12327249487862,48,99,48,5,39329449.387131274,747.2038091685995,0.5216061672001708,0.06340105681214563
D3,uswc_departure_delay_120h,20260919,12.684253107756376,48,99,48,2,39143142.596741915,748.7807585396758,0.40729399195960125,0.0
D3,uswc_departure_delay_120h,20260920,12.730777374934405,48,99,48,2,39216230.39578232,748.0300124238464,0.47459129431894576,0.0
D3,uswc_departure_delay_120h,20260921,12.179238406009972,48,99,48,4,38866672.085492365,746.1838900110694,0.827927390078353,0.01318161074377567
D3,uswc_departure_delay_120h,20260922,12.83018986415118,48,99,48,6,39639205.0755374,747.9932477075238,0.35412244818371463,0.025626587001177446
D3,uswc_departure_delay_120h,20260923,12.83211069740355,48,99,48,4,38915948.337619565,747.5526039115483,0.6060701277658536,0.05820868037977867
D3,uswc_departure_delay_120h,20260924,11.93055171566084,48,99,48,3,39169841.41074693,746.3328402279722,0.6864079690006946,0.0009751701274919624
D3,uswc_departure_delay_120h,20260925,13.094990731682628,48,99,48,3,39277379.736830674,746.7765513078191,0.5938570447007465,0.006204428429218573
D3,uswc_departure_delay_120h,20260926,12.318688573781401,48,99,48,1,38988693.03754425,748.0074130400325,0.5433322470147466,0.0
D3,uswc_departure_delay_120h,20260927,12.89097276283428,48,99,48,5,39352483.68679223,749.6687715310022,0.2628057536269334,0.027802862949185377
D3,uswc_departure_delay_120h,20260928,13.205390396062285,48,99,48,7,40236571.42501885,748.3180389876818,0.13283603527700583,0.05952962214926235
D3,uswc_departure_delay_120h,20260929,13.241518002003431,48,99,48,6,39598364.54632332,747.8488892454967,0.36597901747121814,0.03490073000111895
D3,uswc_departure_delay_120h,20260930,13.096366311889142,48,99,48,2,39222235.586875185,749.1572907623453,0.34497893558640363,0.0
D3,uswc_departure_delay_120h,20260931,12.810083619318902,48,99,48,1,38722648.93884643,746.7183474147523,0.8091449875450952,0.0
D3,uswc_departure_delay_120h,20260932,13.082582456059754,48,99,48,3,39564718.53761003,748.0079997256287,0.37668238950218724,0.009430017498240165
D3,uswc_departure_delay_120h,20260933,12.458477404899895,48,99,48,2,38376166.94222905,746.8543773024401,0.9154953685665898,0.0
D3,uswc_departure_delay_120h,20260934,12.888420176226646,48,99,48,4,40491281.4919832,749.9876670404627,0.04715684964613125,0.015730957675667234
D3,uswc_departure_delay_120h,20260935,12.607068044133484,48,99,48,1,38434088.39560657,746.7329574260598,0.9147347222534835,0.0
D3,uswc_departure_delay_168h,20260906,12.551496476866305,48,99,48,3,50014789.08416812,789.4381464541464,0.885293257031672,0.016213623447577537
D3,uswc_departure_delay_168h,20260907,12.306362391915172,48,99,48,3,50372084.784353495,792.177082413882,0.1292310793239352,0.055659377888106286
D3,uswc_departure_delay_168h,20260908,12.899686132092029,48,99,48,2,50434999.02479279,790.5590601754362,0.35352661530736107,0.0
D3,uswc_departure_delay_168h,20260909,12.47704846598208,48,99,48,3,49943639.4446458,790.3123256863094,0.7190338704732295,0.006083548511674869
D3,uswc_departure_delay_168h,20260910,12.300377531442791,48,99,48,4,49767168.29819384,789.743372770973,1.011860920874571,0.015007667528423948
D3,uswc_departure_delay_168h,20260911,12.970993374008685,48,99,48,2,50209033.266815566,790.596526173053,0.4846097252843564,0.0
D3,uswc_departure_delay_168h,20260912,12.658074346836656,48,99,48,1,50828825.00774651,790.9770682085482,0.09649003399057754,0.0
D3,uswc_departure_delay_168h,20260913,12.76853119302541,48,99,48,1,49933178.6151465,790.8707870633245,0.5770490420555702,0.0
D3,uswc_departure_delay_168h,20260914,12.343927136156708,48,99,48,5,49982985.09727885,789.9988156892015,0.7580854643721744,0.024150000684379398
D3,uswc_departure_delay_168h,20260915,12.897677001077682,48,99,48,1,50906066.38882103,789.7710439929314,0.09127277883137624,0.0
D3,uswc_departure_delay_168h,20260916,12.221841563005,48,99,48,3,50065608.11378202,790.2515772764497,0.6357828322961523,0.11107492001642315
D3,uswc_departure_delay_168h,20260917,12.172065843828022,48,99,48,5,50691903.41983083,790.081217901218,0.22867148794875275,0.03148844655423086
D3,uswc_departure_delay_168h,20260918,12.598025808110833,48,99,48,2,50022340.01807512,789.1034467527127,0.9630795869604054,0.0
D3,uswc_departure_delay_168h,20260919,11.72565922094509,48,99,48,1,50193431.44720748,792.6729258085942,0.07257231858393084,0.0
D3,uswc_departure_delay_168h,20260920,12.607073314022273,48,99,48,1,50736207.88588892,792.1113225406048,0.06410141269732947,0.0
D3,uswc_departure_delay_168h,20260921,12.038320238236338,48,99,48,2,50099512.73695322,789.8093431700082,0.7214054923268713,0.0
D3,uswc_departure_delay_168h,20260922,11.793211434967816,48,99,48,1,50327815.39365746,792.2565266808831,0.13164649593258984,0.0
D3,uswc_departure_delay_168h,20260923,12.534507028758526,48,99,48,1,50663378.06746683,790.4509678459466,0.22614588082743078,0.0
D3,uswc_departure_delay_168h,20260924,11.863124158699065,48,99,48,2,49805434.2510755,789.9096273670134,0.9318447084496743,0.0
D3,uswc_departure_delay_168h,20260925,12.80582875199616,48,99,48,1,50096265.73759884,790.1510995986957,0.6539290997165784,0.0
D3,uswc_departure_delay_168h,20260926,12.171296622604132,48,99,48,2,50571385.52832126,789.1023799783801,0.43325000674906705,0.0
D3,uswc_departure_delay_168h,20260927,13.288574064150453,48,99,48,3,50444106.416179284,791.2247323979501,0.2340167038662008,0.05269693736083536
D3,uswc_departure_delay_168h,20260928,12.934025701135397,48,99,48,1,50714671.54387997,791.6703214749674,0.10207407950914141,0.0
D3,uswc_departure_delay_168h,20260929,12.250307189766318,48,99,48,4,50417385.888999306,790.930527095355,0.30405906229630125,0.010301349274554061
D3,uswc_departure_delay_168h,20260930,12.497385134920478,48,99,48,3,50571133.19291793,790.3300908205682,0.29674551456092213,0.039793596140519916
D3,uswc_departure_delay_168h,20260931,12.51948808459565,48,99,48,1,50344906.647097714,789.9832928080009,0.5057595574924231,0.0
D3,uswc_departure_delay_168h,20260932,12.893831606954336,48,99,48,1,50094462.593680754,790.0744873969647,0.6726418420896777,0.0
D3,uswc_departure_delay_168h,20260933,12.467601532116532,48,99,48,2,50178391.00308495,791.1097820141772,0.3966736754268876,0.0
D3,uswc_departure_delay_168h,20260934,12.291418055072427,48,99,48,1,49812412.30480014,789.7486578864838,0.9743889861203241,0.0
D3,uswc_departure_delay_168h,20260935,12.478929550852627,48,99,48,2,50320159.98228139,790.3080205864339,0.4652826701116335,0.0
D3,uswc_departure_delay_96h,20260906,12.69638784090057,48,99,48,5,33954550.66658973,719.0910522382637,0.6991219191851666,0.03766214420097628
D3,uswc_departure_delay_96h,20260907,12.959194493945688,48,99,48,9,32918793.896751024,718.8614710387936,1.1694759879740015,0.028395041602105573
D3,uswc_departure_delay_96h,20260908,12.851882169023156,48,99,48,3,34294622.493760996,719.5722969952103,0.520638854233537,0.06293683938450918
D3,uswc_departure_delay_96h,20260909,12.848829133901745,48,99,48,6,34823818.75509265,719.4417644747233,0.30670141906455933,0.034838753951694515
D3,uswc_departure_delay_96h,20260910,12.4945331630297,48,99,48,7,34303937.944372006,720.0891103706049,0.4621939546147343,0.06305442445023988
D3,uswc_departure_delay_96h,20260911,13.315200929995626,48,99,48,8,34466832.91568485,720.2232911138242,0.38219640620900974,0.038631066662869216
D3,uswc_departure_delay_96h,20260912,13.02388812880963,48,99,48,9,33819203.40170859,719.7864569452064,0.6677739551351443,0.0158627065006609
D3,uswc_departure_delay_96h,20260913,12.765614578966051,48,99,48,3,33890036.46492406,720.2119125782734,0.5950539277711824,0.028694966302361076
D3,uswc_departure_delay_96h,20260914,12.858895289711654,48,99,48,7,34180702.156497926,719.4183515642899,0.5802385930930802,0.03527840155734984
D3,uswc_departure_delay_96h,20260915,12.634792144875973,48,99,48,6,33827098.1015855,718.7675712689711,0.7893986785489826,0.03370661638872088
D3,uswc_departure_delay_96h,20260916,12.630705028772354,48,99,48,6,34916831.40163561,719.7388893672671,0.275199575786456,0.027808469594338164
D3,uswc_departure_delay_96h,20260917,11.92267910996452,48,99,48,5,34167496.798136376,719.3421807571201,0.5899063593596128,0.051916532156156346
D3,uswc_departure_delay_96h,20260918,12.438970342744142,48,99,48,17,33549016.716903728,718.6843838662497,0.9080395232463231,0.01168858533042742
D3,uswc_departure_delay_96h,20260919,12.895902779884636,48,99,48,5,34241498.003039815,721.1657519681759,0.3846099013779262,0.1474954633384834
D3,uswc_departure_delay_96h,20260920,12.798400922678411,48,99,48,5,34664364.64348592,721.5795707859986,0.2057468774593221,0.010425850637045334
D3,uswc_departure_delay_96h,20260921,13.252100260928273,48,99,48,4,34552658.798853695,719.0632529897629,0.44661701762807204,0.12194990292344723
D3,uswc_departure_delay_96h,20260922,13.140782775823027,48,99,48,3,33972254.52807373,720.0979975041495,0.5841033570811529,0.061287448562043316
D3,uswc_departure_delay_96h,20260923,13.369103391189128,48,99,48,3,34018502.215536974,719.2423254978572,0.6618574768773114,0.011454962865541879
D3,uswc_departure_delay_96h,20260924,12.821280214935541,48,99,48,6,34019726.75511596,720.3895774908592,0.5205171401811786,0.051153100177749176
D3,uswc_departure_delay_96h,20260925,12.730550427921116,48,99,48,6,34120367.21722202,718.7119279181459,0.6544875058989286,0.06296394489603707
D3,uswc_departure_delay_96h,20260926,12.620520223863423,48,99,48,3,34552431.00081516,719.8888842788812,0.4015863526306944,0.030950380145230428
D3,uswc_departure_delay_96h,20260927,12.563777082134038,48,99,48,5,34504231.09043502,719.8846358219682,0.4113940176801612,0.01818092801939823
D3,uswc_departure_delay_96h,20260928,13.087338387034833,48,99,48,6,33549477.23197173,719.9765813235559,0.7270273888871611,0.013269462260596209
D3,uswc_departure_delay_96h,20260929,12.819395111873746,48,99,48,5,34153200.25963949,719.2092406862313,0.604251709465032,0.008568061180920268
D3,uswc_departure_delay_96h,20260930,13.166433952748775,48,99,48,5,34521137.010730386,721.3868385175665,0.268269665479917,0.05569306957706041
D3,uswc_departure_delay_96h,20260931,12.78284024912864,48,99,48,8,34408693.92598773,719.9132059052082,0.42809577209873784,0.13982129623190784
D3,uswc_departure_delay_96h,20260932,13.258479230571538,48,99,48,3,34594839.21836107,722.404287345908,0.18791312704200297,0.022601996432315564
D3,uswc_departure_delay_96h,20260933,12.588226759806275,48,99,48,5,33854155.27347894,719.5297806752383,0.6936737801920532,0.018826728363030253
D3,uswc_departure_delay_96h,20260934,12.815611951984465,48,99,48,3,33231291.548016228,719.0291969453076,0.9991533817518469,0.09457363335660547
D3,uswc_departure_delay_96h,20260935,12.834073193836957,48,99,48,5,35031032.267949484,719.6239694374963,0.22686285635382497,0.049989607932613284
D3,uswc_port_capacity_60pct,20260906,14.215154560748488,48,99,48,13,27223289.904570285,646.644417100827,0.7779117658955683,0.039266339571673345
D3,uswc_port_capacity_60pct,20260907,14.165194016881287,48,99,48,32,27573598.369262967,643.5015925574234,0.8009628287360836,0.019193914841020194
D3,uswc_port_capacity_60pct,20260908,14.511820100713521,48,99,48,26,27225608.204211272,650.666815971511,0.672491022834752,0.021864639945201367
D3,uswc_port_capacity_60pct,20260909,14.467369605321437,48,99,48,23,27133370.404667504,649.5296025999685,0.719895617930056,0.036012220919901444
D3,uswc_port_capacity_60pct,20260910,13.59225684311241,48,99,48,23,26989058.290570643,648.8811078093811,0.76112743625011,0.022488754513170527
D3,uswc_port_capacity_60pct,20260911,14.57817018032074,48,99,48,44,26907493.921062216,648.4275563067392,0.8098781369290886,0.009220717210548235
D3,uswc_port_capacity_60pct,20260912,14.207507786341012,48,99,48,22,27196855.83481479,650.0479281570076,0.6844665568113343,0.02020704373150103
D3,uswc_port_capacity_60pct,20260913,14.818896017968655,48,99,48,30,27337400.637896158,646.7848958946646,0.7539323493850377,0.022298100478471826
D3,uswc_port_capacity_60pct,20260914,14.311838105786592,48,99,48,28,27273291.150505077,646.3920956952088,0.7578539660821084,0.04052446694834909
D3,uswc_port_capacity_60pct,20260915,14.206106381956488,48,99,48,22,27037762.370328955,646.4200687722398,0.8271361467377338,0.037362044872026025
D3,uswc_port_capacity_60pct,20260916,14.536351290997118,48,99,48,31,27367265.33131807,643.6937137705312,0.7844261816986636,0.03421278650556762
D3,uswc_port_capacity_60pct,20260917,14.30591336125508,48,99,48,29,27117606.728497464,646.8165920883831,0.8001129914939772,0.04205662191800649
D3,uswc_port_capacity_60pct,20260918,14.198618235997856,48,99,48,33,27649822.432773415,643.7606478027711,0.7510604495048653,0.012989420504668647
D3,uswc_port_capacity_60pct,20260919,14.618266239762306,48,99,48,25,27452740.689730372,643.4475441333891,0.8631493581616192,0.01760783693222691
D3,uswc_port_capacity_60pct,20260920,14.243356274906546,48,99,48,26,27114923.888183746,648.493880040663,0.7258660120995964,0.02586928006479914
D3,uswc_port_capacity_60pct,20260921,13.891648014076054,48,99,48,33,27192400.618976157,646.4357285229338,0.795177596036989,0.013893380412846957
D3,uswc_port_capacity_60pct,20260922,14.744671836029738,48,99,48,29,27649410.985528283,643.2742586766335,0.7958591134024691,0.04770312470752344
D3,uswc_port_capacity_60pct,20260923,14.523602277040482,48,99,48,25,26696211.038038332,652.7782272477775,0.6882255432763716,0.03508293967762379
D3,uswc_port_capacity_60pct,20260924,14.376242035999894,48,99,48,31,27196123.185367122,644.5240063223471,0.8844573102140652,0.016546071782982032
D3,uswc_port_capacity_60pct,20260925,13.808067392092198,48,99,48,32,27537152.70143565,644.196717011161,0.7950303091936978,0.01665284958345543
D3,uswc_port_capacity_60pct,20260926,14.147235987242311,48,99,48,38,26722059.369326137,643.3092540883757,0.9543026615145732,0.022330029523917796
D3,uswc_port_capacity_60pct,20260927,14.723665012046695,48,99,48,20,27388205.890443325,648.2781261491358,0.7231688726037926,0.01601377237812685
D3,uswc_port_capacity_60pct,20260928,15.006895948201418,48,99,48,33,27132714.84867775,648.4222667574925,0.7749079168841841,0.011888841775039146
D3,uswc_port_capacity_60pct,20260929,14.414138298947364,48,99,48,44,27388267.59491919,642.6637605315527,0.8819389946894582,0.02151339438893964
D3,uswc_port_capacity_60pct,20260930,14.657316609285772,48,99,48,26,27199553.558112953,645.0815575216321,0.8668544673732312,0.02812419813423126
D3,uswc_port_capacity_60pct,20260931,14.094926243182272,48,99,48,26,27450491.12512463,643.2440513422127,0.8293629635877645,0.02575000352241763
D3,uswc_port_capacity_60pct,20260932,13.852034610230476,48,99,48,31,26824166.787694875,642.511115958239,1.000777692936998,0.04670069409878101
D3,uswc_port_capacity_60pct,20260933,13.835368189029396,48,99,48,37,26673764.66638679,646.4394155011738,0.8998685255086208,0.012629543868889807
D3,uswc_port_capacity_60pct,20260934,14.178572316188365,48,99,48,22,27692856.058494445,645.7520614164778,0.725428744827812,0.019632712510894178
D3,uswc_port_capacity_60pct,20260935,14.287263325415552,48,99,48,24,27178539.382380784,648.3108150969131,0.7610259614308845,0.026938765494414412
D3,uswc_port_capacity_65pct,20260906,14.22429631697014,48,99,48,18,27090006.855741087,643.2905889158865,0.7810018097435042,0.019305131860836062
D3,uswc_port_capacity_65pct,20260907,14.360644593834877,48,99,48,41,27130114.814260654,635.7385971871018,0.9040781670727401,0.02364899279527476
D3,uswc_port_capacity_65pct,20260908,14.468194107990712,48,99,48,28,27023711.957370568,641.116255620972,0.842054576026917,0.016176607655583708
D3,uswc_port_capacity_65pct,20260909,14.525071836076677,48,99,48,21,26914419.685069796,646.3747309228742,0.7158754350296542,0.015401976082124224
D3,uswc_port_capacity_65pct,20260910,13.472487307153642,48,99,48,15,27332837.81613118,641.3724566363838,0.7654015116836959,0.02964827781045846
D3,uswc_port_capacity_65pct,20260911,14.540621725842357,48,99,48,30,26921103.87393485,640.8892954030524,0.8715390241743324,0.016127589487740707
D3,uswc_port_capacity_65pct,20260912,14.24066426884383,48,99,48,26,27231706.827132676,641.5484853002349,0.7505224611032585,0.016028089815688026
D3,uswc_port_capacity_65pct,20260913,14.666835182346404,48,99,48,34,26985106.216156498,641.235943935094,0.8549469502553749,0.033235754657961795
D3,uswc_port_capacity_65pct,20260914,13.966993323992938,48,99,48,44,27585452.99880704,637.9056513065827,0.7379268507249367,0.01042885964629875
D3,uswc_port_capacity_65pct,20260915,14.022500714752823,48,99,48,41,26952822.243009005,640.7078962628299,0.8690998315561591,0.009471463955526099
D3,uswc_port_capacity_65pct,20260916,14.293682863004506,48,99,48,33,27124835.20994166,639.1759660896829,0.8023996050978128,0.021165263630533674
D3,uswc_port_capacity_65pct,20260917,14.309538157656789,48,99,48,35,27157169.26542646,638.4042243593891,0.8639453988133484,0.013536790121262854
D3,uswc_port_capacity_65pct,20260918,14.503280259668827,48,99,48,22,27731283.969503067,639.1196312240672,0.6664263679418779,0.02658032579450212
D3,uswc_port_capacity_65pct,20260919,14.90789587981999,48,99,48,32,27183959.48154166,636.270902512726,0.9074693492476008,0.022357717844067378
D3,uswc_port_capacity_65pct,20260920,14.099587857257575,48,99,48,26,27170426.34418794,640.5356223077301,0.8106738516338875,0.03933659838384635
D3,uswc_port_capacity_65pct,20260921,13.664978751912713,48,99,48,38,27286302.058842335,640.5859521764277,0.7966764840856738,0.015809772068035056
D3,uswc_port_capacity_65pct,20260922,14.763821825850755,48,99,48,20,27231197.233271092,639.7489037301251,0.8316954131484402,0.023268679213557148
D3,uswc_port_capacity_65pct,20260923,14.494189385790378,48,99,48,29,26634379.89320064,648.8499398195116,0.6953319480235786,0.024560158648635547
D3,uswc_port_capacity_65pct,20260924,14.485728156752884,48,99,48,30,27204795.491834287,640.415520566435,0.814148519422453,0.03396697309289418
D3,uswc_port_capacity_65pct,20260925,14.32796568190679,48,99,48,32,27413096.310393225,636.8289704147949,0.8193693524643828,0.04960096718789439
D3,uswc_port_capacity_65pct,20260926,14.093640455976129,48,99,48,36,27138215.104306847,639.8296111474892,0.8564841127620669,0.01082019189484355
D3,uswc_port_capacity_65pct,20260927,14.535374783910811,48,99,48,25,27169233.965441328,643.0888010500413,0.7701891216236343,0.018845010487215836
D3,uswc_port_capacity_65pct,20260928,14.922626768704504,48,99,48,24,27122961.191389307,644.0512219923924,0.7398070111446913,0.029280846261346822
D3,uswc_port_capacity_65pct,20260929,14.272222774103284,48,99,48,40,27307444.58391708,635.4372734833311,0.8856655626774859,0.012288463100049898
D3,uswc_port_capacity_65pct,20260930,14.438889313023537,48,99,48,23,27325068.671998505,637.1023431402378,0.8513321947969084,0.0334145010124745
D3,uswc_port_capacity_65pct,20260931,14.151779773179442,48,99,48,40,27391329.053616032,635.7466202010817,0.8550344504741335,0.009678317776558518
D3,uswc_port_capacity_65pct,20260932,13.724087086040527,48,99,48,26,26939081.330121897,641.7472570101977,0.8604676340598708,0.015575937779140866
D3,uswc_port_capacity_65pct,20260933,13.815464572049677,48,99,48,39,26709564.89896131,641.9099932622202,0.844787886557389,0.013510017967538701
D3,uswc_port_capacity_65pct,20260934,14.008575997781008,48,99,48,19,27215263.95292491,641.3344429123591,0.7988647128050984,0.01583520904007839
D3,uswc_port_capacity_65pct,20260935,14.309604835230857,48,99,48,26,27250976.39614173,642.2431954814283,0.7687937047954492,0.020110178186667542
D3,uswc_port_capacity_70pct,20260906,13.883757296018302,48,99,48,40,27071530.936532266,634.0004427842618,0.7778724068408766,0.014666610590184691
D3,uswc_port_capacity_70pct,20260907,13.987261152360588,48,99,48,33,27139247.32420096,632.5461157017652,0.7763996616455108,0.01722025366703645
D3,uswc_port_capacity_70pct,20260908,14.067538544069976,48,99,48,42,27095631.001549467,637.5351500430855,0.7072547333856107,0.015355590378264753
D3,uswc_port_capacity_70pct,20260909,14.465135478880256,48,99,48,20,26984195.84286157,643.5792495822841,0.6167602376247047,0.01768801925663318
D3,uswc_port_capacity_70pct,20260910,13.523825515061617,48,99,48,18,27186616.550436966,635.0571202004917,0.7006567180525639,0.03964628625099307
D3,uswc_port_capacity_70pct,20260911,14.517218723893166,48,99,48,29,27127061.029575955,638.3399976412487,0.7077694951385691,0.011219379495261974
D3,uswc_port_capacity_70pct,20260912,14.187020785175264,48,99,48,24,27269462.53575689,642.7831543312383,0.5338341671674905,0.014694555191571193
D3,uswc_port_capacity_70pct,20260913,14.665544940158725,48,99,48,27,26961270.68955315,638.1356532160847,0.7416550011064788,0.013130930598901993
D3,uswc_port_capacity_70pct,20260914,13.921020606998354,48,99,48,26,27475540.46123948,630.4437092018379,0.675773249183446,0.019425208289014208
D3,uswc_port_capacity_70pct,20260915,13.970815998967737,48,99,48,44,26794856.09352255,636.4909180163291,0.7928769307573406,0.019396320718330147
D3,uswc_port_capacity_70pct,20260916,14.170223505236208,48,99,48,26,27068744.767205007,633.5751045284203,0.7705120789925355,0.019696592610170805
D3,uswc_port_capacity_70pct,20260917,14.337860862258822,48,99,48,25,27213328.946984466,633.7753177454358,0.7141840810986028,0.024989142261453427
D3,uswc_port_capacity_70pct,20260918,14.237327915150672,48,99,48,16,27720905.262092356,632.6683878120202,0.5705968562578941,0.02486020690765993
D3,uswc_port_capacity_70pct,20260919,14.944487685803324,48,99,48,23,27136344.927365422,633.321713783038,0.7444600850769144,0.03305310783291436
D3,uswc_port_capacity_70pct,20260920,14.116545222699642,48,99,48,24,27429030.678373825,634.7403762179389,0.6298201234752168,0.02709359723272495
D3,uswc_port_capacity_70pct,20260921,13.69970432901755,48,99,48,24,27021356.142961245,640.7407144702529,0.6702997851842716,0.016651532772079484
D3,uswc_port_capacity_70pct,20260922,14.70127862226218,48,99,48,19,27189745.143815156,637.8442313748645,0.6912972693126658,0.022584406739040528
D3,uswc_port_capacity_70pct,20260923,14.478291863109916,48,99,48,29,26634379.89320064,648.8499398195116,0.5823319001503005,0.021487293033621714
D3,uswc_port_capacity_70pct,20260924,14.45842938311398,48,99,48,31,27050415.586142417,636.8848213956603,0.718430295692585,0.011734242758613997
D3,uswc_port_capacity_70pct,20260925,14.484583321027458,48,99,48,41,27320521.921464473,634.1390482925609,0.6616926568969521,0.01453046819523294
D3,uswc_port_capacity_70pct,20260926,13.862683631014079,48,99,48,35,27003113.406974748,634.1559407840888,0.7830203344554165,0.05113922106815048
D3,uswc_port_capacity_70pct,20260927,14.561539037153125,48,99,48,20,27178589.796320513,640.0529789154351,0.6445964104006563,0.014200843711829907
D3,uswc_port_capacity_70pct,20260928,14.87197588197887,48,99,48,25,26995839.544919126,635.1711875928459,0.7447360996033756,0.030039951457480868
D3,uswc_port_capacity_70pct,20260929,14.165914377663285,48,99,48,26,27267297.37816894,631.5147134479163,0.7503820081020063,0.01569523189457381
D3,uswc_port_capacity_70pct,20260930,14.40731928916648,48,99,48,20,27276305.111748274,634.7407329723009,0.7092274084590166,0.028950375576631018
D3,uswc_port_capacity_70pct,20260931,14.194980362895876,48,99,48,41,27255791.243798744,630.2180221757708,0.7525807111581435,0.029347258812318745
D3,uswc_port_capacity_70pct,20260932,13.820120623335242,48,99,48,27,26576332.611434035,641.0467080603667,0.765338894326008,0.034570704042363724
D3,uswc_port_capacity_70pct,20260933,14.048031392041594,48,99,48,44,26693962.84489113,640.1419493872464,0.6891836487692595,0.019869317039792216
D3,uswc_port_capacity_70pct,20260934,14.258616276085377,48,99,48,33,27133347.22319797,634.8669137683743,0.7021404057846053,0.057351089107214044
D3,uswc_port_capacity_70pct,20260935,14.633329064119607,48,99,48,23,27164241.705480825,638.4707361704421,0.6819133838209063,0.02738715923399921
