case_id,scenario,seed,metric,unit,baseline_value,scenario_value,paired_difference,paired_difference_pct
D1,uswc_compound_30pct_delay_168h,20260906,total_cost_usd,USD,24842445.19812098,60133537.33960749,35291092.14148651,142.05965580294745
D1,uswc_compound_30pct_delay_168h,20260907,total_cost_usd,USD,25515584.528721776,60761758.42546511,35246173.89674333,138.13586695248253
D1,uswc_compound_30pct_delay_168h,20260908,total_cost_usd,USD,25569653.57766146,60625317.26960539,35055663.69194393,137.09870407696792
D1,uswc_compound_30pct_delay_168h,20260909,total_cost_usd,USD,25186500.8418719,59722121.72350065,34535620.88162875,137.11956693966073
D1,uswc_compound_30pct_delay_168h,20260910,total_cost_usd,USD,25543194.307037503,59904755.135980755,34361560.82894325,134.52335058765993
D1,uswc_compound_30pct_delay_168h,20260911,total_cost_usd,USD,25452940.511781923,60430439.40923119,34977498.89744927,137.4202673410505
D1,uswc_compound_30pct_delay_168h,20260912,total_cost_usd,USD,25232421.79304781,60925876.11678811,35693454.3237403,141.45869396323573
D1,uswc_compound_30pct_delay_168h,20260913,total_cost_usd,USD,25677113.651315615,60633860.36658027,34956746.715264656,136.13970475795116
D1,uswc_compound_30pct_delay_168h,20260914,total_cost_usd,USD,25641665.444374107,61012648.02406641,35370982.579692304,137.9433900517287
D1,uswc_compound_30pct_delay_168h,20260915,total_cost_usd,USD,25546508.438125897,61196078.69655129,35649570.2584254,139.5477207571019
D1,uswc_compound_30pct_delay_168h,20260916,total_cost_usd,USD,25224257.32314798,60490867.28610078,35266609.96295281,139.812282721161
D1,uswc_compound_30pct_delay_168h,20260917,total_cost_usd,USD,25323906.030142374,59731275.72507268,34407369.69493031,135.8691256158356
D1,uswc_compound_30pct_delay_168h,20260918,total_cost_usd,USD,25439066.657839645,59926094.609966345,34487027.9521267,135.56719047905287
D1,uswc_compound_30pct_delay_168h,20260919,total_cost_usd,USD,25535165.286814276,60152862.18979061,34617696.902976334,135.5687206804651
D1,uswc_compound_30pct_delay_168h,20260920,total_cost_usd,USD,25320529.721365545,60070932.99072032,34750403.269354776,137.24200738198726
D1,uswc_compound_30pct_delay_168h,20260921,total_cost_usd,USD,25593553.10810194,60595950.556979075,35002397.44887713,136.7625561837161
D1,uswc_compound_30pct_delay_168h,20260922,total_cost_usd,USD,25234968.73262493,60108539.77526445,34873571.042639524,138.1954200622938
D1,uswc_compound_30pct_delay_168h,20260923,total_cost_usd,USD,25183901.81765151,60301965.83704751,35118064.019396,139.44647764939106
D1,uswc_compound_30pct_delay_168h,20260924,total_cost_usd,USD,25394621.600913357,60300317.750894345,34905696.14998099,137.45310601015436
D1,uswc_compound_30pct_delay_168h,20260925,total_cost_usd,USD,25475960.521740958,60506869.05601984,35030908.534278885,137.5057419498818
D1,uswc_compound_30pct_delay_168h,20260926,total_cost_usd,USD,25366926.301028013,61415348.579608954,36048422.27858094,142.1079631438045
D1,uswc_compound_30pct_delay_168h,20260927,total_cost_usd,USD,25328678.692612767,60629675.151348285,35300996.45873552,139.37164621631536
D1,uswc_compound_30pct_delay_168h,20260928,total_cost_usd,USD,25577762.70665097,60129526.56800381,34551763.861352846,135.08516854122027
D1,uswc_compound_30pct_delay_168h,20260929,total_cost_usd,USD,25191742.798955087,60660503.10772523,35468760.30877015,140.79518273837465
D1,uswc_compound_30pct_delay_168h,20260930,total_cost_usd,USD,25564523.014464915,60405127.33023859,34840604.31577367,136.28497702092923
D1,uswc_compound_30pct_delay_168h,20260931,total_cost_usd,USD,25217481.649182767,61162137.151437774,35944655.50225501,142.53864046499615
D1,uswc_compound_30pct_delay_168h,20260932,total_cost_usd,USD,25221481.169953357,59604141.85182337,34382660.68187001,136.3229242968905
D1,uswc_compound_30pct_delay_168h,20260933,total_cost_usd,USD,25177392.60003796,60064203.9024329,34886811.30239494,138.56403582610196
D1,uswc_compound_30pct_delay_168h,20260934,total_cost_usd,USD,25345585.86754619,60398608.131981775,35053022.26443559,138.30030383838672
D1,uswc_compound_30pct_delay_168h,20260935,total_cost_usd,USD,25305074.64729478,60254347.588000156,34949272.940705374,138.111716435666
D1,uswc_compound_30pct_delay_168h,20260906,weighted_mean_delivery_time_h,h,631.2515582168876,839.3392095684044,208.0876513515168,32.96429904098888
D1,uswc_compound_30pct_delay_168h,20260907,weighted_mean_delivery_time_h,h,620.8929751749603,840.3344474895574,219.44147231459715,35.34288212115158
D1,uswc_compound_30pct_delay_168h,20260908,weighted_mean_delivery_time_h,h,629.0580670168874,842.4230587854378,213.36499176855034,33.91817114441717
D1,uswc_compound_30pct_delay_168h,20260909,weighted_mean_delivery_time_h,h,630.5950551057432,840.4131522379895,209.8180971322463,33.27303242126793
D1,uswc_compound_30pct_delay_168h,20260910,weighted_mean_delivery_time_h,h,620.5607815634917,841.8524736198692,221.29169205637754,35.65995445262221
D1,uswc_compound_30pct_delay_168h,20260911,weighted_mean_delivery_time_h,h,624.39263151076,840.9409000334775,216.54826852271754,34.68142601214951
D1,uswc_compound_30pct_delay_168h,20260912,weighted_mean_delivery_time_h,h,626.7443542432873,840.5896629141979,213.84530867091064,34.120021540377685
D1,uswc_compound_30pct_delay_168h,20260913,weighted_mean_delivery_time_h,h,628.5960554010862,840.8873567375622,212.29130133647595,33.77229295545292
D1,uswc_compound_30pct_delay_168h,20260914,weighted_mean_delivery_time_h,h,620.4554428150458,839.996452253932,219.54100943888625,35.383847781689965
D1,uswc_compound_30pct_delay_168h,20260915,weighted_mean_delivery_time_h,h,615.6406286172274,840.8452232028517,225.20459458562425,36.580528333786184
D1,uswc_compound_30pct_delay_168h,20260916,weighted_mean_delivery_time_h,h,625.1349055846833,839.6569822162232,214.5220766315399,34.31612516195992
D1,uswc_compound_30pct_delay_168h,20260917,weighted_mean_delivery_time_h,h,623.1969666843478,841.2169154491461,218.0199487647983,34.984115844586015
D1,uswc_compound_30pct_delay_168h,20260918,weighted_mean_delivery_time_h,h,620.2759784168749,840.2985066584108,220.02252824153595,35.471715155421236
D1,uswc_compound_30pct_delay_168h,20260919,weighted_mean_delivery_time_h,h,620.748467188563,840.9045624382941,220.15609524973104,35.4662326025293
D1,uswc_compound_30pct_delay_168h,20260920,weighted_mean_delivery_time_h,h,620.4134857169181,840.6936009455283,220.28011522861016,35.505371868902195
D1,uswc_compound_30pct_delay_168h,20260921,weighted_mean_delivery_time_h,h,621.2529400389718,841.5771316209047,220.32419158193284,35.46449077055662
D1,uswc_compound_30pct_delay_168h,20260922,weighted_mean_delivery_time_h,h,625.1420091598114,841.5731895546401,216.43118039482863,34.62112243675822
D1,uswc_compound_30pct_delay_168h,20260923,weighted_mean_delivery_time_h,h,627.507329158215,840.7367146449675,213.22938548675245,33.980381675030664
D1,uswc_compound_30pct_delay_168h,20260924,weighted_mean_delivery_time_h,h,622.4143702737733,842.1579849401439,219.7436146663706,35.305035545646994
D1,uswc_compound_30pct_delay_168h,20260925,weighted_mean_delivery_time_h,h,619.9291129020464,840.8994877280444,220.97037482599796,35.64445841099142
D1,uswc_compound_30pct_delay_168h,20260926,weighted_mean_delivery_time_h,h,617.7039590188061,841.7152436245811,224.01128460577502,36.265152802583046
D1,uswc_compound_30pct_delay_168h,20260927,weighted_mean_delivery_time_h,h,623.8893318601287,840.2364911099332,216.34715924980458,34.67716920319259
D1,uswc_compound_30pct_delay_168h,20260928,weighted_mean_delivery_time_h,h,623.2855024274461,839.7887630157154,216.5032605882693,34.735808829994646
D1,uswc_compound_30pct_delay_168h,20260929,weighted_mean_delivery_time_h,h,628.873470107427,840.1072360972147,211.23376598978768,33.589231543461956
D1,uswc_compound_30pct_delay_168h,20260930,weighted_mean_delivery_time_h,h,620.6624744076898,840.175221070324,219.51274666263419,35.367491303887746
D1,uswc_compound_30pct_delay_168h,20260931,weighted_mean_delivery_time_h,h,626.4226177767099,840.9056146203133,214.48299684360336,34.23934429520494
D1,uswc_compound_30pct_delay_168h,20260932,weighted_mean_delivery_time_h,h,624.4256273744387,839.107531905242,214.6819045308033,34.38070045803367
D1,uswc_compound_30pct_delay_168h,20260933,weighted_mean_delivery_time_h,h,625.6500334808647,841.0064171226395,215.35638364177476,34.421221468433174
D1,uswc_compound_30pct_delay_168h,20260934,weighted_mean_delivery_time_h,h,626.3282514198103,840.193792213487,213.8655407936767,34.14591954121013
D1,uswc_compound_30pct_delay_168h,20260935,weighted_mean_delivery_time_h,h,621.3079809518541,841.2255873916299,219.9176064397758,35.39590882171808
D1,uswc_compound_40pct_delay_168h,20260906,total_cost_usd,USD,24842445.19812098,56156845.39432624,31314400.19620526,126.05200473008912
D1,uswc_compound_40pct_delay_168h,20260907,total_cost_usd,USD,25515584.528721776,56728037.0844636,31212452.55574182,122.3270135967582
D1,uswc_compound_40pct_delay_168h,20260908,total_cost_usd,USD,25569653.57766146,55874780.580602586,30305127.002941128,118.51989668493883
D1,uswc_compound_40pct_delay_168h,20260909,total_cost_usd,USD,25186500.8418719,55139550.72826414,29953049.88639224,118.92501492941044
D1,uswc_compound_40pct_delay_168h,20260910,total_cost_usd,USD,25543194.307037503,56422698.46715608,30879504.16011858,120.8913176204076
D1,uswc_compound_40pct_delay_168h,20260911,total_cost_usd,USD,25452940.511781923,56249297.396722905,30796356.884940982,120.99331655093305
D1,uswc_compound_40pct_delay_168h,20260912,total_cost_usd,USD,25232421.79304781,56337374.268849075,31104952.475801263,123.27374966588219
D1,uswc_compound_40pct_delay_168h,20260913,total_cost_usd,USD,25677113.651315615,56367682.6486254,30690568.99730979,119.52499573774057
D1,uswc_compound_40pct_delay_168h,20260914,total_cost_usd,USD,25641665.444374107,56336165.63873988,30694500.19436577,119.70556382522444
D1,uswc_compound_40pct_delay_168h,20260915,total_cost_usd,USD,25546508.438125897,55858775.5974503,30312267.159324404,118.6552253617799
D1,uswc_compound_40pct_delay_168h,20260916,total_cost_usd,USD,25224257.32314798,56483844.73425232,31259587.41110434,123.926690925476
D1,uswc_compound_40pct_delay_168h,20260917,total_cost_usd,USD,25323906.030142374,56885359.47489423,31561453.44475186,124.63106365655084
D1,uswc_compound_40pct_delay_168h,20260918,total_cost_usd,USD,25439066.657839645,56720706.9543416,31281640.296501953,122.96693395731081
D1,uswc_compound_40pct_delay_168h,20260919,total_cost_usd,USD,25535165.286814276,56437840.72560058,30902675.4387863,121.02007209149993
D1,uswc_compound_40pct_delay_168h,20260920,total_cost_usd,USD,25320529.721365545,57167079.72414525,31846550.002779704,125.77363251570318
D1,uswc_compound_40pct_delay_168h,20260921,total_cost_usd,USD,25593553.10810194,56524198.714303575,30930645.606201634,120.85326908521417
D1,uswc_compound_40pct_delay_168h,20260922,total_cost_usd,USD,25234968.73262493,55971100.61885549,30736131.886230562,121.7997621153914
D1,uswc_compound_40pct_delay_168h,20260923,total_cost_usd,USD,25183901.81765151,56236058.778913915,31052156.961262405,123.3016122207791
D1,uswc_compound_40pct_delay_168h,20260924,total_cost_usd,USD,25394621.600913357,55632333.39707736,30237711.796164002,119.07132254759195
D1,uswc_compound_40pct_delay_168h,20260925,total_cost_usd,USD,25475960.521740958,56323589.663338736,30847629.141597778,121.08524471637756
D1,uswc_compound_40pct_delay_168h,20260926,total_cost_usd,USD,25366926.301028013,55008374.97447692,29641448.673448905,116.85076986346455
D1,uswc_compound_40pct_delay_168h,20260927,total_cost_usd,USD,25328678.692612767,55996783.863197215,30668105.170584448,121.08055671900861
D1,uswc_compound_40pct_delay_168h,20260928,total_cost_usd,USD,25577762.70665097,56640723.055451035,31062960.348800067,121.44518152372564
D1,uswc_compound_40pct_delay_168h,20260929,total_cost_usd,USD,25191742.798955087,56190287.11650265,30998544.317547563,123.05041602295708
D1,uswc_compound_40pct_delay_168h,20260930,total_cost_usd,USD,25564523.014464915,55989863.13029745,30425340.115832537,119.01391666340606
D1,uswc_compound_40pct_delay_168h,20260931,total_cost_usd,USD,25217481.649182767,56574499.98989998,31357018.34071721,124.34635138014826
D1,uswc_compound_40pct_delay_168h,20260932,total_cost_usd,USD,25221481.169953357,55797799.25599103,30576318.08603767,121.2312547387724
D1,uswc_compound_40pct_delay_168h,20260933,total_cost_usd,USD,25177392.60003796,56028935.09484436,30851542.494806405,122.5366859265637
D1,uswc_compound_40pct_delay_168h,20260934,total_cost_usd,USD,25345585.86754619,56042851.94120387,30697266.07365768,121.11484119593409
D1,uswc_compound_40pct_delay_168h,20260935,total_cost_usd,USD,25305074.64729478,55757303.497212976,30452228.849918198,120.3404031577266
D1,uswc_compound_40pct_delay_168h,20260906,weighted_mean_delivery_time_h,h,631.2515582168876,826.6673409924538,195.41578277556619,30.95687927132602
D1,uswc_compound_40pct_delay_168h,20260907,weighted_mean_delivery_time_h,h,620.8929751749603,822.9712636347549,202.07828845979463,32.54639632584849
D1,uswc_compound_40pct_delay_168h,20260908,weighted_mean_delivery_time_h,h,629.0580670168874,827.2925331559178,198.23446613903036,31.512904218698885
D1,uswc_compound_40pct_delay_168h,20260909,weighted_mean_delivery_time_h,h,630.5950551057432,824.2773382714116,193.68228316566842,30.714208999496552
D1,uswc_compound_40pct_delay_168h,20260910,weighted_mean_delivery_time_h,h,620.5607815634917,825.2657820243928,204.70500046090115,32.9870991758697
D1,uswc_compound_40pct_delay_168h,20260911,weighted_mean_delivery_time_h,h,624.39263151076,825.0867137378966,200.69408222713662,32.14228869766509
D1,uswc_compound_40pct_delay_168h,20260912,weighted_mean_delivery_time_h,h,626.7443542432873,826.4487138064559,199.70435956316862,31.863766815145198
D1,uswc_compound_40pct_delay_168h,20260913,weighted_mean_delivery_time_h,h,628.5960554010862,825.5890315765897,196.9929761755035,31.338563849212964
D1,uswc_compound_40pct_delay_168h,20260914,weighted_mean_delivery_time_h,h,620.4554428150458,825.2295873374211,204.7741445223753,33.003843691547296
D1,uswc_compound_40pct_delay_168h,20260915,weighted_mean_delivery_time_h,h,615.6406286172274,824.270510550294,208.6298819330666,33.88825757027507
D1,uswc_compound_40pct_delay_168h,20260916,weighted_mean_delivery_time_h,h,625.1349055846833,825.5457100229053,200.41080443822193,32.05880885035197
D1,uswc_compound_40pct_delay_168h,20260917,weighted_mean_delivery_time_h,h,623.1969666843478,826.0677261257914,202.87075944144362,32.55323281189823
D1,uswc_compound_40pct_delay_168h,20260918,weighted_mean_delivery_time_h,h,620.2759784168749,823.768489946061,203.49251152918612,32.806769665425115
D1,uswc_compound_40pct_delay_168h,20260919,weighted_mean_delivery_time_h,h,620.748467188563,825.8322178826478,205.08375069408476,33.03814049238514
D1,uswc_compound_40pct_delay_168h,20260920,weighted_mean_delivery_time_h,h,620.4134857169181,826.8328826470491,206.41939693013103,33.271262098953784
D1,uswc_compound_40pct_delay_168h,20260921,weighted_mean_delivery_time_h,h,621.2529400389718,825.0006865290233,203.74774649005144,32.79626273917837
D1,uswc_compound_40pct_delay_168h,20260922,weighted_mean_delivery_time_h,h,625.1420091598114,824.4738319045257,199.33182274471426,31.885846707472997
D1,uswc_compound_40pct_delay_168h,20260923,weighted_mean_delivery_time_h,h,627.507329158215,823.5737649095072,196.06643575129215,31.245282188864667
D1,uswc_compound_40pct_delay_168h,20260924,weighted_mean_delivery_time_h,h,622.4143702737733,823.9408018386209,201.5264315648476,32.37817781684648
D1,uswc_compound_40pct_delay_168h,20260925,weighted_mean_delivery_time_h,h,619.9291129020464,825.1385546808137,205.2094417787673,33.102081755465484
D1,uswc_compound_40pct_delay_168h,20260926,weighted_mean_delivery_time_h,h,617.7039590188061,823.6837241478703,205.97976512906416,33.34603285629793
D1,uswc_compound_40pct_delay_168h,20260927,weighted_mean_delivery_time_h,h,623.8893318601287,824.9328244028568,201.04349254272813,32.22422347619186
D1,uswc_compound_40pct_delay_168h,20260928,weighted_mean_delivery_time_h,h,623.2855024274461,826.4363095348427,203.15080710739664,32.59353960844686
D1,uswc_compound_40pct_delay_168h,20260929,weighted_mean_delivery_time_h,h,628.873470107427,824.4922204279806,195.61875032055354,31.106217644566414
D1,uswc_compound_40pct_delay_168h,20260930,weighted_mean_delivery_time_h,h,620.6624744076898,824.3541391059414,203.69166469825154,32.81842758298517
D1,uswc_compound_40pct_delay_168h,20260931,weighted_mean_delivery_time_h,h,626.4226177767099,824.2433241642948,197.8207063875849,31.579432283222356
D1,uswc_compound_40pct_delay_168h,20260932,weighted_mean_delivery_time_h,h,624.4256273744387,823.5267331900491,199.10110581561037,31.88547956508178
D1,uswc_compound_40pct_delay_168h,20260933,weighted_mean_delivery_time_h,h,625.6500334808647,827.6948503493468,202.04481686848203,32.29358364202205
D1,uswc_compound_40pct_delay_168h,20260934,weighted_mean_delivery_time_h,h,626.3282514198103,824.5204348530831,198.19218343327282,31.64350051015504
D1,uswc_compound_40pct_delay_168h,20260935,weighted_mean_delivery_time_h,h,621.3079809518541,823.298058320943,201.9900773690889,32.51045915419222
D1,uswc_departure_delay_240h,20260906,total_cost_usd,USD,24842445.19812098,64369302.18211224,39526856.98399126,159.11017079341676
D1,uswc_departure_delay_240h,20260907,total_cost_usd,USD,25515584.528721776,64480783.6763805,38965199.14765872,152.71137176495918
D1,uswc_departure_delay_240h,20260908,total_cost_usd,USD,25569653.57766146,64673479.73807099,39103826.160409525,152.9306059686784
D1,uswc_departure_delay_240h,20260909,total_cost_usd,USD,25186500.8418719,64760531.38758607,39574030.54571417,157.12397206015763
D1,uswc_departure_delay_240h,20260910,total_cost_usd,USD,25543194.307037503,64623898.774018265,39080704.46698076,152.99850127285563
D1,uswc_departure_delay_240h,20260911,total_cost_usd,USD,25452940.511781923,64791494.457838655,39338553.94605673,154.55406391197627
D1,uswc_departure_delay_240h,20260912,total_cost_usd,USD,25232421.79304781,65571113.22335595,40338691.43030813,159.8684888876679
D1,uswc_departure_delay_240h,20260913,total_cost_usd,USD,25677113.651315615,64599440.63138111,38922326.980065495,151.5837313672179
D1,uswc_departure_delay_240h,20260914,total_cost_usd,USD,25641665.444374107,64500042.628161505,38858377.1837874,151.54388964353754
D1,uswc_departure_delay_240h,20260915,total_cost_usd,USD,25546508.438125897,64679661.8622928,39133153.4241669,153.183960614219
D1,uswc_departure_delay_240h,20260916,total_cost_usd,USD,25224257.32314798,64776758.2371564,39552500.91400842,156.80343094863528
D1,uswc_departure_delay_240h,20260917,total_cost_usd,USD,25323906.030142374,64668716.13802662,39344810.10788424,155.3662774654635
D1,uswc_departure_delay_240h,20260918,total_cost_usd,USD,25439066.657839645,64609285.20251998,39170218.54468034,153.9766339368002
D1,uswc_departure_delay_240h,20260919,total_cost_usd,USD,25535165.286814276,64864712.67738528,39329547.390571,154.02111930279847
D1,uswc_departure_delay_240h,20260920,total_cost_usd,USD,25320529.721365545,64439356.37736434,39118826.655998796,154.4945034186635
D1,uswc_departure_delay_240h,20260921,total_cost_usd,USD,25593553.10810194,64597407.04931402,39003853.94121208,152.39718290175566
D1,uswc_departure_delay_240h,20260922,total_cost_usd,USD,25234968.73262493,64807597.824252695,39572629.09162776,156.8166361167963
D1,uswc_departure_delay_240h,20260923,total_cost_usd,USD,25183901.81765151,65113086.44132907,39929184.62367756,158.5504300040235
D1,uswc_departure_delay_240h,20260924,total_cost_usd,USD,25394621.600913357,64738981.95114384,39344360.350230485,154.93186300840728
D1,uswc_departure_delay_240h,20260925,total_cost_usd,USD,25475960.521740958,64736960.70298981,39261000.18124885,154.109989877492
D1,uswc_departure_delay_240h,20260926,total_cost_usd,USD,25366926.301028013,64577748.87031463,39210822.569286615,154.57459096137148
D1,uswc_departure_delay_240h,20260927,total_cost_usd,USD,25328678.692612767,64865110.16559717,39536431.4729844,156.09354105200677
D1,uswc_departure_delay_240h,20260928,total_cost_usd,USD,25577762.70665097,64555672.0514509,38977909.344799936,152.38983093179036
D1,uswc_departure_delay_240h,20260929,total_cost_usd,USD,25191742.798955087,64825933.709271185,39634190.910316095,157.33008719015683
D1,uswc_departure_delay_240h,20260930,total_cost_usd,USD,25564523.014464915,64827659.05983822,39263136.045373306,153.58446556251977
D1,uswc_departure_delay_240h,20260931,total_cost_usd,USD,25217481.649182767,64919166.51441357,39701684.865230806,157.43715180424226
D1,uswc_departure_delay_240h,20260932,total_cost_usd,USD,25221481.169953357,64601992.19343655,39380511.02348319,156.1387721764638
D1,uswc_departure_delay_240h,20260933,total_cost_usd,USD,25177392.60003796,64902345.08420356,39724952.48416561,157.78024799957134
D1,uswc_departure_delay_240h,20260934,total_cost_usd,USD,25345585.86754619,64852542.99131369,39506957.123767495,155.873126509
D1,uswc_departure_delay_240h,20260935,total_cost_usd,USD,25305074.64729478,64832381.24109951,39527306.59380473,156.20308236486616
D1,uswc_departure_delay_240h,20260906,weighted_mean_delivery_time_h,h,631.2515582168876,843.0259627163281,211.7744044994405,33.54833770195278
D1,uswc_departure_delay_240h,20260907,weighted_mean_delivery_time_h,h,620.8929751749603,842.8827209055135,221.98974573055318,35.753302840638376
D1,uswc_departure_delay_240h,20260908,weighted_mean_delivery_time_h,h,629.0580670168874,843.7707296677903,214.71266265090287,34.132407469013316
D1,uswc_departure_delay_240h,20260909,weighted_mean_delivery_time_h,h,630.5950551057432,843.4471024900165,212.8520473842733,33.7541573884655
D1,uswc_departure_delay_240h,20260910,weighted_mean_delivery_time_h,h,620.5607815634917,843.6512267030057,223.09044513951403,35.9498137438595
D1,uswc_departure_delay_240h,20260911,weighted_mean_delivery_time_h,h,624.39263151076,844.2500898157326,219.85745830497262,35.21141141160053
D1,uswc_departure_delay_240h,20260912,weighted_mean_delivery_time_h,h,626.7443542432873,846.3926258262788,219.64827158299158,35.045911478243546
D1,uswc_departure_delay_240h,20260913,weighted_mean_delivery_time_h,h,628.5960554010862,843.1793947121097,214.58333931102345,34.136921074712276
D1,uswc_departure_delay_240h,20260914,weighted_mean_delivery_time_h,h,620.4554428150458,843.0730913049973,222.61764848995153,35.879715629525485
D1,uswc_departure_delay_240h,20260915,weighted_mean_delivery_time_h,h,615.6406286172274,843.0661124183146,227.42548380108713,36.94127275386307
D1,uswc_departure_delay_240h,20260916,weighted_mean_delivery_time_h,h,625.1349055846833,842.9945086205822,217.85960303589889,34.8500141472882
D1,uswc_departure_delay_240h,20260917,weighted_mean_delivery_time_h,h,623.1969666843478,842.8821084064555,219.6851417221077,35.25131755549434
D1,uswc_departure_delay_240h,20260918,weighted_mean_delivery_time_h,h,620.2759784168749,842.778123629289,222.50214521241412,35.87147543264604
D1,uswc_departure_delay_240h,20260919,weighted_mean_delivery_time_h,h,620.748467188563,843.1365508328887,222.38808364432566,35.825796663106615
D1,uswc_departure_delay_240h,20260920,weighted_mean_delivery_time_h,h,620.4134857169181,842.7614607232533,222.34797500633522,35.83867535525945
D1,uswc_departure_delay_240h,20260921,weighted_mean_delivery_time_h,h,621.2529400389718,842.9446229812784,221.69168294230656,35.684609062518014
D1,uswc_departure_delay_240h,20260922,weighted_mean_delivery_time_h,h,625.1420091598114,842.9979600443961,217.85595088458467,34.84903393028766
D1,uswc_departure_delay_240h,20260923,weighted_mean_delivery_time_h,h,627.507329158215,845.823104931359,218.31577577314397,34.79095233294071
D1,uswc_departure_delay_240h,20260924,weighted_mean_delivery_time_h,h,622.4143702737733,843.7074687595851,221.2930984858118,35.553982853653345
D1,uswc_departure_delay_240h,20260925,weighted_mean_delivery_time_h,h,619.9291129020464,843.3494840111692,223.4203711091228,36.039664287298116
D1,uswc_departure_delay_240h,20260926,weighted_mean_delivery_time_h,h,617.7039590188061,843.005509435763,225.30155041695684,36.474033738562696
D1,uswc_departure_delay_240h,20260927,weighted_mean_delivery_time_h,h,623.8893318601287,843.7409934064895,219.8516615463608,35.23888778333044
D1,uswc_departure_delay_240h,20260928,weighted_mean_delivery_time_h,h,623.2855024274461,843.5714175301911,220.28591510274498,35.342698369337974
D1,uswc_departure_delay_240h,20260929,weighted_mean_delivery_time_h,h,628.873470107427,843.7655661667496,214.89209605932263,34.17095906790499
D1,uswc_departure_delay_240h,20260930,weighted_mean_delivery_time_h,h,620.6624744076898,843.236907750055,222.57443334236518,35.860784648656626
D1,uswc_departure_delay_240h,20260931,weighted_mean_delivery_time_h,h,626.4226177767099,845.2370212849119,218.81440350820196,34.93079548832622
D1,uswc_departure_delay_240h,20260932,weighted_mean_delivery_time_h,h,624.4256273744387,843.3775652183195,218.95193784388084,35.06453422876343
D1,uswc_departure_delay_240h,20260933,weighted_mean_delivery_time_h,h,625.6500334808647,845.5885210081028,219.93848752723807,35.153596380965396
D1,uswc_departure_delay_240h,20260934,weighted_mean_delivery_time_h,h,626.3282514198103,842.7652638419595,216.43701242214922,34.5564824724915
D1,uswc_departure_delay_240h,20260935,weighted_mean_delivery_time_h,h,621.3079809518541,842.7569994072766,221.44901845542245,35.642390769897865
D1,uswc_departure_delay_336h,20260906,total_cost_usd,USD,24842445.19812098,83295549.57118106,58453104.37306008,235.29529362705938
D1,uswc_departure_delay_336h,20260907,total_cost_usd,USD,25515584.528721776,83022006.25761406,57506421.72889228,225.37763798497275
D1,uswc_departure_delay_336h,20260908,total_cost_usd,USD,25569653.57766146,83181029.71936303,57611376.14170158,225.31152393880257
D1,uswc_departure_delay_336h,20260909,total_cost_usd,USD,25186500.8418719,83304459.85046944,58117959.00859754,230.75043005568264
D1,uswc_departure_delay_336h,20260910,total_cost_usd,USD,25543194.307037503,83387349.57701953,57844155.269982025,226.45623164697597
D1,uswc_departure_delay_336h,20260911,total_cost_usd,USD,25452940.511781923,83197010.49662466,57744069.98484274,226.8660077137789
D1,uswc_departure_delay_336h,20260912,total_cost_usd,USD,25232421.79304781,82958317.382359,57725895.58931118,228.77667495720195
D1,uswc_departure_delay_336h,20260913,total_cost_usd,USD,25677113.651315615,83350480.92543608,57673367.274120465,224.61000896479447
D1,uswc_departure_delay_336h,20260914,total_cost_usd,USD,25641665.444374107,83163508.04733221,57521842.602958106,224.32958860548058
D1,uswc_departure_delay_336h,20260915,total_cost_usd,USD,25546508.438125897,83491286.38080359,57944777.94267769,226.82073396848332
D1,uswc_departure_delay_336h,20260916,total_cost_usd,USD,25224257.32314798,83026500.54236668,57802243.2192187,229.1533997560924
D1,uswc_departure_delay_336h,20260917,total_cost_usd,USD,25323906.030142374,83564342.0219895,58240435.99184712,229.98204116902454
D1,uswc_departure_delay_336h,20260918,total_cost_usd,USD,25439066.657839645,83266940.58815458,57827873.93031494,227.31916507830655
D1,uswc_departure_delay_336h,20260919,total_cost_usd,USD,25535165.286814276,83386434.06313571,57851268.77632144,226.5552939506305
D1,uswc_departure_delay_336h,20260920,total_cost_usd,USD,25320529.721365545,83364783.48995282,58044253.76858728,229.2379125054771
D1,uswc_departure_delay_336h,20260921,total_cost_usd,USD,25593553.10810194,83455779.99692562,57862226.88882368,226.08125821540077
D1,uswc_departure_delay_336h,20260922,total_cost_usd,USD,25234968.73262493,83200102.50130948,57965133.76868455,229.70162706698565
D1,uswc_departure_delay_336h,20260923,total_cost_usd,USD,25183901.81765151,83478940.3008502,58295038.48319869,231.47738942636536
D1,uswc_departure_delay_336h,20260924,total_cost_usd,USD,25394621.600913357,83389364.3785657,57994742.77765234,228.37411672858502
D1,uswc_departure_delay_336h,20260925,total_cost_usd,USD,25475960.521740958,83589160.19491231,58113199.67317136,228.10994554485225
D1,uswc_departure_delay_336h,20260926,total_cost_usd,USD,25366926.301028013,83283653.5281622,57916727.22713418,228.31590449642715
D1,uswc_departure_delay_336h,20260927,total_cost_usd,USD,25328678.692612767,83099989.44158944,57771310.74897668,228.08655536313452
D1,uswc_departure_delay_336h,20260928,total_cost_usd,USD,25577762.70665097,83078125.10336667,57500362.3967157,224.80606711455619
D1,uswc_departure_delay_336h,20260929,total_cost_usd,USD,25191742.798955087,82929769.21975762,57738026.42080253,229.19425178950866
D1,uswc_departure_delay_336h,20260930,total_cost_usd,USD,25564523.014464915,83161389.26766984,57596866.25320493,225.29998396846864
D1,uswc_departure_delay_336h,20260931,total_cost_usd,USD,25217481.649182767,83656936.81296422,58439455.16378145,231.74183678121295
D1,uswc_departure_delay_336h,20260932,total_cost_usd,USD,25221481.169953357,83018385.46844141,57796904.29848805,229.15745474671874
D1,uswc_departure_delay_336h,20260933,total_cost_usd,USD,25177392.60003796,82986149.90803082,57808757.30799286,229.60581433641266
D1,uswc_departure_delay_336h,20260934,total_cost_usd,USD,25345585.86754619,83529788.55313966,58184202.68559347,229.56345530799334
D1,uswc_departure_delay_336h,20260935,total_cost_usd,USD,25305074.64729478,83359222.24142453,58054147.594129756,229.41701774563228
D1,uswc_departure_delay_336h,20260906,weighted_mean_delivery_time_h,h,631.2515582168876,910.4109054877295,279.15934727084186,44.223153770802625
D1,uswc_departure_delay_336h,20260907,weighted_mean_delivery_time_h,h,620.8929751749603,911.1087852218927,290.21581004693246,46.741680394298726
D1,uswc_departure_delay_336h,20260908,weighted_mean_delivery_time_h,h,629.0580670168874,912.1322735731184,283.07420655623093,44.99969420925201
D1,uswc_departure_delay_336h,20260909,weighted_mean_delivery_time_h,h,630.5950551057432,910.3104369196836,279.71538181394044,44.35737000301018
D1,uswc_departure_delay_336h,20260910,weighted_mean_delivery_time_h,h,620.5607815634917,911.9346491429045,291.37386757941283,46.95331645762429
D1,uswc_departure_delay_336h,20260911,weighted_mean_delivery_time_h,h,624.39263151076,911.5740144842931,287.1813829735331,45.99371749129685
D1,uswc_departure_delay_336h,20260912,weighted_mean_delivery_time_h,h,626.7443542432873,911.4726296432561,284.7282753999689,45.429731192990396
D1,uswc_departure_delay_336h,20260913,weighted_mean_delivery_time_h,h,628.5960554010862,910.5900000345371,281.99394463345084,44.86091540194599
D1,uswc_departure_delay_336h,20260914,weighted_mean_delivery_time_h,h,620.4554428150458,910.3011631212244,289.8457203061786,46.71499358457235
D1,uswc_departure_delay_336h,20260915,weighted_mean_delivery_time_h,h,615.6406286172274,911.5057929261586,295.8651643089312,48.05809599887281
D1,uswc_departure_delay_336h,20260916,weighted_mean_delivery_time_h,h,625.1349055846833,911.5570540147354,286.42214843005206,45.81765405695334
D1,uswc_departure_delay_336h,20260917,weighted_mean_delivery_time_h,h,623.1969666843478,909.832112505777,286.6351458214292,45.9943101691333
D1,uswc_departure_delay_336h,20260918,weighted_mean_delivery_time_h,h,620.2759784168749,911.0479493282774,290.7719709114025,46.87783841855965
D1,uswc_departure_delay_336h,20260919,weighted_mean_delivery_time_h,h,620.748467188563,910.7221625565492,289.9736953679861,46.713558018323965
D1,uswc_departure_delay_336h,20260920,weighted_mean_delivery_time_h,h,620.4134857169181,910.3862677246772,289.97278200775906,46.738632973569445
D1,uswc_departure_delay_336h,20260921,weighted_mean_delivery_time_h,h,621.2529400389718,911.318536719282,290.06559668031014,46.690418344276004
D1,uswc_departure_delay_336h,20260922,weighted_mean_delivery_time_h,h,625.1420091598114,912.4360727400541,287.29406358024266,45.95660815793916
D1,uswc_departure_delay_336h,20260923,weighted_mean_delivery_time_h,h,627.507329158215,911.2908620540505,283.7835328958355,45.22393918116045
D1,uswc_departure_delay_336h,20260924,weighted_mean_delivery_time_h,h,622.4143702737733,911.6441536495416,289.2297833757683,46.46900797752284
D1,uswc_departure_delay_336h,20260925,weighted_mean_delivery_time_h,h,619.9291129020464,912.1815930143573,292.2524801123109,47.14288682849599
D1,uswc_departure_delay_336h,20260926,weighted_mean_delivery_time_h,h,617.7039590188061,910.7670383407307,293.06307932192453,47.443937349445115
D1,uswc_departure_delay_336h,20260927,weighted_mean_delivery_time_h,h,623.8893318601287,911.1798779177831,287.2905460576544,46.04831840946798
D1,uswc_departure_delay_336h,20260928,weighted_mean_delivery_time_h,h,623.2855024274461,911.8019360220574,288.51643359461127,46.28961085585272
D1,uswc_departure_delay_336h,20260929,weighted_mean_delivery_time_h,h,628.873470107427,910.9349078814425,282.06143777401553,44.85185831194827
D1,uswc_departure_delay_336h,20260930,weighted_mean_delivery_time_h,h,620.6624744076898,912.8311081115074,292.1686337038176,47.07367462204635
D1,uswc_departure_delay_336h,20260931,weighted_mean_delivery_time_h,h,626.4226177767099,911.9847141867552,285.56209641004534,45.586172706144964
D1,uswc_departure_delay_336h,20260932,weighted_mean_delivery_time_h,h,624.4256273744387,910.5148607075043,286.08923333306564,45.816382414668475
D1,uswc_departure_delay_336h,20260933,weighted_mean_delivery_time_h,h,625.6500334808647,910.8317098953431,285.1816764144784,45.581660857243534
D1,uswc_departure_delay_336h,20260934,weighted_mean_delivery_time_h,h,626.3282514198103,910.0829632289823,283.754711809172,45.30447272112258
D1,uswc_departure_delay_336h,20260935,weighted_mean_delivery_time_h,h,621.3079809518541,912.0470571001251,290.739076148271,46.79467913849327
D1,uswc_port_capacity_675pct,20260906,total_cost_usd,USD,24842445.19812098,24842445.19812098,0.0,0.0
D1,uswc_port_capacity_675pct,20260907,total_cost_usd,USD,25515584.528721776,25515584.528721776,0.0,0.0
D1,uswc_port_capacity_675pct,20260908,total_cost_usd,USD,25569653.57766146,25569653.57766146,0.0,0.0
D1,uswc_port_capacity_675pct,20260909,total_cost_usd,USD,25186500.8418719,25186500.8418719,0.0,0.0
D1,uswc_port_capacity_675pct,20260910,total_cost_usd,USD,25543194.307037503,25543194.307037503,0.0,0.0
D1,uswc_port_capacity_675pct,20260911,total_cost_usd,USD,25452940.511781923,25452940.511781923,0.0,0.0
D1,uswc_port_capacity_675pct,20260912,total_cost_usd,USD,25232421.79304781,25232421.79304781,0.0,0.0
D1,uswc_port_capacity_675pct,20260913,total_cost_usd,USD,25677113.651315615,25677113.651315615,0.0,0.0
D1,uswc_port_capacity_675pct,20260914,total_cost_usd,USD,25641665.444374107,25641665.444374107,0.0,0.0
D1,uswc_port_capacity_675pct,20260915,total_cost_usd,USD,25546508.438125897,25828342.0658483,281833.6277224012,1.1032177974732136
D1,uswc_port_capacity_675pct,20260916,total_cost_usd,USD,25224257.32314798,25224257.32314798,0.0,0.0
D1,uswc_port_capacity_675pct,20260917,total_cost_usd,USD,25323906.030142374,25323906.030142374,0.0,0.0
D1,uswc_port_capacity_675pct,20260918,total_cost_usd,USD,25439066.657839645,25439066.657839645,0.0,0.0
D1,uswc_port_capacity_675pct,20260919,total_cost_usd,USD,25535165.286814276,25535165.286814276,0.0,0.0
D1,uswc_port_capacity_675pct,20260920,total_cost_usd,USD,25320529.721365545,25320529.721365545,0.0,0.0
D1,uswc_port_capacity_675pct,20260921,total_cost_usd,USD,25593553.10810194,25593553.10810194,0.0,0.0
D1,uswc_port_capacity_675pct,20260922,total_cost_usd,USD,25234968.73262493,25234968.73262493,0.0,0.0
D1,uswc_port_capacity_675pct,20260923,total_cost_usd,USD,25183901.81765151,25183901.81765151,0.0,0.0
D1,uswc_port_capacity_675pct,20260924,total_cost_usd,USD,25394621.600913357,25394621.600913357,0.0,0.0
D1,uswc_port_capacity_675pct,20260925,total_cost_usd,USD,25475960.521740958,25475960.521740958,0.0,0.0
D1,uswc_port_capacity_675pct,20260926,total_cost_usd,USD,25366926.301028013,25366926.301028013,0.0,0.0
D1,uswc_port_capacity_675pct,20260927,total_cost_usd,USD,25328678.692612767,25328678.692612767,0.0,0.0
D1,uswc_port_capacity_675pct,20260928,total_cost_usd,USD,25577762.70665097,25577762.70665097,0.0,0.0
D1,uswc_port_capacity_675pct,20260929,total_cost_usd,USD,25191742.798955087,25191742.798955087,0.0,0.0
D1,uswc_port_capacity_675pct,20260930,total_cost_usd,USD,25564523.014464915,25564523.014464915,0.0,0.0
D1,uswc_port_capacity_675pct,20260931,total_cost_usd,USD,25217481.649182767,25217481.649182767,0.0,0.0
D1,uswc_port_capacity_675pct,20260932,total_cost_usd,USD,25221481.169953357,25221481.169953357,0.0,0.0
D1,uswc_port_capacity_675pct,20260933,total_cost_usd,USD,25177392.60003796,25177392.60003796,0.0,0.0
D1,uswc_port_capacity_675pct,20260934,total_cost_usd,USD,25345585.86754619,25345585.86754619,0.0,0.0
D1,uswc_port_capacity_675pct,20260935,total_cost_usd,USD,25305074.64729478,25305074.64729478,0.0,0.0
D1,uswc_port_capacity_675pct,20260906,weighted_mean_delivery_time_h,h,631.2515582168876,631.2515582168876,0.0,0.0
D1,uswc_port_capacity_675pct,20260907,weighted_mean_delivery_time_h,h,620.8929751749603,620.8929751749603,0.0,0.0
D1,uswc_port_capacity_675pct,20260908,weighted_mean_delivery_time_h,h,629.0580670168874,629.0580670168874,0.0,0.0
D1,uswc_port_capacity_675pct,20260909,weighted_mean_delivery_time_h,h,630.5950551057432,630.5950551057432,0.0,0.0
D1,uswc_port_capacity_675pct,20260910,weighted_mean_delivery_time_h,h,620.5607815634917,620.5607815634917,0.0,0.0
D1,uswc_port_capacity_675pct,20260911,weighted_mean_delivery_time_h,h,624.39263151076,624.39263151076,0.0,0.0
D1,uswc_port_capacity_675pct,20260912,weighted_mean_delivery_time_h,h,626.7443542432873,626.7443542432873,0.0,0.0
D1,uswc_port_capacity_675pct,20260913,weighted_mean_delivery_time_h,h,628.5960554010862,628.5960554010862,0.0,0.0
D1,uswc_port_capacity_675pct,20260914,weighted_mean_delivery_time_h,h,620.4554428150458,620.4554428150458,0.0,0.0
D1,uswc_port_capacity_675pct,20260915,weighted_mean_delivery_time_h,h,615.6406286172274,618.5330721521065,2.892443534879021,0.46982661644272156
D1,uswc_port_capacity_675pct,20260916,weighted_mean_delivery_time_h,h,625.1349055846833,625.1349055846833,0.0,0.0
D1,uswc_port_capacity_675pct,20260917,weighted_mean_delivery_time_h,h,623.1969666843478,623.1969666843478,0.0,0.0
D1,uswc_port_capacity_675pct,20260918,weighted_mean_delivery_time_h,h,620.2759784168749,620.2759784168749,0.0,0.0
D1,uswc_port_capacity_675pct,20260919,weighted_mean_delivery_time_h,h,620.748467188563,620.748467188563,0.0,0.0
D1,uswc_port_capacity_675pct,20260920,weighted_mean_delivery_time_h,h,620.4134857169181,620.4134857169181,0.0,0.0
D1,uswc_port_capacity_675pct,20260921,weighted_mean_delivery_time_h,h,621.2529400389718,621.2529400389718,0.0,0.0
D1,uswc_port_capacity_675pct,20260922,weighted_mean_delivery_time_h,h,625.1420091598114,625.1420091598114,0.0,0.0
D1,uswc_port_capacity_675pct,20260923,weighted_mean_delivery_time_h,h,627.507329158215,627.507329158215,0.0,0.0
D1,uswc_port_capacity_675pct,20260924,weighted_mean_delivery_time_h,h,622.4143702737733,622.4143702737733,0.0,0.0
D1,uswc_port_capacity_675pct,20260925,weighted_mean_delivery_time_h,h,619.9291129020464,619.9291129020464,0.0,0.0
D1,uswc_port_capacity_675pct,20260926,weighted_mean_delivery_time_h,h,617.7039590188061,618.5277925788452,0.8238335600390201,0.13337028976593274
D1,uswc_port_capacity_675pct,20260927,weighted_mean_delivery_time_h,h,623.8893318601287,623.8893318601287,0.0,0.0
D1,uswc_port_capacity_675pct,20260928,weighted_mean_delivery_time_h,h,623.2855024274461,623.2855024274461,0.0,0.0
D1,uswc_port_capacity_675pct,20260929,weighted_mean_delivery_time_h,h,628.873470107427,628.873470107427,0.0,0.0
D1,uswc_port_capacity_675pct,20260930,weighted_mean_delivery_time_h,h,620.6624744076898,620.6624744076898,0.0,0.0
D1,uswc_port_capacity_675pct,20260931,weighted_mean_delivery_time_h,h,626.4226177767099,626.4226177767099,0.0,0.0
D1,uswc_port_capacity_675pct,20260932,weighted_mean_delivery_time_h,h,624.4256273744387,624.4256273744387,0.0,0.0
D1,uswc_port_capacity_675pct,20260933,weighted_mean_delivery_time_h,h,625.6500334808647,625.6500334808647,0.0,0.0
D1,uswc_port_capacity_675pct,20260934,weighted_mean_delivery_time_h,h,626.3282514198103,626.3282514198103,0.0,0.0
D1,uswc_port_capacity_675pct,20260935,weighted_mean_delivery_time_h,h,621.3079809518541,621.3079809518541,0.0,0.0
D2,uswc_compound_30pct_delay_168h,20260906,total_cost_usd,USD,25278806.236593403,61668176.27777426,36389370.04118086,143.95209054019287
D2,uswc_compound_30pct_delay_168h,20260907,total_cost_usd,USD,25123601.95313961,62057689.599045195,36934087.645905584,147.0095240117035
D2,uswc_compound_30pct_delay_168h,20260908,total_cost_usd,USD,25276617.754388966,61500532.69948724,36223914.94509827,143.30997642597356
D2,uswc_compound_30pct_delay_168h,20260909,total_cost_usd,USD,25222033.63080329,62395876.490232855,37173842.85942957,147.38638209581052
D2,uswc_compound_30pct_delay_168h,20260910,total_cost_usd,USD,25220434.03676876,61540378.84802409,36319944.811255336,144.00999109810977
D2,uswc_compound_30pct_delay_168h,20260911,total_cost_usd,USD,25494817.407277174,61958137.31134964,36463319.90407246,143.0224791241865
D2,uswc_compound_30pct_delay_168h,20260912,total_cost_usd,USD,25360262.129742343,61517834.906276904,36157572.77653456,142.57570600632397
D2,uswc_compound_30pct_delay_168h,20260913,total_cost_usd,USD,25391934.626830075,61978376.86453915,36586442.237709075,144.08686370454996
D2,uswc_compound_30pct_delay_168h,20260914,total_cost_usd,USD,25332476.476330154,62511790.531135954,37179314.0548058,146.76541430738106
D2,uswc_compound_30pct_delay_168h,20260915,total_cost_usd,USD,25163166.756595816,62290940.69414447,37127773.93754865,147.5480979667102
D2,uswc_compound_30pct_delay_168h,20260916,total_cost_usd,USD,25266711.35950584,61957376.91902352,36690665.55951768,145.2134590745381
D2,uswc_compound_30pct_delay_168h,20260917,total_cost_usd,USD,25373371.706048667,61760482.63109808,36387110.92504941,143.40668377303288
D2,uswc_compound_30pct_delay_168h,20260918,total_cost_usd,USD,25146315.907751385,60899943.658607885,35753627.750856504,142.182369306175
D2,uswc_compound_30pct_delay_168h,20260919,total_cost_usd,USD,25193293.341905214,62274092.54432928,37080799.202424064,147.18520004189287
D2,uswc_compound_30pct_delay_168h,20260920,total_cost_usd,USD,25153932.23040417,61935254.568414316,36781322.33801015,146.22494010519625
D2,uswc_compound_30pct_delay_168h,20260921,total_cost_usd,USD,25635637.652448915,61731740.85403908,36096103.201590165,140.80438993153732
D2,uswc_compound_30pct_delay_168h,20260922,total_cost_usd,USD,25162484.532220487,61531384.67608343,36368900.14386295,144.53620467125447
D2,uswc_compound_30pct_delay_168h,20260923,total_cost_usd,USD,25046006.42259322,62071305.77048552,37025299.3478923,147.82915377077015
D2,uswc_compound_30pct_delay_168h,20260924,total_cost_usd,USD,25428893.801923327,62074048.39801338,36645154.596090056,144.10833157562828
D2,uswc_compound_30pct_delay_168h,20260925,total_cost_usd,USD,25206519.600066766,61687711.00812995,36481191.40806318,144.72918906252553
D2,uswc_compound_30pct_delay_168h,20260926,total_cost_usd,USD,25308508.040359497,61990552.011503,36682043.97114351,144.93957491546567
D2,uswc_compound_30pct_delay_168h,20260927,total_cost_usd,USD,25315951.693776637,61953298.49161153,36637346.797834896,144.72040095905766
D2,uswc_compound_30pct_delay_168h,20260928,total_cost_usd,USD,25531649.809478123,61559462.19310963,36027812.38363151,141.1103969092389
D2,uswc_compound_30pct_delay_168h,20260929,total_cost_usd,USD,25042488.426821988,62406725.05506041,37364236.628238425,149.20336985448745
D2,uswc_compound_30pct_delay_168h,20260930,total_cost_usd,USD,25332159.27667016,61838200.39646291,36506041.119792745,144.10947255259543
D2,uswc_compound_30pct_delay_168h,20260931,total_cost_usd,USD,25724809.667285755,61910937.55467067,36186127.887384914,140.66626091855142
D2,uswc_compound_30pct_delay_168h,20260932,total_cost_usd,USD,25559731.174305983,61863330.212863915,36303599.03855793,142.03435392564793
D2,uswc_compound_30pct_delay_168h,20260933,total_cost_usd,USD,25101518.18841451,61374261.19994121,36272743.011526704,144.50417994345943
D2,uswc_compound_30pct_delay_168h,20260934,total_cost_usd,USD,25451694.82196437,62187291.4268675,36735596.60490313,144.33457913852146
D2,uswc_compound_30pct_delay_168h,20260935,total_cost_usd,USD,25147443.083006445,62635690.86349913,37488247.78049268,149.07379512402838
D2,uswc_compound_30pct_delay_168h,20260906,weighted_mean_delivery_time_h,h,621.6229447704113,845.6474086631391,224.0244638927278,36.03864139465902
D2,uswc_compound_30pct_delay_168h,20260907,weighted_mean_delivery_time_h,h,623.3949797234089,843.7509339252089,220.35595420179993,35.347726781432954
D2,uswc_compound_30pct_delay_168h,20260908,weighted_mean_delivery_time_h,h,626.1416425016846,842.6915986123871,216.5499561107025,34.58481937816808
D2,uswc_compound_30pct_delay_168h,20260909,weighted_mean_delivery_time_h,h,623.0041655196293,844.3146026131604,221.31043709353116,35.52310712223612
D2,uswc_compound_30pct_delay_168h,20260910,weighted_mean_delivery_time_h,h,621.8956441583435,842.79890305666,220.9032588983165,35.52095290798842
D2,uswc_compound_30pct_delay_168h,20260911,weighted_mean_delivery_time_h,h,619.7038403487876,843.8700268675865,224.1661865187989,36.17311559544823
D2,uswc_compound_30pct_delay_168h,20260912,weighted_mean_delivery_time_h,h,619.875972887289,843.6986128681334,223.82263998084443,36.10764891213839
D2,uswc_compound_30pct_delay_168h,20260913,weighted_mean_delivery_time_h,h,617.0197076589014,842.9416955410098,225.9219878821084,36.61503596689034
D2,uswc_compound_30pct_delay_168h,20260914,weighted_mean_delivery_time_h,h,622.6667719625208,845.9683262023867,223.30155423986594,35.86212791411114
D2,uswc_compound_30pct_delay_168h,20260915,weighted_mean_delivery_time_h,h,625.7478888226259,845.3204661492479,219.57257732662197,35.08962335290625
D2,uswc_compound_30pct_delay_168h,20260916,weighted_mean_delivery_time_h,h,625.3024627056179,842.8947804271335,217.59231772151554,34.79793071340492
D2,uswc_compound_30pct_delay_168h,20260917,weighted_mean_delivery_time_h,h,620.5485701489476,843.720768633064,223.1721984841164,35.963695546111616
D2,uswc_compound_30pct_delay_168h,20260918,weighted_mean_delivery_time_h,h,624.7709068181726,844.5784947917086,219.807587973536,35.18211004621998
D2,uswc_compound_30pct_delay_168h,20260919,weighted_mean_delivery_time_h,h,619.0224339165679,842.8859327958797,223.8634988793118,36.16403648942458
D2,uswc_compound_30pct_delay_168h,20260920,weighted_mean_delivery_time_h,h,623.6831714819521,843.8193051306174,220.13613364866535,35.29614774206483
D2,uswc_compound_30pct_delay_168h,20260921,weighted_mean_delivery_time_h,h,615.5094569568153,843.9467342900695,228.4372773332542,37.1135284358891
D2,uswc_compound_30pct_delay_168h,20260922,weighted_mean_delivery_time_h,h,622.9533985700633,843.2435668290407,220.29016825897736,35.36222272237936
D2,uswc_compound_30pct_delay_168h,20260923,weighted_mean_delivery_time_h,h,625.7831359173924,844.3709853726774,218.58784945528498,34.930287652261065
D2,uswc_compound_30pct_delay_168h,20260924,weighted_mean_delivery_time_h,h,623.9093610468125,844.6841665869324,220.77480554011993,35.385717753889416
D2,uswc_compound_30pct_delay_168h,20260925,weighted_mean_delivery_time_h,h,620.6866913464276,843.5862294451993,222.8995380987717,35.91176372982089
D2,uswc_compound_30pct_delay_168h,20260926,weighted_mean_delivery_time_h,h,622.5642416460266,843.9735362968064,221.40929465077977,35.564087983175106
D2,uswc_compound_30pct_delay_168h,20260927,weighted_mean_delivery_time_h,h,620.9217478133452,843.2168776616328,222.29512984828762,35.800828466892675
D2,uswc_compound_30pct_delay_168h,20260928,weighted_mean_delivery_time_h,h,623.1456253035512,843.7236724884087,220.5780471848575,35.39751195034193
D2,uswc_compound_30pct_delay_168h,20260929,weighted_mean_delivery_time_h,h,626.0001895462509,846.8101443829325,220.80995483668164,35.27314504437023
D2,uswc_compound_30pct_delay_168h,20260930,weighted_mean_delivery_time_h,h,618.1382253883559,842.9027126538083,224.76448726545243,36.36152530839527
D2,uswc_compound_30pct_delay_168h,20260931,weighted_mean_delivery_time_h,h,614.2157580011346,844.3875496459871,230.17179164485242,37.47409418376193
D2,uswc_compound_30pct_delay_168h,20260932,weighted_mean_delivery_time_h,h,615.724201528769,843.6438214839208,227.9196199551518,37.016511514287544
D2,uswc_compound_30pct_delay_168h,20260933,weighted_mean_delivery_time_h,h,622.7601558250858,842.6801379806152,219.9199821555294,35.31375283059987
D2,uswc_compound_30pct_delay_168h,20260934,weighted_mean_delivery_time_h,h,623.237525470693,845.5836877210498,222.34616225035688,35.67599080020615
D2,uswc_compound_30pct_delay_168h,20260935,weighted_mean_delivery_time_h,h,628.8273123882916,844.5107118016451,215.68339941335353,34.29930525666675
D2,uswc_compound_40pct_delay_168h,20260906,total_cost_usd,USD,25278806.236593403,57060925.5957392,31782119.359145798,125.72634586335114
D2,uswc_compound_40pct_delay_168h,20260907,total_cost_usd,USD,25123601.95313961,56388213.467315726,31264611.514176115,124.44318920706783
D2,uswc_compound_40pct_delay_168h,20260908,total_cost_usd,USD,25276617.754388966,57804124.39812319,32527506.643734224,128.6861516038325
D2,uswc_compound_40pct_delay_168h,20260909,total_cost_usd,USD,25222033.63080329,57489253.50323506,32267219.872431766,127.93266532253091
D2,uswc_compound_40pct_delay_168h,20260910,total_cost_usd,USD,25220434.03676876,56612119.87249609,31391685.83572733,124.4692529476754
D2,uswc_compound_40pct_delay_168h,20260911,total_cost_usd,USD,25494817.407277174,57105156.773712605,31610339.36643543,123.98731421160389
D2,uswc_compound_40pct_delay_168h,20260912,total_cost_usd,USD,25360262.129742343,56686305.38352604,31326043.2537837,123.52413036395522
D2,uswc_compound_40pct_delay_168h,20260913,total_cost_usd,USD,25391934.626830075,56561621.12208447,31169686.495254394,122.75427986617187
D2,uswc_compound_40pct_delay_168h,20260914,total_cost_usd,USD,25332476.476330154,56773703.90211957,31441227.425789416,124.11430621545067
D2,uswc_compound_40pct_delay_168h,20260915,total_cost_usd,USD,25163166.756595816,56593276.51796322,31430109.761367407,124.90522383526663
D2,uswc_compound_40pct_delay_168h,20260916,total_cost_usd,USD,25266711.35950584,57231771.880965665,31965060.521459825,126.51056984285347
D2,uswc_compound_40pct_delay_168h,20260917,total_cost_usd,USD,25373371.706048667,56868870.29181242,31495498.585763752,124.12815667795404
D2,uswc_compound_40pct_delay_168h,20260918,total_cost_usd,USD,25146315.907751385,56977175.4976668,31830859.589915413,126.58259645940227
D2,uswc_compound_40pct_delay_168h,20260919,total_cost_usd,USD,25193293.341905214,55515460.14484352,30322166.802938305,120.35809051015171
D2,uswc_compound_40pct_delay_168h,20260920,total_cost_usd,USD,25153932.23040417,58234019.689867966,33080087.459463798,131.51060103230736
D2,uswc_compound_40pct_delay_168h,20260921,total_cost_usd,USD,25635637.652448915,56404525.38429507,30768887.731846154,120.02388295930243
D2,uswc_compound_40pct_delay_168h,20260922,total_cost_usd,USD,25162484.532220487,55838975.14921448,30676490.61699399,121.91359950052959
D2,uswc_compound_40pct_delay_168h,20260923,total_cost_usd,USD,25046006.42259322,56334017.655367725,31288011.232774504,124.92215607095974
D2,uswc_compound_40pct_delay_168h,20260924,total_cost_usd,USD,25428893.801923327,57805387.547281094,32376493.745357767,127.32167587608139
D2,uswc_compound_40pct_delay_168h,20260925,total_cost_usd,USD,25206519.600066766,56906259.52095526,31699739.92088849,125.76008280335745
D2,uswc_compound_40pct_delay_168h,20260926,total_cost_usd,USD,25308508.040359497,56830586.78037462,31522078.74001512,124.55131171599226
D2,uswc_compound_40pct_delay_168h,20260927,total_cost_usd,USD,25315951.693776637,57051396.97178041,31735445.278003775,125.35750447732615
D2,uswc_compound_40pct_delay_168h,20260928,total_cost_usd,USD,25531649.809478123,56086257.49801007,30554607.688531946,119.67345595187174
D2,uswc_compound_40pct_delay_168h,20260929,total_cost_usd,USD,25042488.426821988,56815772.658385895,31773284.231563907,126.87750390465524
D2,uswc_compound_40pct_delay_168h,20260930,total_cost_usd,USD,25332159.27667016,57214851.399096645,31882692.122426484,125.85856489458081
D2,uswc_compound_40pct_delay_168h,20260931,total_cost_usd,USD,25724809.667285755,57050920.325551994,31326110.65826624,121.77392588487704
D2,uswc_compound_40pct_delay_168h,20260932,total_cost_usd,USD,25559731.174305983,56209925.33669867,30650194.16239269,119.91594885475132
D2,uswc_compound_40pct_delay_168h,20260933,total_cost_usd,USD,25101518.18841451,56589812.34247904,31488294.154064532,125.44378358994162
D2,uswc_compound_40pct_delay_168h,20260934,total_cost_usd,USD,25451694.82196437,56977623.84485144,31525929.022887073,123.86573563533673
D2,uswc_compound_40pct_delay_168h,20260935,total_cost_usd,USD,25147443.083006445,57302112.05815127,32154668.975144822,127.86456606744865
D2,uswc_compound_40pct_delay_168h,20260906,weighted_mean_delivery_time_h,h,621.6229447704113,825.9964767825765,204.37353201216513,32.87741125573284
D2,uswc_compound_40pct_delay_168h,20260907,weighted_mean_delivery_time_h,h,623.3949797234089,824.948723577903,201.5537438544941,32.33162768553582
D2,uswc_compound_40pct_delay_168h,20260908,weighted_mean_delivery_time_h,h,626.1416425016846,827.7231354505758,201.5814929488912,32.19423198615142
D2,uswc_compound_40pct_delay_168h,20260909,weighted_mean_delivery_time_h,h,623.0041655196293,825.3882641701667,202.38409865053745,32.48519188980621
D2,uswc_compound_40pct_delay_168h,20260910,weighted_mean_delivery_time_h,h,621.8956441583435,825.9209770589118,204.0253329005683,32.8070046505456
D2,uswc_compound_40pct_delay_168h,20260911,weighted_mean_delivery_time_h,h,619.7038403487876,827.799975350046,208.0961350012584,33.57993309903256
D2,uswc_compound_40pct_delay_168h,20260912,weighted_mean_delivery_time_h,h,619.875972887289,825.2906783476284,205.4147054603394,33.13803316227093
D2,uswc_compound_40pct_delay_168h,20260913,weighted_mean_delivery_time_h,h,617.0197076589014,825.6324059042095,208.61269824530802,33.80973016839724
D2,uswc_compound_40pct_delay_168h,20260914,weighted_mean_delivery_time_h,h,622.6667719625208,823.8031031152036,201.13633115268283,32.30240318087658
D2,uswc_compound_40pct_delay_168h,20260915,weighted_mean_delivery_time_h,h,625.7478888226259,825.208586483472,199.4606976608461,31.87556861536374
D2,uswc_compound_40pct_delay_168h,20260916,weighted_mean_delivery_time_h,h,625.3024627056179,824.3594960378401,199.0570333322222,31.833719712365017
D2,uswc_compound_40pct_delay_168h,20260917,weighted_mean_delivery_time_h,h,620.5485701489476,826.1521762386006,205.603606089653,33.13255657656303
D2,uswc_compound_40pct_delay_168h,20260918,weighted_mean_delivery_time_h,h,624.7709068181726,826.0976422044148,201.32673538624215,32.224089372464064
D2,uswc_compound_40pct_delay_168h,20260919,weighted_mean_delivery_time_h,h,619.0224339165679,824.2015471581527,205.1791132415848,33.14566678034788
D2,uswc_compound_40pct_delay_168h,20260920,weighted_mean_delivery_time_h,h,623.6831714819521,826.2615595055449,202.57838802359288,32.4809770868501
D2,uswc_compound_40pct_delay_168h,20260921,weighted_mean_delivery_time_h,h,615.5094569568153,824.2213708271397,208.71191387032445,33.908807007163155
D2,uswc_compound_40pct_delay_168h,20260922,weighted_mean_delivery_time_h,h,622.9533985700633,823.1522450227264,200.19884645266313,32.13705020507194
D2,uswc_compound_40pct_delay_168h,20260923,weighted_mean_delivery_time_h,h,625.7831359173924,826.0177891351193,200.23465321772687,31.99745114961986
D2,uswc_compound_40pct_delay_168h,20260924,weighted_mean_delivery_time_h,h,623.9093610468125,825.8723134082996,201.96295236148717,32.37055972723797
D2,uswc_compound_40pct_delay_168h,20260925,weighted_mean_delivery_time_h,h,620.6866913464276,827.1337732335636,206.44708188713605,33.26107757189054
D2,uswc_compound_40pct_delay_168h,20260926,weighted_mean_delivery_time_h,h,622.5642416460266,823.8782148844598,201.31397323843316,32.33625701119129
D2,uswc_compound_40pct_delay_168h,20260927,weighted_mean_delivery_time_h,h,620.9217478133452,826.1190680165544,205.1973202032092,33.04721100941264
D2,uswc_compound_40pct_delay_168h,20260928,weighted_mean_delivery_time_h,h,623.1456253035512,824.5671858977075,201.4215605941563,32.32335306791865
D2,uswc_compound_40pct_delay_168h,20260929,weighted_mean_delivery_time_h,h,626.0001895462509,827.3121640127279,201.31197446647695,32.158452637593555
D2,uswc_compound_40pct_delay_168h,20260930,weighted_mean_delivery_time_h,h,618.1382253883559,824.5765035087888,206.43827812043298,33.39678240910188
D2,uswc_compound_40pct_delay_168h,20260931,weighted_mean_delivery_time_h,h,614.2157580011346,824.802239131426,210.5864811302913,34.28542468783458
D2,uswc_compound_40pct_delay_168h,20260932,weighted_mean_delivery_time_h,h,615.724201528769,825.1000055877254,209.37580405895642,34.004803374481874
D2,uswc_compound_40pct_delay_168h,20260933,weighted_mean_delivery_time_h,h,622.7601558250858,825.3676195248289,202.6074636997431,32.53378717386173
D2,uswc_compound_40pct_delay_168h,20260934,weighted_mean_delivery_time_h,h,623.237525470693,825.8458430340629,202.60831756336995,32.50900487905512
D2,uswc_compound_40pct_delay_168h,20260935,weighted_mean_delivery_time_h,h,628.8273123882916,827.8815693916953,199.05425700340368,31.654836404512057
D2,uswc_departure_delay_240h,20260906,total_cost_usd,USD,25278806.236593403,64628107.82740712,39349301.59081372,155.66123345592158
D2,uswc_departure_delay_240h,20260907,total_cost_usd,USD,25123601.95313961,64434152.52766573,39310550.574526116,156.46860926967364
D2,uswc_departure_delay_240h,20260908,total_cost_usd,USD,25276617.754388966,64016204.777095556,38739587.02270659,153.2625424775431
D2,uswc_departure_delay_240h,20260909,total_cost_usd,USD,25222033.63080329,64770066.86756826,39548033.23676497,156.79954208159307
D2,uswc_departure_delay_240h,20260910,total_cost_usd,USD,25220434.03676876,64406007.74961909,39185573.71285033,155.37232093516653
D2,uswc_departure_delay_240h,20260911,total_cost_usd,USD,25494817.407277174,64723892.18149266,39229074.77421548,153.87078145151978
D2,uswc_departure_delay_240h,20260912,total_cost_usd,USD,25360262.129742343,63944530.11360134,38584267.983859,152.144594509564
D2,uswc_departure_delay_240h,20260913,total_cost_usd,USD,25391934.626830075,63913087.22099316,38521152.59416309,151.70625302989
D2,uswc_departure_delay_240h,20260914,total_cost_usd,USD,25332476.476330154,65148853.9031784,39816377.42684825,157.1752270807451
D2,uswc_departure_delay_240h,20260915,total_cost_usd,USD,25163166.756595816,64303769.02443621,39140602.2678404,155.54720376194618
D2,uswc_departure_delay_240h,20260916,total_cost_usd,USD,25266711.35950584,64503518.17498291,39236806.81547707,155.290517460696
D2,uswc_departure_delay_240h,20260917,total_cost_usd,USD,25373371.706048667,64320222.978323504,38946851.27227484,153.49497781956364
D2,uswc_departure_delay_240h,20260918,total_cost_usd,USD,25146315.907751385,64134187.54526941,38987871.63751802,155.04406999635265
D2,uswc_departure_delay_240h,20260919,total_cost_usd,USD,25193293.341905214,64078724.47671242,38885431.13480721,154.34834424813846
D2,uswc_departure_delay_240h,20260920,total_cost_usd,USD,25153932.23040417,64250894.0166817,39096961.78627753,155.4308146661065
D2,uswc_departure_delay_240h,20260921,total_cost_usd,USD,25635637.652448915,64528707.51730628,38893069.86485737,151.7148525507498
D2,uswc_departure_delay_240h,20260922,total_cost_usd,USD,25162484.532220487,64157733.834669955,38995249.302449465,154.9737636302018
D2,uswc_departure_delay_240h,20260923,total_cost_usd,USD,25046006.42259322,64462161.336899035,39416154.91430581,157.37500921005008
D2,uswc_departure_delay_240h,20260924,total_cost_usd,USD,25428893.801923327,64325499.01156076,38896605.20963743,152.96223859606297
D2,uswc_departure_delay_240h,20260925,total_cost_usd,USD,25206519.600066766,64905671.560410075,39699151.96034331,157.49557094839128
D2,uswc_departure_delay_240h,20260926,total_cost_usd,USD,25308508.040359497,64479224.521562085,39170716.48120259,154.7729183353559
D2,uswc_departure_delay_240h,20260927,total_cost_usd,USD,25315951.693776637,64737232.3376045,39421280.64382786,155.71715857523424
D2,uswc_departure_delay_240h,20260928,total_cost_usd,USD,25531649.809478123,64555688.98678317,39024039.17730504,152.84574035955222
D2,uswc_departure_delay_240h,20260929,total_cost_usd,USD,25042488.426821988,64607971.31485045,39565482.88802846,157.99341588454718
D2,uswc_departure_delay_240h,20260930,total_cost_usd,USD,25332159.27667016,64501202.54435891,39169043.26768875,154.621810323772
D2,uswc_departure_delay_240h,20260931,total_cost_usd,USD,25724809.667285755,64621084.59062078,38896274.92333502,151.20140994784276
D2,uswc_departure_delay_240h,20260932,total_cost_usd,USD,25559731.174305983,64268059.95126177,38708328.77695579,151.44262869191473
D2,uswc_departure_delay_240h,20260933,total_cost_usd,USD,25101518.18841451,64294102.13756685,39192583.949152336,156.13630878805367
D2,uswc_departure_delay_240h,20260934,total_cost_usd,USD,25451694.82196437,64295004.56059357,38843309.7386292,152.6158081429929
D2,uswc_departure_delay_240h,20260935,total_cost_usd,USD,25147443.083006445,63849495.517318726,38702052.434312284,153.90054689283883
D2,uswc_departure_delay_240h,20260906,weighted_mean_delivery_time_h,h,621.6229447704113,845.7493334497848,224.12638867937346,36.05503795587078
D2,uswc_departure_delay_240h,20260907,weighted_mean_delivery_time_h,h,623.3949797234089,846.9877380332201,223.5927583098112,35.86694881774889
D2,uswc_departure_delay_240h,20260908,weighted_mean_delivery_time_h,h,626.1416425016846,845.5879919326582,219.44634943097356,35.04739735153187
D2,uswc_departure_delay_240h,20260909,weighted_mean_delivery_time_h,h,623.0041655196293,847.3360148934236,224.33184937379428,36.00808177368858
D2,uswc_departure_delay_240h,20260910,weighted_mean_delivery_time_h,h,621.8956441583435,846.1665533182833,224.27090915993972,36.06246663191568
D2,uswc_departure_delay_240h,20260911,weighted_mean_delivery_time_h,h,619.7038403487876,846.0335389315509,226.32969858276329,36.52223592085185
D2,uswc_departure_delay_240h,20260912,weighted_mean_delivery_time_h,h,619.875972887289,846.1987736679902,226.3228007807012,36.51098133817377
D2,uswc_departure_delay_240h,20260913,weighted_mean_delivery_time_h,h,617.0197076589014,846.5433072529993,229.52359959409785,37.19874693548398
D2,uswc_departure_delay_240h,20260914,weighted_mean_delivery_time_h,h,622.6667719625208,847.6346537749505,224.9678818124297,36.129739363379876
D2,uswc_departure_delay_240h,20260915,weighted_mean_delivery_time_h,h,625.7478888226259,846.2272636040751,220.47937478144922,35.234537538159586
D2,uswc_departure_delay_240h,20260916,weighted_mean_delivery_time_h,h,625.3024627056179,847.2812127621618,221.97875005654384,35.49942040785593
D2,uswc_departure_delay_240h,20260917,weighted_mean_delivery_time_h,h,620.5485701489476,846.4205581995025,225.87198805055482,36.398760534786135
D2,uswc_departure_delay_240h,20260918,weighted_mean_delivery_time_h,h,624.7709068181726,845.5125965654852,220.74168974731253,35.33162113317723
D2,uswc_departure_delay_240h,20260919,weighted_mean_delivery_time_h,h,619.0224339165679,845.9812250202747,226.95879110370674,36.66406557638529
D2,uswc_departure_delay_240h,20260920,weighted_mean_delivery_time_h,h,623.6831714819521,846.1831246094744,222.4999531275223,35.675157403851955
D2,uswc_departure_delay_240h,20260921,weighted_mean_delivery_time_h,h,615.5094569568153,846.798517475665,231.28906051884974,37.576849210795665
D2,uswc_departure_delay_240h,20260922,weighted_mean_delivery_time_h,h,622.9533985700633,847.1200762963816,224.1666777263183,35.98450192917703
D2,uswc_departure_delay_240h,20260923,weighted_mean_delivery_time_h,h,625.7831359173924,845.8429304441705,220.0597945267781,35.16550413334045
D2,uswc_departure_delay_240h,20260924,weighted_mean_delivery_time_h,h,623.9093610468125,845.917733924485,222.0083728776725,35.58343354636973
D2,uswc_departure_delay_240h,20260925,weighted_mean_delivery_time_h,h,620.6866913464276,847.5831792379109,226.8964878914834,36.55571982690447
D2,uswc_departure_delay_240h,20260926,weighted_mean_delivery_time_h,h,622.5642416460266,846.0066494765347,223.44240783050805,35.89065880811565
D2,uswc_departure_delay_240h,20260927,weighted_mean_delivery_time_h,h,620.9217478133452,847.2604432864333,226.33869547308814,36.4520483088519
D2,uswc_departure_delay_240h,20260928,weighted_mean_delivery_time_h,h,623.1456253035512,847.0935038714058,223.94787856785456,35.9382894582247
D2,uswc_departure_delay_240h,20260929,weighted_mean_delivery_time_h,h,626.0001895462509,846.6315447838767,220.63135523762583,35.244614765619794
D2,uswc_departure_delay_240h,20260930,weighted_mean_delivery_time_h,h,618.1382253883559,845.9188252895477,227.78059990119186,36.849460289902765
D2,uswc_departure_delay_240h,20260931,weighted_mean_delivery_time_h,h,614.2157580011346,846.1782073450754,231.96244934394076,37.76562980064609
D2,uswc_departure_delay_240h,20260932,weighted_mean_delivery_time_h,h,615.724201528769,846.0405793956864,230.3163778669175,37.40576987148949
D2,uswc_departure_delay_240h,20260933,weighted_mean_delivery_time_h,h,622.7601558250858,846.6389133415635,223.87875751647766,35.949435014811435
D2,uswc_departure_delay_240h,20260934,weighted_mean_delivery_time_h,h,623.237525470693,846.6429434589546,223.40541798826166,35.845950999105405
D2,uswc_departure_delay_240h,20260935,weighted_mean_delivery_time_h,h,628.8273123882916,845.786937838015,216.95962544972338,34.50225859715108
D2,uswc_departure_delay_336h,20260906,total_cost_usd,USD,25278806.236593403,85544478.83603108,60265672.59943768,238.40395007339214
D2,uswc_departure_delay_336h,20260907,total_cost_usd,USD,25123601.95313961,85496154.20378241,60372552.2506428,240.30213646613774
D2,uswc_departure_delay_336h,20260908,total_cost_usd,USD,25276617.754388966,85644624.4860051,60368006.73161613,238.82944829964046
D2,uswc_departure_delay_336h,20260909,total_cost_usd,USD,25222033.63080329,85532187.07833882,60310153.44753553,239.11693375065383
D2,uswc_departure_delay_336h,20260910,total_cost_usd,USD,25220434.03676876,85544386.82594386,60323952.78917509,239.18681455374266
D2,uswc_departure_delay_336h,20260911,total_cost_usd,USD,25494817.407277174,85888360.47197731,60393543.064700134,236.88556815261427
D2,uswc_departure_delay_336h,20260912,total_cost_usd,USD,25360262.129742343,85521133.87868279,60160871.74894045,237.22496021988744
D2,uswc_departure_delay_336h,20260913,total_cost_usd,USD,25391934.626830075,85549113.44121024,60157178.81438017,236.9145151737112
D2,uswc_departure_delay_336h,20260914,total_cost_usd,USD,25332476.476330154,85408925.38115557,60076448.90482541,237.15189851635273
D2,uswc_departure_delay_336h,20260915,total_cost_usd,USD,25163166.756595816,85525354.6776248,60362187.92102899,239.88311369914018
D2,uswc_departure_delay_336h,20260916,total_cost_usd,USD,25266711.35950584,85500551.99544851,60233840.635942675,238.3920874343685
D2,uswc_departure_delay_336h,20260917,total_cost_usd,USD,25373371.706048667,85357945.16571961,59984573.459670946,236.40757781265404
D2,uswc_departure_delay_336h,20260918,total_cost_usd,USD,25146315.907751385,85595882.87349306,60449566.96574168,240.3913447500595
D2,uswc_departure_delay_336h,20260919,total_cost_usd,USD,25193293.341905214,85610890.49651751,60417597.154612295,239.81619367769122
D2,uswc_departure_delay_336h,20260920,total_cost_usd,USD,25153932.23040417,85393388.9023698,60239456.67196563,239.48325899977075
D2,uswc_departure_delay_336h,20260921,total_cost_usd,USD,25635637.652448915,85470844.48250347,59835206.83005456,233.40635267692917
D2,uswc_departure_delay_336h,20260922,total_cost_usd,USD,25162484.532220487,85289339.79874822,60126855.26652774,238.95436553387833
D2,uswc_departure_delay_336h,20260923,total_cost_usd,USD,25046006.42259322,85683058.78930056,60637052.36670734,242.1026783416
D2,uswc_departure_delay_336h,20260924,total_cost_usd,USD,25428893.801923327,85504346.63883185,60075452.83690853,236.24878575081664
D2,uswc_departure_delay_336h,20260925,total_cost_usd,USD,25206519.600066766,85410943.22598523,60204423.62591846,238.8446504362268
D2,uswc_departure_delay_336h,20260926,total_cost_usd,USD,25308508.040359497,85661755.49887162,60353247.45851213,238.4701909818894
D2,uswc_departure_delay_336h,20260927,total_cost_usd,USD,25315951.693776637,85671631.18718448,60355679.493407845,238.4096802817211
D2,uswc_departure_delay_336h,20260928,total_cost_usd,USD,25531649.809478123,85479060.50906074,59947410.69958262,234.79646300541194
D2,uswc_departure_delay_336h,20260929,total_cost_usd,USD,25042488.426821988,85530773.4500532,60488285.02323121,241.5426294395116
D2,uswc_departure_delay_336h,20260930,total_cost_usd,USD,25332159.27667016,85721118.61084443,60388959.334174275,238.38851901499737
D2,uswc_departure_delay_336h,20260931,total_cost_usd,USD,25724809.667285755,85586359.51519874,59861549.84791298,232.69968027805828
D2,uswc_departure_delay_336h,20260932,total_cost_usd,USD,25559731.174305983,85708904.16702524,60149172.992719255,235.32787799108172
D2,uswc_departure_delay_336h,20260933,total_cost_usd,USD,25101518.18841451,85533824.24033429,60432306.05191977,240.75159756596724
D2,uswc_departure_delay_336h,20260934,total_cost_usd,USD,25451694.82196437,85575630.34283583,60123935.52087146,236.22763018903382
D2,uswc_departure_delay_336h,20260935,total_cost_usd,USD,25147443.083006445,85767967.25422087,60620524.17121443,241.06038920584797
D2,uswc_departure_delay_336h,20260906,weighted_mean_delivery_time_h,h,621.6229447704113,912.4471309622555,290.8241861918442,46.78466080418838
D2,uswc_departure_delay_336h,20260907,weighted_mean_delivery_time_h,h,623.3949797234089,912.9411278794923,289.5461481560834,46.44666023530551
D2,uswc_departure_delay_336h,20260908,weighted_mean_delivery_time_h,h,626.1416425016846,915.6021002679789,289.4604577662943,46.22922963720873
D2,uswc_departure_delay_336h,20260909,weighted_mean_delivery_time_h,h,623.0041655196293,912.2795386908276,289.27537317119834,46.43233371159282
D2,uswc_departure_delay_336h,20260910,weighted_mean_delivery_time_h,h,621.8956441583435,912.6508413303524,290.7551971720088,46.753052526281785
D2,uswc_departure_delay_336h,20260911,weighted_mean_delivery_time_h,h,619.7038403487876,914.4138023018414,294.70996195305383,47.55658150951306
D2,uswc_departure_delay_336h,20260912,weighted_mean_delivery_time_h,h,619.875972887289,912.2966931677952,292.4207202805062,47.174069180073964
D2,uswc_departure_delay_336h,20260913,weighted_mean_delivery_time_h,h,617.0197076589014,912.713948666251,295.69424100734955,47.92298160609388
D2,uswc_departure_delay_336h,20260914,weighted_mean_delivery_time_h,h,622.6667719625208,912.3137149573201,289.64694299479936,46.51716713289362
D2,uswc_departure_delay_336h,20260915,weighted_mean_delivery_time_h,h,625.7478888226259,912.5097075829069,286.761818760281,45.827053336102644
D2,uswc_departure_delay_336h,20260916,weighted_mean_delivery_time_h,h,625.3024627056179,912.6598016536886,287.3573389480707,45.9549347854326
D2,uswc_departure_delay_336h,20260917,weighted_mean_delivery_time_h,h,620.5485701489476,911.5207534844031,290.9721833354555,46.8895099163011
D2,uswc_departure_delay_336h,20260918,weighted_mean_delivery_time_h,h,624.7709068181726,913.0493160353219,288.27840921714926,46.14145858444191
D2,uswc_departure_delay_336h,20260919,weighted_mean_delivery_time_h,h,619.0224339165679,912.6889492876201,293.6665153710521,47.44036714679594
D2,uswc_departure_delay_336h,20260920,weighted_mean_delivery_time_h,h,623.6831714819521,911.8100611008905,288.12688961893843,46.19763732510396
D2,uswc_departure_delay_336h,20260921,weighted_mean_delivery_time_h,h,615.5094569568153,913.3194469946001,297.8099900377848,48.384307774929844
D2,uswc_departure_delay_336h,20260922,weighted_mean_delivery_time_h,h,622.9533985700633,911.7811773220607,288.82777875199736,46.36426728146552
D2,uswc_departure_delay_336h,20260923,weighted_mean_delivery_time_h,h,625.7831359173924,912.4781576263717,286.6950217089793,45.81379798429484
D2,uswc_departure_delay_336h,20260924,weighted_mean_delivery_time_h,h,623.9093610468125,912.5042311508927,288.5948701040802,46.25589678921754
D2,uswc_departure_delay_336h,20260925,weighted_mean_delivery_time_h,h,620.6866913464276,912.3914952668744,291.7048039204468,46.9971094897596
D2,uswc_departure_delay_336h,20260926,weighted_mean_delivery_time_h,h,622.5642416460266,912.5390398723616,289.974798226335,46.5774901333326
D2,uswc_departure_delay_336h,20260927,weighted_mean_delivery_time_h,h,620.9217478133452,912.3994568251252,291.47770901178,46.942744401892156
D2,uswc_departure_delay_336h,20260928,weighted_mean_delivery_time_h,h,623.1456253035512,912.8667970114791,289.72117170792785,46.49333317020348
D2,uswc_departure_delay_336h,20260929,weighted_mean_delivery_time_h,h,626.0001895462509,912.6879171506622,286.6877276044113,45.796747731372676
D2,uswc_departure_delay_336h,20260930,weighted_mean_delivery_time_h,h,618.1382253883559,913.3884556043506,295.25023021599475,47.764434893263356
D2,uswc_departure_delay_336h,20260931,weighted_mean_delivery_time_h,h,614.2157580011346,912.9043876240671,298.68862962293247,48.62926841782211
D2,uswc_departure_delay_336h,20260932,weighted_mean_delivery_time_h,h,615.724201528769,914.7315661101934,299.00736458142444,48.561898953951335
D2,uswc_departure_delay_336h,20260933,weighted_mean_delivery_time_h,h,622.7601558250858,912.8340005641277,290.0738447390419,46.578741755680774
D2,uswc_departure_delay_336h,20260934,weighted_mean_delivery_time_h,h,623.237525470693,912.5982514233773,289.36072595268433,46.42864303367291
D2,uswc_departure_delay_336h,20260935,weighted_mean_delivery_time_h,h,628.8273123882916,914.0627335619959,285.23542117370425,45.359896994673726
D2,uswc_port_capacity_675pct,20260906,total_cost_usd,USD,25278806.236593403,25233247.981261317,-45558.255332086235,-0.18022312804524945
D2,uswc_port_capacity_675pct,20260907,total_cost_usd,USD,25123601.95313961,25265508.061778773,141906.10863916203,0.5648318617045615
D2,uswc_port_capacity_675pct,20260908,total_cost_usd,USD,25276617.754388966,25276617.754388966,0.0,0.0
D2,uswc_port_capacity_675pct,20260909,total_cost_usd,USD,25222033.63080329,25130970.827881232,-91062.80292205885,-0.36104464951170795
D2,uswc_port_capacity_675pct,20260910,total_cost_usd,USD,25220434.03676876,25220434.03676876,0.0,0.0
D2,uswc_port_capacity_675pct,20260911,total_cost_usd,USD,25494817.407277174,25398172.517141588,-96644.89013558626,-0.37907661228434686
D2,uswc_port_capacity_675pct,20260912,total_cost_usd,USD,25360262.129742343,25384375.666067496,24113.536325152963,0.0950839395972677
D2,uswc_port_capacity_675pct,20260913,total_cost_usd,USD,25391934.626830075,25447448.93656607,55514.309735994786,0.21862969699573925
D2,uswc_port_capacity_675pct,20260914,total_cost_usd,USD,25332476.476330154,25336550.080596857,4073.604266703129,0.016080560739923602
D2,uswc_port_capacity_675pct,20260915,total_cost_usd,USD,25163166.756595816,25163166.756595816,0.0,0.0
D2,uswc_port_capacity_675pct,20260916,total_cost_usd,USD,25266711.35950584,25204421.952515636,-62289.40699020401,-0.24652755993418785
D2,uswc_port_capacity_675pct,20260917,total_cost_usd,USD,25373371.706048667,25306844.78043836,-66526.9256103076,-0.2621919009464891
D2,uswc_port_capacity_675pct,20260918,total_cost_usd,USD,25146315.907751385,25146315.907751385,0.0,0.0
D2,uswc_port_capacity_675pct,20260919,total_cost_usd,USD,25193293.341905214,25250273.116230186,56979.77432497218,0.22617040794025522
D2,uswc_port_capacity_675pct,20260920,total_cost_usd,USD,25153932.23040417,25145487.888878495,-8444.341525673866,-0.03357066182863841
D2,uswc_port_capacity_675pct,20260921,total_cost_usd,USD,25635637.652448915,25606394.267228667,-29243.385220248252,-0.11407317273208024
D2,uswc_port_capacity_675pct,20260922,total_cost_usd,USD,25162484.532220487,25209131.231792897,46646.699572410434,0.185381930439657
D2,uswc_port_capacity_675pct,20260923,total_cost_usd,USD,25046006.42259322,25046006.42259322,0.0,0.0
D2,uswc_port_capacity_675pct,20260924,total_cost_usd,USD,25428893.801923327,25457262.828865867,28369.02694253996,0.1115621747588338
D2,uswc_port_capacity_675pct,20260925,total_cost_usd,USD,25206519.600066766,25228922.853479095,22403.25341232866,0.08887880503847631
D2,uswc_port_capacity_675pct,20260926,total_cost_usd,USD,25308508.040359497,25308508.040359497,0.0,0.0
D2,uswc_port_capacity_675pct,20260927,total_cost_usd,USD,25315951.693776637,25225352.439431343,-90599.25434529409,-0.3578741792573648
D2,uswc_port_capacity_675pct,20260928,total_cost_usd,USD,25531649.809478123,25530023.58579281,-1626.2236853130162,-0.0063694422313019215
D2,uswc_port_capacity_675pct,20260929,total_cost_usd,USD,25042488.426821988,25042488.426821988,0.0,0.0
D2,uswc_port_capacity_675pct,20260930,total_cost_usd,USD,25332159.27667016,25326393.705575418,-5765.571094743907,-0.022759888060761378
D2,uswc_port_capacity_675pct,20260931,total_cost_usd,USD,25724809.667285755,25706922.905339465,-17886.76194629073,-0.06953117312676303
D2,uswc_port_capacity_675pct,20260932,total_cost_usd,USD,25559731.174305983,25529259.736325473,-30471.437980510294,-0.1192165824151618
D2,uswc_port_capacity_675pct,20260933,total_cost_usd,USD,25101518.18841451,25046033.537727177,-55484.6506873332,-0.22104101541133828
D2,uswc_port_capacity_675pct,20260934,total_cost_usd,USD,25451694.82196437,25536976.081740018,85281.25977564976,0.3350710448643818
D2,uswc_port_capacity_675pct,20260935,total_cost_usd,USD,25147443.083006445,25147443.083006445,0.0,0.0
D2,uswc_port_capacity_675pct,20260906,weighted_mean_delivery_time_h,h,621.6229447704113,623.0040452844349,1.3811005140236148,0.2221765662999629
D2,uswc_port_capacity_675pct,20260907,weighted_mean_delivery_time_h,h,623.3949797234089,624.6566889011267,1.261709177717762,0.20239322079198707
D2,uswc_port_capacity_675pct,20260908,weighted_mean_delivery_time_h,h,626.1416425016846,626.1416425016846,0.0,0.0
D2,uswc_port_capacity_675pct,20260909,weighted_mean_delivery_time_h,h,623.0041655196293,623.7891127241738,0.7849472045445509,0.125993893458136
D2,uswc_port_capacity_675pct,20260910,weighted_mean_delivery_time_h,h,621.8956441583435,621.8956441583435,0.0,0.0
D2,uswc_port_capacity_675pct,20260911,weighted_mean_delivery_time_h,h,619.7038403487876,623.3851674318506,3.6813270830630245,0.5940461948712574
D2,uswc_port_capacity_675pct,20260912,weighted_mean_delivery_time_h,h,619.875972887289,621.943490791555,2.0675179042659693,0.333537351776321
D2,uswc_port_capacity_675pct,20260913,weighted_mean_delivery_time_h,h,617.0197076589014,622.9661155471281,5.946407888226645,0.9637306255238636
D2,uswc_port_capacity_675pct,20260914,weighted_mean_delivery_time_h,h,622.6667719625208,623.9329932917108,1.2662213291899889,0.2033545688007589
D2,uswc_port_capacity_675pct,20260915,weighted_mean_delivery_time_h,h,625.7478888226259,625.7478888226259,0.0,0.0
D2,uswc_port_capacity_675pct,20260916,weighted_mean_delivery_time_h,h,625.3024627056179,624.7990074902957,-0.5034552153222194,-0.08051387054255658
D2,uswc_port_capacity_675pct,20260917,weighted_mean_delivery_time_h,h,620.5485701489476,621.6448284189723,1.0962582700246912,0.17665954330723235
D2,uswc_port_capacity_675pct,20260918,weighted_mean_delivery_time_h,h,624.7709068181726,624.7709068181726,0.0,0.0
D2,uswc_port_capacity_675pct,20260919,weighted_mean_delivery_time_h,h,619.0224339165679,622.3338521485541,3.311418231986181,0.5349431701585948
D2,uswc_port_capacity_675pct,20260920,weighted_mean_delivery_time_h,h,623.6831714819521,624.6577005132749,0.9745290313228452,0.15625386027447843
D2,uswc_port_capacity_675pct,20260921,weighted_mean_delivery_time_h,h,615.5094569568153,621.7866031206553,6.27714616384003,1.0198293613351321
D2,uswc_port_capacity_675pct,20260922,weighted_mean_delivery_time_h,h,622.9533985700633,623.8056488789341,0.8522503088707936,0.1368080358542167
D2,uswc_port_capacity_675pct,20260923,weighted_mean_delivery_time_h,h,625.7831359173924,625.7831359173924,0.0,0.0
D2,uswc_port_capacity_675pct,20260924,weighted_mean_delivery_time_h,h,623.9093610468125,626.3664962296533,2.4571351828408297,0.39382886942394646
D2,uswc_port_capacity_675pct,20260925,weighted_mean_delivery_time_h,h,620.6866913464276,622.7609389491638,2.07424760273625,0.3341859317519244
D2,uswc_port_capacity_675pct,20260926,weighted_mean_delivery_time_h,h,622.5642416460266,624.1389969419574,1.5747552959307995,0.2529466343533047
D2,uswc_port_capacity_675pct,20260927,weighted_mean_delivery_time_h,h,620.9217478133452,623.7053541732198,2.783606359874625,0.44830228119363646
D2,uswc_port_capacity_675pct,20260928,weighted_mean_delivery_time_h,h,623.1456253035512,621.8878045388076,-1.2578207647436557,-0.20185021183947763
D2,uswc_port_capacity_675pct,20260929,weighted_mean_delivery_time_h,h,626.0001895462509,626.0001895462509,0.0,0.0
D2,uswc_port_capacity_675pct,20260930,weighted_mean_delivery_time_h,h,618.1382253883559,622.9345469149899,4.796321526634074,0.7759302579323101
D2,uswc_port_capacity_675pct,20260931,weighted_mean_delivery_time_h,h,614.2157580011346,615.8909096415874,1.675151640452782,0.27273016340451617
D2,uswc_port_capacity_675pct,20260932,weighted_mean_delivery_time_h,h,615.724201528769,620.5415936507908,4.817392122021829,0.7823944730547906
D2,uswc_port_capacity_675pct,20260933,weighted_mean_delivery_time_h,h,622.7601558250858,624.3072625603769,1.547106735291095,0.24842737943652737
D2,uswc_port_capacity_675pct,20260934,weighted_mean_delivery_time_h,h,623.237525470693,624.3775393332835,1.1400138625905356,0.18291803943120294
D2,uswc_port_capacity_675pct,20260935,weighted_mean_delivery_time_h,h,628.8273123882916,628.8273123882916,0.0,0.0
D3,uswc_compound_30pct_delay_168h,20260906,total_cost_usd,USD,27071530.936532266,63644120.37217173,36572589.43563946,135.09612559918355
D3,uswc_compound_30pct_delay_168h,20260907,total_cost_usd,USD,27047603.17876105,63047442.324245214,35999839.145484164,133.098074929437
D3,uswc_compound_30pct_delay_168h,20260908,total_cost_usd,USD,27095631.001549467,62898358.569642164,35802727.5680927,132.13468830471345
D3,uswc_compound_30pct_delay_168h,20260909,total_cost_usd,USD,26984195.84286157,62920941.8839947,35936746.04113313,133.17701313170642
D3,uswc_compound_30pct_delay_168h,20260910,total_cost_usd,USD,27186616.550436966,62601149.3026526,35414532.75221563,130.2645832610841
D3,uswc_compound_30pct_delay_168h,20260911,total_cost_usd,USD,27127061.029575955,62039621.191734664,34912560.16215871,128.7001202382168
D3,uswc_compound_30pct_delay_168h,20260912,total_cost_usd,USD,27269462.53575689,63417699.796617456,36148237.26086056,132.55940491478862
D3,uswc_compound_30pct_delay_168h,20260913,total_cost_usd,USD,26961270.68955315,62444962.668862276,35483691.97930913,131.6098650834666
D3,uswc_compound_30pct_delay_168h,20260914,total_cost_usd,USD,27355175.80655106,64225049.57723299,36869873.770681925,134.78207572642347
D3,uswc_compound_30pct_delay_168h,20260915,total_cost_usd,USD,26794856.09352255,62972369.827005334,36177513.733482786,135.01663754868392
D3,uswc_compound_30pct_delay_168h,20260916,total_cost_usd,USD,27114303.80562875,62376362.52040799,35262058.71477924,130.04965558975212
D3,uswc_compound_30pct_delay_168h,20260917,total_cost_usd,USD,27213328.946984466,63242152.90358141,36028823.95659694,132.394033919137
D3,uswc_compound_30pct_delay_168h,20260918,total_cost_usd,USD,27695739.8416294,63106785.4576668,35411045.6160374,127.85737380017969
D3,uswc_compound_30pct_delay_168h,20260919,total_cost_usd,USD,27136344.927365422,62667719.87974238,35531374.952376954,130.93648038260906
D3,uswc_compound_30pct_delay_168h,20260920,total_cost_usd,USD,27429030.678373825,62176267.720324755,34747237.041950926,126.6805139758259
D3,uswc_compound_30pct_delay_168h,20260921,total_cost_usd,USD,27021356.142961245,62854517.49882796,35833161.355866715,132.6105217158053
D3,uswc_compound_30pct_delay_168h,20260922,total_cost_usd,USD,27189745.143815156,62061968.885885864,34872223.742070705,128.2550592424478
D3,uswc_compound_30pct_delay_168h,20260923,total_cost_usd,USD,26634379.89320064,63100292.05283361,36465912.159632966,136.91293848723006
D3,uswc_compound_30pct_delay_168h,20260924,total_cost_usd,USD,27050415.586142417,62516437.725383066,35466022.13924065,131.11082166667134
D3,uswc_compound_30pct_delay_168h,20260925,total_cost_usd,USD,27320521.921464473,63216252.88189158,35895730.960427105,131.3874276033705
D3,uswc_compound_30pct_delay_168h,20260926,total_cost_usd,USD,27061954.528446827,63072784.595593,36010830.06714617,133.0681050006662
D3,uswc_compound_30pct_delay_168h,20260927,total_cost_usd,USD,27178589.796320513,63236714.86272248,36058125.066401966,132.6710669561067
D3,uswc_compound_30pct_delay_168h,20260928,total_cost_usd,USD,26995839.544919126,62676216.31912579,35680376.77420666,132.16990979234816
D3,uswc_compound_30pct_delay_168h,20260929,total_cost_usd,USD,27184984.250662763,63489362.33313404,36304378.08247128,133.5457020968706
D3,uswc_compound_30pct_delay_168h,20260930,total_cost_usd,USD,27276305.111748274,63475771.37306166,36199466.26131338,132.71396588727035
D3,uswc_compound_30pct_delay_168h,20260931,total_cost_usd,USD,27489414.99771961,62770236.77400751,35280821.7762879,128.34329788107397
D3,uswc_compound_30pct_delay_168h,20260932,total_cost_usd,USD,26576332.611434035,63330616.098807015,36754283.48737298,138.29704807186243
D3,uswc_compound_30pct_delay_168h,20260933,total_cost_usd,USD,26693962.84489113,62361524.783435546,35667561.938544415,133.61658643864754
D3,uswc_compound_30pct_delay_168h,20260934,total_cost_usd,USD,27133347.22319797,62601342.33212577,35467995.1089278,130.7173597756639
D3,uswc_compound_30pct_delay_168h,20260935,total_cost_usd,USD,27164241.705480825,63145138.891629286,35980897.186148465,132.45684372955913
D3,uswc_compound_30pct_delay_168h,20260906,weighted_mean_delivery_time_h,h,634.0004427842618,844.9378067907764,210.9373640065146,33.27085436725673
D3,uswc_compound_30pct_delay_168h,20260907,weighted_mean_delivery_time_h,h,631.9443474162598,845.211490141247,213.26714272498725,33.747772821600826
D3,uswc_compound_30pct_delay_168h,20260908,weighted_mean_delivery_time_h,h,637.5351500430855,846.2987577128719,208.76360766978632,32.74542708047984
D3,uswc_compound_30pct_delay_168h,20260909,weighted_mean_delivery_time_h,h,643.5792495822841,846.40548100419,202.82623142190596,31.515346642010382
D3,uswc_compound_30pct_delay_168h,20260910,weighted_mean_delivery_time_h,h,635.0571202004917,843.6059153193879,208.54879511889624,32.83937593724735
D3,uswc_compound_30pct_delay_168h,20260911,weighted_mean_delivery_time_h,h,638.3399976412487,845.152751476967,206.81275383571824,32.39852658456605
D3,uswc_compound_30pct_delay_168h,20260912,weighted_mean_delivery_time_h,h,642.7831543312383,846.9395674263832,204.1564130951449,31.76131977315934
D3,uswc_compound_30pct_delay_168h,20260913,weighted_mean_delivery_time_h,h,638.1356532160847,844.4650972373851,206.32944402130033,32.333163486703555
D3,uswc_compound_30pct_delay_168h,20260914,weighted_mean_delivery_time_h,h,628.0642444823245,845.7435843568203,217.67933987449578,34.6587696699588
D3,uswc_compound_30pct_delay_168h,20260915,weighted_mean_delivery_time_h,h,636.4909180163291,846.6454054674949,210.15448745116578,33.01767260185388
D3,uswc_compound_30pct_delay_168h,20260916,weighted_mean_delivery_time_h,h,630.2959309602178,844.4692409968665,214.17331003664867,33.97980210825232
D3,uswc_compound_30pct_delay_168h,20260917,weighted_mean_delivery_time_h,h,633.7753177454358,845.0435792435384,211.26826149810256,33.334883133293815
D3,uswc_compound_30pct_delay_168h,20260918,weighted_mean_delivery_time_h,h,628.8034578149013,845.2017595630134,216.3983017481121,34.41429894487198
D3,uswc_compound_30pct_delay_168h,20260919,weighted_mean_delivery_time_h,h,633.321713783038,844.2122590610034,210.89054527796532,33.29911807669549
D3,uswc_compound_30pct_delay_168h,20260920,weighted_mean_delivery_time_h,h,634.7403762179389,844.7143939524635,209.97401773452464,33.080299536897556
D3,uswc_compound_30pct_delay_168h,20260921,weighted_mean_delivery_time_h,h,640.7407144702529,844.3495548305752,203.60884036032235,31.777103555634145
D3,uswc_compound_30pct_delay_168h,20260922,weighted_mean_delivery_time_h,h,637.8442313748645,844.7858798208827,206.94164844601812,32.4439162834409
D3,uswc_compound_30pct_delay_168h,20260923,weighted_mean_delivery_time_h,h,648.8499398195116,845.2746731740082,196.42473335449654,30.272752034027363
D3,uswc_compound_30pct_delay_168h,20260924,weighted_mean_delivery_time_h,h,636.8848213956603,846.6988565427014,209.81403514704107,32.94379581652733
D3,uswc_compound_30pct_delay_168h,20260925,weighted_mean_delivery_time_h,h,634.1390482925609,847.324904827194,213.1858565346331,33.618156318971785
D3,uswc_compound_30pct_delay_168h,20260926,weighted_mean_delivery_time_h,h,631.9916426238939,845.4256754515343,213.4340328276404,33.77165431199502
D3,uswc_compound_30pct_delay_168h,20260927,weighted_mean_delivery_time_h,h,640.0529789154351,844.3747622336173,204.32178331818216,31.9226361018433
D3,uswc_compound_30pct_delay_168h,20260928,weighted_mean_delivery_time_h,h,635.1711875928459,845.6950674474584,210.52387985461257,33.144431606296585
D3,uswc_compound_30pct_delay_168h,20260929,weighted_mean_delivery_time_h,h,631.591347568281,846.812549876103,215.22120230782207,34.07602132873656
D3,uswc_compound_30pct_delay_168h,20260930,weighted_mean_delivery_time_h,h,634.7407329723009,845.7903673134736,211.0496343411727,33.24973857481785
D3,uswc_compound_30pct_delay_168h,20260931,weighted_mean_delivery_time_h,h,630.7282836436683,844.9462008787315,214.21791723506317,33.96358190844763
D3,uswc_compound_30pct_delay_168h,20260932,weighted_mean_delivery_time_h,h,641.0467080603667,845.1138633415649,204.0671552811982,31.833430031744495
D3,uswc_compound_30pct_delay_168h,20260933,weighted_mean_delivery_time_h,h,640.1419493872464,844.6344266837806,204.49247729653416,31.944864337086088
D3,uswc_compound_30pct_delay_168h,20260934,weighted_mean_delivery_time_h,h,634.8669137683743,844.7389374070883,209.87202363871404,33.05764075701763
D3,uswc_compound_30pct_delay_168h,20260935,weighted_mean_delivery_time_h,h,638.4707361704421,845.173389804057,206.7026536336149,32.37464803374087
D3,uswc_compound_40pct_delay_168h,20260906,total_cost_usd,USD,27071530.936532266,59303252.33533,32231721.398797736,119.0613174938767
D3,uswc_compound_40pct_delay_168h,20260907,total_cost_usd,USD,27047603.17876105,59112219.43657531,32064616.25781426,118.54882684389864
D3,uswc_compound_40pct_delay_168h,20260908,total_cost_usd,USD,27095631.001549467,59248583.04253774,32152952.040988274,118.66471033337294
D3,uswc_compound_40pct_delay_168h,20260909,total_cost_usd,USD,26984195.84286157,59591701.40755677,32607505.5646952,120.8392710851201
D3,uswc_compound_40pct_delay_168h,20260910,total_cost_usd,USD,27186616.550436966,58212261.82030078,31025645.269863814,114.12102426318712
D3,uswc_compound_40pct_delay_168h,20260911,total_cost_usd,USD,27127061.029575955,59086343.58243368,31959282.552857723,117.81328805952595
D3,uswc_compound_40pct_delay_168h,20260912,total_cost_usd,USD,27269462.53575689,59094953.867121875,31825491.331364986,116.70743891499157
D3,uswc_compound_40pct_delay_168h,20260913,total_cost_usd,USD,26961270.68955315,58237874.53498819,31276603.84543504,116.00567423387051
D3,uswc_compound_40pct_delay_168h,20260914,total_cost_usd,USD,27355175.80655106,59483044.597584784,32127868.791033722,117.44712963365305
D3,uswc_compound_40pct_delay_168h,20260915,total_cost_usd,USD,26794856.09352255,59151851.68709438,32356995.593571834,120.75823613545695
D3,uswc_compound_40pct_delay_168h,20260916,total_cost_usd,USD,27114303.80562875,59109563.829216175,31995260.023587424,118.00140712794337
D3,uswc_compound_40pct_delay_168h,20260917,total_cost_usd,USD,27213328.946984466,59433630.42769104,32220301.480706576,118.39897111991122
D3,uswc_compound_40pct_delay_168h,20260918,total_cost_usd,USD,27695739.8416294,58993931.969637506,31298192.128008105,113.00724337742321
D3,uswc_compound_40pct_delay_168h,20260919,total_cost_usd,USD,27136344.927365422,59774758.10609553,32638413.178730108,120.27564237590512
D3,uswc_compound_40pct_delay_168h,20260920,total_cost_usd,USD,27429030.678373825,59021466.70721768,31592436.028843854,115.17882786048517
D3,uswc_compound_40pct_delay_168h,20260921,total_cost_usd,USD,27021356.142961245,58734735.64369052,31713379.500729274,117.3641298125233
D3,uswc_compound_40pct_delay_168h,20260922,total_cost_usd,USD,27189745.143815156,58840000.96236081,31650255.81854565,116.40512131002863
D3,uswc_compound_40pct_delay_168h,20260923,total_cost_usd,USD,26634379.89320064,58657760.927555524,32023381.034354884,120.23325176994256
D3,uswc_compound_40pct_delay_168h,20260924,total_cost_usd,USD,27050415.586142417,59158937.02887726,32108521.44273484,118.69881015500415
D3,uswc_compound_40pct_delay_168h,20260925,total_cost_usd,USD,27320521.921464473,58077654.25760909,30757132.33614462,112.57886077198313
D3,uswc_compound_40pct_delay_168h,20260926,total_cost_usd,USD,27061954.528446827,59284536.91074473,32222582.3822979,119.06967897838403
D3,uswc_compound_40pct_delay_168h,20260927,total_cost_usd,USD,27178589.796320513,59018537.684384674,31839947.88806416,117.15084603975556
D3,uswc_compound_40pct_delay_168h,20260928,total_cost_usd,USD,26995839.544919126,58438162.83129589,31442323.286376767,116.47099633282015
D3,uswc_compound_40pct_delay_168h,20260929,total_cost_usd,USD,27184984.250662763,58756087.38878816,31571103.1381254,116.13434404456463
D3,uswc_compound_40pct_delay_168h,20260930,total_cost_usd,USD,27276305.111748274,59069242.716306,31792937.604557727,116.5588134987685
D3,uswc_compound_40pct_delay_168h,20260931,total_cost_usd,USD,27489414.99771961,60478988.647341914,32989573.649622306,120.00827828587464
D3,uswc_compound_40pct_delay_168h,20260932,total_cost_usd,USD,26576332.611434035,59399970.17589544,32823637.564461403,123.50702425487995
D3,uswc_compound_40pct_delay_168h,20260933,total_cost_usd,USD,26693962.84489113,59140787.58386325,32446824.73897212,121.55117217892588
D3,uswc_compound_40pct_delay_168h,20260934,total_cost_usd,USD,27133347.22319797,58710868.15739477,31577520.934196796,116.37901020630152
D3,uswc_compound_40pct_delay_168h,20260935,total_cost_usd,USD,27164241.705480825,58621209.70372692,31456967.998246092,115.80285707699008
D3,uswc_compound_40pct_delay_168h,20260906,weighted_mean_delivery_time_h,h,634.0004427842618,828.6651044546575,194.66466167039562,30.704183867050745
D3,uswc_compound_40pct_delay_168h,20260907,weighted_mean_delivery_time_h,h,631.9443474162598,827.4533886088303,195.50904119257052,30.93769918061935
D3,uswc_compound_40pct_delay_168h,20260908,weighted_mean_delivery_time_h,h,637.5351500430855,829.890149744766,192.3549997016804,30.1716697014558
D3,uswc_compound_40pct_delay_168h,20260909,weighted_mean_delivery_time_h,h,643.5792495822841,829.3442779943724,185.76502841208833,28.864359522569963
D3,uswc_compound_40pct_delay_168h,20260910,weighted_mean_delivery_time_h,h,635.0571202004917,827.4303757592282,192.37325555873656,30.292275992119112
D3,uswc_compound_40pct_delay_168h,20260911,weighted_mean_delivery_time_h,h,638.3399976412487,830.5714859094986,192.2314882682499,30.114279064224526
D3,uswc_compound_40pct_delay_168h,20260912,weighted_mean_delivery_time_h,h,642.7831543312383,829.6281244697503,186.84497013851205,29.06811867727127
D3,uswc_compound_40pct_delay_168h,20260913,weighted_mean_delivery_time_h,h,638.1356532160847,827.989442260824,189.8537890447393,29.75132138251665
D3,uswc_compound_40pct_delay_168h,20260914,weighted_mean_delivery_time_h,h,628.0642444823245,828.3555134626,200.2912689802755,31.890251791894872
D3,uswc_compound_40pct_delay_168h,20260915,weighted_mean_delivery_time_h,h,636.4909180163291,830.224131683162,193.73321366683285,30.437702751614538
D3,uswc_compound_40pct_delay_168h,20260916,weighted_mean_delivery_time_h,h,630.2959309602178,830.0671645344358,199.77123357421806,31.694831548393253
D3,uswc_compound_40pct_delay_168h,20260917,weighted_mean_delivery_time_h,h,633.7753177454358,827.1603730223916,193.38505527695577,30.513188169727904
D3,uswc_compound_40pct_delay_168h,20260918,weighted_mean_delivery_time_h,h,628.8034578149013,829.8716395536657,201.06818173876434,31.976316166816
D3,uswc_compound_40pct_delay_168h,20260919,weighted_mean_delivery_time_h,h,633.321713783038,830.3004769755308,196.9787631924928,31.10248060434785
D3,uswc_compound_40pct_delay_168h,20260920,weighted_mean_delivery_time_h,h,634.7403762179389,830.9278362455252,196.18746002758633,30.908300051204733
D3,uswc_compound_40pct_delay_168h,20260921,weighted_mean_delivery_time_h,h,640.7407144702529,827.8806654323693,187.13995096211636,29.206814353421976
D3,uswc_compound_40pct_delay_168h,20260922,weighted_mean_delivery_time_h,h,637.8442313748645,829.5596869929354,191.7154556180709,30.0567828613627
D3,uswc_compound_40pct_delay_168h,20260923,weighted_mean_delivery_time_h,h,648.8499398195116,830.2825777314953,181.43263791198365,27.96218767662245
D3,uswc_compound_40pct_delay_168h,20260924,weighted_mean_delivery_time_h,h,636.8848213956603,830.1309326206858,193.24611122502552,30.342395474514333
D3,uswc_compound_40pct_delay_168h,20260925,weighted_mean_delivery_time_h,h,634.1390482925609,826.6778711085142,192.53882281595327,30.36224047933494
D3,uswc_compound_40pct_delay_168h,20260926,weighted_mean_delivery_time_h,h,631.9916426238939,829.8592004264377,197.86755780254384,31.30857189519788
D3,uswc_compound_40pct_delay_168h,20260927,weighted_mean_delivery_time_h,h,640.0529789154351,827.0181533250149,186.96517440957973,29.210890436974577
D3,uswc_compound_40pct_delay_168h,20260928,weighted_mean_delivery_time_h,h,635.1711875928459,828.7184449919415,193.54725739909566,30.47166829663601
D3,uswc_compound_40pct_delay_168h,20260929,weighted_mean_delivery_time_h,h,631.591347568281,829.1984968967089,197.6071493284279,31.28718436204744
D3,uswc_compound_40pct_delay_168h,20260930,weighted_mean_delivery_time_h,h,634.7407329723009,828.63574613036,193.8950131580591,30.547119963470244
D3,uswc_compound_40pct_delay_168h,20260931,weighted_mean_delivery_time_h,h,630.7282836436683,829.1061080785778,198.37782443490948,31.45218465373016
D3,uswc_compound_40pct_delay_168h,20260932,weighted_mean_delivery_time_h,h,641.0467080603667,828.8931366032577,187.8464285428911,29.303079819450815
D3,uswc_compound_40pct_delay_168h,20260933,weighted_mean_delivery_time_h,h,640.1419493872464,831.1928729530772,191.05092356583077,29.845087288640844
D3,uswc_compound_40pct_delay_168h,20260934,weighted_mean_delivery_time_h,h,634.8669137683743,827.7066380145332,192.83972424615888,30.37482660759902
D3,uswc_compound_40pct_delay_168h,20260935,weighted_mean_delivery_time_h,h,638.4707361704421,827.9451743945923,189.47443822415016,29.6762917217821
D3,uswc_departure_delay_240h,20260906,total_cost_usd,USD,27071530.936532266,69661510.52293095,42589979.58639868,157.32386796390855
D3,uswc_departure_delay_240h,20260907,total_cost_usd,USD,27047603.17876105,69453253.6704228,42405650.49166176,156.78154626640082
D3,uswc_departure_delay_240h,20260908,total_cost_usd,USD,27095631.001549467,69869571.8970412,42773940.895491734,157.8628705603708
D3,uswc_departure_delay_240h,20260909,total_cost_usd,USD,26984195.84286157,69915912.28529699,42931716.44243542,159.0994843516622
D3,uswc_departure_delay_240h,20260910,total_cost_usd,USD,27186616.550436966,69397927.7433726,42211311.19293564,155.26504048278557
D3,uswc_departure_delay_240h,20260911,total_cost_usd,USD,27127061.029575955,69608541.08613937,42481480.05656341,156.60185233574293
D3,uswc_departure_delay_240h,20260912,total_cost_usd,USD,27269462.53575689,69662938.39408495,42393475.85832806,155.46135462970682
D3,uswc_departure_delay_240h,20260913,total_cost_usd,USD,26961270.68955315,69548645.10971068,42587374.42015753,157.95759372965728
D3,uswc_departure_delay_240h,20260914,total_cost_usd,USD,27355175.80655106,69827765.53202243,42472589.72547137,155.26345005357254
D3,uswc_departure_delay_240h,20260915,total_cost_usd,USD,26794856.09352255,70083580.47056176,43288724.37703921,161.55609952129555
D3,uswc_departure_delay_240h,20260916,total_cost_usd,USD,27114303.80562875,69923601.34849976,42809297.54287101,157.88455366493343
D3,uswc_departure_delay_240h,20260917,total_cost_usd,USD,27213328.946984466,70131005.26158589,42917676.31460142,157.70829213218022
D3,uswc_departure_delay_240h,20260918,total_cost_usd,USD,27695739.8416294,69838349.73561716,42142609.89398776,152.16278797738886
D3,uswc_departure_delay_240h,20260919,total_cost_usd,USD,27136344.927365422,69526528.63350789,42390183.70614247,156.21183994972895
D3,uswc_departure_delay_240h,20260920,total_cost_usd,USD,27429030.678373825,69859243.68896006,42430213.01058623,154.6908948701565
D3,uswc_departure_delay_240h,20260921,total_cost_usd,USD,27021356.142961245,69600874.97619231,42579518.83323106,157.57728297557168
D3,uswc_departure_delay_240h,20260922,total_cost_usd,USD,27189745.143815156,69321736.3166114,42131991.172796234,154.95544717299416
D3,uswc_departure_delay_240h,20260923,total_cost_usd,USD,26634379.89320064,69981709.28326027,43347329.390059635,162.74953486386804
D3,uswc_departure_delay_240h,20260924,total_cost_usd,USD,27050415.586142417,69814676.83778684,42764261.25164442,158.09095840121586
D3,uswc_departure_delay_240h,20260925,total_cost_usd,USD,27320521.921464473,69910136.39246035,42589614.47099587,155.88872933476128
D3,uswc_departure_delay_240h,20260926,total_cost_usd,USD,27061954.528446827,69793473.56647484,42731519.03802802,157.90256019057955
D3,uswc_departure_delay_240h,20260927,total_cost_usd,USD,27178589.796320513,69916618.21217881,42738028.4158583,157.24888132953922
D3,uswc_departure_delay_240h,20260928,total_cost_usd,USD,26995839.544919126,69658744.49032132,42662904.9454022,158.03511083407577
D3,uswc_departure_delay_240h,20260929,total_cost_usd,USD,27184984.250662763,69519308.473355,42334324.22269224,155.72686683333333
D3,uswc_departure_delay_240h,20260930,total_cost_usd,USD,27276305.111748274,69584088.84155025,42307783.72980197,155.10819209739458
D3,uswc_departure_delay_240h,20260931,total_cost_usd,USD,27489414.99771961,70084187.75264601,42594772.754926406,154.9497243155588
D3,uswc_departure_delay_240h,20260932,total_cost_usd,USD,26576332.611434035,69739635.9898684,43163303.37843437,162.41256462851484
D3,uswc_departure_delay_240h,20260933,total_cost_usd,USD,26693962.84489113,69679237.59667377,42985274.75178264,161.02994898717125
D3,uswc_departure_delay_240h,20260934,total_cost_usd,USD,27133347.22319797,69544924.83639763,42411577.613199666,156.3079455856423
D3,uswc_departure_delay_240h,20260935,total_cost_usd,USD,27164241.705480825,69331518.58542,42167276.87993917,155.23082638243216
D3,uswc_departure_delay_240h,20260906,weighted_mean_delivery_time_h,h,634.0004427842618,857.3142011037827,223.31375831952084,35.22296567157292
D3,uswc_departure_delay_240h,20260907,weighted_mean_delivery_time_h,h,631.9443474162598,857.4331263500449,225.48877893378506,35.68174632081269
D3,uswc_departure_delay_240h,20260908,weighted_mean_delivery_time_h,h,637.5351500430855,857.2816614460539,219.7465114029684,34.46814052340763
D3,uswc_departure_delay_240h,20260909,weighted_mean_delivery_time_h,h,643.5792495822841,857.6767460774437,214.0974964951596,33.26668730138826
D3,uswc_departure_delay_240h,20260910,weighted_mean_delivery_time_h,h,635.0571202004917,857.3678432121045,222.31072301161282,35.006413744550706
D3,uswc_departure_delay_240h,20260911,weighted_mean_delivery_time_h,h,638.3399976412487,857.1340964380777,218.79409879682896,34.27548008981143
D3,uswc_departure_delay_240h,20260912,weighted_mean_delivery_time_h,h,642.7831543312383,857.4667519606322,214.68359762939394,33.39907030587231
D3,uswc_departure_delay_240h,20260913,weighted_mean_delivery_time_h,h,638.1356532160847,856.9880451871251,218.85239197104033,34.295590736556576
D3,uswc_departure_delay_240h,20260914,weighted_mean_delivery_time_h,h,628.0642444823245,857.5333142763205,229.46906979399603,36.535923165492974
D3,uswc_departure_delay_240h,20260915,weighted_mean_delivery_time_h,h,636.4909180163291,857.4774700475922,220.98655203126305,34.71951378661991
D3,uswc_departure_delay_240h,20260916,weighted_mean_delivery_time_h,h,630.2959309602178,857.4276367817034,227.13170582148564,36.03572459613759
D3,uswc_departure_delay_240h,20260917,weighted_mean_delivery_time_h,h,633.7753177454358,857.6710762727866,223.89575852735084,35.327307999911966
D3,uswc_departure_delay_240h,20260918,weighted_mean_delivery_time_h,h,628.8034578149013,858.211893064046,229.40843524914465,36.48332915444539
D3,uswc_departure_delay_240h,20260919,weighted_mean_delivery_time_h,h,633.321713783038,856.937508539805,223.61579475676695,35.308404858099145
D3,uswc_departure_delay_240h,20260920,weighted_mean_delivery_time_h,h,634.7403762179389,856.9811771727759,222.24080095483703,35.0128665642865
D3,uswc_departure_delay_240h,20260921,weighted_mean_delivery_time_h,h,640.7407144702529,857.4384183900019,216.69770391974896,33.819874252709035
D3,uswc_departure_delay_240h,20260922,weighted_mean_delivery_time_h,h,637.8442313748645,857.1069352632139,219.2627038883494,34.37558781643782
D3,uswc_departure_delay_240h,20260923,weighted_mean_delivery_time_h,h,648.8499398195116,857.0290963167453,208.17915649723363,32.08433009258537
D3,uswc_departure_delay_240h,20260924,weighted_mean_delivery_time_h,h,636.8848213956603,857.806496476366,220.92167508070565,34.687853699603174
D3,uswc_departure_delay_240h,20260925,weighted_mean_delivery_time_h,h,634.1390482925609,857.5958488802909,223.45680058772996,35.23782381630564
D3,uswc_departure_delay_240h,20260926,weighted_mean_delivery_time_h,h,631.9916426238939,857.4500693745719,225.45842675067797,35.67427344681694
D3,uswc_departure_delay_240h,20260927,weighted_mean_delivery_time_h,h,640.0529789154351,857.4336388432575,217.38065992782242,33.96291667858062
D3,uswc_departure_delay_240h,20260928,weighted_mean_delivery_time_h,h,635.1711875928459,857.3094844383861,222.13829684554025,34.972980699485724
D3,uswc_departure_delay_240h,20260929,weighted_mean_delivery_time_h,h,631.591347568281,857.4475986015443,225.85625103326333,35.75987098348369
D3,uswc_departure_delay_240h,20260930,weighted_mean_delivery_time_h,h,634.7407329723009,857.4466289322382,222.70589595993738,35.086120110343685
D3,uswc_departure_delay_240h,20260931,weighted_mean_delivery_time_h,h,630.7282836436683,857.9075348729191,227.17925122925078,36.01856094305045
D3,uswc_departure_delay_240h,20260932,weighted_mean_delivery_time_h,h,641.0467080603667,857.33976529788,216.29305723751338,33.740608058335944
D3,uswc_departure_delay_240h,20260933,weighted_mean_delivery_time_h,h,640.1419493872464,857.5236227924061,217.38167340515963,33.95835464512842
D3,uswc_departure_delay_240h,20260934,weighted_mean_delivery_time_h,h,634.8669137683743,857.1677947915576,222.30088102318336,35.01535143856747
D3,uswc_departure_delay_240h,20260935,weighted_mean_delivery_time_h,h,638.4707361704421,857.1885285277995,218.71779235735733,34.25651012123597
D3,uswc_departure_delay_336h,20260906,total_cost_usd,USD,27071530.936532266,80577455.06559873,53505924.12906646,197.6464657817402
D3,uswc_departure_delay_336h,20260907,total_cost_usd,USD,27047603.17876105,80324813.28741656,53277210.10865551,196.9757163196297
D3,uswc_departure_delay_336h,20260908,total_cost_usd,USD,27095631.001549467,80061384.1100798,52965753.10853033,195.47709778562262
D3,uswc_departure_delay_336h,20260909,total_cost_usd,USD,26984195.84286157,80769923.21992595,53785727.377064385,199.32306928943711
D3,uswc_departure_delay_336h,20260910,total_cost_usd,USD,27186616.550436966,80910952.97652176,53724336.426084794,197.613176050851
D3,uswc_departure_delay_336h,20260911,total_cost_usd,USD,27127061.029575955,80070773.80157955,52943712.77200359,195.169365064208
D3,uswc_departure_delay_336h,20260912,total_cost_usd,USD,27269462.53575689,80190042.87139072,52920580.33563383,194.06535888355737
D3,uswc_departure_delay_336h,20260913,total_cost_usd,USD,26961270.68955315,80332958.63353847,53371687.94398532,197.95687138983988
D3,uswc_departure_delay_336h,20260914,total_cost_usd,USD,27355175.80655106,80775858.3827144,53420682.576163344,195.2854660995089
D3,uswc_departure_delay_336h,20260915,total_cost_usd,USD,26794856.09352255,80484755.82944196,53689899.735919416,200.37390590389677
D3,uswc_departure_delay_336h,20260916,total_cost_usd,USD,27114303.80562875,79934925.57176837,52820621.76613963,194.8072211065748
D3,uswc_departure_delay_336h,20260917,total_cost_usd,USD,27213328.946984466,80287475.43663791,53074146.48965344,195.0299670909414
D3,uswc_departure_delay_336h,20260918,total_cost_usd,USD,27695739.8416294,80462625.1585394,52766885.31691,190.52347263024265
D3,uswc_departure_delay_336h,20260919,total_cost_usd,USD,27136344.927365422,80137785.3178984,53001440.39053297,195.31532537782607
D3,uswc_departure_delay_336h,20260920,total_cost_usd,USD,27429030.678373825,80166966.54256146,52737935.86418763,192.27050522703448
D3,uswc_departure_delay_336h,20260921,total_cost_usd,USD,27021356.142961245,80759824.56341553,53738468.42045428,198.87406145028936
D3,uswc_departure_delay_336h,20260922,total_cost_usd,USD,27189745.143815156,80566479.24325071,53376734.09943555,196.31200593131393
D3,uswc_departure_delay_336h,20260923,total_cost_usd,USD,26634379.89320064,80746913.72414678,54112533.83094615,203.16798832159134
D3,uswc_departure_delay_336h,20260924,total_cost_usd,USD,27050415.586142417,80138067.41971286,53087651.833570436,196.254477734407
D3,uswc_departure_delay_336h,20260925,total_cost_usd,USD,27320521.921464473,80579410.7392249,53258888.81776042,194.94096405207168
D3,uswc_departure_delay_336h,20260926,total_cost_usd,USD,27061954.528446827,80172712.84213026,53110758.313683435,196.2561804538352
D3,uswc_departure_delay_336h,20260927,total_cost_usd,USD,27178589.796320513,80065159.18497898,52886569.388658464,194.58908569207054
D3,uswc_departure_delay_336h,20260928,total_cost_usd,USD,26995839.544919126,80390751.908606,53394912.36368687,197.78941223458375
D3,uswc_departure_delay_336h,20260929,total_cost_usd,USD,27184984.250662763,80955080.80619158,53770096.55552882,197.79337026549103
D3,uswc_departure_delay_336h,20260930,total_cost_usd,USD,27276305.111748274,80388008.9598551,53111703.84810682,194.71736963827584
D3,uswc_departure_delay_336h,20260931,total_cost_usd,USD,27489414.99771961,80040967.84216295,52551552.84444334,191.17013893821593
D3,uswc_departure_delay_336h,20260932,total_cost_usd,USD,26576332.611434035,80468073.4122978,53891740.800863765,202.7809539743558
D3,uswc_departure_delay_336h,20260933,total_cost_usd,USD,26693962.84489113,80528864.46011014,53834901.61521901,201.67444574653064
D3,uswc_departure_delay_336h,20260934,total_cost_usd,USD,27133347.22319797,80693735.98020418,53560388.75700621,197.39690911121403
D3,uswc_departure_delay_336h,20260935,total_cost_usd,USD,27164241.705480825,80730608.33513862,53566366.62965779,197.19441172123686
D3,uswc_departure_delay_336h,20260906,weighted_mean_delivery_time_h,h,634.0004427842618,907.4119109393331,273.41146815507125,43.12480713015967
D3,uswc_departure_delay_336h,20260907,weighted_mean_delivery_time_h,h,631.9443474162598,907.5569171791647,275.61256976290485,43.61342432917747
D3,uswc_departure_delay_336h,20260908,weighted_mean_delivery_time_h,h,637.5351500430855,908.3697661908745,270.834616147789,42.48151903930091
D3,uswc_departure_delay_336h,20260909,weighted_mean_delivery_time_h,h,643.5792495822841,908.5399684573473,264.9607188750632,41.169866655433076
D3,uswc_departure_delay_336h,20260910,weighted_mean_delivery_time_h,h,635.0571202004917,907.8791854712418,272.82206527075016,42.960240361468344
D3,uswc_departure_delay_336h,20260911,weighted_mean_delivery_time_h,h,638.3399976412487,907.707827042202,269.36782940095327,42.1981750158698
D3,uswc_departure_delay_336h,20260912,weighted_mean_delivery_time_h,h,642.7831543312383,907.7220719690573,264.93891763781903,41.21746437388604
D3,uswc_departure_delay_336h,20260913,weighted_mean_delivery_time_h,h,638.1356532160847,907.550093333913,269.41444011782824,42.218991958846004
D3,uswc_departure_delay_336h,20260914,weighted_mean_delivery_time_h,h,628.0642444823245,907.9678410519011,279.9035965695766,44.566077280881395
D3,uswc_departure_delay_336h,20260915,weighted_mean_delivery_time_h,h,636.4909180163291,907.8480829412607,271.35716492493157,42.6333129419405
D3,uswc_departure_delay_336h,20260916,weighted_mean_delivery_time_h,h,630.2959309602178,907.5840909075558,277.28815994733804,43.99332858216398
D3,uswc_departure_delay_336h,20260917,weighted_mean_delivery_time_h,h,633.7753177454358,907.4473512680898,273.67203352265403,43.18123881759907
D3,uswc_departure_delay_336h,20260918,weighted_mean_delivery_time_h,h,628.8034578149013,908.1379016401039,279.3344438252026,44.423172352755934
D3,uswc_departure_delay_336h,20260919,weighted_mean_delivery_time_h,h,633.321713783038,907.4029796765428,274.0812658935048,43.27678333596484
D3,uswc_departure_delay_336h,20260920,weighted_mean_delivery_time_h,h,634.7403762179389,907.1426740908527,272.4022978729138,42.91554595849187
D3,uswc_departure_delay_336h,20260921,weighted_mean_delivery_time_h,h,640.7407144702529,908.223627880158,267.4829134099051,41.745889931632135
D3,uswc_departure_delay_336h,20260922,weighted_mean_delivery_time_h,h,637.8442313748645,907.0137457679245,269.16951439306,42.199882220909764
D3,uswc_departure_delay_336h,20260923,weighted_mean_delivery_time_h,h,648.8499398195116,907.9124575944043,259.0625177748926,39.92641470336811
D3,uswc_departure_delay_336h,20260924,weighted_mean_delivery_time_h,h,636.8848213956603,908.0082660373059,271.1234446416456,42.57024748172041
D3,uswc_departure_delay_336h,20260925,weighted_mean_delivery_time_h,h,634.1390482925609,908.0798820797489,273.940833787188,43.19885907117409
D3,uswc_departure_delay_336h,20260926,weighted_mean_delivery_time_h,h,631.9916426238939,906.7543209703651,274.76267834647126,43.47568224252389
D3,uswc_departure_delay_336h,20260927,weighted_mean_delivery_time_h,h,640.0529789154351,907.4203516064077,267.3673726909726,41.77269405792386
D3,uswc_departure_delay_336h,20260928,weighted_mean_delivery_time_h,h,635.1711875928459,907.1751136132859,272.0039260204401,42.823719232491165
D3,uswc_departure_delay_336h,20260929,weighted_mean_delivery_time_h,h,631.591347568281,906.8907546666503,275.29940709836933,43.58821699478821
D3,uswc_departure_delay_336h,20260930,weighted_mean_delivery_time_h,h,634.7407329723009,908.429776323781,273.6890433514801,43.11824169056809
D3,uswc_departure_delay_336h,20260931,weighted_mean_delivery_time_h,h,630.7282836436683,906.974013376563,276.2457297328947,43.797897905742325
D3,uswc_departure_delay_336h,20260932,weighted_mean_delivery_time_h,h,641.0467080603667,907.9691780473985,266.92246998703183,41.63853688519309
D3,uswc_departure_delay_336h,20260933,weighted_mean_delivery_time_h,h,640.1419493872464,907.7807612985616,267.6388119113152,41.80929123103136
D3,uswc_departure_delay_336h,20260934,weighted_mean_delivery_time_h,h,634.8669137683743,907.7235673032244,272.8566535348501,42.97855938266764
D3,uswc_departure_delay_336h,20260935,weighted_mean_delivery_time_h,h,638.4707361704421,907.4637129096443,268.99297673920216,42.13082315293359
D3,uswc_port_capacity_675pct,20260906,total_cost_usd,USD,27071530.936532266,26955652.779690105,-115878.15684216097,-0.42804434338726915
D3,uswc_port_capacity_675pct,20260907,total_cost_usd,USD,27047603.17876105,27282521.92726057,234918.74849952012,0.8685381360666682
D3,uswc_port_capacity_675pct,20260908,total_cost_usd,USD,27095631.001549467,27261734.348448347,166103.34689887986,0.6130263099958115
D3,uswc_port_capacity_675pct,20260909,total_cost_usd,USD,26984195.84286157,26984195.84286157,0.0,0.0
D3,uswc_port_capacity_675pct,20260910,total_cost_usd,USD,27186616.550436966,27085635.00225836,-100981.54817860574,-0.3714384538850704
D3,uswc_port_capacity_675pct,20260911,total_cost_usd,USD,27127061.029575955,27082350.47384999,-44710.55572596565,-0.1648190184599019
D3,uswc_port_capacity_675pct,20260912,total_cost_usd,USD,27269462.53575689,27269462.53575689,0.0,0.0
D3,uswc_port_capacity_675pct,20260913,total_cost_usd,USD,26961270.68955315,27150229.80160825,188959.1120551005,0.7008538812242171
D3,uswc_port_capacity_675pct,20260914,total_cost_usd,USD,27355175.80655106,27335367.45744958,-19808.349101480097,-0.0724117046132687
D3,uswc_port_capacity_675pct,20260915,total_cost_usd,USD,26794856.09352255,26781611.830924004,-13244.26259854436,-0.049428377418104734
D3,uswc_port_capacity_675pct,20260916,total_cost_usd,USD,27114303.80562875,27176477.519447207,62173.71381845698,0.22930226888418254
D3,uswc_port_capacity_675pct,20260917,total_cost_usd,USD,27213328.946984466,27233314.602539048,19985.655554581434,0.0734406863398315
D3,uswc_port_capacity_675pct,20260918,total_cost_usd,USD,27695739.8416294,27441570.05182944,-254169.7897999622,-0.9177216108086059
D3,uswc_port_capacity_675pct,20260919,total_cost_usd,USD,27136344.927365422,27094189.146063495,-42155.78130192682,-0.15534804489979478
D3,uswc_port_capacity_675pct,20260920,total_cost_usd,USD,27429030.678373825,27457275.015785962,28244.33741213754,0.1029724226981398
D3,uswc_port_capacity_675pct,20260921,total_cost_usd,USD,27021356.142961245,27066995.902024876,45639.759063631296,0.16890254812588276
D3,uswc_port_capacity_675pct,20260922,total_cost_usd,USD,27189745.143815156,27134346.826108243,-55398.317706912756,-0.20374710176168825
D3,uswc_port_capacity_675pct,20260923,total_cost_usd,USD,26634379.89320064,26634379.89320064,0.0,0.0
D3,uswc_port_capacity_675pct,20260924,total_cost_usd,USD,27050415.586142417,26960978.881836563,-89436.7043058537,-0.3306296867086618
D3,uswc_port_capacity_675pct,20260925,total_cost_usd,USD,27320521.921464473,27317134.84643637,-3387.075028102845,-0.012397548765134594
D3,uswc_port_capacity_675pct,20260926,total_cost_usd,USD,27061954.528446827,26874092.543427713,-187861.98501911387,-0.6941922277699425
D3,uswc_port_capacity_675pct,20260927,total_cost_usd,USD,27178589.796320513,27178589.796320513,0.0,0.0
D3,uswc_port_capacity_675pct,20260928,total_cost_usd,USD,26995839.544919126,27017957.319603063,22117.77468393743,0.08193030873196239
D3,uswc_port_capacity_675pct,20260929,total_cost_usd,USD,27184984.250662763,27221764.91016271,36780.65949994698,0.13529770391185816
D3,uswc_port_capacity_675pct,20260930,total_cost_usd,USD,27276305.111748274,27135727.94653362,-140577.16521465406,-0.5153819941473875
D3,uswc_port_capacity_675pct,20260931,total_cost_usd,USD,27489414.99771961,27576943.159525897,87528.1618062891,0.3184067824417145
D3,uswc_port_capacity_675pct,20260932,total_cost_usd,USD,26576332.611434035,26576332.611434035,0.0,0.0
D3,uswc_port_capacity_675pct,20260933,total_cost_usd,USD,26693962.84489113,26693962.84489113,0.0,0.0
D3,uswc_port_capacity_675pct,20260934,total_cost_usd,USD,27133347.22319797,27393844.612804584,260497.38960661367,0.9600635979916934
D3,uswc_port_capacity_675pct,20260935,total_cost_usd,USD,27164241.705480825,27164990.68262436,748.9771435335279,0.002757217196246673
D3,uswc_port_capacity_675pct,20260906,weighted_mean_delivery_time_h,h,634.0004427842618,639.0794917837821,5.079048999520296,0.8011112700829136
D3,uswc_port_capacity_675pct,20260907,weighted_mean_delivery_time_h,h,631.9443474162598,630.9836700595109,-0.9606773567488744,-0.15201929737589365
D3,uswc_port_capacity_675pct,20260908,weighted_mean_delivery_time_h,h,637.5351500430855,636.8697054156836,-0.6654446274019392,-0.10437771585723038
D3,uswc_port_capacity_675pct,20260909,weighted_mean_delivery_time_h,h,643.5792495822841,643.5792495822841,0.0,0.0
D3,uswc_port_capacity_675pct,20260910,weighted_mean_delivery_time_h,h,635.0571202004917,638.8266450999656,3.769524899473936,0.5935725747447524
D3,uswc_port_capacity_675pct,20260911,weighted_mean_delivery_time_h,h,638.3399976412487,639.5521267187703,1.2121290775215812,0.18988769025919722
D3,uswc_port_capacity_675pct,20260912,weighted_mean_delivery_time_h,h,642.7831543312383,642.7831543312383,0.0,0.0
D3,uswc_port_capacity_675pct,20260913,weighted_mean_delivery_time_h,h,638.1356532160847,638.6510430077641,0.515389791679354,0.08076492656097266
D3,uswc_port_capacity_675pct,20260914,weighted_mean_delivery_time_h,h,628.0642444823245,633.5761949313845,5.511950449060009,0.8776093365421841
D3,uswc_port_capacity_675pct,20260915,weighted_mean_delivery_time_h,h,636.4909180163291,639.1458087855447,2.6548907692155126,0.41711369228797096
D3,uswc_port_capacity_675pct,20260916,weighted_mean_delivery_time_h,h,630.2959309602178,636.6327205466337,6.336789586415875,1.0053673639876048
D3,uswc_port_capacity_675pct,20260917,weighted_mean_delivery_time_h,h,633.7753177454358,635.3637707148981,1.5884529694623097,0.2506334539995975
D3,uswc_port_capacity_675pct,20260918,weighted_mean_delivery_time_h,h,628.8034578149013,636.1329309094249,7.329473094523564,1.1656222629553534
D3,uswc_port_capacity_675pct,20260919,weighted_mean_delivery_time_h,h,633.321713783038,634.4043067168055,1.0825929337675007,0.17093886254125387
D3,uswc_port_capacity_675pct,20260920,weighted_mean_delivery_time_h,h,634.7403762179389,636.4906342298561,1.7502580119172535,0.2757439226327553
D3,uswc_port_capacity_675pct,20260921,weighted_mean_delivery_time_h,h,640.7407144702529,640.4777409118041,-0.2629735584488344,-0.04104211774122296
D3,uswc_port_capacity_675pct,20260922,weighted_mean_delivery_time_h,h,637.8442313748645,638.6105525499098,0.7663211750452774,0.1201423697747462
D3,uswc_port_capacity_675pct,20260923,weighted_mean_delivery_time_h,h,648.8499398195116,648.8499398195116,0.0,0.0
D3,uswc_port_capacity_675pct,20260924,weighted_mean_delivery_time_h,h,636.8848213956603,637.8863349865344,1.001513590874083,0.15725191702314092
D3,uswc_port_capacity_675pct,20260925,weighted_mean_delivery_time_h,h,634.1390482925609,635.962294649378,1.8232463568170942,0.2875152321444708
D3,uswc_port_capacity_675pct,20260926,weighted_mean_delivery_time_h,h,631.9916426238939,638.3580369312076,6.366394307313726,1.007354192356377
D3,uswc_port_capacity_675pct,20260927,weighted_mean_delivery_time_h,h,640.0529789154351,640.0529789154351,0.0,0.0
D3,uswc_port_capacity_675pct,20260928,weighted_mean_delivery_time_h,h,635.1711875928459,640.4588890938742,5.287701501028323,0.8324844710081242
D3,uswc_port_capacity_675pct,20260929,weighted_mean_delivery_time_h,h,631.591347568281,634.6009499987783,3.0096024304973525,0.47651102917808513
D3,uswc_port_capacity_675pct,20260930,weighted_mean_delivery_time_h,h,634.7407329723009,633.7980909499499,-0.942642022350924,-0.14850819765998213
D3,uswc_port_capacity_675pct,20260931,weighted_mean_delivery_time_h,h,630.7282836436683,633.6880318462529,2.959748202584592,0.46925883606905283
D3,uswc_port_capacity_675pct,20260932,weighted_mean_delivery_time_h,h,641.0467080603667,641.0467080603667,0.0,0.0
D3,uswc_port_capacity_675pct,20260933,weighted_mean_delivery_time_h,h,640.1419493872464,640.1419493872464,0.0,0.0
D3,uswc_port_capacity_675pct,20260934,weighted_mean_delivery_time_h,h,634.8669137683743,635.1917538467508,0.3248400783764964,0.051166641595534704
D3,uswc_port_capacity_675pct,20260935,weighted_mean_delivery_time_h,h,638.4707361704421,639.8142849866028,1.3435488161607054,0.2104323252494442
