case_id,scenario,point_id,total_cost_usd,quantity_weighted_mean_delivery_time_h,source_seeds
D1,all_departure_delay_48h,1,26545415.13795978,679.2001434531506,20260907
D1,all_departure_delay_48h,2,26629124.4166062,677.4188099025047,20260907
D1,all_departure_delay_48h,3,26644847.755823225,677.2175106398182,20260907
D1,all_departure_delay_48h,4,26682294.311577965,676.0342173162688,20260907
D1,all_departure_delay_48h,5,26695833.659024045,675.9074058266331,20260907
D1,all_departure_delay_48h,6,26727239.591519024,675.8855651335441,20260907
D1,all_departure_delay_48h,7,26734097.192157898,675.6760665685111,20260907
D1,all_departure_delay_48h,8,26739526.520057518,675.5225046285631,20260907
D1,all_departure_delay_48h,9,26742232.55002315,673.6265555178561,20260907
D1,all_departure_delay_48h,10,26909589.496668454,672.6916834510065,20260907
D1,all_departure_delay_48h,11,26958172.816632956,672.1690506395598,20260907
D1,all_departure_delay_48h,12,26994155.99224189,671.8973342869092,20260907
D1,all_departure_delay_48h,13,27131358.739755273,670.7061056915734,20260907
D1,all_departure_delay_48h,14,27181960.806487605,670.0789257312164,20260912
D1,all_departure_delay_48h,15,27202556.83011441,670.0573073069239,20260907
D1,all_departure_delay_48h,16,27280773.502441652,669.9211144360296,20260912
D1,all_departure_delay_48h,17,27281761.68405177,669.7502769402682,20260912
D1,all_departure_delay_48h,18,27289741.69288748,669.3648993283188,20260912
D1,all_departure_delay_48h,19,27340749.078682736,669.2976289445028,20260912
D1,all_departure_delay_48h,20,27366693.24268456,669.0960700156044,20260912
D1,all_departure_delay_48h,21,27391880.70198726,668.369821405848,20260912
D1,all_departure_delay_48h,22,27423501.57737876,668.3641355535107,20260912
D1,all_departure_delay_48h,23,27444437.08130869,667.6047210468553,20260912
D1,all_departure_delay_48h,24,27499104.226805355,667.1048621605415,20260915
D1,all_departure_delay_48h,25,27599119.17888284,665.4706385711042,20260915
D1,all_departure_delay_48h,26,27776663.113222823,664.7504311873452,20260915
D1,all_departure_delay_48h,27,27784900.910622723,664.2103187298559,20260915
D1,all_departure_delay_48h,28,27840733.01951163,664.1026328705514,20260912
D1,all_departure_delay_48h,29,27950828.954091832,663.9570374294452,20260915
D1,all_departure_delay_48h,30,27953624.616790347,663.4024113798239,20260915
D1,all_departure_delay_48h,31,27993757.172013447,662.4778258863215,20260915
D1,all_departure_delay_48h,32,28068711.250447817,662.0463586340014,20260915
D1,pilot_baseline,1,24842445.19812098,660.4667559181308,20260906
D1,pilot_baseline,2,24848650.87177561,660.0019607945736,20260906
D1,pilot_baseline,3,24883568.201326527,658.6343352527729,20260906
D1,pilot_baseline,4,24888497.304555107,653.2299622158317,20260906
D1,pilot_baseline,5,24952312.852573715,653.0169489543077,20260906
D1,pilot_baseline,6,24988661.712288722,651.8252915182069,20260906
D1,pilot_baseline,7,25015801.614312228,651.7410650440858,20260906
D1,pilot_baseline,8,25027305.75699999,648.6471827837831,20260906
D1,pilot_baseline,9,25048405.284625843,647.9674761935964,20260906
D1,pilot_baseline,10,25145924.420690563,647.4400488001354,20260906
D1,pilot_baseline,11,25150426.31195558,646.7272102563984,20260906
D1,pilot_baseline,12,25154848.34343224,646.6180078702163,20260906
D1,pilot_baseline,13,25177392.60003796,645.9118055369357,20260933
D1,pilot_baseline,14,25183901.81765151,644.1530559632971,20260923
D1,pilot_baseline,15,25195300.396754384,644.1155008779716,20260923
D1,pilot_baseline,16,25213844.15011067,643.8694508795252,20260933
D1,pilot_baseline,17,25221481.169953357,642.4337207184383,20260932
D1,pilot_baseline,18,25245563.86645435,640.9869864564172,20260912
D1,pilot_baseline,19,25296118.36958161,638.6596958843554,20260912
D1,pilot_baseline,20,25313310.103698507,638.1804410406907,20260932
D1,pilot_baseline,21,25373170.16865519,637.603351320569,20260912
D1,pilot_baseline,22,25381113.971172906,637.462174937037,20260932
D1,pilot_baseline,23,25412277.976145215,637.3194423787354,20260932
D1,pilot_baseline,24,25412396.694947865,637.3121527390931,20260912
D1,pilot_baseline,25,25412552.53586355,636.2742574455212,20260932
D1,pilot_baseline,26,25477489.42523127,636.0770864938119,20260912
D1,pilot_baseline,27,25487990.91266626,635.4987189178859,20260932
D1,pilot_baseline,28,25511794.069225244,635.385771678844,20260912
D1,pilot_baseline,29,25512405.61914239,635.1958254120451,20260912
D1,pilot_baseline,30,25520009.66088834,635.0912322279218,20260912
D1,pilot_baseline,31,25530175.039977346,634.3162187577074,20260912
D1,pilot_baseline,32,25534679.101430047,634.2467667372729,20260912
D1,pilot_baseline,33,25571105.24786311,634.0019876096361,20260932
D1,pilot_baseline,34,25588168.39353081,633.7394485510819,20260932
D1,pilot_baseline,35,25589599.156443063,633.6585786905,20260912
D1,pilot_baseline,36,25606115.69696911,633.477243524744,20260912
D1,pilot_baseline,37,25608682.029926307,633.3881903918789,20260912
D1,pilot_baseline,38,25619704.380212445,633.305472433005,20260927
D1,pilot_baseline,39,25630303.21725872,633.1538114376112,20260932
D1,pilot_baseline,40,25632437.050621632,633.1062400407546,20260912
D1,pilot_baseline,41,25637883.522405136,632.4363962140179,20260912
D1,pilot_baseline,42,25663193.9963302,632.3481515333553,20260932
D1,pilot_baseline,43,25689245.819080215,632.1039281575665,20260932
D1,pilot_baseline,44,25690957.30946771,631.1828970683052,20260912
D1,pilot_baseline,45,25702106.96553333,631.1226613497582,20260912
D1,pilot_baseline,46,25721284.12020118,630.8132637265082,20260932
D1,pilot_baseline,47,25742052.779472794,630.2527356495924,20260912
D1,pilot_baseline,48,25781620.233055748,630.1124616298766,20260912
D1,pilot_baseline,49,25782069.58653237,629.0165537528575,20260932
D1,pilot_baseline,50,25784411.552524347,628.929771282216,20260932
D1,pilot_baseline,51,25850159.04732197,628.6040771836915,20260932
D1,pilot_baseline,52,25874523.312749244,627.7748981606636,20260927
D1,pilot_baseline,53,25887881.881216742,627.5799754051783,20260912
D1,pilot_baseline,54,25947772.611799456,627.1956124114544,20260919
D1,pilot_baseline,55,25960495.03648061,627.1248792493246,20260919
D1,pilot_baseline,56,25960787.670548104,626.3455665972414,20260919
D1,pilot_baseline,57,25978071.889775064,626.0830615249329,20260932
D1,pilot_baseline,58,26012100.002830815,625.5983008306623,20260919
D1,pilot_baseline,59,26035957.91802891,625.3908509426325,20260919
D1,pilot_baseline,60,26041528.754809827,625.1327766265262,20260927
D1,pilot_baseline,61,26047000.380012766,624.6409284071755,20260919
D1,pilot_baseline,62,26078454.04174026,624.6269236616813,20260919
D1,pilot_baseline,63,26088108.51695721,624.3071479515643,20260919
D1,pilot_baseline,64,26106149.48305315,624.1270090013602,20260919
D1,pilot_baseline,65,26141080.43551318,623.4929835591001,20260919
D1,pilot_baseline,66,26166187.815320842,622.7309224621099,20260919
D1,pilot_baseline,67,26181550.811070465,622.6004955759352,20260919
D1,pilot_baseline,68,26207714.111823913,622.1477503571793,20260919
D1,pilot_baseline,69,26230472.702329084,622.1421780482056,20260919
D1,pilot_baseline,70,26233073.149938818,621.8821146802418,20260919
D1,pilot_baseline,71,26286310.200127587,620.976794992271,20260919
D1,pilot_baseline,72,26309731.3301426,620.748467188563,20260919
D1,pilot_baseline,73,26389990.185705308,620.6939774268258,20260925
D1,pilot_baseline,74,26398415.777893074,620.4481500402061,20260925
D1,pilot_baseline,75,26412051.673197955,619.9291129020464,20260925
D1,pilot_baseline,76,26469059.059917103,619.6854423631269,20260915
D1,pilot_baseline,77,26478502.06672025,619.3641697795872,20260915
D1,pilot_baseline,78,26530623.826993868,619.3612708983297,20260915
D1,pilot_baseline,79,26544322.097125288,618.1737686731917,20260915
D1,pilot_baseline,80,26571173.55595367,617.897496926095,20260915
D1,pilot_baseline,81,26591906.179263618,617.5779448683761,20260915
D1,pilot_baseline,82,26653399.489870492,617.1121999235975,20260915
D1,pilot_baseline,83,26720476.696201835,616.6216548441273,20260915
D1,pilot_baseline,84,26772109.384655178,615.6406286172274,20260915
D1,uswc_compound_moderate,1,25794035.95289595,663.8347307756504,20260935
D1,uswc_compound_moderate,2,25844929.724699575,663.5659066747592,20260935
D1,uswc_compound_moderate,3,25849550.463640783,662.6589864426928,20260935
D1,uswc_compound_moderate,4,25851571.248969443,662.5276314519064,20260935
D1,uswc_compound_moderate,5,25891013.88891302,662.4722463902201,20260935
D1,uswc_compound_moderate,6,25905474.77156915,662.3398739523799,20260935
D1,uswc_compound_moderate,7,25927768.399788655,661.4821043448458,20260935
D1,uswc_compound_moderate,8,25932025.661840808,660.1346067632805,20260935
D1,uswc_compound_moderate,9,25956578.766974896,659.3114717404219,20260935
D1,uswc_compound_moderate,10,25987542.021316353,659.0565870740543,20260935
D1,uswc_compound_moderate,11,25991361.76820246,658.7893310104298,20260935
D1,uswc_compound_moderate,12,26019794.889952686,658.505489567355,20260935
D1,uswc_compound_moderate,13,26022970.564479932,658.3358148278771,20260935
D1,uswc_compound_moderate,14,26027591.530621015,658.108100216247,20260935
D1,uswc_compound_moderate,15,26073878.203099694,656.9086957353647,20260935
D1,uswc_compound_moderate,16,26113661.849395663,656.5208669369284,20260935
D1,uswc_compound_moderate,17,26119124.309887864,655.701974559134,20260935
D1,uswc_compound_moderate,18,26167092.545257524,655.3486938291841,20260935
D1,uswc_compound_moderate,19,26169224.00068794,655.1418359837483,20260935
D1,uswc_compound_moderate,20,26177157.62035545,655.1413023993413,20260935
D1,uswc_compound_moderate,21,26204629.295224465,654.7644451430525,20260935
D1,uswc_compound_moderate,22,26206297.634768642,654.6943915238032,20260935
D1,uswc_compound_moderate,23,26206455.02396478,654.4337659208259,20260935
D1,uswc_compound_moderate,24,26212378.626996215,654.2514631227336,20260935
D1,uswc_compound_moderate,25,26220088.278889652,653.794213525388,20260935
D1,uswc_compound_moderate,26,26269922.48844321,653.7476150476073,20260935
D1,uswc_compound_moderate,27,26276816.235968307,653.6489360877536,20260935
D1,uswc_compound_moderate,28,26277011.486783102,653.5890962695727,20260932
D1,uswc_compound_moderate,29,26284694.095859822,653.508921595073,20260935
D1,uswc_compound_moderate,30,26285864.36123724,652.7155154807936,20260935
D1,uswc_compound_moderate,31,26299420.75866334,652.2365924402085,20260935
D1,uswc_compound_moderate,32,26329269.600978173,651.8234528327419,20260935
D1,uswc_compound_moderate,33,26358580.43491368,651.6978983674279,20260935
D1,uswc_compound_moderate,34,26396140.44648764,651.408779001066,20260922
D1,uswc_compound_moderate,35,26398782.318629634,650.9342500742262,20260922
D1,uswc_compound_moderate,36,26410618.10716313,650.516527236514,20260922
D1,uswc_compound_moderate,37,26444134.11343667,650.2573377330384,20260932
D1,uswc_compound_moderate,38,26457361.55113562,649.6409182963488,20260910
D1,uswc_compound_moderate,39,26514248.84762022,649.243019111109,20260911
D1,uswc_compound_moderate,40,26527687.434366666,647.4785586313686,20260930
D1,uswc_compound_moderate,41,26574419.42993219,647.2533376804898,20260919
D1,uswc_compound_moderate,42,26587300.636373304,647.216409517536,20260907
D1,uswc_compound_moderate,43,26600956.90501756,646.9121148841488,20260919
D1,uswc_compound_moderate,44,26611173.011444073,646.3343108886656,20260930
D1,uswc_compound_moderate,45,26633155.20084045,646.2615539037249,20260930
D1,uswc_compound_moderate,46,26677046.552682336,645.0147143257431,20260930
D1,uswc_compound_moderate,47,26682207.3108854,644.1889923811264,20260919
D1,uswc_compound_moderate,48,26731459.812758043,643.7228069914827,20260931
D1,uswc_compound_moderate,49,26733516.03031469,643.563722803202,20260930
D1,uswc_compound_moderate,50,26736785.76300084,642.7823691016769,20260919
D1,uswc_compound_moderate,51,26758245.174655065,642.6480601247354,20260930
D1,uswc_compound_moderate,52,26774646.241519075,642.0289092522914,20260931
D1,uswc_compound_moderate,53,26813614.72603152,641.2699582265293,20260919
D1,uswc_compound_moderate,54,26848630.386081617,641.1608374258648,20260930
D1,uswc_compound_moderate,55,26858303.395481486,640.3087643633651,20260931
D1,uswc_compound_moderate,56,26914998.033025637,639.6374011604971,20260919
D1,uswc_compound_moderate,57,26937958.597003646,639.202516984034,20260919
D1,uswc_compound_moderate,58,26987463.05473057,639.1425665308388,20260931
D1,uswc_compound_moderate,59,27000851.53834855,638.9963930837843,20260931
D1,uswc_compound_moderate,60,27013178.979904573,638.9496040415003,20260931
D1,uswc_compound_moderate,61,27039800.470539894,638.8334629639894,20260931
D1,uswc_compound_moderate,62,27041313.477460265,638.4788886326967,20260931
D1,uswc_compound_moderate,63,27081540.575384647,638.457240909038,20260931
D1,uswc_compound_moderate,64,27089053.66092734,638.4142313997708,20260931
D1,uswc_compound_moderate,65,27117547.51917207,638.1925115862607,20260931
D1,uswc_compound_moderate,66,27135186.3188677,638.0656866967323,20260931
D1,uswc_compound_moderate,67,27154755.061430424,637.7921610628564,20260931
D1,uswc_compound_moderate,68,27196993.83450951,637.690385884038,20260931
D1,uswc_compound_moderate,69,27229355.58096506,637.6054209481214,20260931
D1,uswc_compound_moderate,70,27263483.72997508,637.0385498671892,20260931
D1,uswc_compound_moderate,71,27287046.670237377,636.8771283939482,20260931
D1,uswc_compound_severe,1,29108946.365267005,715.0071919015791,20260927
D1,uswc_compound_severe,2,29249275.053543817,714.5437237861336,20260926
D1,uswc_compound_severe,3,29306149.971449926,714.2989326499811,20260927
D1,uswc_compound_severe,4,29390085.934251133,713.8501013238673,20260927
D1,uswc_compound_severe,5,29657523.258517105,713.7539224832908,20260924
D1,uswc_compound_severe,6,29708360.75101176,713.2569095526686,20260927
D1,uswc_compound_severe,7,29978867.10115714,712.9098448586556,20260926
D1,uswc_compound_severe,8,30061680.654357743,712.6591976570356,20260926
D1,uswc_compound_severe,9,30175407.080685396,712.0654760883434,20260906
D1,uswc_compound_severe,10,30457963.19368394,711.1799062357899,20260906
D1,uswc_departure_delay_24h,1,25794035.95289595,663.8347307756504,20260935
D1,uswc_departure_delay_24h,2,25844929.724699575,663.5659066747592,20260935
D1,uswc_departure_delay_24h,3,25849550.463640783,662.6589864426928,20260935
D1,uswc_departure_delay_24h,4,25851571.248969443,662.5276314519064,20260935
D1,uswc_departure_delay_24h,5,25891013.88891302,662.4722463902201,20260935
D1,uswc_departure_delay_24h,6,25905474.77156915,662.3398739523799,20260935
D1,uswc_departure_delay_24h,7,25927768.399788655,661.4821043448458,20260935
D1,uswc_departure_delay_24h,8,25932025.661840808,660.1346067632805,20260935
D1,uswc_departure_delay_24h,9,25956578.766974896,659.3114717404219,20260935
D1,uswc_departure_delay_24h,10,25987542.021316353,659.0565870740543,20260935
D1,uswc_departure_delay_24h,11,25991361.76820246,658.7893310104298,20260935
D1,uswc_departure_delay_24h,12,26019794.889952686,658.505489567355,20260935
D1,uswc_departure_delay_24h,13,26022970.564479932,658.3358148278771,20260935
D1,uswc_departure_delay_24h,14,26027591.530621015,658.108100216247,20260935
D1,uswc_departure_delay_24h,15,26073878.203099694,656.9086957353647,20260935
D1,uswc_departure_delay_24h,16,26113661.849395663,656.5208669369284,20260935
D1,uswc_departure_delay_24h,17,26119124.309887864,655.701974559134,20260935
D1,uswc_departure_delay_24h,18,26167092.545257524,655.3486938291841,20260935
D1,uswc_departure_delay_24h,19,26169224.00068794,655.1418359837483,20260935
D1,uswc_departure_delay_24h,20,26177157.62035545,655.1413023993413,20260935
D1,uswc_departure_delay_24h,21,26204629.295224465,654.7644451430525,20260935
D1,uswc_departure_delay_24h,22,26206297.634768642,654.6943915238032,20260935
D1,uswc_departure_delay_24h,23,26206455.02396478,654.4337659208259,20260935
D1,uswc_departure_delay_24h,24,26212378.626996215,654.2514631227336,20260935
D1,uswc_departure_delay_24h,25,26220088.278889652,653.794213525388,20260935
D1,uswc_departure_delay_24h,26,26269922.48844321,653.7476150476073,20260935
D1,uswc_departure_delay_24h,27,26276816.235968307,653.6489360877536,20260935
D1,uswc_departure_delay_24h,28,26277011.486783102,653.5890962695727,20260932
D1,uswc_departure_delay_24h,29,26284694.095859822,653.508921595073,20260935
D1,uswc_departure_delay_24h,30,26285864.36123724,652.7155154807936,20260935
D1,uswc_departure_delay_24h,31,26299420.75866334,652.2365924402085,20260935
D1,uswc_departure_delay_24h,32,26329269.600978173,651.8234528327419,20260935
D1,uswc_departure_delay_24h,33,26358580.43491368,651.6978983674279,20260935
D1,uswc_departure_delay_24h,34,26396140.44648764,651.408779001066,20260922
D1,uswc_departure_delay_24h,35,26398782.318629634,650.9342500742262,20260922
D1,uswc_departure_delay_24h,36,26410618.10716313,650.516527236514,20260922
D1,uswc_departure_delay_24h,37,26444134.11343667,650.2573377330384,20260932
D1,uswc_departure_delay_24h,38,26457361.55113562,649.6409182963488,20260910
D1,uswc_departure_delay_24h,39,26514248.84762022,649.243019111109,20260911
D1,uswc_departure_delay_24h,40,26527687.434366666,647.4785586313686,20260930
D1,uswc_departure_delay_24h,41,26574419.42993219,647.2533376804898,20260919
D1,uswc_departure_delay_24h,42,26587300.636373304,647.216409517536,20260907
D1,uswc_departure_delay_24h,43,26600956.90501756,646.9121148841488,20260919
D1,uswc_departure_delay_24h,44,26611173.011444073,646.3343108886656,20260930
D1,uswc_departure_delay_24h,45,26633155.20084045,646.2615539037249,20260930
D1,uswc_departure_delay_24h,46,26677046.552682336,645.0147143257431,20260930
D1,uswc_departure_delay_24h,47,26682207.3108854,644.1889923811264,20260919
D1,uswc_departure_delay_24h,48,26731459.812758043,643.7228069914827,20260931
D1,uswc_departure_delay_24h,49,26733516.03031469,643.563722803202,20260930
D1,uswc_departure_delay_24h,50,26736785.76300084,642.7823691016769,20260919
D1,uswc_departure_delay_24h,51,26758245.174655065,642.6480601247354,20260930
D1,uswc_departure_delay_24h,52,26774646.241519075,642.0289092522914,20260931
D1,uswc_departure_delay_24h,53,26813614.72603152,641.2699582265293,20260919
D1,uswc_departure_delay_24h,54,26848630.386081617,641.1608374258648,20260930
D1,uswc_departure_delay_24h,55,26858303.395481486,640.3087643633651,20260931
D1,uswc_departure_delay_24h,56,26914998.033025637,639.6374011604971,20260919
D1,uswc_departure_delay_24h,57,26937958.597003646,639.202516984034,20260919
D1,uswc_departure_delay_24h,58,26987463.05473057,639.1425665308388,20260931
D1,uswc_departure_delay_24h,59,27000851.53834855,638.9963930837843,20260931
D1,uswc_departure_delay_24h,60,27013178.979904573,638.9496040415003,20260931
D1,uswc_departure_delay_24h,61,27039800.470539894,638.8334629639894,20260931
D1,uswc_departure_delay_24h,62,27041313.477460265,638.4788886326967,20260931
D1,uswc_departure_delay_24h,63,27081540.575384647,638.457240909038,20260931
D1,uswc_departure_delay_24h,64,27089053.66092734,638.4142313997708,20260931
D1,uswc_departure_delay_24h,65,27117547.51917207,638.1925115862607,20260931
D1,uswc_departure_delay_24h,66,27135186.3188677,638.0656866967323,20260931
D1,uswc_departure_delay_24h,67,27154755.061430424,637.7921610628564,20260931
D1,uswc_departure_delay_24h,68,27196993.83450951,637.690385884038,20260931
D1,uswc_departure_delay_24h,69,27229355.58096506,637.6054209481214,20260931
D1,uswc_departure_delay_24h,70,27263483.72997508,637.0385498671892,20260931
D1,uswc_departure_delay_24h,71,27287046.670237377,636.8771283939482,20260931
D1,uswc_departure_delay_72h,1,27362848.23379976,692.2227618888652,20260934
D1,uswc_departure_delay_72h,2,27395907.730939813,689.3940262648234,20260934
D1,uswc_departure_delay_72h,3,27444662.99259105,689.3522936008184,20260934
D1,uswc_departure_delay_72h,4,27478984.189139828,689.2179447270573,20260934
D1,uswc_departure_delay_72h,5,27514004.825926602,687.8059401024591,20260934
D1,uswc_departure_delay_72h,6,27523921.430816438,687.505693011437,20260934
D1,uswc_departure_delay_72h,7,27540024.322832413,686.6989944917337,20260934
D1,uswc_departure_delay_72h,8,27562104.89937842,686.4675720232192,20260934
D1,uswc_departure_delay_72h,9,27571621.389495883,685.7429748242471,20260934
D1,uswc_departure_delay_72h,10,27572225.991038464,684.7665519253616,20260933
D1,uswc_departure_delay_72h,11,27582488.415038552,683.4473938064363,20260933
D1,uswc_departure_delay_72h,12,27602444.214620207,683.2276430662387,20260923
D1,uswc_departure_delay_72h,13,27653439.578963596,683.1740718025133,20260923
D1,uswc_departure_delay_72h,14,27664453.752612963,682.617453761542,20260923
D1,uswc_departure_delay_72h,15,27664981.135076996,681.0483704966011,20260933
D1,uswc_departure_delay_72h,16,27703026.388485923,680.6580402081697,20260923
D1,uswc_departure_delay_72h,17,27797367.350732464,680.6442840598615,20260923
D1,uswc_departure_delay_72h,18,27827487.77665779,680.559992655004,20260923
D1,uswc_departure_delay_72h,19,27845393.12842218,680.4575659736281,20260933
D1,uswc_departure_delay_72h,20,27855113.56767856,680.4536754117369,20260923
D1,uswc_departure_delay_72h,21,27861957.69844307,679.4470660936472,20260924
D1,uswc_departure_delay_72h,22,27995842.765161518,678.9334324639279,20260919
D1,uswc_departure_delay_72h,23,28018564.30108833,678.9071786988154,20260915
D1,uswc_departure_delay_72h,24,28030357.579558548,678.5197113155384,20260924
D1,uswc_departure_delay_72h,25,28062007.36351522,678.4259123657858,20260919
D1,uswc_departure_delay_72h,26,28078743.199257202,677.8248279978069,20260924
D1,uswc_departure_delay_72h,27,28190640.10847946,677.7015353832442,20260919
D1,uswc_departure_delay_72h,28,28203404.792785414,677.4714548545705,20260919
D1,uswc_departure_delay_72h,29,28229757.595800422,677.3778284386333,20260915
D1,uswc_departure_delay_72h,30,28287637.099848714,677.2518874008093,20260915
D1,uswc_departure_delay_72h,31,28289760.828035135,676.8746702183015,20260915
D1,uswc_departure_delay_72h,32,28336272.66966127,676.7038155315756,20260915
D1,uswc_departure_delay_72h,33,28417040.488544453,676.3385751062242,20260915
D1,uswc_departure_delay_72h,34,28476651.418450117,676.0415841166086,20260915
D1,uswc_departure_delay_72h,35,28508972.269125417,675.9502920933285,20260915
D1,uswc_departure_delay_72h,36,28521651.15103073,675.8520129786247,20260915
D1,uswc_port_capacity_125pct,1,24842445.19812098,660.4667559181308,20260906
D1,uswc_port_capacity_125pct,2,24848650.87177561,660.0019607945736,20260906
D1,uswc_port_capacity_125pct,3,24883568.201326527,658.6343352527729,20260906
D1,uswc_port_capacity_125pct,4,24888497.304555107,653.2299622158317,20260906
D1,uswc_port_capacity_125pct,5,24952312.852573715,653.0169489543077,20260906
D1,uswc_port_capacity_125pct,6,24988661.712288722,651.8252915182069,20260906
D1,uswc_port_capacity_125pct,7,25015801.614312228,651.7410650440858,20260906
D1,uswc_port_capacity_125pct,8,25027305.75699999,648.6471827837831,20260906
D1,uswc_port_capacity_125pct,9,25048405.284625843,647.9674761935964,20260906
D1,uswc_port_capacity_125pct,10,25145924.420690563,647.4400488001354,20260906
D1,uswc_port_capacity_125pct,11,25150426.31195558,646.7272102563984,20260906
D1,uswc_port_capacity_125pct,12,25154848.34343224,646.6180078702163,20260906
D1,uswc_port_capacity_125pct,13,25177392.60003796,645.9118055369357,20260933
D1,uswc_port_capacity_125pct,14,25183901.81765151,644.1530559632971,20260923
D1,uswc_port_capacity_125pct,15,25195300.396754384,644.1155008779716,20260923
D1,uswc_port_capacity_125pct,16,25213844.15011067,643.8694508795252,20260933
D1,uswc_port_capacity_125pct,17,25221481.169953357,642.4337207184383,20260932
D1,uswc_port_capacity_125pct,18,25245563.86645435,640.9869864564172,20260912
D1,uswc_port_capacity_125pct,19,25296118.36958161,638.6596958843554,20260912
D1,uswc_port_capacity_125pct,20,25313310.103698507,638.1804410406907,20260932
D1,uswc_port_capacity_125pct,21,25373170.16865519,637.603351320569,20260912
D1,uswc_port_capacity_125pct,22,25381113.971172906,637.462174937037,20260932
D1,uswc_port_capacity_125pct,23,25412277.976145215,637.3194423787354,20260932
D1,uswc_port_capacity_125pct,24,25412396.694947865,637.3121527390931,20260912
D1,uswc_port_capacity_125pct,25,25412552.53586355,636.2742574455212,20260932
D1,uswc_port_capacity_125pct,26,25477489.42523127,636.0770864938119,20260912
D1,uswc_port_capacity_125pct,27,25487990.91266626,635.4987189178859,20260932
D1,uswc_port_capacity_125pct,28,25511794.069225244,635.385771678844,20260912
D1,uswc_port_capacity_125pct,29,25512405.61914239,635.1958254120451,20260912
D1,uswc_port_capacity_125pct,30,25520009.66088834,635.0912322279218,20260912
D1,uswc_port_capacity_125pct,31,25530175.039977346,634.3162187577074,20260912
D1,uswc_port_capacity_125pct,32,25534679.101430047,634.2467667372729,20260912
D1,uswc_port_capacity_125pct,33,25571105.24786311,634.0019876096361,20260932
D1,uswc_port_capacity_125pct,34,25588168.39353081,633.7394485510819,20260932
D1,uswc_port_capacity_125pct,35,25589599.156443063,633.6585786905,20260912
D1,uswc_port_capacity_125pct,36,25606115.69696911,633.477243524744,20260912
D1,uswc_port_capacity_125pct,37,25608682.029926307,633.3881903918789,20260912
D1,uswc_port_capacity_125pct,38,25619704.380212445,633.305472433005,20260927
D1,uswc_port_capacity_125pct,39,25630303.21725872,633.1538114376112,20260932
D1,uswc_port_capacity_125pct,40,25632437.050621632,633.1062400407546,20260912
D1,uswc_port_capacity_125pct,41,25637883.522405136,632.4363962140179,20260912
D1,uswc_port_capacity_125pct,42,25663193.9963302,632.3481515333553,20260932
D1,uswc_port_capacity_125pct,43,25689245.819080215,632.1039281575665,20260932
D1,uswc_port_capacity_125pct,44,25690957.30946771,631.1828970683052,20260912
D1,uswc_port_capacity_125pct,45,25702106.96553333,631.1226613497582,20260912
D1,uswc_port_capacity_125pct,46,25721284.12020118,630.8132637265082,20260932
D1,uswc_port_capacity_125pct,47,25742052.779472794,630.2527356495924,20260912
D1,uswc_port_capacity_125pct,48,25781620.233055748,630.1124616298766,20260912
D1,uswc_port_capacity_125pct,49,25782069.58653237,629.0165537528575,20260932
D1,uswc_port_capacity_125pct,50,25784411.552524347,628.929771282216,20260932
D1,uswc_port_capacity_125pct,51,25850159.04732197,628.6040771836915,20260932
D1,uswc_port_capacity_125pct,52,25874523.312749244,627.7748981606636,20260927
D1,uswc_port_capacity_125pct,53,25887881.881216742,627.5799754051783,20260912
D1,uswc_port_capacity_125pct,54,25947772.611799456,627.1956124114544,20260919
D1,uswc_port_capacity_125pct,55,25960495.03648061,627.1248792493246,20260919
D1,uswc_port_capacity_125pct,56,25960787.670548104,626.3455665972414,20260919
D1,uswc_port_capacity_125pct,57,25978071.889775064,626.0830615249329,20260932
D1,uswc_port_capacity_125pct,58,26012100.002830815,625.5983008306623,20260919
D1,uswc_port_capacity_125pct,59,26035957.91802891,625.3908509426325,20260919
D1,uswc_port_capacity_125pct,60,26041528.754809827,625.1327766265262,20260927
D1,uswc_port_capacity_125pct,61,26047000.380012766,624.6409284071755,20260919
D1,uswc_port_capacity_125pct,62,26078454.04174026,624.6269236616813,20260919
D1,uswc_port_capacity_125pct,63,26088108.51695721,624.3071479515643,20260919
D1,uswc_port_capacity_125pct,64,26106149.48305315,624.1270090013602,20260919
D1,uswc_port_capacity_125pct,65,26141080.43551318,623.4929835591001,20260919
D1,uswc_port_capacity_125pct,66,26166187.815320842,622.7309224621099,20260919
D1,uswc_port_capacity_125pct,67,26181550.811070465,622.6004955759352,20260919
D1,uswc_port_capacity_125pct,68,26207714.111823913,622.1477503571793,20260919
D1,uswc_port_capacity_125pct,69,26230472.702329084,622.1421780482056,20260919
D1,uswc_port_capacity_125pct,70,26233073.149938818,621.8821146802418,20260919
D1,uswc_port_capacity_125pct,71,26286310.200127587,620.976794992271,20260919
D1,uswc_port_capacity_125pct,72,26309731.3301426,620.748467188563,20260919
D1,uswc_port_capacity_125pct,73,26389990.185705308,620.6939774268258,20260925
D1,uswc_port_capacity_125pct,74,26398415.777893074,620.4481500402061,20260925
D1,uswc_port_capacity_125pct,75,26412051.673197955,619.9291129020464,20260925
D1,uswc_port_capacity_125pct,76,26469059.059917103,619.6854423631269,20260915
D1,uswc_port_capacity_125pct,77,26478502.06672025,619.3641697795872,20260915
D1,uswc_port_capacity_125pct,78,26530623.826993868,619.3612708983297,20260915
D1,uswc_port_capacity_125pct,79,26544322.097125288,618.1737686731917,20260915
D1,uswc_port_capacity_125pct,80,26571173.55595367,617.897496926095,20260915
D1,uswc_port_capacity_125pct,81,26591906.179263618,617.5779448683761,20260915
D1,uswc_port_capacity_125pct,82,26653399.489870492,617.1121999235975,20260915
D1,uswc_port_capacity_125pct,83,26720476.696201835,616.6216548441273,20260915
D1,uswc_port_capacity_125pct,84,26772109.384655178,615.6406286172274,20260915
D1,uswc_port_capacity_50pct,1,24930893.608474642,655.2349023262012,20260929
D1,uswc_port_capacity_50pct,2,24940704.82150948,650.8352567753644,20260929
D1,uswc_port_capacity_50pct,3,25046722.330274034,650.2359812193286,20260929
D1,uswc_port_capacity_50pct,4,25065943.9853397,650.157057762457,20260927
D1,uswc_port_capacity_50pct,5,25099215.530851416,648.7728601351488,20260934
D1,uswc_port_capacity_50pct,6,25170810.729283363,648.5819753693336,20260934
D1,uswc_port_capacity_50pct,7,25185461.683584347,648.2670155507706,20260934
D1,uswc_port_capacity_50pct,8,25251034.408944722,648.1499649064303,20260922
D1,uswc_port_capacity_50pct,9,25254131.947929624,648.0540174794351,20260934
D1,uswc_port_capacity_50pct,10,25300310.83121164,647.7201026619094,20260906
D1,uswc_port_capacity_50pct,11,25363018.93921191,647.4615678766605,20260934
D1,uswc_port_capacity_50pct,12,25365062.660179533,647.2788762054203,20260934
D1,uswc_port_capacity_50pct,13,25462719.11970464,647.0621857905377,20260922
D1,uswc_port_capacity_50pct,14,25494071.513745375,646.9731261461301,20260907
D1,uswc_port_capacity_50pct,15,25503277.52551346,646.8335192996275,20260934
D1,uswc_port_capacity_50pct,16,25547671.77316292,646.6371629968601,20260907
D1,uswc_port_capacity_50pct,17,25646166.54826108,646.5044818552957,20260907
D1,uswc_port_capacity_50pct,18,25647335.808979772,646.4629077050631,20260922
D1,uswc_port_capacity_50pct,19,25654236.551638156,646.3194628054049,20260935
D1,uswc_port_capacity_50pct,20,25654482.95623436,646.232024268269,20260934
D1,uswc_port_capacity_50pct,21,25659001.564097624,646.146146648507,20260907
D1,uswc_port_capacity_50pct,22,25662499.9777219,645.7072766740837,20260935
D1,uswc_port_capacity_50pct,23,25789299.865395732,645.6302611631006,20260907
D1,uswc_port_capacity_50pct,24,25803023.831830535,645.5425528415101,20260935
D1,uswc_port_capacity_50pct,25,25829381.892407145,644.9564903127937,20260907
D1,uswc_port_capacity_50pct,26,25947545.004904367,644.9010551484733,20260935
D1,uswc_port_capacity_50pct,27,25965820.358097922,644.632083284647,20260935
D1,uswc_port_capacity_50pct,28,26018004.390413016,644.6236910104864,20260907
D1,uswc_port_capacity_50pct,29,26031270.491977084,644.5898764035106,20260935
D1,uswc_port_capacity_50pct,30,26056076.450405777,644.4957042456792,20260927
D1,uswc_port_capacity_50pct,31,26084450.848686304,644.3713453277587,20260935
D1,uswc_port_capacity_50pct,32,26122586.927341223,644.3405740509208,20260935
D1,uswc_port_capacity_50pct,33,26132546.129038565,644.1933786425891,20260927
D1,uswc_port_capacity_50pct,34,26203266.17027371,644.1004616199616,20260927
D1,uswc_port_capacity_50pct,35,26220251.712703474,644.0925218530222,20260935
D1,uswc_port_capacity_50pct,36,26225616.620906234,644.0923293308159,20260927
D1,uswc_port_capacity_50pct,37,26254010.569374103,643.8455241138256,20260935
D1,uswc_port_capacity_50pct,38,26288318.79735203,643.5156717597563,20260927
D1,uswc_port_capacity_50pct,39,26291871.00612112,643.4769701128472,20260927
D1,uswc_port_capacity_50pct,40,26381657.87589582,643.4458063632683,20260935
D1,uswc_port_capacity_50pct,41,26412194.38396134,643.3532404506121,20260935
D1,uswc_port_capacity_50pct,42,26523588.511026856,642.9656188300225,20260916
D1,uswc_port_capacity_50pct,43,26571643.68480504,642.6944792648203,20260916
D1,uswc_port_capacity_50pct,44,26575424.43253104,642.2013784179537,20260907
D1,uswc_port_capacity_75pct,1,24842445.19812098,660.4667559181308,20260906
D1,uswc_port_capacity_75pct,2,24848650.87177561,660.0019607945736,20260906
D1,uswc_port_capacity_75pct,3,24883568.201326527,658.6343352527729,20260906
D1,uswc_port_capacity_75pct,4,24888497.304555107,653.2299622158317,20260906
D1,uswc_port_capacity_75pct,5,24952312.852573715,653.0169489543077,20260906
D1,uswc_port_capacity_75pct,6,24988661.712288722,651.8252915182069,20260906
D1,uswc_port_capacity_75pct,7,25015801.614312228,651.7410650440858,20260906
D1,uswc_port_capacity_75pct,8,25027305.75699999,648.6471827837831,20260906
D1,uswc_port_capacity_75pct,9,25048405.284625843,647.9674761935964,20260906
D1,uswc_port_capacity_75pct,10,25145924.420690563,647.4400488001354,20260906
D1,uswc_port_capacity_75pct,11,25150426.31195558,646.7272102563984,20260906
D1,uswc_port_capacity_75pct,12,25154848.34343224,646.6180078702163,20260906
D1,uswc_port_capacity_75pct,13,25177392.60003796,645.9118055369357,20260933
D1,uswc_port_capacity_75pct,14,25183901.81765151,644.1530559632971,20260923
D1,uswc_port_capacity_75pct,15,25195300.396754384,644.1155008779716,20260923
D1,uswc_port_capacity_75pct,16,25213844.15011067,643.8694508795252,20260933
D1,uswc_port_capacity_75pct,17,25221481.169953357,642.4337207184383,20260932
D1,uswc_port_capacity_75pct,18,25245563.86645435,640.9869864564172,20260912
D1,uswc_port_capacity_75pct,19,25296118.36958161,638.6596958843554,20260912
D1,uswc_port_capacity_75pct,20,25313310.103698507,638.1804410406907,20260932
D1,uswc_port_capacity_75pct,21,25373170.16865519,637.603351320569,20260912
D1,uswc_port_capacity_75pct,22,25381113.971172906,637.462174937037,20260932
D1,uswc_port_capacity_75pct,23,25412277.976145215,637.3194423787354,20260932
D1,uswc_port_capacity_75pct,24,25412396.694947865,637.3121527390931,20260912
D1,uswc_port_capacity_75pct,25,25412552.53586355,636.2742574455212,20260932
D1,uswc_port_capacity_75pct,26,25477489.42523127,636.0770864938119,20260912
D1,uswc_port_capacity_75pct,27,25487990.91266626,635.4987189178859,20260932
D1,uswc_port_capacity_75pct,28,25511794.069225244,635.385771678844,20260912
D1,uswc_port_capacity_75pct,29,25512405.61914239,635.1958254120451,20260912
D1,uswc_port_capacity_75pct,30,25520009.66088834,635.0912322279218,20260912
D1,uswc_port_capacity_75pct,31,25530175.039977346,634.3162187577074,20260912
D1,uswc_port_capacity_75pct,32,25534679.101430047,634.2467667372729,20260912
D1,uswc_port_capacity_75pct,33,25571105.24786311,634.0019876096361,20260932
D1,uswc_port_capacity_75pct,34,25588168.39353081,633.7394485510819,20260932
D1,uswc_port_capacity_75pct,35,25589599.156443063,633.6585786905,20260912
D1,uswc_port_capacity_75pct,36,25606115.69696911,633.477243524744,20260912
D1,uswc_port_capacity_75pct,37,25608682.029926307,633.3881903918789,20260912
D1,uswc_port_capacity_75pct,38,25619704.380212445,633.305472433005,20260927
D1,uswc_port_capacity_75pct,39,25630303.21725872,633.1538114376112,20260932
D1,uswc_port_capacity_75pct,40,25632437.050621632,633.1062400407546,20260912
D1,uswc_port_capacity_75pct,41,25637883.522405136,632.4363962140179,20260912
D1,uswc_port_capacity_75pct,42,25663193.9963302,632.3481515333553,20260932
D1,uswc_port_capacity_75pct,43,25689245.819080215,632.1039281575665,20260932
D1,uswc_port_capacity_75pct,44,25690957.30946771,631.1828970683052,20260912
D1,uswc_port_capacity_75pct,45,25702106.96553333,631.1226613497582,20260912
D1,uswc_port_capacity_75pct,46,25721284.12020118,630.8132637265082,20260932
D1,uswc_port_capacity_75pct,47,25742052.779472794,630.2527356495924,20260912
D1,uswc_port_capacity_75pct,48,25781620.233055748,630.1124616298766,20260912
D1,uswc_port_capacity_75pct,49,25782069.58653237,629.0165537528575,20260932
D1,uswc_port_capacity_75pct,50,25784411.552524347,628.929771282216,20260932
D1,uswc_port_capacity_75pct,51,25850159.04732197,628.6040771836915,20260932
D1,uswc_port_capacity_75pct,52,25874523.312749244,627.7748981606636,20260927
D1,uswc_port_capacity_75pct,53,25887881.881216742,627.5799754051783,20260912
D1,uswc_port_capacity_75pct,54,25947772.611799456,627.1956124114544,20260919
D1,uswc_port_capacity_75pct,55,25960495.03648061,627.1248792493246,20260919
D1,uswc_port_capacity_75pct,56,25960787.670548104,626.3455665972414,20260919
D1,uswc_port_capacity_75pct,57,25978071.889775064,626.0830615249329,20260932
D1,uswc_port_capacity_75pct,58,26012100.002830815,625.5983008306623,20260919
D1,uswc_port_capacity_75pct,59,26035957.91802891,625.3908509426325,20260919
D1,uswc_port_capacity_75pct,60,26041528.754809827,625.1327766265262,20260927
D1,uswc_port_capacity_75pct,61,26047000.380012766,624.6409284071755,20260919
D1,uswc_port_capacity_75pct,62,26078454.04174026,624.6269236616813,20260919
D1,uswc_port_capacity_75pct,63,26088108.51695721,624.3071479515643,20260919
D1,uswc_port_capacity_75pct,64,26106149.48305315,624.1270090013602,20260919
D1,uswc_port_capacity_75pct,65,26141080.43551318,623.4929835591001,20260919
D1,uswc_port_capacity_75pct,66,26166187.815320842,622.7309224621099,20260919
D1,uswc_port_capacity_75pct,67,26181550.811070465,622.6004955759352,20260919
D1,uswc_port_capacity_75pct,68,26207714.111823913,622.1477503571793,20260919
D1,uswc_port_capacity_75pct,69,26230472.702329084,622.1421780482056,20260919
D1,uswc_port_capacity_75pct,70,26233073.149938818,621.8821146802418,20260919
D1,uswc_port_capacity_75pct,71,26286310.200127587,620.976794992271,20260919
D1,uswc_port_capacity_75pct,72,26309731.3301426,620.748467188563,20260919
D1,uswc_port_capacity_75pct,73,26389990.185705308,620.6939774268258,20260925
D1,uswc_port_capacity_75pct,74,26398415.777893074,620.4481500402061,20260925
D1,uswc_port_capacity_75pct,75,26412051.673197955,619.9291129020464,20260925
D1,uswc_port_capacity_75pct,76,26469059.059917103,619.6854423631269,20260915
D1,uswc_port_capacity_75pct,77,26478502.06672025,619.3641697795872,20260915
D1,uswc_port_capacity_75pct,78,26530623.826993868,619.3612708983297,20260915
D1,uswc_port_capacity_75pct,79,26544322.097125288,618.1737686731917,20260915
D1,uswc_port_capacity_75pct,80,26571173.55595367,617.897496926095,20260915
D1,uswc_port_capacity_75pct,81,26591906.179263618,617.5779448683761,20260915
D1,uswc_port_capacity_75pct,82,26653399.489870492,617.1121999235975,20260915
D1,uswc_port_capacity_75pct,83,26720476.696201835,616.6216548441273,20260915
D1,uswc_port_capacity_75pct,84,26772109.384655178,615.6406286172274,20260915
D2,all_departure_delay_48h,1,26332849.07385339,676.1477231527515,20260915
D2,all_departure_delay_48h,2,26419795.003030248,675.6852993511609,20260915
D2,all_departure_delay_48h,3,26453352.49842853,674.9115020401363,20260915
D2,all_departure_delay_48h,4,26478051.709594913,674.1268622539388,20260915
D2,all_departure_delay_48h,5,26501347.036797933,673.6150994084219,20260915
D2,all_departure_delay_48h,6,26549935.787812047,673.0944096405769,20260915
D2,all_departure_delay_48h,7,26598518.853355158,672.5627268590688,20260915
D2,all_departure_delay_48h,8,26606375.664371923,672.4726880914253,20260915
D2,all_departure_delay_48h,9,26618105.853130672,672.1706918519307,20260915
D2,all_departure_delay_48h,10,26623319.556645714,672.1357202605456,20260915
D2,all_departure_delay_48h,11,26632342.670486804,671.8782934189345,20260915
D2,all_departure_delay_48h,12,26720968.234277006,670.7304069665493,20260918
D2,all_departure_delay_48h,13,26731965.601175025,670.6322497460061,20260933
D2,all_departure_delay_48h,14,26743906.22369032,670.0431900714354,20260913
D2,all_departure_delay_48h,15,26764698.464766487,669.7265308367793,20260918
D2,all_departure_delay_48h,16,26780624.549220525,668.88111983956,20260926
D2,all_departure_delay_48h,17,26838049.546233013,668.8673233189977,20260933
D2,all_departure_delay_48h,18,26882583.7437898,666.9890890154621,20260918
D2,all_departure_delay_48h,19,26956819.1696022,666.2018287675728,20260918
D2,all_departure_delay_48h,20,27027197.30430072,665.377329363723,20260918
D2,all_departure_delay_48h,21,27029784.430812575,665.1363639308827,20260918
D2,all_departure_delay_48h,22,27035979.116268527,665.0090879701229,20260918
D2,all_departure_delay_48h,23,27082405.418621786,664.4117134688008,20260918
D2,all_departure_delay_48h,24,27099754.14528038,663.7449162891254,20260918
D2,all_departure_delay_48h,25,27230877.51447125,663.5107170626579,20260918
D2,all_departure_delay_48h,26,27460158.650454585,663.503413915049,20260921
D2,all_departure_delay_48h,27,27606464.583950788,663.4724113401707,20260921
D2,all_departure_delay_48h,28,27643988.82344038,663.2537850445607,20260921
D2,all_departure_delay_48h,29,27838244.062660478,662.8860775866294,20260920
D2,pilot_baseline,1,25042488.426821988,644.2228576954567,20260929
D2,pilot_baseline,2,25050600.72273132,642.432217909916,20260929
D2,pilot_baseline,3,25095579.711493533,642.2834995966234,20260929
D2,pilot_baseline,4,25123601.95313961,640.498511398455,20260907
D2,pilot_baseline,5,25147443.083006445,638.954472984277,20260935
D2,pilot_baseline,6,25162484.532220487,636.4340384670242,20260922
D2,pilot_baseline,7,25193293.341905214,635.6687707884093,20260919
D2,pilot_baseline,8,25204780.642482918,635.3951792811853,20260935
D2,pilot_baseline,9,25224910.491723917,635.123124280483,20260919
D2,pilot_baseline,10,25230698.312514964,634.7985186472152,20260919
D2,pilot_baseline,11,25232158.574837178,634.7481784650669,20260919
D2,pilot_baseline,12,25251506.218225747,634.5276644590829,20260922
D2,pilot_baseline,13,25254602.764740624,634.2012627418892,20260935
D2,pilot_baseline,14,25261721.687618826,634.0982443961713,20260919
D2,pilot_baseline,15,25262982.920210816,633.716195204016,20260922
D2,pilot_baseline,16,25268697.9829264,633.3063059927446,20260919
D2,pilot_baseline,17,25283623.192006044,632.7442916622921,20260919
D2,pilot_baseline,18,25289409.092763457,632.519496682952,20260919
D2,pilot_baseline,19,25297568.186163597,631.7038830328336,20260919
D2,pilot_baseline,20,25316536.68282912,630.691152359605,20260919
D2,pilot_baseline,21,25330079.32530109,630.115390172532,20260919
D2,pilot_baseline,22,25357894.65832598,629.9229508441925,20260919
D2,pilot_baseline,23,25370116.783563696,629.567854606044,20260919
D2,pilot_baseline,24,25387141.52726757,629.4409964318332,20260927
D2,pilot_baseline,25,25399034.53660163,628.8658989914115,20260919
D2,pilot_baseline,26,25400858.56461812,628.6564635442271,20260919
D2,pilot_baseline,27,25404369.409010656,628.5200177979875,20260919
D2,pilot_baseline,28,25409701.79123803,627.8954335352838,20260919
D2,pilot_baseline,29,25419043.96174824,627.7622494495813,20260919
D2,pilot_baseline,30,25434805.231274627,627.0167750220664,20260919
D2,pilot_baseline,31,25437868.3185677,626.8213563063872,20260919
D2,pilot_baseline,32,25453184.987443093,626.3297236359927,20260919
D2,pilot_baseline,33,25468696.754395302,625.9368705746316,20260919
D2,pilot_baseline,34,25474926.42379011,625.7334981971501,20260919
D2,pilot_baseline,35,25493201.721248914,625.5674859103249,20260919
D2,pilot_baseline,36,25523670.379105672,625.3561990894391,20260919
D2,pilot_baseline,37,25524432.172126237,625.1324965766598,20260919
D2,pilot_baseline,38,25533765.142147526,624.9665608329423,20260919
D2,pilot_baseline,39,25534534.047889274,624.2920912511187,20260930
D2,pilot_baseline,40,25538295.308761396,624.0365165422298,20260919
D2,pilot_baseline,41,25539601.414758723,623.5161400669996,20260930
D2,pilot_baseline,42,25590031.15209993,622.7237675288716,20260913
D2,pilot_baseline,43,25610610.00045649,622.699931607193,20260930
D2,pilot_baseline,44,25610640.09504055,621.4628333228625,20260913
D2,pilot_baseline,45,25633062.954829287,621.2534411204771,20260930
D2,pilot_baseline,46,25649841.023257207,621.2252471138917,20260930
D2,pilot_baseline,47,25652582.920221817,620.9692654128704,20260930
D2,pilot_baseline,48,25664685.103188723,620.7679210260043,20260930
D2,pilot_baseline,49,25667830.126707755,620.5290301756492,20260913
D2,pilot_baseline,50,25718729.189081665,619.9599279310055,20260930
D2,pilot_baseline,51,25730308.36739736,619.6616298891954,20260930
D2,pilot_baseline,52,25769537.01109524,619.617784981384,20260930
D2,pilot_baseline,53,25772606.979508296,619.4624657981099,20260930
D2,pilot_baseline,54,25784572.703557115,619.1012276710171,20260930
D2,pilot_baseline,55,25837663.6136833,618.6212504454,20260921
D2,pilot_baseline,56,25861913.547261577,618.1382253883559,20260930
D2,pilot_baseline,57,25912525.61815807,617.684449467495,20260921
D2,pilot_baseline,58,25917515.447880242,617.5255191446895,20260921
D2,pilot_baseline,59,25958929.87185965,617.4288030702173,20260921
D2,pilot_baseline,60,25966714.742599607,616.3705803792104,20260921
D2,pilot_baseline,61,25982644.84135444,616.2275563064204,20260921
D2,pilot_baseline,62,26003590.617530074,615.8760464803038,20260921
D2,pilot_baseline,63,26062362.90782564,615.7764684074817,20260921
D2,pilot_baseline,64,26098224.682954,615.6651105294036,20260921
D2,pilot_baseline,65,26158103.74627222,615.5094569568153,20260921
D2,pilot_baseline,66,26307330.49490541,615.1108416850437,20260931
D2,pilot_baseline,67,26437962.158408742,614.5667546170718,20260931
D2,pilot_baseline,68,26640245.027966164,614.2157580011346,20260931
D2,uswc_compound_moderate,1,25656685.608865466,659.2187625278416,20260908
D2,uswc_compound_moderate,2,25765306.88186472,654.5459753542394,20260919
D2,uswc_compound_moderate,3,25766356.469432224,653.1417994200558,20260919
D2,uswc_compound_moderate,4,25788736.657348555,652.6179411269669,20260919
D2,uswc_compound_moderate,5,25836353.42738446,652.4051949563141,20260908
D2,uswc_compound_moderate,6,25836949.853016146,651.9649453084772,20260919
D2,uswc_compound_moderate,7,25837909.987446085,650.9235897816451,20260919
D2,uswc_compound_moderate,8,25852868.052753936,650.2179799710202,20260919
D2,uswc_compound_moderate,9,25867723.685776725,649.884572156151,20260919
D2,uswc_compound_moderate,10,25870113.724117555,649.6631058847425,20260919
D2,uswc_compound_moderate,11,25878427.652102377,648.1900735103371,20260931
D2,uswc_compound_moderate,12,25925475.414491117,647.8642488482267,20260919
D2,uswc_compound_moderate,13,25928339.409954168,647.0019009419108,20260928
D2,uswc_compound_moderate,14,25979423.39765502,646.2164803272395,20260919
D2,uswc_compound_moderate,15,25997108.403319027,646.09552521772,20260919
D2,uswc_compound_moderate,16,26014327.989349786,646.0420793788536,20260919
D2,uswc_compound_moderate,17,26022348.980249427,645.4694607378897,20260919
D2,uswc_compound_moderate,18,26030264.629932705,645.2986056182662,20260919
D2,uswc_compound_moderate,19,26035506.227682568,644.6899207335508,20260919
D2,uswc_compound_moderate,20,26057351.349552292,644.4597798213701,20260919
D2,uswc_compound_moderate,21,26070404.77476818,644.2102298505947,20260921
D2,uswc_compound_moderate,22,26085580.983358208,643.9970527145658,20260912
D2,uswc_compound_moderate,23,26093156.47842877,643.355972393261,20260912
D2,uswc_compound_moderate,24,26103840.637956798,643.3539979620159,20260935
D2,uswc_compound_moderate,25,26116719.280470885,643.2210358530294,20260935
D2,uswc_compound_moderate,26,26128715.564605556,642.621438989545,20260935
D2,uswc_compound_moderate,27,26134313.7448255,642.3904647417872,20260935
D2,uswc_compound_moderate,28,26153990.601242058,642.2530998631531,20260935
D2,uswc_compound_moderate,29,26165677.722041544,642.2043049309103,20260935
D2,uswc_compound_moderate,30,26170986.55831835,642.0800056262736,20260935
D2,uswc_compound_moderate,31,26177264.542759907,641.8126720579603,20260935
D2,uswc_compound_moderate,32,26228720.212901246,641.2592527213668,20260935
D2,uswc_compound_moderate,33,26239204.384155516,641.2091564370165,20260935
D2,uswc_compound_moderate,34,26254314.701776538,640.9770335772912,20260935
D2,uswc_compound_moderate,35,26260705.78231173,640.8047341212886,20260935
D2,uswc_compound_moderate,36,26282252.867839508,640.727955030797,20260935
D2,uswc_compound_moderate,37,26302992.082795553,640.5152197035133,20260935
D2,uswc_compound_moderate,38,26310191.194663607,640.4359170698941,20260935
D2,uswc_compound_moderate,39,26329161.26274017,640.024714387022,20260935
D2,uswc_compound_moderate,40,26335832.432059277,639.8398209304833,20260935
D2,uswc_compound_moderate,41,26388465.040893402,639.4303749169419,20260935
D2,uswc_compound_moderate,42,26397130.594369847,639.3196879243461,20260935
D2,uswc_compound_moderate,43,26411584.81092201,638.8752917291133,20260935
D2,uswc_compound_moderate,44,26468006.225154296,638.5596812583859,20260935
D2,uswc_compound_moderate,45,26533279.11485488,638.1410650497176,20260935
D2,uswc_compound_moderate,46,26555872.82990832,637.9371855793736,20260935
D2,uswc_compound_moderate,47,26635329.33953289,637.0610536805597,20260935
D2,uswc_compound_moderate,48,26776602.85145016,636.810487988861,20260932
D2,uswc_compound_moderate,49,26833270.758131567,636.561506415663,20260932
D2,uswc_compound_moderate,50,26848185.75262477,636.1042775486255,20260932
D2,uswc_compound_severe,1,30206455.873118315,719.9767081191441,20260909
D2,uswc_compound_severe,2,30226343.482173827,719.6129582559445,20260909
D2,uswc_compound_severe,3,30267968.763396297,719.473372901193,20260909
D2,uswc_compound_severe,4,30297072.43855022,718.7595631454644,20260929
D2,uswc_compound_severe,5,30330577.295908574,717.512374423472,20260916
D2,uswc_compound_severe,6,30385410.40275893,716.5499933886153,20260929
D2,uswc_compound_severe,7,30430827.83080431,716.2311543848409,20260929
D2,uswc_compound_severe,8,30476275.686343543,715.7068839137085,20260929
D2,uswc_compound_severe,9,30491213.757512476,715.5366966227696,20260929
D2,uswc_compound_severe,10,30552827.58304621,715.3252873907303,20260929
D2,uswc_compound_severe,11,30557800.543520108,715.0653202436698,20260929
D2,uswc_compound_severe,12,30744985.15995859,714.7023588531522,20260912
D2,uswc_compound_severe,13,30752253.07079912,714.6264025705885,20260929
D2,uswc_compound_severe,14,30951181.15805496,713.6297266208202,20260912
D2,uswc_compound_severe,15,31211844.580817018,712.63841949864,20260912
D2,uswc_compound_severe,16,31729706.18604492,712.4960692303512,20260926
D2,uswc_compound_severe,17,32117038.73616234,712.4917763673498,20260931
D2,uswc_compound_severe,18,32119245.387249656,711.8784533474426,20260931
D2,uswc_compound_severe,19,32155906.733839363,711.8438624791622,20260931
D2,uswc_compound_severe,20,32225795.211431943,711.2839236678158,20260914
D2,uswc_compound_severe,21,32484769.977203052,711.2054657315139,20260914
D2,uswc_departure_delay_24h,1,25656685.608865466,659.2187625278416,20260908
D2,uswc_departure_delay_24h,2,25765306.88186472,654.5459753542394,20260919
D2,uswc_departure_delay_24h,3,25766356.469432224,653.1417994200558,20260919
D2,uswc_departure_delay_24h,4,25788736.657348555,652.6179411269669,20260919
D2,uswc_departure_delay_24h,5,25836353.42738446,652.4051949563141,20260908
D2,uswc_departure_delay_24h,6,25836949.853016146,651.9649453084772,20260919
D2,uswc_departure_delay_24h,7,25837909.987446085,650.9235897816451,20260919
D2,uswc_departure_delay_24h,8,25852868.052753936,650.2179799710202,20260919
D2,uswc_departure_delay_24h,9,25867723.685776725,649.884572156151,20260919
D2,uswc_departure_delay_24h,10,25870113.724117555,649.6631058847425,20260919
D2,uswc_departure_delay_24h,11,25878427.652102377,648.1900735103371,20260931
D2,uswc_departure_delay_24h,12,25925475.414491117,647.8642488482267,20260919
D2,uswc_departure_delay_24h,13,25928339.409954168,647.0019009419108,20260928
D2,uswc_departure_delay_24h,14,25979423.39765502,646.2164803272395,20260919
D2,uswc_departure_delay_24h,15,25997108.403319027,646.09552521772,20260919
D2,uswc_departure_delay_24h,16,26014327.989349786,646.0420793788536,20260919
D2,uswc_departure_delay_24h,17,26022348.980249427,645.4694607378897,20260919
D2,uswc_departure_delay_24h,18,26030264.629932705,645.2986056182662,20260919
D2,uswc_departure_delay_24h,19,26035506.227682568,644.6899207335508,20260919
D2,uswc_departure_delay_24h,20,26057351.349552292,644.4597798213701,20260919
D2,uswc_departure_delay_24h,21,26070404.77476818,644.2102298505947,20260921
D2,uswc_departure_delay_24h,22,26085580.983358208,643.9970527145658,20260912
D2,uswc_departure_delay_24h,23,26093156.47842877,643.355972393261,20260912
D2,uswc_departure_delay_24h,24,26103840.637956798,643.3539979620159,20260935
D2,uswc_departure_delay_24h,25,26116719.280470885,643.2210358530294,20260935
D2,uswc_departure_delay_24h,26,26128715.564605556,642.621438989545,20260935
D2,uswc_departure_delay_24h,27,26134313.7448255,642.3904647417872,20260935
D2,uswc_departure_delay_24h,28,26153990.601242058,642.2530998631531,20260935
D2,uswc_departure_delay_24h,29,26165677.722041544,642.2043049309103,20260935
D2,uswc_departure_delay_24h,30,26170986.55831835,642.0800056262736,20260935
D2,uswc_departure_delay_24h,31,26177264.542759907,641.8126720579603,20260935
D2,uswc_departure_delay_24h,32,26228720.212901246,641.2592527213668,20260935
D2,uswc_departure_delay_24h,33,26239204.384155516,641.2091564370165,20260935
D2,uswc_departure_delay_24h,34,26254314.701776538,640.9770335772912,20260935
D2,uswc_departure_delay_24h,35,26260705.78231173,640.8047341212886,20260935
D2,uswc_departure_delay_24h,36,26282252.867839508,640.727955030797,20260935
D2,uswc_departure_delay_24h,37,26302992.082795553,640.5152197035133,20260935
D2,uswc_departure_delay_24h,38,26310191.194663607,640.4359170698941,20260935
D2,uswc_departure_delay_24h,39,26329161.26274017,640.024714387022,20260935
D2,uswc_departure_delay_24h,40,26335832.432059277,639.8398209304833,20260935
D2,uswc_departure_delay_24h,41,26388465.040893402,639.4303749169419,20260935
D2,uswc_departure_delay_24h,42,26397130.594369847,639.3196879243461,20260935
D2,uswc_departure_delay_24h,43,26411584.81092201,638.8752917291133,20260935
D2,uswc_departure_delay_24h,44,26468006.225154296,638.5596812583859,20260935
D2,uswc_departure_delay_24h,45,26533279.11485488,638.1410650497176,20260935
D2,uswc_departure_delay_24h,46,26555872.82990832,637.9371855793736,20260935
D2,uswc_departure_delay_24h,47,26635329.33953289,637.0610536805597,20260935
D2,uswc_departure_delay_24h,48,26776602.85145016,636.810487988861,20260932
D2,uswc_departure_delay_24h,49,26833270.758131567,636.561506415663,20260932
D2,uswc_departure_delay_24h,50,26848185.75262477,636.1042775486255,20260932
D2,uswc_departure_delay_72h,1,27141414.59837902,686.4384036238516,20260932
D2,uswc_departure_delay_72h,2,27169374.35465558,685.7530347027641,20260916
D2,uswc_departure_delay_72h,3,27177503.314951587,684.4117901716398,20260907
D2,uswc_departure_delay_72h,4,27199273.03561444,684.3063930334042,20260907
D2,uswc_departure_delay_72h,5,27229397.201400522,683.7577800609125,20260907
D2,uswc_departure_delay_72h,6,27247192.360909134,681.7163545288543,20260935
D2,uswc_departure_delay_72h,7,27250920.001389384,681.7058135295156,20260917
D2,uswc_departure_delay_72h,8,27343115.92058777,680.9575474276853,20260930
D2,uswc_departure_delay_72h,9,27397726.057932485,680.846882973599,20260930
D2,uswc_departure_delay_72h,10,27412370.561974812,680.6036992066664,20260930
D2,uswc_departure_delay_72h,11,27458028.813441265,680.3907212346662,20260930
D2,uswc_departure_delay_72h,12,27462076.707715534,680.3518514560984,20260930
D2,uswc_departure_delay_72h,13,27497802.279374897,680.3210793807056,20260912
D2,uswc_departure_delay_72h,14,27523818.479349133,679.6915647722118,20260933
D2,uswc_departure_delay_72h,15,27560106.419855583,679.0717658045419,20260918
D2,uswc_departure_delay_72h,16,27564833.311516847,678.8301709696835,20260918
D2,uswc_departure_delay_72h,17,27567950.18686665,678.5763034268076,20260930
D2,uswc_departure_delay_72h,18,27601948.006532565,678.5745708913279,20260917
D2,uswc_departure_delay_72h,19,27622115.037919536,678.5622001197211,20260926
D2,uswc_departure_delay_72h,20,27660573.486484617,678.4070332012484,20260912
D2,uswc_departure_delay_72h,21,27681418.807836525,678.1186473002118,20260912
D2,uswc_departure_delay_72h,22,27790644.080449365,677.6968803044774,20260930
D2,uswc_departure_delay_72h,23,28049258.07151334,677.4623270226496,20260913
D2,uswc_port_capacity_125pct,1,25042488.426821988,644.2228576954567,20260929
D2,uswc_port_capacity_125pct,2,25050600.72273132,642.432217909916,20260929
D2,uswc_port_capacity_125pct,3,25095579.711493533,642.2834995966234,20260929
D2,uswc_port_capacity_125pct,4,25123601.95313961,640.498511398455,20260907
D2,uswc_port_capacity_125pct,5,25147443.083006445,638.954472984277,20260935
D2,uswc_port_capacity_125pct,6,25162484.532220487,636.4340384670242,20260922
D2,uswc_port_capacity_125pct,7,25193293.341905214,635.6687707884093,20260919
D2,uswc_port_capacity_125pct,8,25204780.642482918,635.3951792811853,20260935
D2,uswc_port_capacity_125pct,9,25224910.491723917,635.123124280483,20260919
D2,uswc_port_capacity_125pct,10,25230698.312514964,634.7985186472152,20260919
D2,uswc_port_capacity_125pct,11,25232158.574837178,634.7481784650669,20260919
D2,uswc_port_capacity_125pct,12,25251506.218225747,634.5276644590829,20260922
D2,uswc_port_capacity_125pct,13,25254602.764740624,634.2012627418892,20260935
D2,uswc_port_capacity_125pct,14,25261721.687618826,634.0982443961713,20260919
D2,uswc_port_capacity_125pct,15,25262982.920210816,633.716195204016,20260922
D2,uswc_port_capacity_125pct,16,25268697.9829264,633.3063059927446,20260919
D2,uswc_port_capacity_125pct,17,25283623.192006044,632.7442916622921,20260919
D2,uswc_port_capacity_125pct,18,25289409.092763457,632.519496682952,20260919
D2,uswc_port_capacity_125pct,19,25297568.186163597,631.7038830328336,20260919
D2,uswc_port_capacity_125pct,20,25316536.68282912,630.691152359605,20260919
D2,uswc_port_capacity_125pct,21,25330079.32530109,630.115390172532,20260919
D2,uswc_port_capacity_125pct,22,25357894.65832598,629.9229508441925,20260919
D2,uswc_port_capacity_125pct,23,25370116.783563696,629.567854606044,20260919
D2,uswc_port_capacity_125pct,24,25387141.52726757,629.4409964318332,20260927
D2,uswc_port_capacity_125pct,25,25399034.53660163,628.8658989914115,20260919
D2,uswc_port_capacity_125pct,26,25400858.56461812,628.6564635442271,20260919
D2,uswc_port_capacity_125pct,27,25404369.409010656,628.5200177979875,20260919
D2,uswc_port_capacity_125pct,28,25409701.79123803,627.8954335352838,20260919
D2,uswc_port_capacity_125pct,29,25419043.96174824,627.7622494495813,20260919
D2,uswc_port_capacity_125pct,30,25434805.231274627,627.0167750220664,20260919
D2,uswc_port_capacity_125pct,31,25437868.3185677,626.8213563063872,20260919
D2,uswc_port_capacity_125pct,32,25453184.987443093,626.3297236359927,20260919
D2,uswc_port_capacity_125pct,33,25468696.754395302,625.9368705746316,20260919
D2,uswc_port_capacity_125pct,34,25474926.42379011,625.7334981971501,20260919
D2,uswc_port_capacity_125pct,35,25493201.721248914,625.5674859103249,20260919
D2,uswc_port_capacity_125pct,36,25523670.379105672,625.3561990894391,20260919
D2,uswc_port_capacity_125pct,37,25524432.172126237,625.1324965766598,20260919
D2,uswc_port_capacity_125pct,38,25533765.142147526,624.9665608329423,20260919
D2,uswc_port_capacity_125pct,39,25534534.047889274,624.2920912511187,20260930
D2,uswc_port_capacity_125pct,40,25538295.308761396,624.0365165422298,20260919
D2,uswc_port_capacity_125pct,41,25539601.414758723,623.5161400669996,20260930
D2,uswc_port_capacity_125pct,42,25590031.15209993,622.7237675288716,20260913
D2,uswc_port_capacity_125pct,43,25610610.00045649,622.699931607193,20260930
D2,uswc_port_capacity_125pct,44,25610640.09504055,621.4628333228625,20260913
D2,uswc_port_capacity_125pct,45,25633062.954829287,621.2534411204771,20260930
D2,uswc_port_capacity_125pct,46,25649841.023257207,621.2252471138917,20260930
D2,uswc_port_capacity_125pct,47,25652582.920221817,620.9692654128704,20260930
D2,uswc_port_capacity_125pct,48,25664685.103188723,620.7679210260043,20260930
D2,uswc_port_capacity_125pct,49,25667830.126707755,620.5290301756492,20260913
D2,uswc_port_capacity_125pct,50,25718729.189081665,619.9599279310055,20260930
D2,uswc_port_capacity_125pct,51,25730308.36739736,619.6616298891954,20260930
D2,uswc_port_capacity_125pct,52,25769537.01109524,619.617784981384,20260930
D2,uswc_port_capacity_125pct,53,25772606.979508296,619.4624657981099,20260930
D2,uswc_port_capacity_125pct,54,25784572.703557115,619.1012276710171,20260930
D2,uswc_port_capacity_125pct,55,25837663.6136833,618.6212504454,20260921
D2,uswc_port_capacity_125pct,56,25861913.547261577,618.1382253883559,20260930
D2,uswc_port_capacity_125pct,57,25912525.61815807,617.684449467495,20260921
D2,uswc_port_capacity_125pct,58,25917515.447880242,617.5255191446895,20260921
D2,uswc_port_capacity_125pct,59,25958929.87185965,617.4288030702173,20260921
D2,uswc_port_capacity_125pct,60,25966714.742599607,616.3705803792104,20260921
D2,uswc_port_capacity_125pct,61,25982644.84135444,616.2275563064204,20260921
D2,uswc_port_capacity_125pct,62,26003590.617530074,615.8760464803038,20260921
D2,uswc_port_capacity_125pct,63,26062362.90782564,615.7764684074817,20260921
D2,uswc_port_capacity_125pct,64,26098224.682954,615.6651105294036,20260921
D2,uswc_port_capacity_125pct,65,26158103.74627222,615.5094569568153,20260921
D2,uswc_port_capacity_125pct,66,26307330.49490541,615.1108416850437,20260931
D2,uswc_port_capacity_125pct,67,26437962.158408742,614.5667546170718,20260931
D2,uswc_port_capacity_125pct,68,26640245.027966164,614.2157580011346,20260931
D2,uswc_port_capacity_50pct,1,25083981.66200837,662.1499728106782,20260920
D2,uswc_port_capacity_50pct,2,25091296.82807752,661.5212711992419,20260908
D2,uswc_port_capacity_50pct,3,25114237.960768137,660.291799067262,20260914
D2,uswc_port_capacity_50pct,4,25223114.670534134,659.9459584278849,20260916
D2,uswc_port_capacity_50pct,5,25223710.265411545,659.9083408727757,20260916
D2,uswc_port_capacity_50pct,6,25288864.713639196,659.3547613321128,20260914
D2,uswc_port_capacity_50pct,7,25293335.407578185,659.0359977411102,20260908
D2,uswc_port_capacity_50pct,8,25305566.01449997,658.7048724104039,20260908
D2,uswc_port_capacity_50pct,9,25331760.608079854,658.6470417884124,20260908
D2,uswc_port_capacity_50pct,10,25396836.869007252,657.0390376227274,20260914
D2,uswc_port_capacity_50pct,11,25465369.025513604,656.5554128495245,20260908
D2,uswc_port_capacity_50pct,12,25501427.744421072,656.4517335704896,20260914
D2,uswc_port_capacity_50pct,13,25550656.16371608,656.3625621216866,20260916
D2,uswc_port_capacity_50pct,14,25558168.497252427,655.2806969079562,20260909
D2,uswc_port_capacity_50pct,15,25615206.35546889,655.1552285881336,20260922
D2,uswc_port_capacity_50pct,16,25638616.640330177,655.0067063031527,20260929
D2,uswc_port_capacity_50pct,17,25665192.88109557,654.9110511722264,20260920
D2,uswc_port_capacity_50pct,18,25696441.58890234,654.5764635013512,20260919
D2,uswc_port_capacity_50pct,19,25727874.3683699,653.4261656020818,20260919
D2,uswc_port_capacity_50pct,20,25755300.96207497,653.2011461603752,20260919
D2,uswc_port_capacity_50pct,21,25817846.961893704,652.6480787545078,20260919
D2,uswc_port_capacity_50pct,22,25850675.37805879,652.3453556988235,20260909
D2,uswc_port_capacity_50pct,23,25867610.969295803,652.1277660742644,20260919
D2,uswc_port_capacity_50pct,24,25904204.45401405,651.3381925341902,20260919
D2,uswc_port_capacity_50pct,25,25953564.35720013,650.8781962825827,20260919
D2,uswc_port_capacity_50pct,26,26024337.302455716,650.5631597038861,20260919
D2,uswc_port_capacity_50pct,27,26034225.7109475,650.4294555206759,20260919
D2,uswc_port_capacity_50pct,28,26056219.56795996,650.3758313376709,20260919
D2,uswc_port_capacity_50pct,29,26067210.258398905,650.235574662983,20260919
D2,uswc_port_capacity_50pct,30,26091797.662180148,650.1557374797022,20260919
D2,uswc_port_capacity_50pct,31,26092051.588047717,650.149402307727,20260919
D2,uswc_port_capacity_50pct,32,26139275.63140704,649.8316931453975,20260919
D2,uswc_port_capacity_50pct,33,26145985.328567605,649.5692093770764,20260919
D2,uswc_port_capacity_50pct,34,26157038.024007387,649.1939751267239,20260918
D2,uswc_port_capacity_50pct,35,26184669.598782595,649.0478424520886,20260919
D2,uswc_port_capacity_50pct,36,26191687.712838452,648.841754894716,20260919
D2,uswc_port_capacity_50pct,37,26254066.283161677,648.6108547131787,20260919
D2,uswc_port_capacity_50pct,38,26287697.241032287,648.3022888099774,20260919
D2,uswc_port_capacity_50pct,39,26319602.188578658,648.0517235579752,20260919
D2,uswc_port_capacity_50pct,40,26364432.4447211,647.9020237510598,20260919
D2,uswc_port_capacity_50pct,41,26412115.66349972,647.4405943899325,20260919
D2,uswc_port_capacity_50pct,42,26497483.97607282,647.1921180582825,20260931
D2,uswc_port_capacity_50pct,43,26514361.90411604,647.0609738668634,20260931
D2,uswc_port_capacity_50pct,44,26547534.370796885,646.9796051608081,20260931
D2,uswc_port_capacity_50pct,45,26560258.406393826,646.202986640724,20260931
D2,uswc_port_capacity_50pct,46,26614613.645482596,646.1082461229188,20260931
D2,uswc_port_capacity_50pct,47,26625468.181844387,646.0036714914506,20260931
D2,uswc_port_capacity_50pct,48,26722703.77242821,645.7536570327806,20260931
D2,uswc_port_capacity_50pct,49,26752066.287452914,645.6754251556882,20260931
D2,uswc_port_capacity_50pct,50,27163695.68876924,645.3196272149385,20260931
D2,uswc_port_capacity_75pct,1,25042488.426821988,644.2228576954567,20260929
D2,uswc_port_capacity_75pct,2,25050600.72273132,642.432217909916,20260929
D2,uswc_port_capacity_75pct,3,25095579.711493533,642.2834995966234,20260929
D2,uswc_port_capacity_75pct,4,25123601.95313961,640.498511398455,20260907
D2,uswc_port_capacity_75pct,5,25147443.083006445,638.954472984277,20260935
D2,uswc_port_capacity_75pct,6,25162484.532220487,636.4340384670242,20260922
D2,uswc_port_capacity_75pct,7,25193293.341905214,635.6687707884093,20260919
D2,uswc_port_capacity_75pct,8,25204780.642482918,635.3951792811853,20260935
D2,uswc_port_capacity_75pct,9,25224910.491723917,635.123124280483,20260919
D2,uswc_port_capacity_75pct,10,25230698.312514964,634.7985186472152,20260919
D2,uswc_port_capacity_75pct,11,25232158.574837178,634.7481784650669,20260919
D2,uswc_port_capacity_75pct,12,25251506.218225747,634.5276644590829,20260922
D2,uswc_port_capacity_75pct,13,25254602.764740624,634.2012627418892,20260935
D2,uswc_port_capacity_75pct,14,25261721.687618826,634.0982443961713,20260919
D2,uswc_port_capacity_75pct,15,25262982.920210816,633.716195204016,20260922
D2,uswc_port_capacity_75pct,16,25268697.9829264,633.3063059927446,20260919
D2,uswc_port_capacity_75pct,17,25283623.192006044,632.7442916622921,20260919
D2,uswc_port_capacity_75pct,18,25289409.092763457,632.519496682952,20260919
D2,uswc_port_capacity_75pct,19,25297568.186163597,631.7038830328336,20260919
D2,uswc_port_capacity_75pct,20,25316536.68282912,630.691152359605,20260919
D2,uswc_port_capacity_75pct,21,25330079.32530109,630.115390172532,20260919
D2,uswc_port_capacity_75pct,22,25357894.65832598,629.9229508441925,20260919
D2,uswc_port_capacity_75pct,23,25370116.783563696,629.567854606044,20260919
D2,uswc_port_capacity_75pct,24,25387141.52726757,629.4409964318332,20260927
D2,uswc_port_capacity_75pct,25,25399034.53660163,628.8658989914115,20260919
D2,uswc_port_capacity_75pct,26,25400858.56461812,628.6564635442271,20260919
D2,uswc_port_capacity_75pct,27,25404369.409010656,628.5200177979875,20260919
D2,uswc_port_capacity_75pct,28,25409701.79123803,627.8954335352838,20260919
D2,uswc_port_capacity_75pct,29,25419043.96174824,627.7622494495813,20260919
D2,uswc_port_capacity_75pct,30,25434805.231274627,627.0167750220664,20260919
D2,uswc_port_capacity_75pct,31,25437868.3185677,626.8213563063872,20260919
D2,uswc_port_capacity_75pct,32,25453184.987443093,626.3297236359927,20260919
D2,uswc_port_capacity_75pct,33,25468696.754395302,625.9368705746316,20260919
D2,uswc_port_capacity_75pct,34,25474926.42379011,625.7334981971501,20260919
D2,uswc_port_capacity_75pct,35,25493201.721248914,625.5674859103249,20260919
D2,uswc_port_capacity_75pct,36,25523670.379105672,625.3561990894391,20260919
D2,uswc_port_capacity_75pct,37,25524432.172126237,625.1324965766598,20260919
D2,uswc_port_capacity_75pct,38,25533765.142147526,624.9665608329423,20260919
D2,uswc_port_capacity_75pct,39,25534534.047889274,624.2920912511187,20260930
D2,uswc_port_capacity_75pct,40,25538295.308761396,624.0365165422298,20260919
D2,uswc_port_capacity_75pct,41,25539601.414758723,623.5161400669996,20260930
D2,uswc_port_capacity_75pct,42,25590031.15209993,622.7237675288716,20260913
D2,uswc_port_capacity_75pct,43,25610610.00045649,622.699931607193,20260930
D2,uswc_port_capacity_75pct,44,25610640.09504055,621.4628333228625,20260913
D2,uswc_port_capacity_75pct,45,25633062.954829287,621.2534411204771,20260930
D2,uswc_port_capacity_75pct,46,25649841.023257207,621.2252471138917,20260930
D2,uswc_port_capacity_75pct,47,25652582.920221817,620.9692654128704,20260930
D2,uswc_port_capacity_75pct,48,25664685.103188723,620.7679210260043,20260930
D2,uswc_port_capacity_75pct,49,25667830.126707755,620.5290301756492,20260913
D2,uswc_port_capacity_75pct,50,25718729.189081665,619.9599279310055,20260930
D2,uswc_port_capacity_75pct,51,25730308.36739736,619.6616298891954,20260930
D2,uswc_port_capacity_75pct,52,25769537.01109524,619.617784981384,20260930
D2,uswc_port_capacity_75pct,53,25772606.979508296,619.4624657981099,20260930
D2,uswc_port_capacity_75pct,54,25784572.703557115,619.1012276710171,20260930
D2,uswc_port_capacity_75pct,55,25837663.6136833,618.6212504454,20260921
D2,uswc_port_capacity_75pct,56,25861913.547261577,618.1382253883559,20260930
D2,uswc_port_capacity_75pct,57,25912525.61815807,617.684449467495,20260921
D2,uswc_port_capacity_75pct,58,25917515.447880242,617.5255191446895,20260921
D2,uswc_port_capacity_75pct,59,25958929.87185965,617.4288030702173,20260921
D2,uswc_port_capacity_75pct,60,25966714.742599607,616.3705803792104,20260921
D2,uswc_port_capacity_75pct,61,25982644.84135444,616.2275563064204,20260921
D2,uswc_port_capacity_75pct,62,26003590.617530074,615.8760464803038,20260921
D2,uswc_port_capacity_75pct,63,26062362.90782564,615.7764684074817,20260921
D2,uswc_port_capacity_75pct,64,26098224.682954,615.6651105294036,20260921
D2,uswc_port_capacity_75pct,65,26158103.74627222,615.5094569568153,20260921
D2,uswc_port_capacity_75pct,66,26307330.49490541,615.1108416850437,20260931
D2,uswc_port_capacity_75pct,67,26437962.158408742,614.5667546170718,20260931
D2,uswc_port_capacity_75pct,68,26640245.027966164,614.2157580011346,20260931
D3,all_departure_delay_48h,1,29428500.401846502,683.2290653377128,20260915
D3,all_departure_delay_48h,2,29464050.34645341,683.1401911944773,20260915
D3,all_departure_delay_48h,3,29465577.841459904,683.0833472298667,20260915
D3,all_departure_delay_48h,4,29488643.885384712,682.7468703789566,20260915
D3,all_departure_delay_48h,5,29495287.375072528,682.5261811778977,20260915
D3,all_departure_delay_48h,6,29519612.92762574,682.5235086248674,20260915
D3,all_departure_delay_48h,7,29522536.231887348,682.1616028484227,20260915
D3,all_departure_delay_48h,8,29533245.820006166,682.1443068454128,20260915
D3,all_departure_delay_48h,9,29548250.48461668,681.9298819068271,20260915
D3,all_departure_delay_48h,10,29562783.94082638,681.7150833796015,20260915
D3,all_departure_delay_48h,11,29579903.830075048,681.0582080433265,20260915
D3,all_departure_delay_48h,12,29626978.065678116,680.955604995572,20260915
D3,all_departure_delay_48h,13,29643539.331371203,680.8979518038581,20260915
D3,all_departure_delay_48h,14,29645524.652486175,680.4913571837099,20260915
D3,all_departure_delay_48h,15,29673419.46640189,680.0987557765305,20260915
D3,all_departure_delay_48h,16,29714029.028679308,679.7410681593955,20260915
D3,all_departure_delay_48h,17,29724008.118076727,679.5781116241275,20260915
D3,all_departure_delay_48h,18,29734953.729897384,679.4465367576726,20260915
D3,all_departure_delay_48h,19,29739194.17046114,678.8482089348953,20260915
D3,all_departure_delay_48h,20,29764753.122184098,678.2810159431758,20260915
D3,all_departure_delay_48h,21,29825250.930419102,677.5816545172872,20260915
D3,all_departure_delay_48h,22,29837310.54760464,677.2964250466293,20260915
D3,all_departure_delay_48h,23,29902572.23640674,677.1535604073891,20260915
D3,all_departure_delay_48h,24,29930595.1717749,676.7773891788925,20260915
D3,all_departure_delay_48h,25,30036200.725844182,676.3658169586785,20260915
D3,all_departure_delay_48h,26,30180230.166254755,676.1644467516624,20260915
D3,pilot_baseline,1,26576332.611434035,661.8213301229198,20260932
D3,pilot_baseline,2,26640396.08262353,661.4234514165981,20260923
D3,pilot_baseline,3,26673754.848109253,659.809121166826,20260923
D3,pilot_baseline,4,26681325.060295373,659.2333516476509,20260923
D3,pilot_baseline,5,26693610.801710643,656.9249325591071,20260932
D3,pilot_baseline,6,26771840.701283965,656.8919301690811,20260923
D3,pilot_baseline,7,26787297.037885573,656.8780857790117,20260932
D3,pilot_baseline,8,26789000.274041586,656.5842034409304,20260923
D3,pilot_baseline,9,26806069.912465908,655.5060907891888,20260923
D3,pilot_baseline,10,26830903.653138798,653.9487132672075,20260932
D3,pilot_baseline,11,26869519.42661224,652.9531734660951,20260932
D3,pilot_baseline,12,26962419.841347888,651.7245950647814,20260932
D3,pilot_baseline,13,27019365.748485465,651.3503080552316,20260932
D3,pilot_baseline,14,27023803.91132418,651.3127880278809,20260932
D3,pilot_baseline,15,27026442.127510384,651.310931600027,20260932
D3,pilot_baseline,16,27046774.51493893,649.8382638270546,20260932
D3,pilot_baseline,17,27062583.44661119,649.6419505408586,20260932
D3,pilot_baseline,18,27073163.297885943,649.0292266926881,20260932
D3,pilot_baseline,19,27111657.972461287,648.8876580144467,20260926
D3,pilot_baseline,20,27126723.5914174,648.8354471800443,20260932
D3,pilot_baseline,21,27131884.70842643,647.5811273096549,20260932
D3,pilot_baseline,22,27192485.065201007,647.0886954962908,20260932
D3,pilot_baseline,23,27210772.689231902,646.7047394398136,20260932
D3,pilot_baseline,24,27236888.85099846,646.6779812095456,20260932
D3,pilot_baseline,25,27243489.943835612,645.5897368301233,20260932
D3,pilot_baseline,26,27297061.576034006,645.0514403672748,20260932
D3,pilot_baseline,27,27323440.728353232,644.9035468932489,20260913
D3,pilot_baseline,28,27324230.645164542,644.7500067169206,20260932
D3,pilot_baseline,29,27344667.025819764,644.4183097202846,20260932
D3,pilot_baseline,30,27345367.240201388,644.0941339029658,20260926
D3,pilot_baseline,31,27347951.38283946,644.0686111199308,20260926
D3,pilot_baseline,32,27371387.73085083,643.7984353871527,20260907
D3,pilot_baseline,33,27382356.025026947,643.2640466335648,20260926
D3,pilot_baseline,34,27403189.1888302,642.8582171455923,20260913
D3,pilot_baseline,35,27412462.477229394,642.5973724235597,20260913
D3,pilot_baseline,36,27417192.263126392,642.3718076211804,20260932
D3,pilot_baseline,37,27429169.62883351,642.2868151613222,20260926
D3,pilot_baseline,38,27442114.455498327,642.002584175591,20260932
D3,pilot_baseline,39,27465805.86823922,641.9111333988986,20260911
D3,pilot_baseline,40,27496827.886138298,641.4801278350506,20260932
D3,pilot_baseline,41,27522060.474037446,641.4526292778002,20260929
D3,pilot_baseline,42,27529732.67960582,641.0166893924949,20260930
D3,pilot_baseline,43,27547911.847124938,640.9260695150616,20260911
D3,pilot_baseline,44,27550121.0572488,640.2505485068748,20260929
D3,pilot_baseline,45,27580334.82143745,640.0393820199846,20260907
D3,pilot_baseline,46,27593387.064369347,639.7576673216292,20260906
D3,pilot_baseline,47,27630395.33042214,639.4714154959914,20260929
D3,pilot_baseline,48,27631761.044654634,639.3812672338424,20260906
D3,pilot_baseline,49,27638729.956879683,639.0769029108418,20260914
D3,pilot_baseline,50,27642818.33045243,638.669349360385,20260911
D3,pilot_baseline,51,27664878.684072804,638.4825970687725,20260907
D3,pilot_baseline,52,27679532.26776552,638.0040425240385,20260907
D3,pilot_baseline,53,27707934.182482336,637.5256341512203,20260907
D3,pilot_baseline,54,27742777.101409726,637.1491016110156,20260929
D3,pilot_baseline,55,27776016.9319294,637.1223277475217,20260929
D3,pilot_baseline,56,27783302.834795497,635.5445716862802,20260931
D3,pilot_baseline,57,27857275.620715957,635.467158191678,20260914
D3,pilot_baseline,58,27883052.747887503,635.4283766083394,20260907
D3,pilot_baseline,59,27949334.37622791,634.9665957586682,20260918
D3,pilot_baseline,60,27960434.894237146,634.5819840222651,20260931
D3,pilot_baseline,61,27976000.56065584,634.5298904578734,20260914
D3,pilot_baseline,62,28032074.82568361,634.2009414968325,20260931
D3,pilot_baseline,63,28057628.575082324,633.5279700894674,20260916
D3,pilot_baseline,64,28068174.51347062,633.027109012823,20260916
D3,pilot_baseline,65,28103042.832278684,632.6691331785843,20260918
D3,pilot_baseline,66,28168448.21915646,632.3467983292057,20260931
D3,pilot_baseline,67,28169057.70775276,631.4849769759304,20260916
D3,pilot_baseline,68,28218641.61805294,630.5044633017545,20260918
D3,pilot_baseline,69,28309707.387752768,630.2959309602178,20260916
D3,pilot_baseline,70,28458369.659663968,628.8034578149013,20260918
D3,pilot_baseline,71,28609050.379138157,628.0642444823245,20260914
D3,uswc_compound_moderate,1,27858972.814188782,672.5437833322707,20260934
D3,uswc_compound_moderate,2,27889508.775389317,671.3383825885511,20260934
D3,uswc_compound_moderate,3,27912374.46878075,671.2579706981211,20260934
D3,uswc_compound_moderate,4,27947934.5537271,670.132111765623,20260934
D3,uswc_compound_moderate,5,27965285.403039433,669.7559782188159,20260934
D3,uswc_compound_moderate,6,27979795.242953766,669.4598263647979,20260934
D3,uswc_compound_moderate,7,28007148.983955935,669.1886580470884,20260934
D3,uswc_compound_moderate,8,28028391.67483041,668.7070282588396,20260934
D3,uswc_compound_moderate,9,28028593.930319954,668.125189816869,20260934
D3,uswc_compound_moderate,10,28032858.052002076,667.6857091557356,20260934
D3,uswc_compound_moderate,11,28039309.879881497,667.6589432860982,20260934
D3,uswc_compound_moderate,12,28049091.94018017,667.0970805751903,20260934
D3,uswc_compound_moderate,13,28061635.724512685,664.9562638735015,20260925
D3,uswc_compound_moderate,14,28144144.008866854,664.4382124880424,20260925
D3,uswc_compound_moderate,15,28150855.595175765,663.5896954118656,20260925
D3,uswc_compound_moderate,16,28155367.867127974,663.5089414051573,20260933
D3,uswc_compound_moderate,17,28171240.972744014,662.4209252906519,20260925
D3,uswc_compound_moderate,18,28197748.762620434,662.2963740742102,20260933
D3,uswc_compound_moderate,19,28251210.92894847,660.9806898356193,20260925
D3,uswc_compound_moderate,20,28269674.576238323,660.8724612550105,20260933
D3,uswc_compound_moderate,21,28300203.40008343,660.4865132177295,20260925
D3,uswc_compound_moderate,22,28356772.458566938,660.2463426371744,20260925
D3,uswc_compound_moderate,23,28373261.279992532,659.4083969732363,20260925
D3,uswc_compound_moderate,24,28446930.00163714,659.2525841397737,20260925
D3,uswc_compound_moderate,25,28447671.949956633,659.0433780924449,20260925
D3,uswc_compound_moderate,26,28468418.955399618,658.9372300121364,20260925
D3,uswc_compound_moderate,27,28474224.77088623,658.6625665363327,20260925
D3,uswc_compound_moderate,28,28474368.068016704,658.394242798108,20260933
D3,uswc_compound_moderate,29,28505353.662714377,657.9621612339295,20260925
D3,uswc_compound_moderate,30,28526613.991145816,657.8846390292869,20260933
D3,uswc_compound_moderate,31,28531990.347649354,657.8781410970112,20260916
D3,uswc_compound_moderate,32,28558027.905948352,657.6021957831691,20260916
D3,uswc_compound_moderate,33,28567270.312023308,657.538306251004,20260925
D3,uswc_compound_moderate,34,28578280.377635572,657.5247193845682,20260925
D3,uswc_compound_moderate,35,28611106.35226444,656.6962364953947,20260916
D3,uswc_compound_moderate,36,28628728.57466126,656.5475438691327,20260925
D3,uswc_compound_moderate,37,28646156.87499704,656.1091554565758,20260925
D3,uswc_compound_moderate,38,28666357.016925436,656.0994302134917,20260916
D3,uswc_compound_moderate,39,28681722.322264336,654.5001598765082,20260920
D3,uswc_compound_moderate,40,28790901.35322937,654.4272544676903,20260916
D3,uswc_compound_moderate,41,28809453.61911387,654.2577773118942,20260916
D3,uswc_compound_moderate,42,28902676.291453402,653.8762425613563,20260925
D3,uswc_compound_moderate,43,28916012.19813747,653.353276330023,20260925
D3,uswc_compound_moderate,44,29066658.95792332,653.3089862417154,20260925
D3,uswc_compound_moderate,45,29078608.01839181,652.8192880171258,20260921
D3,uswc_compound_moderate,46,29138229.070216347,652.7633310877881,20260925
D3,uswc_compound_moderate,47,29158934.35782165,652.7157587502087,20260921
D3,uswc_compound_moderate,48,29166673.887538694,652.6032890513806,20260921
D3,uswc_compound_moderate,49,29179367.361145247,652.3788036427262,20260925
D3,uswc_compound_moderate,50,29181821.06933573,651.9902328193452,20260925
D3,uswc_compound_moderate,51,29224656.578188002,651.9625708776846,20260925
D3,uswc_compound_moderate,52,29317951.439116407,651.9339642154918,20260921
D3,uswc_compound_moderate,53,29343793.240968376,651.5351931468618,20260921
D3,uswc_compound_moderate,54,29345781.85727026,651.0385304984703,20260921
D3,uswc_compound_severe,1,33447783.55624609,726.7400588732555,20260913
D3,uswc_compound_severe,2,33497748.668803412,725.9189632245063,20260913
D3,uswc_compound_severe,3,33630043.19476359,725.8184249302828,20260913
D3,uswc_compound_severe,4,33775558.49750872,725.634117645832,20260913
D3,uswc_compound_severe,5,33780477.7724265,725.4770106640632,20260913
D3,uswc_compound_severe,6,33791012.36391233,725.4026576218978,20260913
D3,uswc_compound_severe,7,33871646.46556599,725.3643336349676,20260913
D3,uswc_compound_severe,8,33912581.04005096,724.813562691415,20260913
D3,uswc_compound_severe,9,34384175.30168885,724.4945147299549,20260924
D3,uswc_compound_severe,10,34602143.04816747,724.4703101422663,20260924
D3,uswc_compound_severe,11,35180903.98361637,724.0017371830488,20260917
D3,uswc_departure_delay_24h,1,27858972.814188782,672.5437833322707,20260934
D3,uswc_departure_delay_24h,2,27889508.775389317,671.3383825885511,20260934
D3,uswc_departure_delay_24h,3,27912374.46878075,671.2579706981211,20260934
D3,uswc_departure_delay_24h,4,27947934.5537271,670.132111765623,20260934
D3,uswc_departure_delay_24h,5,27965285.403039433,669.7559782188159,20260934
D3,uswc_departure_delay_24h,6,27979795.242953766,669.4598263647979,20260934
D3,uswc_departure_delay_24h,7,28007148.983955935,669.1886580470884,20260934
D3,uswc_departure_delay_24h,8,28028391.67483041,668.7070282588396,20260934
D3,uswc_departure_delay_24h,9,28028593.930319954,668.125189816869,20260934
D3,uswc_departure_delay_24h,10,28032858.052002076,667.6857091557356,20260934
D3,uswc_departure_delay_24h,11,28039309.879881497,667.6589432860982,20260934
D3,uswc_departure_delay_24h,12,28049091.94018017,667.0970805751903,20260934
D3,uswc_departure_delay_24h,13,28061635.724512685,664.9562638735015,20260925
D3,uswc_departure_delay_24h,14,28144144.008866854,664.4382124880424,20260925
D3,uswc_departure_delay_24h,15,28150855.595175765,663.5896954118656,20260925
D3,uswc_departure_delay_24h,16,28155367.867127974,663.5089414051573,20260933
D3,uswc_departure_delay_24h,17,28171240.972744014,662.4209252906519,20260925
D3,uswc_departure_delay_24h,18,28197748.762620434,662.2963740742102,20260933
D3,uswc_departure_delay_24h,19,28251210.92894847,660.9806898356193,20260925
D3,uswc_departure_delay_24h,20,28269674.576238323,660.8724612550105,20260933
D3,uswc_departure_delay_24h,21,28300203.40008343,660.4865132177295,20260925
D3,uswc_departure_delay_24h,22,28356772.458566938,660.2463426371744,20260925
D3,uswc_departure_delay_24h,23,28373261.279992532,659.4083969732363,20260925
D3,uswc_departure_delay_24h,24,28446930.00163714,659.2525841397737,20260925
D3,uswc_departure_delay_24h,25,28447671.949956633,659.0433780924449,20260925
D3,uswc_departure_delay_24h,26,28468418.955399618,658.9372300121364,20260925
D3,uswc_departure_delay_24h,27,28474224.77088623,658.6625665363327,20260925
D3,uswc_departure_delay_24h,28,28474368.068016704,658.394242798108,20260933
D3,uswc_departure_delay_24h,29,28505353.662714377,657.9621612339295,20260925
D3,uswc_departure_delay_24h,30,28526613.991145816,657.8846390292869,20260933
D3,uswc_departure_delay_24h,31,28531990.347649354,657.8781410970112,20260916
D3,uswc_departure_delay_24h,32,28558027.905948352,657.6021957831691,20260916
D3,uswc_departure_delay_24h,33,28567270.312023308,657.538306251004,20260925
D3,uswc_departure_delay_24h,34,28578280.377635572,657.5247193845682,20260925
D3,uswc_departure_delay_24h,35,28611106.35226444,656.6962364953947,20260916
D3,uswc_departure_delay_24h,36,28628728.57466126,656.5475438691327,20260925
D3,uswc_departure_delay_24h,37,28646156.87499704,656.1091554565758,20260925
D3,uswc_departure_delay_24h,38,28666357.016925436,656.0994302134917,20260916
D3,uswc_departure_delay_24h,39,28681722.322264336,654.5001598765082,20260920
D3,uswc_departure_delay_24h,40,28790901.35322937,654.4272544676903,20260916
D3,uswc_departure_delay_24h,41,28809453.61911387,654.2577773118942,20260916
D3,uswc_departure_delay_24h,42,28902676.291453402,653.8762425613563,20260925
D3,uswc_departure_delay_24h,43,28916012.19813747,653.353276330023,20260925
D3,uswc_departure_delay_24h,44,29066658.95792332,653.3089862417154,20260925
D3,uswc_departure_delay_24h,45,29078608.01839181,652.8192880171258,20260921
D3,uswc_departure_delay_24h,46,29138229.070216347,652.7633310877881,20260925
D3,uswc_departure_delay_24h,47,29158934.35782165,652.7157587502087,20260921
D3,uswc_departure_delay_24h,48,29166673.887538694,652.6032890513806,20260921
D3,uswc_departure_delay_24h,49,29179367.361145247,652.3788036427262,20260925
D3,uswc_departure_delay_24h,50,29181821.06933573,651.9902328193452,20260925
D3,uswc_departure_delay_24h,51,29224656.578188002,651.9625708776846,20260925
D3,uswc_departure_delay_24h,52,29317951.439116407,651.9339642154918,20260921
D3,uswc_departure_delay_24h,53,29343793.240968376,651.5351931468618,20260921
D3,uswc_departure_delay_24h,54,29345781.85727026,651.0385304984703,20260921
D3,uswc_departure_delay_72h,1,30161790.235698875,698.8156752483915,20260926
D3,uswc_departure_delay_72h,2,30218014.14349159,698.0377594743069,20260926
D3,uswc_departure_delay_72h,3,30290667.40644294,696.3049865528632,20260915
D3,uswc_departure_delay_72h,4,30293024.15557024,695.3624009060301,20260915
D3,uswc_departure_delay_72h,5,30346906.573865768,694.9023411774455,20260915
D3,uswc_departure_delay_72h,6,30361197.429448597,694.7416309672158,20260918
D3,uswc_departure_delay_72h,7,30379955.0553787,694.729060277314,20260915
D3,uswc_departure_delay_72h,8,30413664.77597523,694.4822880457588,20260918
D3,uswc_departure_delay_72h,9,30433806.35523192,694.2042671062907,20260918
D3,uswc_departure_delay_72h,10,30470193.098774754,693.6404944953404,20260915
D3,uswc_departure_delay_72h,11,30478031.60482938,692.7238240189884,20260915
D3,uswc_departure_delay_72h,12,30629138.57402365,692.718822633281,20260918
D3,uswc_departure_delay_72h,13,30644981.98031267,692.534517466164,20260918
D3,uswc_departure_delay_72h,14,30682549.80158364,692.269724313306,20260918
D3,uswc_departure_delay_72h,15,30695208.69743888,691.9945347653137,20260918
D3,uswc_port_capacity_125pct,1,26576332.611434035,661.8213301229198,20260932
D3,uswc_port_capacity_125pct,2,26640396.08262353,661.4234514165981,20260923
D3,uswc_port_capacity_125pct,3,26673754.848109253,659.809121166826,20260923
D3,uswc_port_capacity_125pct,4,26681325.060295373,659.2333516476509,20260923
D3,uswc_port_capacity_125pct,5,26693610.801710643,656.9249325591071,20260932
D3,uswc_port_capacity_125pct,6,26771840.701283965,656.8919301690811,20260923
D3,uswc_port_capacity_125pct,7,26787297.037885573,656.8780857790117,20260932
D3,uswc_port_capacity_125pct,8,26789000.274041586,656.5842034409304,20260923
D3,uswc_port_capacity_125pct,9,26806069.912465908,655.5060907891888,20260923
D3,uswc_port_capacity_125pct,10,26830903.653138798,653.9487132672075,20260932
D3,uswc_port_capacity_125pct,11,26869519.42661224,652.9531734660951,20260932
D3,uswc_port_capacity_125pct,12,26962419.841347888,651.7245950647814,20260932
D3,uswc_port_capacity_125pct,13,27019365.748485465,651.3503080552316,20260932
D3,uswc_port_capacity_125pct,14,27023803.91132418,651.3127880278809,20260932
D3,uswc_port_capacity_125pct,15,27026442.127510384,651.310931600027,20260932
D3,uswc_port_capacity_125pct,16,27046774.51493893,649.8382638270546,20260932
D3,uswc_port_capacity_125pct,17,27062583.44661119,649.6419505408586,20260932
D3,uswc_port_capacity_125pct,18,27073163.297885943,649.0292266926881,20260932
D3,uswc_port_capacity_125pct,19,27111657.972461287,648.8876580144467,20260926
D3,uswc_port_capacity_125pct,20,27126723.5914174,648.8354471800443,20260932
D3,uswc_port_capacity_125pct,21,27131884.70842643,647.5811273096549,20260932
D3,uswc_port_capacity_125pct,22,27192485.065201007,647.0886954962908,20260932
D3,uswc_port_capacity_125pct,23,27210772.689231902,646.7047394398136,20260932
D3,uswc_port_capacity_125pct,24,27236888.85099846,646.6779812095456,20260932
D3,uswc_port_capacity_125pct,25,27243489.943835612,645.5897368301233,20260932
D3,uswc_port_capacity_125pct,26,27297061.576034006,645.0514403672748,20260932
D3,uswc_port_capacity_125pct,27,27323440.728353232,644.9035468932489,20260913
D3,uswc_port_capacity_125pct,28,27324230.645164542,644.7500067169206,20260932
D3,uswc_port_capacity_125pct,29,27344667.025819764,644.4183097202846,20260932
D3,uswc_port_capacity_125pct,30,27345367.240201388,644.0941339029658,20260926
D3,uswc_port_capacity_125pct,31,27347951.38283946,644.0686111199308,20260926
D3,uswc_port_capacity_125pct,32,27371387.73085083,643.7984353871527,20260907
D3,uswc_port_capacity_125pct,33,27382356.025026947,643.2640466335648,20260926
D3,uswc_port_capacity_125pct,34,27403189.1888302,642.8582171455923,20260913
D3,uswc_port_capacity_125pct,35,27412462.477229394,642.5973724235597,20260913
D3,uswc_port_capacity_125pct,36,27417192.263126392,642.3718076211804,20260932
D3,uswc_port_capacity_125pct,37,27429169.62883351,642.2868151613222,20260926
D3,uswc_port_capacity_125pct,38,27442114.455498327,642.002584175591,20260932
D3,uswc_port_capacity_125pct,39,27465805.86823922,641.9111333988986,20260911
D3,uswc_port_capacity_125pct,40,27496827.886138298,641.4801278350506,20260932
D3,uswc_port_capacity_125pct,41,27522060.474037446,641.4526292778002,20260929
D3,uswc_port_capacity_125pct,42,27529732.67960582,641.0166893924949,20260930
D3,uswc_port_capacity_125pct,43,27547911.847124938,640.9260695150616,20260911
D3,uswc_port_capacity_125pct,44,27550121.0572488,640.2505485068748,20260929
D3,uswc_port_capacity_125pct,45,27580334.82143745,640.0393820199846,20260907
D3,uswc_port_capacity_125pct,46,27593387.064369347,639.7576673216292,20260906
D3,uswc_port_capacity_125pct,47,27630395.33042214,639.4714154959914,20260929
D3,uswc_port_capacity_125pct,48,27631761.044654634,639.3812672338424,20260906
D3,uswc_port_capacity_125pct,49,27638729.956879683,639.0769029108418,20260914
D3,uswc_port_capacity_125pct,50,27642818.33045243,638.669349360385,20260911
D3,uswc_port_capacity_125pct,51,27664878.684072804,638.4825970687725,20260907
D3,uswc_port_capacity_125pct,52,27679532.26776552,638.0040425240385,20260907
D3,uswc_port_capacity_125pct,53,27707934.182482336,637.5256341512203,20260907
D3,uswc_port_capacity_125pct,54,27742777.101409726,637.1491016110156,20260929
D3,uswc_port_capacity_125pct,55,27776016.9319294,637.1223277475217,20260929
D3,uswc_port_capacity_125pct,56,27783302.834795497,635.5445716862802,20260931
D3,uswc_port_capacity_125pct,57,27857275.620715957,635.467158191678,20260914
D3,uswc_port_capacity_125pct,58,27883052.747887503,635.4283766083394,20260907
D3,uswc_port_capacity_125pct,59,27949334.37622791,634.9665957586682,20260918
D3,uswc_port_capacity_125pct,60,27960434.894237146,634.5819840222651,20260931
D3,uswc_port_capacity_125pct,61,27976000.56065584,634.5298904578734,20260914
D3,uswc_port_capacity_125pct,62,28032074.82568361,634.2009414968325,20260931
D3,uswc_port_capacity_125pct,63,28057628.575082324,633.5279700894674,20260916
D3,uswc_port_capacity_125pct,64,28068174.51347062,633.027109012823,20260916
D3,uswc_port_capacity_125pct,65,28103042.832278684,632.6691331785843,20260918
D3,uswc_port_capacity_125pct,66,28168448.21915646,632.3467983292057,20260931
D3,uswc_port_capacity_125pct,67,28169057.70775276,631.4849769759304,20260916
D3,uswc_port_capacity_125pct,68,28218641.61805294,630.5044633017545,20260918
D3,uswc_port_capacity_125pct,69,28309707.387752768,630.2959309602178,20260916
D3,uswc_port_capacity_125pct,70,28458369.659663968,628.8034578149013,20260918
D3,uswc_port_capacity_125pct,71,28609050.379138157,628.0642444823245,20260914
D3,uswc_port_capacity_50pct,1,26674109.5122458,678.3233469962859,20260923
D3,uswc_port_capacity_50pct,2,26775806.1396421,678.0629886375426,20260923
D3,uswc_port_capacity_50pct,3,26793997.62472505,672.5892673132136,20260933
D3,uswc_port_capacity_50pct,4,26903015.277377523,672.1482904931647,20260926
D3,uswc_port_capacity_50pct,5,26947464.509492043,670.1251549306951,20260926
D3,uswc_port_capacity_50pct,6,27067307.08130653,669.3446473663009,20260926
D3,uswc_port_capacity_50pct,7,27154430.69329338,669.2820173730366,20260926
D3,uswc_port_capacity_50pct,8,27204952.45452424,669.1846791873061,20260926
D3,uswc_port_capacity_50pct,9,27217624.430954255,668.6365126534024,20260926
D3,uswc_port_capacity_50pct,10,27232589.87430428,668.6306855806351,20260926
D3,uswc_port_capacity_50pct,11,27254130.189195752,667.72380519518,20260917
D3,uswc_port_capacity_50pct,12,27287217.838743053,666.9606495345805,20260917
D3,uswc_port_capacity_50pct,13,27321595.50225975,666.7664718228934,20260917
D3,uswc_port_capacity_50pct,14,27346091.28223073,666.4103506816634,20260917
D3,uswc_port_capacity_50pct,15,27451578.609544355,666.1724953660703,20260917
D3,uswc_port_capacity_50pct,16,27483681.56120275,664.5252433200967,20260917
D3,uswc_port_capacity_50pct,17,27577885.549761698,663.9542712559775,20260917
D3,uswc_port_capacity_50pct,18,27712776.334114134,663.4804318082591,20260917
D3,uswc_port_capacity_50pct,19,27723998.64905944,662.8869469569073,20260932
D3,uswc_port_capacity_50pct,20,27930764.94378103,662.7811294138833,20260917
D3,uswc_port_capacity_50pct,21,27947450.847128257,662.4983044479251,20260917
D3,uswc_port_capacity_50pct,22,27987145.48809528,662.4628775843594,20260924
D3,uswc_port_capacity_50pct,23,28055841.19155827,662.324615085484,20260917
D3,uswc_port_capacity_50pct,24,28063465.313593417,662.0885956201581,20260917
D3,uswc_port_capacity_50pct,25,28073571.524749197,662.0003635477573,20260917
D3,uswc_port_capacity_50pct,26,28090055.71889036,661.9883755807703,20260917
D3,uswc_port_capacity_50pct,27,28091859.876732536,661.1438428446727,20260932
D3,uswc_port_capacity_50pct,28,28098005.748408332,661.1130882912878,20260917
D3,uswc_port_capacity_50pct,29,28317548.231368326,660.9412148586879,20260932
D3,uswc_port_capacity_50pct,30,28321821.404892784,660.9021455049599,20260922
D3,uswc_port_capacity_50pct,31,28328912.325406875,660.6611022566018,20260919
D3,uswc_port_capacity_50pct,32,28471930.15819454,660.0088300318506,20260909
D3,uswc_port_capacity_50pct,33,28605778.62101071,659.9489613788302,20260925
D3,uswc_port_capacity_50pct,34,28629636.459658924,659.6513212820396,20260909
D3,uswc_port_capacity_50pct,35,28776752.94111463,659.329304572637,20260931
D3,uswc_port_capacity_50pct,36,28873148.85332878,658.2658513284327,20260907
D3,uswc_port_capacity_50pct,37,29147706.41018267,658.1679781828286,20260909
D3,uswc_port_capacity_50pct,38,29157031.559254948,657.9484447214204,20260925
D3,uswc_port_capacity_75pct,1,26576332.611434035,661.8213301229198,20260932
D3,uswc_port_capacity_75pct,2,26640396.08262353,661.4234514165981,20260923
D3,uswc_port_capacity_75pct,3,26673754.848109253,659.809121166826,20260923
D3,uswc_port_capacity_75pct,4,26681325.060295373,659.2333516476509,20260923
D3,uswc_port_capacity_75pct,5,26693610.801710643,656.9249325591071,20260932
D3,uswc_port_capacity_75pct,6,26771840.701283965,656.8919301690811,20260923
D3,uswc_port_capacity_75pct,7,26787297.037885573,656.8780857790117,20260932
D3,uswc_port_capacity_75pct,8,26789000.274041586,656.5842034409304,20260923
D3,uswc_port_capacity_75pct,9,26806069.912465908,655.5060907891888,20260923
D3,uswc_port_capacity_75pct,10,26830903.653138798,653.9487132672075,20260932
D3,uswc_port_capacity_75pct,11,26869519.42661224,652.9531734660951,20260932
D3,uswc_port_capacity_75pct,12,26962419.841347888,651.7245950647814,20260932
D3,uswc_port_capacity_75pct,13,27019365.748485465,651.3503080552316,20260932
D3,uswc_port_capacity_75pct,14,27023803.91132418,651.3127880278809,20260932
D3,uswc_port_capacity_75pct,15,27026442.127510384,651.310931600027,20260932
D3,uswc_port_capacity_75pct,16,27046774.51493893,649.8382638270546,20260932
D3,uswc_port_capacity_75pct,17,27062583.44661119,649.6419505408586,20260932
D3,uswc_port_capacity_75pct,18,27073163.297885943,649.0292266926881,20260932
D3,uswc_port_capacity_75pct,19,27111657.972461287,648.8876580144467,20260926
D3,uswc_port_capacity_75pct,20,27126723.5914174,648.8354471800443,20260932
D3,uswc_port_capacity_75pct,21,27131884.70842643,647.5811273096549,20260932
D3,uswc_port_capacity_75pct,22,27192485.065201007,647.0886954962908,20260932
D3,uswc_port_capacity_75pct,23,27210772.689231902,646.7047394398136,20260932
D3,uswc_port_capacity_75pct,24,27236888.85099846,646.6779812095456,20260932
D3,uswc_port_capacity_75pct,25,27243489.943835612,645.5897368301233,20260932
D3,uswc_port_capacity_75pct,26,27297061.576034006,645.0514403672748,20260932
D3,uswc_port_capacity_75pct,27,27323440.728353232,644.9035468932489,20260913
D3,uswc_port_capacity_75pct,28,27324230.645164542,644.7500067169206,20260932
D3,uswc_port_capacity_75pct,29,27344667.025819764,644.4183097202846,20260932
D3,uswc_port_capacity_75pct,30,27345367.240201388,644.0941339029658,20260926
D3,uswc_port_capacity_75pct,31,27347951.38283946,644.0686111199308,20260926
D3,uswc_port_capacity_75pct,32,27371387.73085083,643.7984353871527,20260907
D3,uswc_port_capacity_75pct,33,27382356.025026947,643.2640466335648,20260926
D3,uswc_port_capacity_75pct,34,27403189.1888302,642.8582171455923,20260913
D3,uswc_port_capacity_75pct,35,27412462.477229394,642.5973724235597,20260913
D3,uswc_port_capacity_75pct,36,27417192.263126392,642.3718076211804,20260932
D3,uswc_port_capacity_75pct,37,27429169.62883351,642.2868151613222,20260926
D3,uswc_port_capacity_75pct,38,27442114.455498327,642.002584175591,20260932
D3,uswc_port_capacity_75pct,39,27465805.86823922,641.9111333988986,20260911
D3,uswc_port_capacity_75pct,40,27496827.886138298,641.4801278350506,20260932
D3,uswc_port_capacity_75pct,41,27522060.474037446,641.4526292778002,20260929
D3,uswc_port_capacity_75pct,42,27529732.67960582,641.0166893924949,20260930
D3,uswc_port_capacity_75pct,43,27547911.847124938,640.9260695150616,20260911
D3,uswc_port_capacity_75pct,44,27550121.0572488,640.2505485068748,20260929
D3,uswc_port_capacity_75pct,45,27580334.82143745,640.0393820199846,20260907
D3,uswc_port_capacity_75pct,46,27593387.064369347,639.7576673216292,20260906
D3,uswc_port_capacity_75pct,47,27630395.33042214,639.4714154959914,20260929
D3,uswc_port_capacity_75pct,48,27631761.044654634,639.3812672338424,20260906
D3,uswc_port_capacity_75pct,49,27638729.956879683,639.0769029108418,20260914
D3,uswc_port_capacity_75pct,50,27642818.33045243,638.669349360385,20260911
D3,uswc_port_capacity_75pct,51,27664878.684072804,638.4825970687725,20260907
D3,uswc_port_capacity_75pct,52,27679532.26776552,638.0040425240385,20260907
D3,uswc_port_capacity_75pct,53,27707934.182482336,637.5256341512203,20260907
D3,uswc_port_capacity_75pct,54,27742777.101409726,637.1491016110156,20260929
D3,uswc_port_capacity_75pct,55,27776016.9319294,637.1223277475217,20260929
D3,uswc_port_capacity_75pct,56,27783302.834795497,635.5445716862802,20260931
D3,uswc_port_capacity_75pct,57,27857275.620715957,635.467158191678,20260914
D3,uswc_port_capacity_75pct,58,27883052.747887503,635.4283766083394,20260907
D3,uswc_port_capacity_75pct,59,27949334.37622791,634.9665957586682,20260918
D3,uswc_port_capacity_75pct,60,27960434.894237146,634.5819840222651,20260931
D3,uswc_port_capacity_75pct,61,27976000.56065584,634.5298904578734,20260914
D3,uswc_port_capacity_75pct,62,28032074.82568361,634.2009414968325,20260931
D3,uswc_port_capacity_75pct,63,28057628.575082324,633.5279700894674,20260916
D3,uswc_port_capacity_75pct,64,28068174.51347062,633.027109012823,20260916
D3,uswc_port_capacity_75pct,65,28103042.832278684,632.6691331785843,20260918
D3,uswc_port_capacity_75pct,66,28168448.21915646,632.3467983292057,20260931
D3,uswc_port_capacity_75pct,67,28169057.70775276,631.4849769759304,20260916
D3,uswc_port_capacity_75pct,68,28218641.61805294,630.5044633017545,20260918
D3,uswc_port_capacity_75pct,69,28309707.387752768,630.2959309602178,20260916
D3,uswc_port_capacity_75pct,70,28458369.659663968,628.8034578149013,20260918
D3,uswc_port_capacity_75pct,71,28609050.379138157,628.0642444823245,20260914
