solution_id,case_id,scenario,roles,source_seed,total_cost_usd,quantity_weighted_mean_delivery_time_h,makespan_h,max_lead_time_h,total_tardiness_feu_h,route_allocations
D1_all_departure_delay_48h_001,D1,all_departure_delay_48h,min_cost,20260907,26545415.13795978,679.2001434531506,782.4,782.4,2189.0464793433175,76
D1_all_departure_delay_48h_002,D1,all_departure_delay_48h,,20260907,26629124.4166062,677.4188099025047,782.4,782.4,1674.5166429500018,74
D1_all_departure_delay_48h_003,D1,all_departure_delay_48h,,20260907,26644847.755823225,677.2175106398182,782.4,782.4,1989.0031481803821,79
D1_all_departure_delay_48h_004,D1,all_departure_delay_48h,,20260907,26682294.311577965,676.0342173162688,782.4,782.4,1674.5166429500018,75
D1_all_departure_delay_48h_005,D1,all_departure_delay_48h,,20260907,26695833.659024045,675.9074058266331,782.4,782.4,1424.2030428808378,78
D1_all_departure_delay_48h_006,D1,all_departure_delay_48h,,20260907,26727239.591519024,675.8855651335441,782.4,782.4,1791.671280665093,75
D1_all_departure_delay_48h_007,D1,all_departure_delay_48h,,20260907,26734097.192157898,675.6760665685111,782.4,782.4,1854.1404855579276,77
D1_all_departure_delay_48h_008,D1,all_departure_delay_48h,,20260907,26739526.520057518,675.5225046285631,782.4,782.4,1746.237905390106,79
D1_all_departure_delay_48h_009,D1,all_departure_delay_48h,,20260907,26742232.55002315,673.6265555178561,782.4,782.4,1169.5990913470644,74
D1_all_departure_delay_48h_010,D1,all_departure_delay_48h,,20260907,26909589.496668454,672.6916834510065,782.4,782.4,1797.9746152457428,76
D1_all_departure_delay_48h_011,D1,all_departure_delay_48h,,20260907,26958172.816632956,672.1690506395598,782.4,782.4,1613.6891462294286,73
D1_all_departure_delay_48h_012,D1,all_departure_delay_48h,,20260907,26994155.99224189,671.8973342869092,782.4,782.4,1759.3562462975706,74
D1_all_departure_delay_48h_013,D1,all_departure_delay_48h,,20260907,27131358.739755273,670.7061056915734,782.4,782.4,1821.4305602028735,75
D1_all_departure_delay_48h_014,D1,all_departure_delay_48h,balanced,20260912,27181960.806487605,670.0789257312164,782.4,782.4,2488.1890995603,81
D1_all_departure_delay_48h_015,D1,all_departure_delay_48h,,20260907,27202556.83011441,670.0573073069239,782.4,782.4,1825.9936707600602,76
D1_all_departure_delay_48h_016,D1,all_departure_delay_48h,,20260912,27280773.502441652,669.9211144360296,782.4,782.4,2248.9351134311414,82
D1_all_departure_delay_48h_017,D1,all_departure_delay_48h,,20260912,27281761.68405177,669.7502769402682,782.4,782.4,2301.9856688361733,82
D1_all_departure_delay_48h_018,D1,all_departure_delay_48h,,20260912,27289741.69288748,669.3648993283188,782.4,782.4,1691.5497747158151,76
D1_all_departure_delay_48h_019,D1,all_departure_delay_48h,,20260912,27340749.078682736,669.2976289445028,782.4,782.4,2125.9384888726368,75
D1_all_departure_delay_48h_020,D1,all_departure_delay_48h,,20260912,27366693.24268456,669.0960700156044,782.4,782.4,2163.8020128768458,79
D1_all_departure_delay_48h_021,D1,all_departure_delay_48h,,20260912,27391880.70198726,668.369821405848,782.4,782.4,1960.6408349773155,77
D1_all_departure_delay_48h_022,D1,all_departure_delay_48h,,20260912,27423501.57737876,668.3641355535107,782.4,782.4,1940.9339146809543,76
D1_all_departure_delay_48h_023,D1,all_departure_delay_48h,,20260912,27444437.08130869,667.6047210468553,782.4,782.4,1518.9710540712315,75
D1_all_departure_delay_48h_024,D1,all_departure_delay_48h,,20260915,27499104.226805355,667.1048621605415,782.4,782.4,1245.401095551659,79
D1_all_departure_delay_48h_025,D1,all_departure_delay_48h,,20260915,27599119.17888284,665.4706385711042,782.4,782.4,1068.7974231647001,79
D1_all_departure_delay_48h_026,D1,all_departure_delay_48h,,20260915,27776663.113222823,664.7504311873452,782.4,782.4,1190.5167649603784,75
D1_all_departure_delay_48h_027,D1,all_departure_delay_48h,,20260915,27784900.910622723,664.2103187298559,782.4,782.4,1187.5852846797675,78
D1_all_departure_delay_48h_028,D1,all_departure_delay_48h,,20260912,27840733.01951163,664.1026328705514,782.4,782.4,2023.6428159742086,79
D1_all_departure_delay_48h_029,D1,all_departure_delay_48h,,20260915,27950828.954091832,663.9570374294452,782.4,782.4,1783.8135888632,74
D1_all_departure_delay_48h_030,D1,all_departure_delay_48h,,20260915,27953624.616790347,663.4024113798239,782.4,782.4,1558.7617934232276,72
D1_all_departure_delay_48h_031,D1,all_departure_delay_48h,,20260915,27993757.172013447,662.4778258863215,782.4,782.4,1297.6539470075113,70
D1_all_departure_delay_48h_032,D1,all_departure_delay_48h,min_delivery_time,20260915,28068711.250447817,662.0463586340014,782.4,782.4,1311.1367371227127,69
D1_pilot_baseline_001,D1,pilot_baseline,min_cost,20260906,24842445.19812098,660.4667559181308,748.8,748.8,3447.639452293473,84
D1_pilot_baseline_002,D1,pilot_baseline,,20260906,24848650.87177561,660.0019607945736,748.8,748.8,3195.984157543646,80
D1_pilot_baseline_003,D1,pilot_baseline,,20260906,24883568.201326527,658.6343352527729,748.8,748.8,3031.3392750231387,81
D1_pilot_baseline_004,D1,pilot_baseline,,20260906,24888497.304555107,653.2299622158317,748.8,748.8,2410.918651253123,81
D1_pilot_baseline_005,D1,pilot_baseline,,20260906,24952312.852573715,653.0169489543077,748.8,748.8,2522.1870245361483,82
D1_pilot_baseline_006,D1,pilot_baseline,,20260906,24988661.712288722,651.8252915182069,748.8,748.8,2571.3402814603764,82
D1_pilot_baseline_007,D1,pilot_baseline,,20260906,25015801.614312228,651.7410650440858,748.8,748.8,2314.6899427662643,83
D1_pilot_baseline_008,D1,pilot_baseline,,20260906,25027305.75699999,648.6471827837831,748.8,748.8,1885.1303826520066,82
D1_pilot_baseline_009,D1,pilot_baseline,,20260906,25048405.284625843,647.9674761935964,748.8,748.8,1621.2231466896915,81
D1_pilot_baseline_010,D1,pilot_baseline,,20260906,25145924.420690563,647.4400488001354,748.8,748.8,2250.5025338607297,83
D1_pilot_baseline_011,D1,pilot_baseline,,20260906,25150426.31195558,646.7272102563984,748.8,748.8,2056.380881729024,84
D1_pilot_baseline_012,D1,pilot_baseline,,20260906,25154848.34343224,646.6180078702163,748.8,748.8,2109.5809464164067,82
D1_pilot_baseline_013,D1,pilot_baseline,,20260933,25177392.60003796,645.9118055369357,748.8,748.8,1050.554768631837,86
D1_pilot_baseline_014,D1,pilot_baseline,,20260923,25183901.81765151,644.1530559632971,748.8,748.8,1092.2041794689367,90
D1_pilot_baseline_015,D1,pilot_baseline,,20260923,25195300.396754384,644.1155008779716,748.8,748.8,1149.4124496892587,90
D1_pilot_baseline_016,D1,pilot_baseline,,20260933,25213844.15011067,643.8694508795252,748.8,748.8,1002.5291500635353,85
D1_pilot_baseline_017,D1,pilot_baseline,,20260932,25221481.169953357,642.4337207184383,748.8,748.8,1145.6364887855073,85
D1_pilot_baseline_018,D1,pilot_baseline,,20260912,25245563.86645435,640.9869864564172,748.8,748.8,647.5621327081191,79
D1_pilot_baseline_019,D1,pilot_baseline,,20260912,25296118.36958161,638.6596958843554,748.8,748.8,629.0955467881668,79
D1_pilot_baseline_020,D1,pilot_baseline,,20260932,25313310.103698507,638.1804410406907,748.8,748.8,117.88093471774873,77
D1_pilot_baseline_021,D1,pilot_baseline,,20260912,25373170.16865519,637.603351320569,748.8,748.8,643.3779074498354,84
D1_pilot_baseline_022,D1,pilot_baseline,,20260932,25381113.971172906,637.462174937037,748.8,748.8,141.54361200839463,83
D1_pilot_baseline_023,D1,pilot_baseline,,20260932,25412277.976145215,637.3194423787354,748.8,748.8,394.5674052745754,84
D1_pilot_baseline_024,D1,pilot_baseline,,20260912,25412396.694947865,637.3121527390931,748.8,748.8,641.9819066165198,78
D1_pilot_baseline_025,D1,pilot_baseline,balanced,20260932,25412552.53586355,636.2742574455212,748.8,748.8,176.23451303031462,82
D1_pilot_baseline_026,D1,pilot_baseline,,20260912,25477489.42523127,636.0770864938119,748.8,748.8,640.9985114193873,81
D1_pilot_baseline_027,D1,pilot_baseline,,20260932,25487990.91266626,635.4987189178859,748.8,748.8,197.91791208106352,83
D1_pilot_baseline_028,D1,pilot_baseline,,20260912,25511794.069225244,635.385771678844,748.8,748.8,634.4775226621615,81
D1_pilot_baseline_029,D1,pilot_baseline,,20260912,25512405.61914239,635.1958254120451,748.8,748.8,623.9400340790708,80
D1_pilot_baseline_030,D1,pilot_baseline,,20260912,25520009.66088834,635.0912322279218,748.8,748.8,632.9386519997652,79
D1_pilot_baseline_031,D1,pilot_baseline,,20260912,25530175.039977346,634.3162187577074,748.8,748.8,628.861852165968,76
D1_pilot_baseline_032,D1,pilot_baseline,,20260912,25534679.101430047,634.2467667372729,748.8,748.8,626.8700707862739,80
D1_pilot_baseline_033,D1,pilot_baseline,,20260932,25571105.24786311,634.0019876096361,748.8,748.8,262.6491404914599,78
D1_pilot_baseline_034,D1,pilot_baseline,,20260932,25588168.39353081,633.7394485510819,748.8,748.8,266.4431333243981,80
D1_pilot_baseline_035,D1,pilot_baseline,,20260912,25589599.156443063,633.6585786905,748.8,748.8,794.9222331757463,80
D1_pilot_baseline_036,D1,pilot_baseline,,20260912,25606115.69696911,633.477243524744,748.8,748.8,632.6614369159272,80
D1_pilot_baseline_037,D1,pilot_baseline,,20260912,25608682.029926307,633.3881903918789,748.8,748.8,849.1924770112657,78
D1_pilot_baseline_038,D1,pilot_baseline,,20260927,25619704.380212445,633.305472433005,748.8,748.8,597.5770543912765,77
D1_pilot_baseline_039,D1,pilot_baseline,,20260932,25630303.21725872,633.1538114376112,748.8,748.8,186.47245621271702,80
D1_pilot_baseline_040,D1,pilot_baseline,,20260912,25632437.050621632,633.1062400407546,748.8,748.8,635.4117575712714,81
D1_pilot_baseline_041,D1,pilot_baseline,,20260912,25637883.522405136,632.4363962140179,748.8,748.8,623.2739588250151,76
D1_pilot_baseline_042,D1,pilot_baseline,,20260932,25663193.9963302,632.3481515333553,748.8,748.8,277.3775616095975,82
D1_pilot_baseline_043,D1,pilot_baseline,,20260932,25689245.819080215,632.1039281575665,748.8,748.8,273.55782853216755,79
D1_pilot_baseline_044,D1,pilot_baseline,,20260912,25690957.30946771,631.1828970683052,748.8,748.8,624.865478142476,80
D1_pilot_baseline_045,D1,pilot_baseline,,20260912,25702106.96553333,631.1226613497582,748.8,748.8,610.541446922962,80
D1_pilot_baseline_046,D1,pilot_baseline,,20260932,25721284.12020118,630.8132637265082,748.8,748.8,164.14961133980663,77
D1_pilot_baseline_047,D1,pilot_baseline,,20260912,25742052.779472794,630.2527356495924,748.8,748.8,622.0319982465378,74
D1_pilot_baseline_048,D1,pilot_baseline,,20260912,25781620.233055748,630.1124616298766,748.8,748.8,634.8962519790384,78
D1_pilot_baseline_049,D1,pilot_baseline,,20260932,25782069.58653237,629.0165537528575,748.8,748.8,0.0,77
D1_pilot_baseline_050,D1,pilot_baseline,,20260932,25784411.552524347,628.929771282216,748.8,748.8,0.0,76
D1_pilot_baseline_051,D1,pilot_baseline,,20260932,25850159.04732197,628.6040771836915,748.8,748.8,140.12892381610337,78
D1_pilot_baseline_052,D1,pilot_baseline,,20260927,25874523.312749244,627.7748981606636,748.8,748.8,382.81893080084325,82
D1_pilot_baseline_053,D1,pilot_baseline,,20260912,25887881.881216742,627.5799754051783,748.8,748.8,381.4541682825815,76
D1_pilot_baseline_054,D1,pilot_baseline,,20260919,25947772.611799456,627.1956124114544,748.8,748.8,329.4294572194621,80
D1_pilot_baseline_055,D1,pilot_baseline,,20260919,25960495.03648061,627.1248792493246,748.8,748.8,227.82555133674896,85
D1_pilot_baseline_056,D1,pilot_baseline,,20260919,25960787.670548104,626.3455665972414,748.8,748.8,209.00683568009944,83
D1_pilot_baseline_057,D1,pilot_baseline,,20260932,25978071.889775064,626.0830615249329,748.8,748.8,154.54219101935377,77
D1_pilot_baseline_058,D1,pilot_baseline,,20260919,26012100.002830815,625.5983008306623,748.8,748.8,230.83560377680368,81
D1_pilot_baseline_059,D1,pilot_baseline,,20260919,26035957.91802891,625.3908509426325,748.8,748.8,234.42942550193834,82
D1_pilot_baseline_060,D1,pilot_baseline,,20260927,26041528.754809827,625.1327766265262,715.2,715.2,381.33792414793317,77
D1_pilot_baseline_061,D1,pilot_baseline,,20260919,26047000.380012766,624.6409284071755,748.8,748.8,207.28093437676642,80
D1_pilot_baseline_062,D1,pilot_baseline,,20260919,26078454.04174026,624.6269236616813,748.8,748.8,231.96913225586144,82
D1_pilot_baseline_063,D1,pilot_baseline,,20260919,26088108.51695721,624.3071479515643,748.8,748.8,229.0700669268021,82
D1_pilot_baseline_064,D1,pilot_baseline,,20260919,26106149.48305315,624.1270090013602,748.8,748.8,222.16155102750287,83
D1_pilot_baseline_065,D1,pilot_baseline,,20260919,26141080.43551318,623.4929835591001,748.8,748.8,216.40131882225865,83
D1_pilot_baseline_066,D1,pilot_baseline,,20260919,26166187.815320842,622.7309224621099,748.8,748.8,207.2873065195931,81
D1_pilot_baseline_067,D1,pilot_baseline,,20260919,26181550.811070465,622.6004955759352,748.8,748.8,208.79733026117924,81
D1_pilot_baseline_068,D1,pilot_baseline,,20260919,26207714.111823913,622.1477503571793,748.8,748.8,224.37088931790157,83
D1_pilot_baseline_069,D1,pilot_baseline,,20260919,26230472.702329084,622.1421780482056,748.8,748.8,218.04751808050793,78
D1_pilot_baseline_070,D1,pilot_baseline,,20260919,26233073.149938818,621.8821146802418,748.8,748.8,206.43871352378534,80
D1_pilot_baseline_071,D1,pilot_baseline,,20260919,26286310.200127587,620.976794992271,748.8,748.8,221.4744044323843,80
D1_pilot_baseline_072,D1,pilot_baseline,,20260919,26309731.3301426,620.748467188563,748.8,748.8,203.1902583543423,80
D1_pilot_baseline_073,D1,pilot_baseline,,20260925,26389990.185705308,620.6939774268258,748.8,748.8,444.9832613435965,83
D1_pilot_baseline_074,D1,pilot_baseline,,20260925,26398415.777893074,620.4481500402061,748.8,748.8,443.84772015982867,81
D1_pilot_baseline_075,D1,pilot_baseline,,20260925,26412051.673197955,619.9291129020464,748.8,748.8,449.90933892178373,83
D1_pilot_baseline_076,D1,pilot_baseline,,20260915,26469059.059917103,619.6854423631269,748.8,748.8,1050.8468784047177,84
D1_pilot_baseline_077,D1,pilot_baseline,,20260915,26478502.06672025,619.3641697795872,748.8,748.8,831.7478634922205,85
D1_pilot_baseline_078,D1,pilot_baseline,,20260915,26530623.826993868,619.3612708983297,748.8,748.8,882.5150295804617,84
D1_pilot_baseline_079,D1,pilot_baseline,,20260915,26544322.097125288,618.1737686731917,748.8,748.8,962.9211825961575,83
D1_pilot_baseline_080,D1,pilot_baseline,,20260915,26571173.55595367,617.897496926095,748.8,748.8,876.2410922740194,81
D1_pilot_baseline_081,D1,pilot_baseline,,20260915,26591906.179263618,617.5779448683761,748.8,748.8,903.000140176814,83
D1_pilot_baseline_082,D1,pilot_baseline,,20260915,26653399.489870492,617.1121999235975,748.8,748.8,954.5660091973199,81
D1_pilot_baseline_083,D1,pilot_baseline,,20260915,26720476.696201835,616.6216548441273,748.8,748.8,684.6984355688023,85
D1_pilot_baseline_084,D1,pilot_baseline,min_delivery_time,20260915,26772109.384655178,615.6406286172274,748.8,748.8,637.2958337142875,84
D1_uswc_compound_moderate_001,D1,uswc_compound_moderate,min_cost,20260935,25794035.95289595,663.8347307756504,782.4,782.4,860.3913912356182,75
D1_uswc_compound_moderate_002,D1,uswc_compound_moderate,,20260935,25844929.724699575,663.5659066747592,782.4,782.4,1249.5024353252718,81
D1_uswc_compound_moderate_003,D1,uswc_compound_moderate,,20260935,25849550.463640783,662.6589864426928,782.4,782.4,847.8262264928183,74
D1_uswc_compound_moderate_004,D1,uswc_compound_moderate,,20260935,25851571.248969443,662.5276314519064,782.4,782.4,849.5165132837266,72
D1_uswc_compound_moderate_005,D1,uswc_compound_moderate,,20260935,25891013.88891302,662.4722463902201,782.4,782.4,1338.413159793248,78
D1_uswc_compound_moderate_006,D1,uswc_compound_moderate,,20260935,25905474.77156915,662.3398739523799,782.4,782.4,1803.7248719153297,78
D1_uswc_compound_moderate_007,D1,uswc_compound_moderate,,20260935,25927768.399788655,661.4821043448458,782.4,782.4,1459.9761045021312,78
D1_uswc_compound_moderate_008,D1,uswc_compound_moderate,,20260935,25932025.661840808,660.1346067632805,782.4,782.4,837.6668472930011,76
D1_uswc_compound_moderate_009,D1,uswc_compound_moderate,,20260935,25956578.766974896,659.3114717404219,748.8,748.8,591.0643257473679,73
D1_uswc_compound_moderate_010,D1,uswc_compound_moderate,,20260935,25987542.021316353,659.0565870740543,782.4,782.4,840.6245256616048,76
D1_uswc_compound_moderate_011,D1,uswc_compound_moderate,,20260935,25991361.76820246,658.7893310104298,782.4,782.4,999.3474594682285,79
D1_uswc_compound_moderate_012,D1,uswc_compound_moderate,,20260935,26019794.889952686,658.505489567355,748.8,748.8,594.5221961298635,76
D1_uswc_compound_moderate_013,D1,uswc_compound_moderate,,20260935,26022970.564479932,658.3358148278771,782.4,782.4,760.4007595974288,79
D1_uswc_compound_moderate_014,D1,uswc_compound_moderate,,20260935,26027591.530621015,658.108100216247,782.4,782.4,855.4256525045346,79
D1_uswc_compound_moderate_015,D1,uswc_compound_moderate,,20260935,26073878.203099694,656.9086957353647,782.4,782.4,848.7436642745525,78
D1_uswc_compound_moderate_016,D1,uswc_compound_moderate,,20260935,26113661.849395663,656.5208669369284,782.4,782.4,811.1369175540231,76
D1_uswc_compound_moderate_017,D1,uswc_compound_moderate,,20260935,26119124.309887864,655.701974559134,782.4,782.4,497.4210817506231,79
D1_uswc_compound_moderate_018,D1,uswc_compound_moderate,,20260935,26167092.545257524,655.3486938291841,782.4,782.4,433.87773749410513,79
D1_uswc_compound_moderate_019,D1,uswc_compound_moderate,,20260935,26169224.00068794,655.1418359837483,782.4,782.4,814.1029157889794,76
D1_uswc_compound_moderate_020,D1,uswc_compound_moderate,,20260935,26177157.62035545,655.1413023993413,782.4,782.4,798.7246370849946,79
D1_uswc_compound_moderate_021,D1,uswc_compound_moderate,,20260935,26204629.295224465,654.7644451430525,782.4,782.4,657.0026261149062,80
D1_uswc_compound_moderate_022,D1,uswc_compound_moderate,,20260935,26206297.634768642,654.6943915238032,782.4,782.4,636.9602213782993,80
D1_uswc_compound_moderate_023,D1,uswc_compound_moderate,,20260935,26206455.02396478,654.4337659208259,782.4,782.4,789.2584698149504,77
D1_uswc_compound_moderate_024,D1,uswc_compound_moderate,,20260935,26212378.626996215,654.2514631227336,782.4,782.4,673.6100496832393,77
D1_uswc_compound_moderate_025,D1,uswc_compound_moderate,,20260935,26220088.278889652,653.794213525388,782.4,782.4,232.92135781001778,78
D1_uswc_compound_moderate_026,D1,uswc_compound_moderate,,20260935,26269922.48844321,653.7476150476073,748.8,748.8,598.1295570990828,78
D1_uswc_compound_moderate_027,D1,uswc_compound_moderate,,20260935,26276816.235968307,653.6489360877536,782.4,782.4,1225.2006489373082,79
D1_uswc_compound_moderate_028,D1,uswc_compound_moderate,,20260932,26277011.486783102,653.5890962695727,782.4,782.4,1075.999127757944,91
D1_uswc_compound_moderate_029,D1,uswc_compound_moderate,,20260935,26284694.095859822,653.508921595073,782.4,782.4,1201.526442984124,81
D1_uswc_compound_moderate_030,D1,uswc_compound_moderate,,20260935,26285864.36123724,652.7155154807936,782.4,782.4,799.0818776210938,79
D1_uswc_compound_moderate_031,D1,uswc_compound_moderate,,20260935,26299420.75866334,652.2365924402085,782.4,782.4,623.8012286598744,80
D1_uswc_compound_moderate_032,D1,uswc_compound_moderate,,20260935,26329269.600978173,651.8234528327419,782.4,782.4,705.7175236715354,79
D1_uswc_compound_moderate_033,D1,uswc_compound_moderate,,20260935,26358580.43491368,651.6978983674279,782.4,782.4,791.2046218900064,78
D1_uswc_compound_moderate_034,D1,uswc_compound_moderate,,20260922,26396140.44648764,651.408779001066,782.4,782.4,446.1069338903413,80
D1_uswc_compound_moderate_035,D1,uswc_compound_moderate,,20260922,26398782.318629634,650.9342500742262,782.4,782.4,253.2248541721212,80
D1_uswc_compound_moderate_036,D1,uswc_compound_moderate,,20260922,26410618.10716313,650.516527236514,782.4,782.4,172.8539473853968,81
D1_uswc_compound_moderate_037,D1,uswc_compound_moderate,,20260932,26444134.11343667,650.2573377330384,782.4,782.4,1109.0929036633747,88
D1_uswc_compound_moderate_038,D1,uswc_compound_moderate,,20260910,26457361.55113562,649.6409182963488,748.8,748.8,1101.3174770410792,83
D1_uswc_compound_moderate_039,D1,uswc_compound_moderate,,20260911,26514248.84762022,649.243019111109,782.4,782.4,987.3909168311635,77
D1_uswc_compound_moderate_040,D1,uswc_compound_moderate,balanced,20260930,26527687.434366666,647.4785586313686,782.4,782.4,279.6636608785003,75
D1_uswc_compound_moderate_041,D1,uswc_compound_moderate,,20260919,26574419.42993219,647.2533376804898,782.4,782.4,320.3815319839147,85
D1_uswc_compound_moderate_042,D1,uswc_compound_moderate,,20260907,26587300.636373304,647.216409517536,748.8,748.8,628.4815982213627,78
D1_uswc_compound_moderate_043,D1,uswc_compound_moderate,,20260919,26600956.90501756,646.9121148841488,782.4,782.4,330.120442991052,85
D1_uswc_compound_moderate_044,D1,uswc_compound_moderate,,20260930,26611173.011444073,646.3343108886656,748.8,748.8,125.79764590604213,81
D1_uswc_compound_moderate_045,D1,uswc_compound_moderate,,20260930,26633155.20084045,646.2615539037249,748.8,748.8,337.3910010811186,80
D1_uswc_compound_moderate_046,D1,uswc_compound_moderate,,20260930,26677046.552682336,645.0147143257431,748.8,748.8,310.78780213412404,75
D1_uswc_compound_moderate_047,D1,uswc_compound_moderate,,20260919,26682207.3108854,644.1889923811264,782.4,782.4,426.28453826317167,81
D1_uswc_compound_moderate_048,D1,uswc_compound_moderate,,20260931,26731459.812758043,643.7228069914827,782.4,782.4,83.37353849879511,79
D1_uswc_compound_moderate_049,D1,uswc_compound_moderate,,20260930,26733516.03031469,643.563722803202,748.8,748.8,124.98177649686077,78
D1_uswc_compound_moderate_050,D1,uswc_compound_moderate,,20260919,26736785.76300084,642.7823691016769,782.4,782.4,0.0,81
D1_uswc_compound_moderate_051,D1,uswc_compound_moderate,,20260930,26758245.174655065,642.6480601247354,748.8,748.8,126.92187518336897,79
D1_uswc_compound_moderate_052,D1,uswc_compound_moderate,,20260931,26774646.241519075,642.0289092522914,748.8,748.8,0.0,79
D1_uswc_compound_moderate_053,D1,uswc_compound_moderate,,20260919,26813614.72603152,641.2699582265293,782.4,782.4,0.0,84
D1_uswc_compound_moderate_054,D1,uswc_compound_moderate,,20260930,26848630.386081617,641.1608374258648,782.4,782.4,309.54633063726544,74
D1_uswc_compound_moderate_055,D1,uswc_compound_moderate,,20260931,26858303.395481486,640.3087643633651,748.8,748.8,0.0,78
D1_uswc_compound_moderate_056,D1,uswc_compound_moderate,,20260919,26914998.033025637,639.6374011604971,748.8,748.8,0.0,78
D1_uswc_compound_moderate_057,D1,uswc_compound_moderate,,20260919,26937958.597003646,639.202516984034,748.8,748.8,0.0,79
D1_uswc_compound_moderate_058,D1,uswc_compound_moderate,,20260931,26987463.05473057,639.1425665308388,748.8,748.8,0.0,75
D1_uswc_compound_moderate_059,D1,uswc_compound_moderate,,20260931,27000851.53834855,638.9963930837843,748.8,748.8,0.0,79
D1_uswc_compound_moderate_060,D1,uswc_compound_moderate,,20260931,27013178.979904573,638.9496040415003,748.8,748.8,0.0,78
D1_uswc_compound_moderate_061,D1,uswc_compound_moderate,,20260931,27039800.470539894,638.8334629639894,748.8,748.8,0.0,76
D1_uswc_compound_moderate_062,D1,uswc_compound_moderate,,20260931,27041313.477460265,638.4788886326967,748.8,748.8,0.0,77
D1_uswc_compound_moderate_063,D1,uswc_compound_moderate,,20260931,27081540.575384647,638.457240909038,748.8,748.8,0.0,81
D1_uswc_compound_moderate_064,D1,uswc_compound_moderate,,20260931,27089053.66092734,638.4142313997708,748.8,748.8,0.0,78
D1_uswc_compound_moderate_065,D1,uswc_compound_moderate,,20260931,27117547.51917207,638.1925115862607,748.8,748.8,0.0,77
D1_uswc_compound_moderate_066,D1,uswc_compound_moderate,,20260931,27135186.3188677,638.0656866967323,748.8,748.8,0.0,75
D1_uswc_compound_moderate_067,D1,uswc_compound_moderate,,20260931,27154755.061430424,637.7921610628564,748.8,748.8,0.0,77
D1_uswc_compound_moderate_068,D1,uswc_compound_moderate,,20260931,27196993.83450951,637.690385884038,748.8,748.8,0.0,77
D1_uswc_compound_moderate_069,D1,uswc_compound_moderate,,20260931,27229355.58096506,637.6054209481214,748.8,748.8,0.0,77
D1_uswc_compound_moderate_070,D1,uswc_compound_moderate,,20260931,27263483.72997508,637.0385498671892,748.8,748.8,0.0,77
D1_uswc_compound_moderate_071,D1,uswc_compound_moderate,min_delivery_time,20260931,27287046.670237377,636.8771283939482,748.8,748.8,0.0,77
D1_uswc_compound_severe_001,D1,uswc_compound_severe,min_cost,20260927,29108946.365267005,715.0071919015791,816.0,816.0,29643.54281736798,82
D1_uswc_compound_severe_002,D1,uswc_compound_severe,,20260926,29249275.053543817,714.5437237861336,816.0,816.0,27721.966332844313,78
D1_uswc_compound_severe_003,D1,uswc_compound_severe,,20260927,29306149.971449926,714.2989326499811,816.0,816.0,30323.92231798759,85
D1_uswc_compound_severe_004,D1,uswc_compound_severe,,20260927,29390085.934251133,713.8501013238673,816.0,816.0,30210.078631490876,84
D1_uswc_compound_severe_005,D1,uswc_compound_severe,,20260924,29657523.258517105,713.7539224832908,816.0,816.0,29141.940257830967,85
D1_uswc_compound_severe_006,D1,uswc_compound_severe,balanced,20260927,29708360.75101176,713.2569095526686,816.0,816.0,31136.847446011296,83
D1_uswc_compound_severe_007,D1,uswc_compound_severe,,20260926,29978867.10115714,712.9098448586556,816.0,816.0,29799.60122996467,80
D1_uswc_compound_severe_008,D1,uswc_compound_severe,,20260926,30061680.654357743,712.6591976570356,816.0,816.0,30667.437902169768,81
D1_uswc_compound_severe_009,D1,uswc_compound_severe,,20260906,30175407.080685396,712.0654760883434,816.0,816.0,30196.749335134497,85
D1_uswc_compound_severe_010,D1,uswc_compound_severe,min_delivery_time,20260906,30457963.19368394,711.1799062357899,816.0,816.0,29970.66470005165,87
D1_uswc_departure_delay_24h_001,D1,uswc_departure_delay_24h,min_cost,20260935,25794035.95289595,663.8347307756504,782.4,782.4,860.3913912356182,75
D1_uswc_departure_delay_24h_002,D1,uswc_departure_delay_24h,,20260935,25844929.724699575,663.5659066747592,782.4,782.4,1249.5024353252718,81
D1_uswc_departure_delay_24h_003,D1,uswc_departure_delay_24h,,20260935,25849550.463640783,662.6589864426928,782.4,782.4,847.8262264928183,74
D1_uswc_departure_delay_24h_004,D1,uswc_departure_delay_24h,,20260935,25851571.248969443,662.5276314519064,782.4,782.4,849.5165132837266,72
D1_uswc_departure_delay_24h_005,D1,uswc_departure_delay_24h,,20260935,25891013.88891302,662.4722463902201,782.4,782.4,1338.413159793248,78
D1_uswc_departure_delay_24h_006,D1,uswc_departure_delay_24h,,20260935,25905474.77156915,662.3398739523799,782.4,782.4,1803.7248719153297,78
D1_uswc_departure_delay_24h_007,D1,uswc_departure_delay_24h,,20260935,25927768.399788655,661.4821043448458,782.4,782.4,1459.9761045021312,78
D1_uswc_departure_delay_24h_008,D1,uswc_departure_delay_24h,,20260935,25932025.661840808,660.1346067632805,782.4,782.4,837.6668472930011,76
D1_uswc_departure_delay_24h_009,D1,uswc_departure_delay_24h,,20260935,25956578.766974896,659.3114717404219,748.8,748.8,591.0643257473679,73
D1_uswc_departure_delay_24h_010,D1,uswc_departure_delay_24h,,20260935,25987542.021316353,659.0565870740543,782.4,782.4,840.6245256616048,76
D1_uswc_departure_delay_24h_011,D1,uswc_departure_delay_24h,,20260935,25991361.76820246,658.7893310104298,782.4,782.4,999.3474594682285,79
D1_uswc_departure_delay_24h_012,D1,uswc_departure_delay_24h,,20260935,26019794.889952686,658.505489567355,748.8,748.8,594.5221961298635,76
D1_uswc_departure_delay_24h_013,D1,uswc_departure_delay_24h,,20260935,26022970.564479932,658.3358148278771,782.4,782.4,760.4007595974288,79
D1_uswc_departure_delay_24h_014,D1,uswc_departure_delay_24h,,20260935,26027591.530621015,658.108100216247,782.4,782.4,855.4256525045346,79
D1_uswc_departure_delay_24h_015,D1,uswc_departure_delay_24h,,20260935,26073878.203099694,656.9086957353647,782.4,782.4,848.7436642745525,78
D1_uswc_departure_delay_24h_016,D1,uswc_departure_delay_24h,,20260935,26113661.849395663,656.5208669369284,782.4,782.4,811.1369175540231,76
D1_uswc_departure_delay_24h_017,D1,uswc_departure_delay_24h,,20260935,26119124.309887864,655.701974559134,782.4,782.4,497.4210817506231,79
D1_uswc_departure_delay_24h_018,D1,uswc_departure_delay_24h,,20260935,26167092.545257524,655.3486938291841,782.4,782.4,433.87773749410513,79
D1_uswc_departure_delay_24h_019,D1,uswc_departure_delay_24h,,20260935,26169224.00068794,655.1418359837483,782.4,782.4,814.1029157889794,76
D1_uswc_departure_delay_24h_020,D1,uswc_departure_delay_24h,,20260935,26177157.62035545,655.1413023993413,782.4,782.4,798.7246370849946,79
D1_uswc_departure_delay_24h_021,D1,uswc_departure_delay_24h,,20260935,26204629.295224465,654.7644451430525,782.4,782.4,657.0026261149062,80
D1_uswc_departure_delay_24h_022,D1,uswc_departure_delay_24h,,20260935,26206297.634768642,654.6943915238032,782.4,782.4,636.9602213782993,80
D1_uswc_departure_delay_24h_023,D1,uswc_departure_delay_24h,,20260935,26206455.02396478,654.4337659208259,782.4,782.4,789.2584698149504,77
D1_uswc_departure_delay_24h_024,D1,uswc_departure_delay_24h,,20260935,26212378.626996215,654.2514631227336,782.4,782.4,673.6100496832393,77
D1_uswc_departure_delay_24h_025,D1,uswc_departure_delay_24h,,20260935,26220088.278889652,653.794213525388,782.4,782.4,232.92135781001778,78
D1_uswc_departure_delay_24h_026,D1,uswc_departure_delay_24h,,20260935,26269922.48844321,653.7476150476073,748.8,748.8,598.1295570990828,78
D1_uswc_departure_delay_24h_027,D1,uswc_departure_delay_24h,,20260935,26276816.235968307,653.6489360877536,782.4,782.4,1225.2006489373082,79
D1_uswc_departure_delay_24h_028,D1,uswc_departure_delay_24h,,20260932,26277011.486783102,653.5890962695727,782.4,782.4,1075.999127757944,91
D1_uswc_departure_delay_24h_029,D1,uswc_departure_delay_24h,,20260935,26284694.095859822,653.508921595073,782.4,782.4,1201.526442984124,81
D1_uswc_departure_delay_24h_030,D1,uswc_departure_delay_24h,,20260935,26285864.36123724,652.7155154807936,782.4,782.4,799.0818776210938,79
D1_uswc_departure_delay_24h_031,D1,uswc_departure_delay_24h,,20260935,26299420.75866334,652.2365924402085,782.4,782.4,623.8012286598744,80
D1_uswc_departure_delay_24h_032,D1,uswc_departure_delay_24h,,20260935,26329269.600978173,651.8234528327419,782.4,782.4,705.7175236715354,79
D1_uswc_departure_delay_24h_033,D1,uswc_departure_delay_24h,,20260935,26358580.43491368,651.6978983674279,782.4,782.4,791.2046218900064,78
D1_uswc_departure_delay_24h_034,D1,uswc_departure_delay_24h,,20260922,26396140.44648764,651.408779001066,782.4,782.4,446.1069338903413,80
D1_uswc_departure_delay_24h_035,D1,uswc_departure_delay_24h,,20260922,26398782.318629634,650.9342500742262,782.4,782.4,253.2248541721212,80
D1_uswc_departure_delay_24h_036,D1,uswc_departure_delay_24h,,20260922,26410618.10716313,650.516527236514,782.4,782.4,172.8539473853968,81
D1_uswc_departure_delay_24h_037,D1,uswc_departure_delay_24h,,20260932,26444134.11343667,650.2573377330384,782.4,782.4,1109.0929036633747,88
D1_uswc_departure_delay_24h_038,D1,uswc_departure_delay_24h,,20260910,26457361.55113562,649.6409182963488,748.8,748.8,1101.3174770410792,83
D1_uswc_departure_delay_24h_039,D1,uswc_departure_delay_24h,,20260911,26514248.84762022,649.243019111109,782.4,782.4,987.3909168311635,77
D1_uswc_departure_delay_24h_040,D1,uswc_departure_delay_24h,balanced,20260930,26527687.434366666,647.4785586313686,782.4,782.4,279.6636608785003,75
D1_uswc_departure_delay_24h_041,D1,uswc_departure_delay_24h,,20260919,26574419.42993219,647.2533376804898,782.4,782.4,320.3815319839147,85
D1_uswc_departure_delay_24h_042,D1,uswc_departure_delay_24h,,20260907,26587300.636373304,647.216409517536,748.8,748.8,628.4815982213627,78
D1_uswc_departure_delay_24h_043,D1,uswc_departure_delay_24h,,20260919,26600956.90501756,646.9121148841488,782.4,782.4,330.120442991052,85
D1_uswc_departure_delay_24h_044,D1,uswc_departure_delay_24h,,20260930,26611173.011444073,646.3343108886656,748.8,748.8,125.79764590604213,81
D1_uswc_departure_delay_24h_045,D1,uswc_departure_delay_24h,,20260930,26633155.20084045,646.2615539037249,748.8,748.8,337.3910010811186,80
D1_uswc_departure_delay_24h_046,D1,uswc_departure_delay_24h,,20260930,26677046.552682336,645.0147143257431,748.8,748.8,310.78780213412404,75
D1_uswc_departure_delay_24h_047,D1,uswc_departure_delay_24h,,20260919,26682207.3108854,644.1889923811264,782.4,782.4,426.28453826317167,81
D1_uswc_departure_delay_24h_048,D1,uswc_departure_delay_24h,,20260931,26731459.812758043,643.7228069914827,782.4,782.4,83.37353849879511,79
D1_uswc_departure_delay_24h_049,D1,uswc_departure_delay_24h,,20260930,26733516.03031469,643.563722803202,748.8,748.8,124.98177649686077,78
D1_uswc_departure_delay_24h_050,D1,uswc_departure_delay_24h,,20260919,26736785.76300084,642.7823691016769,782.4,782.4,0.0,81
D1_uswc_departure_delay_24h_051,D1,uswc_departure_delay_24h,,20260930,26758245.174655065,642.6480601247354,748.8,748.8,126.92187518336897,79
D1_uswc_departure_delay_24h_052,D1,uswc_departure_delay_24h,,20260931,26774646.241519075,642.0289092522914,748.8,748.8,0.0,79
D1_uswc_departure_delay_24h_053,D1,uswc_departure_delay_24h,,20260919,26813614.72603152,641.2699582265293,782.4,782.4,0.0,84
D1_uswc_departure_delay_24h_054,D1,uswc_departure_delay_24h,,20260930,26848630.386081617,641.1608374258648,782.4,782.4,309.54633063726544,74
D1_uswc_departure_delay_24h_055,D1,uswc_departure_delay_24h,,20260931,26858303.395481486,640.3087643633651,748.8,748.8,0.0,78
D1_uswc_departure_delay_24h_056,D1,uswc_departure_delay_24h,,20260919,26914998.033025637,639.6374011604971,748.8,748.8,0.0,78
D1_uswc_departure_delay_24h_057,D1,uswc_departure_delay_24h,,20260919,26937958.597003646,639.202516984034,748.8,748.8,0.0,79
D1_uswc_departure_delay_24h_058,D1,uswc_departure_delay_24h,,20260931,26987463.05473057,639.1425665308388,748.8,748.8,0.0,75
D1_uswc_departure_delay_24h_059,D1,uswc_departure_delay_24h,,20260931,27000851.53834855,638.9963930837843,748.8,748.8,0.0,79
D1_uswc_departure_delay_24h_060,D1,uswc_departure_delay_24h,,20260931,27013178.979904573,638.9496040415003,748.8,748.8,0.0,78
D1_uswc_departure_delay_24h_061,D1,uswc_departure_delay_24h,,20260931,27039800.470539894,638.8334629639894,748.8,748.8,0.0,76
D1_uswc_departure_delay_24h_062,D1,uswc_departure_delay_24h,,20260931,27041313.477460265,638.4788886326967,748.8,748.8,0.0,77
D1_uswc_departure_delay_24h_063,D1,uswc_departure_delay_24h,,20260931,27081540.575384647,638.457240909038,748.8,748.8,0.0,81
D1_uswc_departure_delay_24h_064,D1,uswc_departure_delay_24h,,20260931,27089053.66092734,638.4142313997708,748.8,748.8,0.0,78
D1_uswc_departure_delay_24h_065,D1,uswc_departure_delay_24h,,20260931,27117547.51917207,638.1925115862607,748.8,748.8,0.0,77
D1_uswc_departure_delay_24h_066,D1,uswc_departure_delay_24h,,20260931,27135186.3188677,638.0656866967323,748.8,748.8,0.0,75
D1_uswc_departure_delay_24h_067,D1,uswc_departure_delay_24h,,20260931,27154755.061430424,637.7921610628564,748.8,748.8,0.0,77
D1_uswc_departure_delay_24h_068,D1,uswc_departure_delay_24h,,20260931,27196993.83450951,637.690385884038,748.8,748.8,0.0,77
D1_uswc_departure_delay_24h_069,D1,uswc_departure_delay_24h,,20260931,27229355.58096506,637.6054209481214,748.8,748.8,0.0,77
D1_uswc_departure_delay_24h_070,D1,uswc_departure_delay_24h,,20260931,27263483.72997508,637.0385498671892,748.8,748.8,0.0,77
D1_uswc_departure_delay_24h_071,D1,uswc_departure_delay_24h,min_delivery_time,20260931,27287046.670237377,636.8771283939482,748.8,748.8,0.0,77
D1_uswc_departure_delay_72h_001,D1,uswc_departure_delay_72h,min_cost,20260934,27362848.23379976,692.2227618888652,816.0,816.0,7064.284999833406,73
D1_uswc_departure_delay_72h_002,D1,uswc_departure_delay_72h,,20260934,27395907.730939813,689.3940262648234,782.4,782.4,6419.197308372086,68
D1_uswc_departure_delay_72h_003,D1,uswc_departure_delay_72h,,20260934,27444662.99259105,689.3522936008184,782.4,782.4,6517.832303767343,72
D1_uswc_departure_delay_72h_004,D1,uswc_departure_delay_72h,,20260934,27478984.189139828,689.2179447270573,782.4,782.4,7038.647018338314,69
D1_uswc_departure_delay_72h_005,D1,uswc_departure_delay_72h,,20260934,27514004.825926602,687.8059401024591,782.4,782.4,6151.177654173898,73
D1_uswc_departure_delay_72h_006,D1,uswc_departure_delay_72h,,20260934,27523921.430816438,687.505693011437,782.4,782.4,6307.769306807389,75
D1_uswc_departure_delay_72h_007,D1,uswc_departure_delay_72h,,20260934,27540024.322832413,686.6989944917337,782.4,782.4,5955.823577360094,73
D1_uswc_departure_delay_72h_008,D1,uswc_departure_delay_72h,,20260934,27562104.89937842,686.4675720232192,782.4,782.4,5992.38583071071,72
D1_uswc_departure_delay_72h_009,D1,uswc_departure_delay_72h,,20260934,27571621.389495883,685.7429748242471,782.4,782.4,6122.399956687542,75
D1_uswc_departure_delay_72h_010,D1,uswc_departure_delay_72h,,20260933,27572225.991038464,684.7665519253616,782.4,782.4,4485.759254050573,74
D1_uswc_departure_delay_72h_011,D1,uswc_departure_delay_72h,,20260933,27582488.415038552,683.4473938064363,782.4,782.4,4353.490366585913,79
D1_uswc_departure_delay_72h_012,D1,uswc_departure_delay_72h,,20260923,27602444.214620207,683.2276430662387,816.0,816.0,4094.495932095873,70
D1_uswc_departure_delay_72h_013,D1,uswc_departure_delay_72h,,20260923,27653439.578963596,683.1740718025133,816.0,816.0,4119.695113643775,72
D1_uswc_departure_delay_72h_014,D1,uswc_departure_delay_72h,,20260923,27664453.752612963,682.617453761542,816.0,816.0,4569.965310114515,74
D1_uswc_departure_delay_72h_015,D1,uswc_departure_delay_72h,balanced,20260933,27664981.135076996,681.0483704966011,782.4,782.4,3920.5775202251893,75
D1_uswc_departure_delay_72h_016,D1,uswc_departure_delay_72h,,20260923,27703026.388485923,680.6580402081697,816.0,816.0,3739.430435267,67
D1_uswc_departure_delay_72h_017,D1,uswc_departure_delay_72h,,20260923,27797367.350732464,680.6442840598615,816.0,816.0,4034.0761186559325,69
D1_uswc_departure_delay_72h_018,D1,uswc_departure_delay_72h,,20260923,27827487.77665779,680.559992655004,816.0,816.0,4094.2129965848926,71
D1_uswc_departure_delay_72h_019,D1,uswc_departure_delay_72h,,20260933,27845393.12842218,680.4575659736281,782.4,782.4,4465.6549120338195,70
D1_uswc_departure_delay_72h_020,D1,uswc_departure_delay_72h,,20260923,27855113.56767856,680.4536754117369,816.0,816.0,4058.52434956688,71
D1_uswc_departure_delay_72h_021,D1,uswc_departure_delay_72h,,20260924,27861957.69844307,679.4470660936472,782.4,782.4,3911.1926615759917,72
D1_uswc_departure_delay_72h_022,D1,uswc_departure_delay_72h,,20260919,27995842.765161518,678.9334324639279,782.4,782.4,4226.316769012705,74
D1_uswc_departure_delay_72h_023,D1,uswc_departure_delay_72h,,20260915,28018564.30108833,678.9071786988154,816.0,816.0,5171.143233057296,82
D1_uswc_departure_delay_72h_024,D1,uswc_departure_delay_72h,,20260924,28030357.579558548,678.5197113155384,782.4,782.4,4389.7392469807755,75
D1_uswc_departure_delay_72h_025,D1,uswc_departure_delay_72h,,20260919,28062007.36351522,678.4259123657858,782.4,782.4,4414.57586736527,73
D1_uswc_departure_delay_72h_026,D1,uswc_departure_delay_72h,,20260924,28078743.199257202,677.8248279978069,782.4,782.4,4227.46266655904,71
D1_uswc_departure_delay_72h_027,D1,uswc_departure_delay_72h,,20260919,28190640.10847946,677.7015353832442,782.4,782.4,4144.423540012555,72
D1_uswc_departure_delay_72h_028,D1,uswc_departure_delay_72h,,20260919,28203404.792785414,677.4714548545705,782.4,782.4,4056.1785477912545,71
D1_uswc_departure_delay_72h_029,D1,uswc_departure_delay_72h,,20260915,28229757.595800422,677.3778284386333,816.0,816.0,4591.816107595219,78
D1_uswc_departure_delay_72h_030,D1,uswc_departure_delay_72h,,20260915,28287637.099848714,677.2518874008093,782.4,782.4,4757.709992391027,81
D1_uswc_departure_delay_72h_031,D1,uswc_departure_delay_72h,,20260915,28289760.828035135,676.8746702183015,692.8,692.8,4561.651840370904,78
D1_uswc_departure_delay_72h_032,D1,uswc_departure_delay_72h,,20260915,28336272.66966127,676.7038155315756,692.8,692.8,4595.245174391556,77
D1_uswc_departure_delay_72h_033,D1,uswc_departure_delay_72h,,20260915,28417040.488544453,676.3385751062242,692.8,692.8,4521.555452222341,77
D1_uswc_departure_delay_72h_034,D1,uswc_departure_delay_72h,,20260915,28476651.418450117,676.0415841166086,692.8,692.8,4400.718381997979,77
D1_uswc_departure_delay_72h_035,D1,uswc_departure_delay_72h,,20260915,28508972.269125417,675.9502920933285,692.8,692.8,4398.573320784798,75
D1_uswc_departure_delay_72h_036,D1,uswc_departure_delay_72h,min_delivery_time,20260915,28521651.15103073,675.8520129786247,692.8,692.8,4398.573320784798,76
D1_uswc_port_capacity_125pct_001,D1,uswc_port_capacity_125pct,min_cost,20260906,24842445.19812098,660.4667559181308,748.8,748.8,3447.639452293473,84
D1_uswc_port_capacity_125pct_002,D1,uswc_port_capacity_125pct,,20260906,24848650.87177561,660.0019607945736,748.8,748.8,3195.984157543646,80
D1_uswc_port_capacity_125pct_003,D1,uswc_port_capacity_125pct,,20260906,24883568.201326527,658.6343352527729,748.8,748.8,3031.3392750231387,81
D1_uswc_port_capacity_125pct_004,D1,uswc_port_capacity_125pct,,20260906,24888497.304555107,653.2299622158317,748.8,748.8,2410.918651253123,81
D1_uswc_port_capacity_125pct_005,D1,uswc_port_capacity_125pct,,20260906,24952312.852573715,653.0169489543077,748.8,748.8,2522.1870245361483,82
D1_uswc_port_capacity_125pct_006,D1,uswc_port_capacity_125pct,,20260906,24988661.712288722,651.8252915182069,748.8,748.8,2571.3402814603764,82
D1_uswc_port_capacity_125pct_007,D1,uswc_port_capacity_125pct,,20260906,25015801.614312228,651.7410650440858,748.8,748.8,2314.6899427662643,83
D1_uswc_port_capacity_125pct_008,D1,uswc_port_capacity_125pct,,20260906,25027305.75699999,648.6471827837831,748.8,748.8,1885.1303826520066,82
D1_uswc_port_capacity_125pct_009,D1,uswc_port_capacity_125pct,,20260906,25048405.284625843,647.9674761935964,748.8,748.8,1621.2231466896915,81
D1_uswc_port_capacity_125pct_010,D1,uswc_port_capacity_125pct,,20260906,25145924.420690563,647.4400488001354,748.8,748.8,2250.5025338607297,83
D1_uswc_port_capacity_125pct_011,D1,uswc_port_capacity_125pct,,20260906,25150426.31195558,646.7272102563984,748.8,748.8,2056.380881729024,84
D1_uswc_port_capacity_125pct_012,D1,uswc_port_capacity_125pct,,20260906,25154848.34343224,646.6180078702163,748.8,748.8,2109.5809464164067,82
D1_uswc_port_capacity_125pct_013,D1,uswc_port_capacity_125pct,,20260933,25177392.60003796,645.9118055369357,748.8,748.8,1050.554768631837,86
D1_uswc_port_capacity_125pct_014,D1,uswc_port_capacity_125pct,,20260923,25183901.81765151,644.1530559632971,748.8,748.8,1092.2041794689367,90
D1_uswc_port_capacity_125pct_015,D1,uswc_port_capacity_125pct,,20260923,25195300.396754384,644.1155008779716,748.8,748.8,1149.4124496892587,90
D1_uswc_port_capacity_125pct_016,D1,uswc_port_capacity_125pct,,20260933,25213844.15011067,643.8694508795252,748.8,748.8,1002.5291500635353,85
D1_uswc_port_capacity_125pct_017,D1,uswc_port_capacity_125pct,,20260932,25221481.169953357,642.4337207184383,748.8,748.8,1145.6364887855073,85
D1_uswc_port_capacity_125pct_018,D1,uswc_port_capacity_125pct,,20260912,25245563.86645435,640.9869864564172,748.8,748.8,647.5621327081191,79
D1_uswc_port_capacity_125pct_019,D1,uswc_port_capacity_125pct,,20260912,25296118.36958161,638.6596958843554,748.8,748.8,629.0955467881668,79
D1_uswc_port_capacity_125pct_020,D1,uswc_port_capacity_125pct,,20260932,25313310.103698507,638.1804410406907,748.8,748.8,117.88093471774873,77
D1_uswc_port_capacity_125pct_021,D1,uswc_port_capacity_125pct,,20260912,25373170.16865519,637.603351320569,748.8,748.8,643.3779074498354,84
D1_uswc_port_capacity_125pct_022,D1,uswc_port_capacity_125pct,,20260932,25381113.971172906,637.462174937037,748.8,748.8,141.54361200839463,83
D1_uswc_port_capacity_125pct_023,D1,uswc_port_capacity_125pct,,20260932,25412277.976145215,637.3194423787354,748.8,748.8,394.5674052745754,84
D1_uswc_port_capacity_125pct_024,D1,uswc_port_capacity_125pct,,20260912,25412396.694947865,637.3121527390931,748.8,748.8,641.9819066165198,78
D1_uswc_port_capacity_125pct_025,D1,uswc_port_capacity_125pct,balanced,20260932,25412552.53586355,636.2742574455212,748.8,748.8,176.23451303031462,82
D1_uswc_port_capacity_125pct_026,D1,uswc_port_capacity_125pct,,20260912,25477489.42523127,636.0770864938119,748.8,748.8,640.9985114193873,81
D1_uswc_port_capacity_125pct_027,D1,uswc_port_capacity_125pct,,20260932,25487990.91266626,635.4987189178859,748.8,748.8,197.91791208106352,83
D1_uswc_port_capacity_125pct_028,D1,uswc_port_capacity_125pct,,20260912,25511794.069225244,635.385771678844,748.8,748.8,634.4775226621615,81
D1_uswc_port_capacity_125pct_029,D1,uswc_port_capacity_125pct,,20260912,25512405.61914239,635.1958254120451,748.8,748.8,623.9400340790708,80
D1_uswc_port_capacity_125pct_030,D1,uswc_port_capacity_125pct,,20260912,25520009.66088834,635.0912322279218,748.8,748.8,632.9386519997652,79
D1_uswc_port_capacity_125pct_031,D1,uswc_port_capacity_125pct,,20260912,25530175.039977346,634.3162187577074,748.8,748.8,628.861852165968,76
D1_uswc_port_capacity_125pct_032,D1,uswc_port_capacity_125pct,,20260912,25534679.101430047,634.2467667372729,748.8,748.8,626.8700707862739,80
D1_uswc_port_capacity_125pct_033,D1,uswc_port_capacity_125pct,,20260932,25571105.24786311,634.0019876096361,748.8,748.8,262.6491404914599,78
D1_uswc_port_capacity_125pct_034,D1,uswc_port_capacity_125pct,,20260932,25588168.39353081,633.7394485510819,748.8,748.8,266.4431333243981,80
D1_uswc_port_capacity_125pct_035,D1,uswc_port_capacity_125pct,,20260912,25589599.156443063,633.6585786905,748.8,748.8,794.9222331757463,80
D1_uswc_port_capacity_125pct_036,D1,uswc_port_capacity_125pct,,20260912,25606115.69696911,633.477243524744,748.8,748.8,632.6614369159272,80
D1_uswc_port_capacity_125pct_037,D1,uswc_port_capacity_125pct,,20260912,25608682.029926307,633.3881903918789,748.8,748.8,849.1924770112657,78
D1_uswc_port_capacity_125pct_038,D1,uswc_port_capacity_125pct,,20260927,25619704.380212445,633.305472433005,748.8,748.8,597.5770543912765,77
D1_uswc_port_capacity_125pct_039,D1,uswc_port_capacity_125pct,,20260932,25630303.21725872,633.1538114376112,748.8,748.8,186.47245621271702,80
D1_uswc_port_capacity_125pct_040,D1,uswc_port_capacity_125pct,,20260912,25632437.050621632,633.1062400407546,748.8,748.8,635.4117575712714,81
D1_uswc_port_capacity_125pct_041,D1,uswc_port_capacity_125pct,,20260912,25637883.522405136,632.4363962140179,748.8,748.8,623.2739588250151,76
D1_uswc_port_capacity_125pct_042,D1,uswc_port_capacity_125pct,,20260932,25663193.9963302,632.3481515333553,748.8,748.8,277.3775616095975,82
D1_uswc_port_capacity_125pct_043,D1,uswc_port_capacity_125pct,,20260932,25689245.819080215,632.1039281575665,748.8,748.8,273.55782853216755,79
D1_uswc_port_capacity_125pct_044,D1,uswc_port_capacity_125pct,,20260912,25690957.30946771,631.1828970683052,748.8,748.8,624.865478142476,80
D1_uswc_port_capacity_125pct_045,D1,uswc_port_capacity_125pct,,20260912,25702106.96553333,631.1226613497582,748.8,748.8,610.541446922962,80
D1_uswc_port_capacity_125pct_046,D1,uswc_port_capacity_125pct,,20260932,25721284.12020118,630.8132637265082,748.8,748.8,164.14961133980663,77
D1_uswc_port_capacity_125pct_047,D1,uswc_port_capacity_125pct,,20260912,25742052.779472794,630.2527356495924,748.8,748.8,622.0319982465378,74
D1_uswc_port_capacity_125pct_048,D1,uswc_port_capacity_125pct,,20260912,25781620.233055748,630.1124616298766,748.8,748.8,634.8962519790384,78
D1_uswc_port_capacity_125pct_049,D1,uswc_port_capacity_125pct,,20260932,25782069.58653237,629.0165537528575,748.8,748.8,0.0,77
D1_uswc_port_capacity_125pct_050,D1,uswc_port_capacity_125pct,,20260932,25784411.552524347,628.929771282216,748.8,748.8,0.0,76
D1_uswc_port_capacity_125pct_051,D1,uswc_port_capacity_125pct,,20260932,25850159.04732197,628.6040771836915,748.8,748.8,140.12892381610337,78
D1_uswc_port_capacity_125pct_052,D1,uswc_port_capacity_125pct,,20260927,25874523.312749244,627.7748981606636,748.8,748.8,382.81893080084325,82
D1_uswc_port_capacity_125pct_053,D1,uswc_port_capacity_125pct,,20260912,25887881.881216742,627.5799754051783,748.8,748.8,381.4541682825815,76
D1_uswc_port_capacity_125pct_054,D1,uswc_port_capacity_125pct,,20260919,25947772.611799456,627.1956124114544,748.8,748.8,329.4294572194621,80
D1_uswc_port_capacity_125pct_055,D1,uswc_port_capacity_125pct,,20260919,25960495.03648061,627.1248792493246,748.8,748.8,227.82555133674896,85
D1_uswc_port_capacity_125pct_056,D1,uswc_port_capacity_125pct,,20260919,25960787.670548104,626.3455665972414,748.8,748.8,209.00683568009944,83
D1_uswc_port_capacity_125pct_057,D1,uswc_port_capacity_125pct,,20260932,25978071.889775064,626.0830615249329,748.8,748.8,154.54219101935377,77
D1_uswc_port_capacity_125pct_058,D1,uswc_port_capacity_125pct,,20260919,26012100.002830815,625.5983008306623,748.8,748.8,230.83560377680368,81
D1_uswc_port_capacity_125pct_059,D1,uswc_port_capacity_125pct,,20260919,26035957.91802891,625.3908509426325,748.8,748.8,234.42942550193834,82
D1_uswc_port_capacity_125pct_060,D1,uswc_port_capacity_125pct,,20260927,26041528.754809827,625.1327766265262,715.2,715.2,381.33792414793317,77
D1_uswc_port_capacity_125pct_061,D1,uswc_port_capacity_125pct,,20260919,26047000.380012766,624.6409284071755,748.8,748.8,207.28093437676642,80
D1_uswc_port_capacity_125pct_062,D1,uswc_port_capacity_125pct,,20260919,26078454.04174026,624.6269236616813,748.8,748.8,231.96913225586144,82
D1_uswc_port_capacity_125pct_063,D1,uswc_port_capacity_125pct,,20260919,26088108.51695721,624.3071479515643,748.8,748.8,229.0700669268021,82
D1_uswc_port_capacity_125pct_064,D1,uswc_port_capacity_125pct,,20260919,26106149.48305315,624.1270090013602,748.8,748.8,222.16155102750287,83
D1_uswc_port_capacity_125pct_065,D1,uswc_port_capacity_125pct,,20260919,26141080.43551318,623.4929835591001,748.8,748.8,216.40131882225865,83
D1_uswc_port_capacity_125pct_066,D1,uswc_port_capacity_125pct,,20260919,26166187.815320842,622.7309224621099,748.8,748.8,207.2873065195931,81
D1_uswc_port_capacity_125pct_067,D1,uswc_port_capacity_125pct,,20260919,26181550.811070465,622.6004955759352,748.8,748.8,208.79733026117924,81
D1_uswc_port_capacity_125pct_068,D1,uswc_port_capacity_125pct,,20260919,26207714.111823913,622.1477503571793,748.8,748.8,224.37088931790157,83
D1_uswc_port_capacity_125pct_069,D1,uswc_port_capacity_125pct,,20260919,26230472.702329084,622.1421780482056,748.8,748.8,218.04751808050793,78
D1_uswc_port_capacity_125pct_070,D1,uswc_port_capacity_125pct,,20260919,26233073.149938818,621.8821146802418,748.8,748.8,206.43871352378534,80
D1_uswc_port_capacity_125pct_071,D1,uswc_port_capacity_125pct,,20260919,26286310.200127587,620.976794992271,748.8,748.8,221.4744044323843,80
D1_uswc_port_capacity_125pct_072,D1,uswc_port_capacity_125pct,,20260919,26309731.3301426,620.748467188563,748.8,748.8,203.1902583543423,80
D1_uswc_port_capacity_125pct_073,D1,uswc_port_capacity_125pct,,20260925,26389990.185705308,620.6939774268258,748.8,748.8,444.9832613435965,83
D1_uswc_port_capacity_125pct_074,D1,uswc_port_capacity_125pct,,20260925,26398415.777893074,620.4481500402061,748.8,748.8,443.84772015982867,81
D1_uswc_port_capacity_125pct_075,D1,uswc_port_capacity_125pct,,20260925,26412051.673197955,619.9291129020464,748.8,748.8,449.90933892178373,83
D1_uswc_port_capacity_125pct_076,D1,uswc_port_capacity_125pct,,20260915,26469059.059917103,619.6854423631269,748.8,748.8,1050.8468784047177,84
D1_uswc_port_capacity_125pct_077,D1,uswc_port_capacity_125pct,,20260915,26478502.06672025,619.3641697795872,748.8,748.8,831.7478634922205,85
D1_uswc_port_capacity_125pct_078,D1,uswc_port_capacity_125pct,,20260915,26530623.826993868,619.3612708983297,748.8,748.8,882.5150295804617,84
D1_uswc_port_capacity_125pct_079,D1,uswc_port_capacity_125pct,,20260915,26544322.097125288,618.1737686731917,748.8,748.8,962.9211825961575,83
D1_uswc_port_capacity_125pct_080,D1,uswc_port_capacity_125pct,,20260915,26571173.55595367,617.897496926095,748.8,748.8,876.2410922740194,81
D1_uswc_port_capacity_125pct_081,D1,uswc_port_capacity_125pct,,20260915,26591906.179263618,617.5779448683761,748.8,748.8,903.000140176814,83
D1_uswc_port_capacity_125pct_082,D1,uswc_port_capacity_125pct,,20260915,26653399.489870492,617.1121999235975,748.8,748.8,954.5660091973199,81
D1_uswc_port_capacity_125pct_083,D1,uswc_port_capacity_125pct,,20260915,26720476.696201835,616.6216548441273,748.8,748.8,684.6984355688023,85
D1_uswc_port_capacity_125pct_084,D1,uswc_port_capacity_125pct,min_delivery_time,20260915,26772109.384655178,615.6406286172274,748.8,748.8,637.2958337142875,84
D1_uswc_port_capacity_50pct_001,D1,uswc_port_capacity_50pct,min_cost,20260929,24930893.608474642,655.2349023262012,748.8,748.8,2142.850346532886,85
D1_uswc_port_capacity_50pct_002,D1,uswc_port_capacity_50pct,,20260929,24940704.82150948,650.8352567753644,748.8,748.8,1544.3069692694608,86
D1_uswc_port_capacity_50pct_003,D1,uswc_port_capacity_50pct,,20260929,25046722.330274034,650.2359812193286,748.8,748.8,1046.2230144763885,85
D1_uswc_port_capacity_50pct_004,D1,uswc_port_capacity_50pct,,20260927,25065943.9853397,650.157057762457,748.8,748.8,2660.7954899602782,82
D1_uswc_port_capacity_50pct_005,D1,uswc_port_capacity_50pct,,20260934,25099215.530851416,648.7728601351488,748.8,748.8,2122.0472754271022,79
D1_uswc_port_capacity_50pct_006,D1,uswc_port_capacity_50pct,,20260934,25170810.729283363,648.5819753693336,748.8,748.8,2263.5014014856347,78
D1_uswc_port_capacity_50pct_007,D1,uswc_port_capacity_50pct,,20260934,25185461.683584347,648.2670155507706,748.8,748.8,2122.0472754271022,79
D1_uswc_port_capacity_50pct_008,D1,uswc_port_capacity_50pct,,20260922,25251034.408944722,648.1499649064303,748.8,748.8,2094.8718867081475,85
D1_uswc_port_capacity_50pct_009,D1,uswc_port_capacity_50pct,,20260934,25254131.947929624,648.0540174794351,748.8,748.8,2544.2520990213093,77
D1_uswc_port_capacity_50pct_010,D1,uswc_port_capacity_50pct,,20260906,25300310.83121164,647.7201026619094,748.8,748.8,2535.691957979762,81
D1_uswc_port_capacity_50pct_011,D1,uswc_port_capacity_50pct,,20260934,25363018.93921191,647.4615678766605,748.8,748.8,2752.502968279971,82
D1_uswc_port_capacity_50pct_012,D1,uswc_port_capacity_50pct,balanced,20260934,25365062.660179533,647.2788762054203,748.8,748.8,2124.3153609474944,82
D1_uswc_port_capacity_50pct_013,D1,uswc_port_capacity_50pct,,20260922,25462719.11970464,647.0621857905377,748.8,748.8,1930.7928061135015,89
D1_uswc_port_capacity_50pct_014,D1,uswc_port_capacity_50pct,,20260907,25494071.513745375,646.9731261461301,748.8,748.8,2102.8992695903235,80
D1_uswc_port_capacity_50pct_015,D1,uswc_port_capacity_50pct,,20260934,25503277.52551346,646.8335192996275,748.8,748.8,2669.0397272128016,87
D1_uswc_port_capacity_50pct_016,D1,uswc_port_capacity_50pct,,20260907,25547671.77316292,646.6371629968601,748.8,748.8,2059.935085893117,81
D1_uswc_port_capacity_50pct_017,D1,uswc_port_capacity_50pct,,20260907,25646166.54826108,646.5044818552957,748.8,748.8,2100.9961141917174,83
D1_uswc_port_capacity_50pct_018,D1,uswc_port_capacity_50pct,,20260922,25647335.808979772,646.4629077050631,748.8,748.8,2109.6834920623032,90
D1_uswc_port_capacity_50pct_019,D1,uswc_port_capacity_50pct,,20260935,25654236.551638156,646.3194628054049,748.8,748.8,2761.315600811868,91
D1_uswc_port_capacity_50pct_020,D1,uswc_port_capacity_50pct,,20260934,25654482.95623436,646.232024268269,748.8,748.8,2817.6504562264527,84
D1_uswc_port_capacity_50pct_021,D1,uswc_port_capacity_50pct,,20260907,25659001.564097624,646.146146648507,748.8,748.8,2033.3689263147842,85
D1_uswc_port_capacity_50pct_022,D1,uswc_port_capacity_50pct,,20260935,25662499.9777219,645.7072766740837,748.8,748.8,2139.8194236245445,95
D1_uswc_port_capacity_50pct_023,D1,uswc_port_capacity_50pct,,20260907,25789299.865395732,645.6302611631006,748.8,748.8,2046.8942309817212,89
D1_uswc_port_capacity_50pct_024,D1,uswc_port_capacity_50pct,,20260935,25803023.831830535,645.5425528415101,748.8,748.8,2424.3992423897676,95
D1_uswc_port_capacity_50pct_025,D1,uswc_port_capacity_50pct,,20260907,25829381.892407145,644.9564903127937,748.8,748.8,1923.6000000000051,86
D1_uswc_port_capacity_50pct_026,D1,uswc_port_capacity_50pct,,20260935,25947545.004904367,644.9010551484733,748.8,748.8,2894.788706670013,92
D1_uswc_port_capacity_50pct_027,D1,uswc_port_capacity_50pct,,20260935,25965820.358097922,644.632083284647,748.8,748.8,2230.757126744138,94
D1_uswc_port_capacity_50pct_028,D1,uswc_port_capacity_50pct,,20260907,26018004.390413016,644.6236910104864,748.8,748.8,2038.565979701464,87
D1_uswc_port_capacity_50pct_029,D1,uswc_port_capacity_50pct,,20260935,26031270.491977084,644.5898764035106,748.8,748.8,2997.714995635019,89
D1_uswc_port_capacity_50pct_030,D1,uswc_port_capacity_50pct,,20260927,26056076.450405777,644.4957042456792,748.8,748.8,3215.6188572815836,86
D1_uswc_port_capacity_50pct_031,D1,uswc_port_capacity_50pct,,20260935,26084450.848686304,644.3713453277587,748.8,748.8,2915.5779966292052,93
D1_uswc_port_capacity_50pct_032,D1,uswc_port_capacity_50pct,,20260935,26122586.927341223,644.3405740509208,748.8,748.8,2860.177406296656,88
D1_uswc_port_capacity_50pct_033,D1,uswc_port_capacity_50pct,,20260927,26132546.129038565,644.1933786425891,748.8,748.8,3317.2394632268074,82
D1_uswc_port_capacity_50pct_034,D1,uswc_port_capacity_50pct,,20260927,26203266.17027371,644.1004616199616,748.8,748.8,3519.187512401474,86
D1_uswc_port_capacity_50pct_035,D1,uswc_port_capacity_50pct,,20260935,26220251.712703474,644.0925218530222,748.8,748.8,2970.238555669828,94
D1_uswc_port_capacity_50pct_036,D1,uswc_port_capacity_50pct,,20260927,26225616.620906234,644.0923293308159,748.8,748.8,3618.3768289461864,90
D1_uswc_port_capacity_50pct_037,D1,uswc_port_capacity_50pct,,20260935,26254010.569374103,643.8455241138256,748.8,748.8,2878.3299561863287,92
D1_uswc_port_capacity_50pct_038,D1,uswc_port_capacity_50pct,,20260927,26288318.79735203,643.5156717597563,748.8,748.8,3317.2394632268074,83
D1_uswc_port_capacity_50pct_039,D1,uswc_port_capacity_50pct,,20260927,26291871.00612112,643.4769701128472,748.8,748.8,3317.2394632268074,83
D1_uswc_port_capacity_50pct_040,D1,uswc_port_capacity_50pct,,20260935,26381657.87589582,643.4458063632683,748.8,748.8,3141.70967929549,93
D1_uswc_port_capacity_50pct_041,D1,uswc_port_capacity_50pct,,20260935,26412194.38396134,643.3532404506121,748.8,748.8,3191.0532969405076,95
D1_uswc_port_capacity_50pct_042,D1,uswc_port_capacity_50pct,,20260916,26523588.511026856,642.9656188300225,748.8,748.8,4269.2474098414405,82
D1_uswc_port_capacity_50pct_043,D1,uswc_port_capacity_50pct,,20260916,26571643.68480504,642.6944792648203,748.8,748.8,4288.493333694925,86
D1_uswc_port_capacity_50pct_044,D1,uswc_port_capacity_50pct,min_delivery_time,20260907,26575424.43253104,642.2013784179537,748.8,748.8,2391.5704920270573,88
D1_uswc_port_capacity_75pct_001,D1,uswc_port_capacity_75pct,min_cost,20260906,24842445.19812098,660.4667559181308,748.8,748.8,3447.639452293473,84
D1_uswc_port_capacity_75pct_002,D1,uswc_port_capacity_75pct,,20260906,24848650.87177561,660.0019607945736,748.8,748.8,3195.984157543646,80
D1_uswc_port_capacity_75pct_003,D1,uswc_port_capacity_75pct,,20260906,24883568.201326527,658.6343352527729,748.8,748.8,3031.3392750231387,81
D1_uswc_port_capacity_75pct_004,D1,uswc_port_capacity_75pct,,20260906,24888497.304555107,653.2299622158317,748.8,748.8,2410.918651253123,81
D1_uswc_port_capacity_75pct_005,D1,uswc_port_capacity_75pct,,20260906,24952312.852573715,653.0169489543077,748.8,748.8,2522.1870245361483,82
D1_uswc_port_capacity_75pct_006,D1,uswc_port_capacity_75pct,,20260906,24988661.712288722,651.8252915182069,748.8,748.8,2571.3402814603764,82
D1_uswc_port_capacity_75pct_007,D1,uswc_port_capacity_75pct,,20260906,25015801.614312228,651.7410650440858,748.8,748.8,2314.6899427662643,83
D1_uswc_port_capacity_75pct_008,D1,uswc_port_capacity_75pct,,20260906,25027305.75699999,648.6471827837831,748.8,748.8,1885.1303826520066,82
D1_uswc_port_capacity_75pct_009,D1,uswc_port_capacity_75pct,,20260906,25048405.284625843,647.9674761935964,748.8,748.8,1621.2231466896915,81
D1_uswc_port_capacity_75pct_010,D1,uswc_port_capacity_75pct,,20260906,25145924.420690563,647.4400488001354,748.8,748.8,2250.5025338607297,83
D1_uswc_port_capacity_75pct_011,D1,uswc_port_capacity_75pct,,20260906,25150426.31195558,646.7272102563984,748.8,748.8,2056.380881729024,84
D1_uswc_port_capacity_75pct_012,D1,uswc_port_capacity_75pct,,20260906,25154848.34343224,646.6180078702163,748.8,748.8,2109.5809464164067,82
D1_uswc_port_capacity_75pct_013,D1,uswc_port_capacity_75pct,,20260933,25177392.60003796,645.9118055369357,748.8,748.8,1050.554768631837,86
D1_uswc_port_capacity_75pct_014,D1,uswc_port_capacity_75pct,,20260923,25183901.81765151,644.1530559632971,748.8,748.8,1092.2041794689367,90
D1_uswc_port_capacity_75pct_015,D1,uswc_port_capacity_75pct,,20260923,25195300.396754384,644.1155008779716,748.8,748.8,1149.4124496892587,90
D1_uswc_port_capacity_75pct_016,D1,uswc_port_capacity_75pct,,20260933,25213844.15011067,643.8694508795252,748.8,748.8,1002.5291500635353,85
D1_uswc_port_capacity_75pct_017,D1,uswc_port_capacity_75pct,,20260932,25221481.169953357,642.4337207184383,748.8,748.8,1145.6364887855073,85
D1_uswc_port_capacity_75pct_018,D1,uswc_port_capacity_75pct,,20260912,25245563.86645435,640.9869864564172,748.8,748.8,647.5621327081191,79
D1_uswc_port_capacity_75pct_019,D1,uswc_port_capacity_75pct,,20260912,25296118.36958161,638.6596958843554,748.8,748.8,629.0955467881668,79
D1_uswc_port_capacity_75pct_020,D1,uswc_port_capacity_75pct,,20260932,25313310.103698507,638.1804410406907,748.8,748.8,117.88093471774873,77
D1_uswc_port_capacity_75pct_021,D1,uswc_port_capacity_75pct,,20260912,25373170.16865519,637.603351320569,748.8,748.8,643.3779074498354,84
D1_uswc_port_capacity_75pct_022,D1,uswc_port_capacity_75pct,,20260932,25381113.971172906,637.462174937037,748.8,748.8,141.54361200839463,83
D1_uswc_port_capacity_75pct_023,D1,uswc_port_capacity_75pct,,20260932,25412277.976145215,637.3194423787354,748.8,748.8,394.5674052745754,84
D1_uswc_port_capacity_75pct_024,D1,uswc_port_capacity_75pct,,20260912,25412396.694947865,637.3121527390931,748.8,748.8,641.9819066165198,78
D1_uswc_port_capacity_75pct_025,D1,uswc_port_capacity_75pct,balanced,20260932,25412552.53586355,636.2742574455212,748.8,748.8,176.23451303031462,82
D1_uswc_port_capacity_75pct_026,D1,uswc_port_capacity_75pct,,20260912,25477489.42523127,636.0770864938119,748.8,748.8,640.9985114193873,81
D1_uswc_port_capacity_75pct_027,D1,uswc_port_capacity_75pct,,20260932,25487990.91266626,635.4987189178859,748.8,748.8,197.91791208106352,83
D1_uswc_port_capacity_75pct_028,D1,uswc_port_capacity_75pct,,20260912,25511794.069225244,635.385771678844,748.8,748.8,634.4775226621615,81
D1_uswc_port_capacity_75pct_029,D1,uswc_port_capacity_75pct,,20260912,25512405.61914239,635.1958254120451,748.8,748.8,623.9400340790708,80
D1_uswc_port_capacity_75pct_030,D1,uswc_port_capacity_75pct,,20260912,25520009.66088834,635.0912322279218,748.8,748.8,632.9386519997652,79
D1_uswc_port_capacity_75pct_031,D1,uswc_port_capacity_75pct,,20260912,25530175.039977346,634.3162187577074,748.8,748.8,628.861852165968,76
D1_uswc_port_capacity_75pct_032,D1,uswc_port_capacity_75pct,,20260912,25534679.101430047,634.2467667372729,748.8,748.8,626.8700707862739,80
D1_uswc_port_capacity_75pct_033,D1,uswc_port_capacity_75pct,,20260932,25571105.24786311,634.0019876096361,748.8,748.8,262.6491404914599,78
D1_uswc_port_capacity_75pct_034,D1,uswc_port_capacity_75pct,,20260932,25588168.39353081,633.7394485510819,748.8,748.8,266.4431333243981,80
D1_uswc_port_capacity_75pct_035,D1,uswc_port_capacity_75pct,,20260912,25589599.156443063,633.6585786905,748.8,748.8,794.9222331757463,80
D1_uswc_port_capacity_75pct_036,D1,uswc_port_capacity_75pct,,20260912,25606115.69696911,633.477243524744,748.8,748.8,632.6614369159272,80
D1_uswc_port_capacity_75pct_037,D1,uswc_port_capacity_75pct,,20260912,25608682.029926307,633.3881903918789,748.8,748.8,849.1924770112657,78
D1_uswc_port_capacity_75pct_038,D1,uswc_port_capacity_75pct,,20260927,25619704.380212445,633.305472433005,748.8,748.8,597.5770543912765,77
D1_uswc_port_capacity_75pct_039,D1,uswc_port_capacity_75pct,,20260932,25630303.21725872,633.1538114376112,748.8,748.8,186.47245621271702,80
D1_uswc_port_capacity_75pct_040,D1,uswc_port_capacity_75pct,,20260912,25632437.050621632,633.1062400407546,748.8,748.8,635.4117575712714,81
D1_uswc_port_capacity_75pct_041,D1,uswc_port_capacity_75pct,,20260912,25637883.522405136,632.4363962140179,748.8,748.8,623.2739588250151,76
D1_uswc_port_capacity_75pct_042,D1,uswc_port_capacity_75pct,,20260932,25663193.9963302,632.3481515333553,748.8,748.8,277.3775616095975,82
D1_uswc_port_capacity_75pct_043,D1,uswc_port_capacity_75pct,,20260932,25689245.819080215,632.1039281575665,748.8,748.8,273.55782853216755,79
D1_uswc_port_capacity_75pct_044,D1,uswc_port_capacity_75pct,,20260912,25690957.30946771,631.1828970683052,748.8,748.8,624.865478142476,80
D1_uswc_port_capacity_75pct_045,D1,uswc_port_capacity_75pct,,20260912,25702106.96553333,631.1226613497582,748.8,748.8,610.541446922962,80
D1_uswc_port_capacity_75pct_046,D1,uswc_port_capacity_75pct,,20260932,25721284.12020118,630.8132637265082,748.8,748.8,164.14961133980663,77
D1_uswc_port_capacity_75pct_047,D1,uswc_port_capacity_75pct,,20260912,25742052.779472794,630.2527356495924,748.8,748.8,622.0319982465378,74
D1_uswc_port_capacity_75pct_048,D1,uswc_port_capacity_75pct,,20260912,25781620.233055748,630.1124616298766,748.8,748.8,634.8962519790384,78
D1_uswc_port_capacity_75pct_049,D1,uswc_port_capacity_75pct,,20260932,25782069.58653237,629.0165537528575,748.8,748.8,0.0,77
D1_uswc_port_capacity_75pct_050,D1,uswc_port_capacity_75pct,,20260932,25784411.552524347,628.929771282216,748.8,748.8,0.0,76
D1_uswc_port_capacity_75pct_051,D1,uswc_port_capacity_75pct,,20260932,25850159.04732197,628.6040771836915,748.8,748.8,140.12892381610337,78
D1_uswc_port_capacity_75pct_052,D1,uswc_port_capacity_75pct,,20260927,25874523.312749244,627.7748981606636,748.8,748.8,382.81893080084325,82
D1_uswc_port_capacity_75pct_053,D1,uswc_port_capacity_75pct,,20260912,25887881.881216742,627.5799754051783,748.8,748.8,381.4541682825815,76
D1_uswc_port_capacity_75pct_054,D1,uswc_port_capacity_75pct,,20260919,25947772.611799456,627.1956124114544,748.8,748.8,329.4294572194621,80
D1_uswc_port_capacity_75pct_055,D1,uswc_port_capacity_75pct,,20260919,25960495.03648061,627.1248792493246,748.8,748.8,227.82555133674896,85
D1_uswc_port_capacity_75pct_056,D1,uswc_port_capacity_75pct,,20260919,25960787.670548104,626.3455665972414,748.8,748.8,209.00683568009944,83
D1_uswc_port_capacity_75pct_057,D1,uswc_port_capacity_75pct,,20260932,25978071.889775064,626.0830615249329,748.8,748.8,154.54219101935377,77
D1_uswc_port_capacity_75pct_058,D1,uswc_port_capacity_75pct,,20260919,26012100.002830815,625.5983008306623,748.8,748.8,230.83560377680368,81
D1_uswc_port_capacity_75pct_059,D1,uswc_port_capacity_75pct,,20260919,26035957.91802891,625.3908509426325,748.8,748.8,234.42942550193834,82
D1_uswc_port_capacity_75pct_060,D1,uswc_port_capacity_75pct,,20260927,26041528.754809827,625.1327766265262,715.2,715.2,381.33792414793317,77
D1_uswc_port_capacity_75pct_061,D1,uswc_port_capacity_75pct,,20260919,26047000.380012766,624.6409284071755,748.8,748.8,207.28093437676642,80
D1_uswc_port_capacity_75pct_062,D1,uswc_port_capacity_75pct,,20260919,26078454.04174026,624.6269236616813,748.8,748.8,231.96913225586144,82
D1_uswc_port_capacity_75pct_063,D1,uswc_port_capacity_75pct,,20260919,26088108.51695721,624.3071479515643,748.8,748.8,229.0700669268021,82
D1_uswc_port_capacity_75pct_064,D1,uswc_port_capacity_75pct,,20260919,26106149.48305315,624.1270090013602,748.8,748.8,222.16155102750287,83
D1_uswc_port_capacity_75pct_065,D1,uswc_port_capacity_75pct,,20260919,26141080.43551318,623.4929835591001,748.8,748.8,216.40131882225865,83
D1_uswc_port_capacity_75pct_066,D1,uswc_port_capacity_75pct,,20260919,26166187.815320842,622.7309224621099,748.8,748.8,207.2873065195931,81
D1_uswc_port_capacity_75pct_067,D1,uswc_port_capacity_75pct,,20260919,26181550.811070465,622.6004955759352,748.8,748.8,208.79733026117924,81
D1_uswc_port_capacity_75pct_068,D1,uswc_port_capacity_75pct,,20260919,26207714.111823913,622.1477503571793,748.8,748.8,224.37088931790157,83
D1_uswc_port_capacity_75pct_069,D1,uswc_port_capacity_75pct,,20260919,26230472.702329084,622.1421780482056,748.8,748.8,218.04751808050793,78
D1_uswc_port_capacity_75pct_070,D1,uswc_port_capacity_75pct,,20260919,26233073.149938818,621.8821146802418,748.8,748.8,206.43871352378534,80
D1_uswc_port_capacity_75pct_071,D1,uswc_port_capacity_75pct,,20260919,26286310.200127587,620.976794992271,748.8,748.8,221.4744044323843,80
D1_uswc_port_capacity_75pct_072,D1,uswc_port_capacity_75pct,,20260919,26309731.3301426,620.748467188563,748.8,748.8,203.1902583543423,80
D1_uswc_port_capacity_75pct_073,D1,uswc_port_capacity_75pct,,20260925,26389990.185705308,620.6939774268258,748.8,748.8,444.9832613435965,83
D1_uswc_port_capacity_75pct_074,D1,uswc_port_capacity_75pct,,20260925,26398415.777893074,620.4481500402061,748.8,748.8,443.84772015982867,81
D1_uswc_port_capacity_75pct_075,D1,uswc_port_capacity_75pct,,20260925,26412051.673197955,619.9291129020464,748.8,748.8,449.90933892178373,83
D1_uswc_port_capacity_75pct_076,D1,uswc_port_capacity_75pct,,20260915,26469059.059917103,619.6854423631269,748.8,748.8,1050.8468784047177,84
D1_uswc_port_capacity_75pct_077,D1,uswc_port_capacity_75pct,,20260915,26478502.06672025,619.3641697795872,748.8,748.8,831.7478634922205,85
D1_uswc_port_capacity_75pct_078,D1,uswc_port_capacity_75pct,,20260915,26530623.826993868,619.3612708983297,748.8,748.8,882.5150295804617,84
D1_uswc_port_capacity_75pct_079,D1,uswc_port_capacity_75pct,,20260915,26544322.097125288,618.1737686731917,748.8,748.8,962.9211825961575,83
D1_uswc_port_capacity_75pct_080,D1,uswc_port_capacity_75pct,,20260915,26571173.55595367,617.897496926095,748.8,748.8,876.2410922740194,81
D1_uswc_port_capacity_75pct_081,D1,uswc_port_capacity_75pct,,20260915,26591906.179263618,617.5779448683761,748.8,748.8,903.000140176814,83
D1_uswc_port_capacity_75pct_082,D1,uswc_port_capacity_75pct,,20260915,26653399.489870492,617.1121999235975,748.8,748.8,954.5660091973199,81
D1_uswc_port_capacity_75pct_083,D1,uswc_port_capacity_75pct,,20260915,26720476.696201835,616.6216548441273,748.8,748.8,684.6984355688023,85
D1_uswc_port_capacity_75pct_084,D1,uswc_port_capacity_75pct,min_delivery_time,20260915,26772109.384655178,615.6406286172274,748.8,748.8,637.2958337142875,84
D2_all_departure_delay_48h_001,D2,all_departure_delay_48h,min_cost,20260915,26332849.07385339,676.1477231527515,794.4,794.4,3056.458618239043,76
D2_all_departure_delay_48h_002,D2,all_departure_delay_48h,,20260915,26419795.003030248,675.6852993511609,794.4,794.4,3603.1579253420805,75
D2_all_departure_delay_48h_003,D2,all_departure_delay_48h,,20260915,26453352.49842853,674.9115020401363,794.4,794.4,3366.6997806243444,76
D2_all_departure_delay_48h_004,D2,all_departure_delay_48h,,20260915,26478051.709594913,674.1268622539388,794.4,794.4,3433.0284336347304,74
D2_all_departure_delay_48h_005,D2,all_departure_delay_48h,,20260915,26501347.036797933,673.6150994084219,794.4,794.4,3330.11544571813,78
D2_all_departure_delay_48h_006,D2,all_departure_delay_48h,,20260915,26549935.787812047,673.0944096405769,794.4,794.4,3298.2627743979992,73
D2_all_departure_delay_48h_007,D2,all_departure_delay_48h,,20260915,26598518.853355158,672.5627268590688,794.4,794.4,3442.3583440046805,77
D2_all_departure_delay_48h_008,D2,all_departure_delay_48h,,20260915,26606375.664371923,672.4726880914253,794.4,794.4,3414.19394047295,74
D2_all_departure_delay_48h_009,D2,all_departure_delay_48h,,20260915,26618105.853130672,672.1706918519307,794.4,794.4,3501.619041831592,77
D2_all_departure_delay_48h_010,D2,all_departure_delay_48h,,20260915,26623319.556645714,672.1357202605456,794.4,794.4,3542.4340247007776,75
D2_all_departure_delay_48h_011,D2,all_departure_delay_48h,,20260915,26632342.670486804,671.8782934189345,794.4,794.4,3182.5516747132006,73
D2_all_departure_delay_48h_012,D2,all_departure_delay_48h,,20260918,26720968.234277006,670.7304069665493,760.8,760.8,3890.8469093267136,80
D2_all_departure_delay_48h_013,D2,all_departure_delay_48h,,20260933,26731965.601175025,670.6322497460061,794.4,794.4,4689.448443218697,71
D2_all_departure_delay_48h_014,D2,all_departure_delay_48h,,20260913,26743906.22369032,670.0431900714354,794.4,794.4,2133.374830934637,74
D2_all_departure_delay_48h_015,D2,all_departure_delay_48h,,20260918,26764698.464766487,669.7265308367793,794.4,794.4,2834.4798488808583,79
D2_all_departure_delay_48h_016,D2,all_departure_delay_48h,,20260926,26780624.549220525,668.88111983956,760.8,760.8,1574.096140909029,76
D2_all_departure_delay_48h_017,D2,all_departure_delay_48h,,20260933,26838049.546233013,668.8673233189977,760.8,760.8,4366.625616753909,72
D2_all_departure_delay_48h_018,D2,all_departure_delay_48h,balanced,20260918,26882583.7437898,666.9890890154621,760.8,760.8,2420.269545627233,77
D2_all_departure_delay_48h_019,D2,all_departure_delay_48h,,20260918,26956819.1696022,666.2018287675728,760.8,760.8,2634.0827453632596,76
D2_all_departure_delay_48h_020,D2,all_departure_delay_48h,,20260918,27027197.30430072,665.377329363723,760.8,760.8,2577.7789420846443,75
D2_all_departure_delay_48h_021,D2,all_departure_delay_48h,,20260918,27029784.430812575,665.1363639308827,760.8,760.8,2534.820334475471,77
D2_all_departure_delay_48h_022,D2,all_departure_delay_48h,,20260918,27035979.116268527,665.0090879701229,760.8,760.8,2497.1398122260252,74
D2_all_departure_delay_48h_023,D2,all_departure_delay_48h,,20260918,27082405.418621786,664.4117134688008,760.8,760.8,2452.057057155603,75
D2_all_departure_delay_48h_024,D2,all_departure_delay_48h,,20260918,27099754.14528038,663.7449162891254,760.8,760.8,2236.523672241919,72
D2_all_departure_delay_48h_025,D2,all_departure_delay_48h,,20260918,27230877.51447125,663.5107170626579,953.4,953.4,3548.329601126347,73
D2_all_departure_delay_48h_026,D2,all_departure_delay_48h,,20260921,27460158.650454585,663.503413915049,794.4,794.4,4419.483162290645,71
D2_all_departure_delay_48h_027,D2,all_departure_delay_48h,,20260921,27606464.583950788,663.4724113401707,794.4,794.4,5199.295576026797,67
D2_all_departure_delay_48h_028,D2,all_departure_delay_48h,,20260921,27643988.82344038,663.2537850445607,794.4,794.4,5194.1241740436535,67
D2_all_departure_delay_48h_029,D2,all_departure_delay_48h,min_delivery_time,20260920,27838244.062660478,662.8860775866294,760.8,760.8,6245.421279150348,71
D2_pilot_baseline_001,D2,pilot_baseline,min_cost,20260929,25042488.426821988,644.2228576954567,760.8,760.8,841.7060321840122,88
D2_pilot_baseline_002,D2,pilot_baseline,,20260929,25050600.72273132,642.432217909916,760.8,760.8,462.19650162971527,84
D2_pilot_baseline_003,D2,pilot_baseline,,20260929,25095579.711493533,642.2834995966234,760.8,760.8,880.9096338583108,86
D2_pilot_baseline_004,D2,pilot_baseline,,20260907,25123601.95313961,640.498511398455,760.8,760.8,1102.35066110436,81
D2_pilot_baseline_005,D2,pilot_baseline,,20260935,25147443.083006445,638.954472984277,760.8,760.8,486.4847559918285,85
D2_pilot_baseline_006,D2,pilot_baseline,,20260922,25162484.532220487,636.4340384670242,760.8,760.8,550.6714924594983,80
D2_pilot_baseline_007,D2,pilot_baseline,,20260919,25193293.341905214,635.6687707884093,760.8,760.8,200.58861982346542,82
D2_pilot_baseline_008,D2,pilot_baseline,,20260935,25204780.642482918,635.3951792811853,760.8,760.8,369.8015616194333,81
D2_pilot_baseline_009,D2,pilot_baseline,,20260919,25224910.491723917,635.123124280483,760.8,760.8,217.57340396071535,85
D2_pilot_baseline_010,D2,pilot_baseline,,20260919,25230698.312514964,634.7985186472152,760.8,760.8,201.12864130887826,83
D2_pilot_baseline_011,D2,pilot_baseline,,20260919,25232158.574837178,634.7481784650669,760.8,760.8,177.55350629587426,84
D2_pilot_baseline_012,D2,pilot_baseline,,20260922,25251506.218225747,634.5276644590829,760.8,760.8,544.8841529108643,78
D2_pilot_baseline_013,D2,pilot_baseline,,20260935,25254602.764740624,634.2012627418892,760.8,760.8,371.5860925899117,82
D2_pilot_baseline_014,D2,pilot_baseline,,20260919,25261721.687618826,634.0982443961713,760.8,760.8,209.65402374330085,83
D2_pilot_baseline_015,D2,pilot_baseline,,20260922,25262982.920210816,633.716195204016,760.8,760.8,546.0718334649664,80
D2_pilot_baseline_016,D2,pilot_baseline,,20260919,25268697.9829264,633.3063059927446,760.8,760.8,241.2555676850272,83
D2_pilot_baseline_017,D2,pilot_baseline,,20260919,25283623.192006044,632.7442916622921,760.8,760.8,210.65403426902546,83
D2_pilot_baseline_018,D2,pilot_baseline,,20260919,25289409.092763457,632.519496682952,760.8,760.8,171.57733271139546,84
D2_pilot_baseline_019,D2,pilot_baseline,,20260919,25297568.186163597,631.7038830328336,760.8,760.8,219.85087989615937,83
D2_pilot_baseline_020,D2,pilot_baseline,,20260919,25316536.68282912,630.691152359605,760.8,760.8,84.93525259535338,84
D2_pilot_baseline_021,D2,pilot_baseline,,20260919,25330079.32530109,630.115390172532,760.8,760.8,39.38400926555174,86
D2_pilot_baseline_022,D2,pilot_baseline,,20260919,25357894.65832598,629.9229508441925,760.8,760.8,39.851026893847006,85
D2_pilot_baseline_023,D2,pilot_baseline,,20260919,25370116.783563696,629.567854606044,760.8,760.8,40.50643923425936,86
D2_pilot_baseline_024,D2,pilot_baseline,,20260927,25387141.52726757,629.4409964318332,760.8,760.8,462.7673392762742,82
D2_pilot_baseline_025,D2,pilot_baseline,,20260919,25399034.53660163,628.8658989914115,760.8,760.8,44.382477326919805,83
D2_pilot_baseline_026,D2,pilot_baseline,,20260919,25400858.56461812,628.6564635442271,760.8,760.8,32.348723400803046,85
D2_pilot_baseline_027,D2,pilot_baseline,,20260919,25404369.409010656,628.5200177979875,760.8,760.8,48.12633760628579,84
D2_pilot_baseline_028,D2,pilot_baseline,,20260919,25409701.79123803,627.8954335352838,760.8,760.8,22.154638164007146,86
D2_pilot_baseline_029,D2,pilot_baseline,,20260919,25419043.96174824,627.7622494495813,760.8,760.8,44.414060653701114,84
D2_pilot_baseline_030,D2,pilot_baseline,,20260919,25434805.231274627,627.0167750220664,760.8,760.8,26.29873070367282,87
D2_pilot_baseline_031,D2,pilot_baseline,,20260919,25437868.3185677,626.8213563063872,760.8,760.8,44.71490563041493,83
D2_pilot_baseline_032,D2,pilot_baseline,,20260919,25453184.987443093,626.3297236359927,760.8,760.8,41.44241904874422,78
D2_pilot_baseline_033,D2,pilot_baseline,,20260919,25468696.754395302,625.9368705746316,760.8,760.8,35.527294248337355,82
D2_pilot_baseline_034,D2,pilot_baseline,,20260919,25474926.42379011,625.7334981971501,760.8,760.8,21.97614282034695,88
D2_pilot_baseline_035,D2,pilot_baseline,,20260919,25493201.721248914,625.5674859103249,760.8,760.8,21.97614282034695,88
D2_pilot_baseline_036,D2,pilot_baseline,,20260919,25523670.379105672,625.3561990894391,760.8,760.8,41.567369126988936,83
D2_pilot_baseline_037,D2,pilot_baseline,,20260919,25524432.172126237,625.1324965766598,760.8,760.8,39.99227923164243,82
D2_pilot_baseline_038,D2,pilot_baseline,,20260919,25533765.142147526,624.9665608329423,760.8,760.8,43.84365942411364,81
D2_pilot_baseline_039,D2,pilot_baseline,,20260930,25534534.047889274,624.2920912511187,760.8,760.8,81.56523982402182,72
D2_pilot_baseline_040,D2,pilot_baseline,,20260919,25538295.308761396,624.0365165422298,760.8,760.8,35.497068916274735,81
D2_pilot_baseline_041,D2,pilot_baseline,,20260930,25539601.414758723,623.5161400669996,760.8,760.8,128.64604208811548,75
D2_pilot_baseline_042,D2,pilot_baseline,,20260913,25590031.15209993,622.7237675288716,760.8,760.8,529.4134812931642,76
D2_pilot_baseline_043,D2,pilot_baseline,,20260930,25610610.00045649,622.699931607193,760.8,760.8,92.30852540759592,80
D2_pilot_baseline_044,D2,pilot_baseline,balanced,20260913,25610640.09504055,621.4628333228625,727.2,727.2,362.00100018647913,77
D2_pilot_baseline_045,D2,pilot_baseline,,20260930,25633062.954829287,621.2534411204771,760.8,760.8,89.25102063987212,74
D2_pilot_baseline_046,D2,pilot_baseline,,20260930,25649841.023257207,621.2252471138917,760.8,760.8,92.29801978943603,73
D2_pilot_baseline_047,D2,pilot_baseline,,20260930,25652582.920221817,620.9692654128704,760.8,760.8,255.64006817715358,75
D2_pilot_baseline_048,D2,pilot_baseline,,20260930,25664685.103188723,620.7679210260043,760.8,760.8,92.27971775237515,74
D2_pilot_baseline_049,D2,pilot_baseline,,20260913,25667830.126707755,620.5290301756492,760.8,760.8,423.048207204191,81
D2_pilot_baseline_050,D2,pilot_baseline,,20260930,25718729.189081665,619.9599279310055,760.8,760.8,92.86493838822236,72
D2_pilot_baseline_051,D2,pilot_baseline,,20260930,25730308.36739736,619.6616298891954,760.8,760.8,207.55441068069007,75
D2_pilot_baseline_052,D2,pilot_baseline,,20260930,25769537.01109524,619.617784981384,760.8,760.8,88.5983897953437,74
D2_pilot_baseline_053,D2,pilot_baseline,,20260930,25772606.979508296,619.4624657981099,760.8,760.8,176.18801067222148,72
D2_pilot_baseline_054,D2,pilot_baseline,,20260930,25784572.703557115,619.1012276710171,760.8,760.8,93.07162555695064,73
D2_pilot_baseline_055,D2,pilot_baseline,,20260921,25837663.6136833,618.6212504454,760.8,760.8,874.0953502160158,77
D2_pilot_baseline_056,D2,pilot_baseline,,20260930,25861913.547261577,618.1382253883559,760.8,760.8,216.8041710100357,72
D2_pilot_baseline_057,D2,pilot_baseline,,20260921,25912525.61815807,617.684449467495,760.8,760.8,1406.7115201719778,77
D2_pilot_baseline_058,D2,pilot_baseline,,20260921,25917515.447880242,617.5255191446895,760.8,760.8,1507.1779248155267,73
D2_pilot_baseline_059,D2,pilot_baseline,,20260921,25958929.87185965,617.4288030702173,760.8,760.8,1113.2536277391982,78
D2_pilot_baseline_060,D2,pilot_baseline,,20260921,25966714.742599607,616.3705803792104,760.8,760.8,1350.775232028852,74
D2_pilot_baseline_061,D2,pilot_baseline,,20260921,25982644.84135444,616.2275563064204,760.8,760.8,1344.4466646193857,74
D2_pilot_baseline_062,D2,pilot_baseline,,20260921,26003590.617530074,615.8760464803038,760.8,760.8,1288.0310504690647,73
D2_pilot_baseline_063,D2,pilot_baseline,,20260921,26062362.90782564,615.7764684074817,760.8,760.8,1132.5071916660645,75
D2_pilot_baseline_064,D2,pilot_baseline,,20260921,26098224.682954,615.6651105294036,760.8,760.8,1232.5917776383715,76
D2_pilot_baseline_065,D2,pilot_baseline,,20260921,26158103.74627222,615.5094569568153,760.8,760.8,1424.56324045675,75
D2_pilot_baseline_066,D2,pilot_baseline,,20260931,26307330.49490541,615.1108416850437,760.8,760.8,475.73227479500224,79
D2_pilot_baseline_067,D2,pilot_baseline,,20260931,26437962.158408742,614.5667546170718,760.8,760.8,672.1184100490655,78
D2_pilot_baseline_068,D2,pilot_baseline,min_delivery_time,20260931,26640245.027966164,614.2157580011346,760.8,760.8,846.9352166843528,77
D2_uswc_compound_moderate_001,D2,uswc_compound_moderate,min_cost,20260908,25656685.608865466,659.2187625278416,794.4,794.4,1642.1566360709164,73
D2_uswc_compound_moderate_002,D2,uswc_compound_moderate,,20260919,25765306.88186472,654.5459753542394,794.4,794.4,1067.383674444186,82
D2_uswc_compound_moderate_003,D2,uswc_compound_moderate,,20260919,25766356.469432224,653.1417994200558,794.4,794.4,1215.926386519718,83
D2_uswc_compound_moderate_004,D2,uswc_compound_moderate,,20260919,25788736.657348555,652.6179411269669,794.4,794.4,1073.4756239868154,86
D2_uswc_compound_moderate_005,D2,uswc_compound_moderate,,20260908,25836353.42738446,652.4051949563141,794.4,794.4,1209.7501019404783,78
D2_uswc_compound_moderate_006,D2,uswc_compound_moderate,,20260919,25836949.853016146,651.9649453084772,794.4,794.4,1063.805403850731,82
D2_uswc_compound_moderate_007,D2,uswc_compound_moderate,,20260919,25837909.987446085,650.9235897816451,794.4,794.4,989.2679228684273,88
D2_uswc_compound_moderate_008,D2,uswc_compound_moderate,,20260919,25852868.052753936,650.2179799710202,794.4,794.4,898.6855084105039,81
D2_uswc_compound_moderate_009,D2,uswc_compound_moderate,,20260919,25867723.685776725,649.884572156151,794.4,794.4,1017.1779765071701,85
D2_uswc_compound_moderate_010,D2,uswc_compound_moderate,,20260919,25870113.724117555,649.6631058847425,794.4,794.4,1062.0080126830428,82
D2_uswc_compound_moderate_011,D2,uswc_compound_moderate,,20260931,25878427.652102377,648.1900735103371,760.8,760.8,632.9879061362741,75
D2_uswc_compound_moderate_012,D2,uswc_compound_moderate,,20260919,25925475.414491117,647.8642488482267,794.4,794.4,936.2697501885186,80
D2_uswc_compound_moderate_013,D2,uswc_compound_moderate,,20260928,25928339.409954168,647.0019009419108,760.8,760.8,814.8471654309219,73
D2_uswc_compound_moderate_014,D2,uswc_compound_moderate,,20260919,25979423.39765502,646.2164803272395,794.4,794.4,922.762526936501,83
D2_uswc_compound_moderate_015,D2,uswc_compound_moderate,,20260919,25997108.403319027,646.09552521772,794.4,794.4,925.9908337484565,82
D2_uswc_compound_moderate_016,D2,uswc_compound_moderate,,20260919,26014327.989349786,646.0420793788536,794.4,794.4,880.8382569979624,78
D2_uswc_compound_moderate_017,D2,uswc_compound_moderate,,20260919,26022348.980249427,645.4694607378897,760.8,760.8,925.5889629965146,78
D2_uswc_compound_moderate_018,D2,uswc_compound_moderate,,20260919,26030264.629932705,645.2986056182662,794.4,794.4,927.8536919984323,82
D2_uswc_compound_moderate_019,D2,uswc_compound_moderate,,20260919,26035506.227682568,644.6899207335508,760.8,760.8,912.7251759445826,75
D2_uswc_compound_moderate_020,D2,uswc_compound_moderate,,20260919,26057351.349552292,644.4597798213701,760.8,760.8,916.023051501254,76
D2_uswc_compound_moderate_021,D2,uswc_compound_moderate,,20260921,26070404.77476818,644.2102298505947,794.4,794.4,1092.2203766629148,83
D2_uswc_compound_moderate_022,D2,uswc_compound_moderate,,20260912,26085580.983358208,643.9970527145658,760.8,760.8,1530.703513997065,75
D2_uswc_compound_moderate_023,D2,uswc_compound_moderate,balanced,20260912,26093156.47842877,643.355972393261,760.8,760.8,1376.7917834627222,74
D2_uswc_compound_moderate_024,D2,uswc_compound_moderate,,20260935,26103840.637956798,643.3539979620159,760.8,760.8,1101.652850865874,84
D2_uswc_compound_moderate_025,D2,uswc_compound_moderate,,20260935,26116719.280470885,643.2210358530294,760.8,760.8,1106.2566864845815,82
D2_uswc_compound_moderate_026,D2,uswc_compound_moderate,,20260935,26128715.564605556,642.621438989545,760.8,760.8,871.4552928116302,80
D2_uswc_compound_moderate_027,D2,uswc_compound_moderate,,20260935,26134313.7448255,642.3904647417872,760.8,760.8,754.6275877137562,77
D2_uswc_compound_moderate_028,D2,uswc_compound_moderate,,20260935,26153990.601242058,642.2530998631531,760.8,760.8,672.766659577385,80
D2_uswc_compound_moderate_029,D2,uswc_compound_moderate,,20260935,26165677.722041544,642.2043049309103,760.8,760.8,843.9972086048075,82
D2_uswc_compound_moderate_030,D2,uswc_compound_moderate,,20260935,26170986.55831835,642.0800056262736,760.8,760.8,875.9580737392108,81
D2_uswc_compound_moderate_031,D2,uswc_compound_moderate,,20260935,26177264.542759907,641.8126720579603,760.8,760.8,735.5747791493907,79
D2_uswc_compound_moderate_032,D2,uswc_compound_moderate,,20260935,26228720.212901246,641.2592527213668,760.8,760.8,752.6386634141365,80
D2_uswc_compound_moderate_033,D2,uswc_compound_moderate,,20260935,26239204.384155516,641.2091564370165,760.8,760.8,760.3165093278349,81
D2_uswc_compound_moderate_034,D2,uswc_compound_moderate,,20260935,26254314.701776538,640.9770335772912,760.8,760.8,752.6386634141365,80
D2_uswc_compound_moderate_035,D2,uswc_compound_moderate,,20260935,26260705.78231173,640.8047341212886,760.8,760.8,592.8345233665464,78
D2_uswc_compound_moderate_036,D2,uswc_compound_moderate,,20260935,26282252.867839508,640.727955030797,760.8,760.8,778.3436074658921,78
D2_uswc_compound_moderate_037,D2,uswc_compound_moderate,,20260935,26302992.082795553,640.5152197035133,760.8,760.8,699.1134530159834,78
D2_uswc_compound_moderate_038,D2,uswc_compound_moderate,,20260935,26310191.194663607,640.4359170698941,760.8,760.8,725.8842406340269,78
D2_uswc_compound_moderate_039,D2,uswc_compound_moderate,,20260935,26329161.26274017,640.024714387022,760.8,760.8,710.2140333274199,80
D2_uswc_compound_moderate_040,D2,uswc_compound_moderate,,20260935,26335832.432059277,639.8398209304833,760.8,760.8,508.8368322071296,78
D2_uswc_compound_moderate_041,D2,uswc_compound_moderate,,20260935,26388465.040893402,639.4303749169419,760.8,760.8,760.6813191332162,78
D2_uswc_compound_moderate_042,D2,uswc_compound_moderate,,20260935,26397130.594369847,639.3196879243461,760.8,760.8,775.6565382174986,80
D2_uswc_compound_moderate_043,D2,uswc_compound_moderate,,20260935,26411584.81092201,638.8752917291133,760.8,760.8,492.21757849569417,77
D2_uswc_compound_moderate_044,D2,uswc_compound_moderate,,20260935,26468006.225154296,638.5596812583859,760.8,760.8,840.189949443894,78
D2_uswc_compound_moderate_045,D2,uswc_compound_moderate,,20260935,26533279.11485488,638.1410650497176,760.8,760.8,980.677369094971,78
D2_uswc_compound_moderate_046,D2,uswc_compound_moderate,,20260935,26555872.82990832,637.9371855793736,760.8,760.8,879.7896036334738,77
D2_uswc_compound_moderate_047,D2,uswc_compound_moderate,,20260935,26635329.33953289,637.0610536805597,760.8,760.8,879.7896036334738,76
D2_uswc_compound_moderate_048,D2,uswc_compound_moderate,,20260932,26776602.85145016,636.810487988861,794.4,794.4,1462.478202880413,86
D2_uswc_compound_moderate_049,D2,uswc_compound_moderate,,20260932,26833270.758131567,636.561506415663,794.4,794.4,1448.4823034385413,86
D2_uswc_compound_moderate_050,D2,uswc_compound_moderate,min_delivery_time,20260932,26848185.75262477,636.1042775486255,760.8,760.8,1251.0000000000048,80
D2_uswc_compound_severe_001,D2,uswc_compound_severe,min_cost,20260909,30206455.873118315,719.9767081191441,828.0,828.0,38599.30895346636,74
D2_uswc_compound_severe_002,D2,uswc_compound_severe,,20260909,30226343.482173827,719.6129582559445,828.0,828.0,38415.30752796123,74
D2_uswc_compound_severe_003,D2,uswc_compound_severe,,20260909,30267968.763396297,719.473372901193,828.0,828.0,38262.60088286572,77
D2_uswc_compound_severe_004,D2,uswc_compound_severe,,20260929,30297072.43855022,718.7595631454644,828.0,828.0,36381.659707234314,81
D2_uswc_compound_severe_005,D2,uswc_compound_severe,,20260916,30330577.295908574,717.512374423472,905.4,905.4,38760.67378866729,80
D2_uswc_compound_severe_006,D2,uswc_compound_severe,,20260929,30385410.40275893,716.5499933886153,828.0,828.0,35540.437476092884,78
D2_uswc_compound_severe_007,D2,uswc_compound_severe,,20260929,30430827.83080431,716.2311543848409,828.0,828.0,35743.27788266385,79
D2_uswc_compound_severe_008,D2,uswc_compound_severe,,20260929,30476275.686343543,715.7068839137085,828.0,828.0,35543.57778796341,78
D2_uswc_compound_severe_009,D2,uswc_compound_severe,,20260929,30491213.757512476,715.5366966227696,828.0,828.0,35549.48638811285,78
D2_uswc_compound_severe_010,D2,uswc_compound_severe,,20260929,30552827.58304621,715.3252873907303,828.0,828.0,35803.22367237897,80
D2_uswc_compound_severe_011,D2,uswc_compound_severe,,20260929,30557800.543520108,715.0653202436698,828.0,828.0,35978.811510306885,82
D2_uswc_compound_severe_012,D2,uswc_compound_severe,,20260912,30744985.15995859,714.7023588531522,828.0,828.0,39518.619734944055,85
D2_uswc_compound_severe_013,D2,uswc_compound_severe,,20260929,30752253.07079912,714.6264025705885,828.0,828.0,36318.11644729243,81
D2_uswc_compound_severe_014,D2,uswc_compound_severe,balanced,20260912,30951181.15805496,713.6297266208202,828.0,828.0,40513.07456612592,83
D2_uswc_compound_severe_015,D2,uswc_compound_severe,,20260912,31211844.580817018,712.63841949864,828.0,828.0,41450.063101527536,85
D2_uswc_compound_severe_016,D2,uswc_compound_severe,,20260926,31729706.18604492,712.4960692303512,828.0,828.0,39381.504078176105,78
D2_uswc_compound_severe_017,D2,uswc_compound_severe,,20260931,32117038.73616234,712.4917763673498,828.0,828.0,39730.14912803311,86
D2_uswc_compound_severe_018,D2,uswc_compound_severe,,20260931,32119245.387249656,711.8784533474426,828.0,828.0,39832.20390180037,91
D2_uswc_compound_severe_019,D2,uswc_compound_severe,,20260931,32155906.733839363,711.8438624791622,828.0,828.0,40380.03724451561,88
D2_uswc_compound_severe_020,D2,uswc_compound_severe,,20260914,32225795.211431943,711.2839236678158,828.0,828.0,43723.02768322967,80
D2_uswc_compound_severe_021,D2,uswc_compound_severe,min_delivery_time,20260914,32484769.977203052,711.2054657315139,828.0,828.0,45519.764926964584,82
D2_uswc_departure_delay_24h_001,D2,uswc_departure_delay_24h,min_cost,20260908,25656685.608865466,659.2187625278416,794.4,794.4,1642.1566360709164,73
D2_uswc_departure_delay_24h_002,D2,uswc_departure_delay_24h,,20260919,25765306.88186472,654.5459753542394,794.4,794.4,1067.383674444186,82
D2_uswc_departure_delay_24h_003,D2,uswc_departure_delay_24h,,20260919,25766356.469432224,653.1417994200558,794.4,794.4,1215.926386519718,83
D2_uswc_departure_delay_24h_004,D2,uswc_departure_delay_24h,,20260919,25788736.657348555,652.6179411269669,794.4,794.4,1073.4756239868154,86
D2_uswc_departure_delay_24h_005,D2,uswc_departure_delay_24h,,20260908,25836353.42738446,652.4051949563141,794.4,794.4,1209.7501019404783,78
D2_uswc_departure_delay_24h_006,D2,uswc_departure_delay_24h,,20260919,25836949.853016146,651.9649453084772,794.4,794.4,1063.805403850731,82
D2_uswc_departure_delay_24h_007,D2,uswc_departure_delay_24h,,20260919,25837909.987446085,650.9235897816451,794.4,794.4,989.2679228684273,88
D2_uswc_departure_delay_24h_008,D2,uswc_departure_delay_24h,,20260919,25852868.052753936,650.2179799710202,794.4,794.4,898.6855084105039,81
D2_uswc_departure_delay_24h_009,D2,uswc_departure_delay_24h,,20260919,25867723.685776725,649.884572156151,794.4,794.4,1017.1779765071701,85
D2_uswc_departure_delay_24h_010,D2,uswc_departure_delay_24h,,20260919,25870113.724117555,649.6631058847425,794.4,794.4,1062.0080126830428,82
D2_uswc_departure_delay_24h_011,D2,uswc_departure_delay_24h,,20260931,25878427.652102377,648.1900735103371,760.8,760.8,632.9879061362741,75
D2_uswc_departure_delay_24h_012,D2,uswc_departure_delay_24h,,20260919,25925475.414491117,647.8642488482267,794.4,794.4,936.2697501885186,80
D2_uswc_departure_delay_24h_013,D2,uswc_departure_delay_24h,,20260928,25928339.409954168,647.0019009419108,760.8,760.8,814.8471654309219,73
D2_uswc_departure_delay_24h_014,D2,uswc_departure_delay_24h,,20260919,25979423.39765502,646.2164803272395,794.4,794.4,922.762526936501,83
D2_uswc_departure_delay_24h_015,D2,uswc_departure_delay_24h,,20260919,25997108.403319027,646.09552521772,794.4,794.4,925.9908337484565,82
D2_uswc_departure_delay_24h_016,D2,uswc_departure_delay_24h,,20260919,26014327.989349786,646.0420793788536,794.4,794.4,880.8382569979624,78
D2_uswc_departure_delay_24h_017,D2,uswc_departure_delay_24h,,20260919,26022348.980249427,645.4694607378897,760.8,760.8,925.5889629965146,78
D2_uswc_departure_delay_24h_018,D2,uswc_departure_delay_24h,,20260919,26030264.629932705,645.2986056182662,794.4,794.4,927.8536919984323,82
D2_uswc_departure_delay_24h_019,D2,uswc_departure_delay_24h,,20260919,26035506.227682568,644.6899207335508,760.8,760.8,912.7251759445826,75
D2_uswc_departure_delay_24h_020,D2,uswc_departure_delay_24h,,20260919,26057351.349552292,644.4597798213701,760.8,760.8,916.023051501254,76
D2_uswc_departure_delay_24h_021,D2,uswc_departure_delay_24h,,20260921,26070404.77476818,644.2102298505947,794.4,794.4,1092.2203766629148,83
D2_uswc_departure_delay_24h_022,D2,uswc_departure_delay_24h,,20260912,26085580.983358208,643.9970527145658,760.8,760.8,1530.703513997065,75
D2_uswc_departure_delay_24h_023,D2,uswc_departure_delay_24h,balanced,20260912,26093156.47842877,643.355972393261,760.8,760.8,1376.7917834627222,74
D2_uswc_departure_delay_24h_024,D2,uswc_departure_delay_24h,,20260935,26103840.637956798,643.3539979620159,760.8,760.8,1101.652850865874,84
D2_uswc_departure_delay_24h_025,D2,uswc_departure_delay_24h,,20260935,26116719.280470885,643.2210358530294,760.8,760.8,1106.2566864845815,82
D2_uswc_departure_delay_24h_026,D2,uswc_departure_delay_24h,,20260935,26128715.564605556,642.621438989545,760.8,760.8,871.4552928116302,80
D2_uswc_departure_delay_24h_027,D2,uswc_departure_delay_24h,,20260935,26134313.7448255,642.3904647417872,760.8,760.8,754.6275877137562,77
D2_uswc_departure_delay_24h_028,D2,uswc_departure_delay_24h,,20260935,26153990.601242058,642.2530998631531,760.8,760.8,672.766659577385,80
D2_uswc_departure_delay_24h_029,D2,uswc_departure_delay_24h,,20260935,26165677.722041544,642.2043049309103,760.8,760.8,843.9972086048075,82
D2_uswc_departure_delay_24h_030,D2,uswc_departure_delay_24h,,20260935,26170986.55831835,642.0800056262736,760.8,760.8,875.9580737392108,81
D2_uswc_departure_delay_24h_031,D2,uswc_departure_delay_24h,,20260935,26177264.542759907,641.8126720579603,760.8,760.8,735.5747791493907,79
D2_uswc_departure_delay_24h_032,D2,uswc_departure_delay_24h,,20260935,26228720.212901246,641.2592527213668,760.8,760.8,752.6386634141365,80
D2_uswc_departure_delay_24h_033,D2,uswc_departure_delay_24h,,20260935,26239204.384155516,641.2091564370165,760.8,760.8,760.3165093278349,81
D2_uswc_departure_delay_24h_034,D2,uswc_departure_delay_24h,,20260935,26254314.701776538,640.9770335772912,760.8,760.8,752.6386634141365,80
D2_uswc_departure_delay_24h_035,D2,uswc_departure_delay_24h,,20260935,26260705.78231173,640.8047341212886,760.8,760.8,592.8345233665464,78
D2_uswc_departure_delay_24h_036,D2,uswc_departure_delay_24h,,20260935,26282252.867839508,640.727955030797,760.8,760.8,778.3436074658921,78
D2_uswc_departure_delay_24h_037,D2,uswc_departure_delay_24h,,20260935,26302992.082795553,640.5152197035133,760.8,760.8,699.1134530159834,78
D2_uswc_departure_delay_24h_038,D2,uswc_departure_delay_24h,,20260935,26310191.194663607,640.4359170698941,760.8,760.8,725.8842406340269,78
D2_uswc_departure_delay_24h_039,D2,uswc_departure_delay_24h,,20260935,26329161.26274017,640.024714387022,760.8,760.8,710.2140333274199,80
D2_uswc_departure_delay_24h_040,D2,uswc_departure_delay_24h,,20260935,26335832.432059277,639.8398209304833,760.8,760.8,508.8368322071296,78
D2_uswc_departure_delay_24h_041,D2,uswc_departure_delay_24h,,20260935,26388465.040893402,639.4303749169419,760.8,760.8,760.6813191332162,78
D2_uswc_departure_delay_24h_042,D2,uswc_departure_delay_24h,,20260935,26397130.594369847,639.3196879243461,760.8,760.8,775.6565382174986,80
D2_uswc_departure_delay_24h_043,D2,uswc_departure_delay_24h,,20260935,26411584.81092201,638.8752917291133,760.8,760.8,492.21757849569417,77
D2_uswc_departure_delay_24h_044,D2,uswc_departure_delay_24h,,20260935,26468006.225154296,638.5596812583859,760.8,760.8,840.189949443894,78
D2_uswc_departure_delay_24h_045,D2,uswc_departure_delay_24h,,20260935,26533279.11485488,638.1410650497176,760.8,760.8,980.677369094971,78
D2_uswc_departure_delay_24h_046,D2,uswc_departure_delay_24h,,20260935,26555872.82990832,637.9371855793736,760.8,760.8,879.7896036334738,77
D2_uswc_departure_delay_24h_047,D2,uswc_departure_delay_24h,,20260935,26635329.33953289,637.0610536805597,760.8,760.8,879.7896036334738,76
D2_uswc_departure_delay_24h_048,D2,uswc_departure_delay_24h,,20260932,26776602.85145016,636.810487988861,794.4,794.4,1462.478202880413,86
D2_uswc_departure_delay_24h_049,D2,uswc_departure_delay_24h,,20260932,26833270.758131567,636.561506415663,794.4,794.4,1448.4823034385413,86
D2_uswc_departure_delay_24h_050,D2,uswc_departure_delay_24h,min_delivery_time,20260932,26848185.75262477,636.1042775486255,760.8,760.8,1251.0000000000048,80
D2_uswc_departure_delay_72h_001,D2,uswc_departure_delay_72h,min_cost,20260932,27141414.59837902,686.4384036238516,828.0,828.0,7244.499812869326,70
D2_uswc_departure_delay_72h_002,D2,uswc_departure_delay_72h,,20260916,27169374.35465558,685.7530347027641,794.4,794.4,6555.896045282058,78
D2_uswc_departure_delay_72h_003,D2,uswc_departure_delay_72h,,20260907,27177503.314951587,684.4117901716398,828.0,828.0,5903.823623555377,76
D2_uswc_departure_delay_72h_004,D2,uswc_departure_delay_72h,,20260907,27199273.03561444,684.3063930334042,794.4,794.4,6020.903854264641,75
D2_uswc_departure_delay_72h_005,D2,uswc_departure_delay_72h,,20260907,27229397.201400522,683.7577800609125,794.4,794.4,5864.23661668901,75
D2_uswc_departure_delay_72h_006,D2,uswc_departure_delay_72h,,20260935,27247192.360909134,681.7163545288543,794.4,794.4,4991.18657293515,73
D2_uswc_departure_delay_72h_007,D2,uswc_departure_delay_72h,,20260917,27250920.001389384,681.7058135295156,794.4,794.4,5341.114372810796,72
D2_uswc_departure_delay_72h_008,D2,uswc_departure_delay_72h,balanced,20260930,27343115.92058777,680.9575474276853,712.8,712.8,5841.756069027852,75
D2_uswc_departure_delay_72h_009,D2,uswc_departure_delay_72h,,20260930,27397726.057932485,680.846882973599,712.8,712.8,6119.450140730067,75
D2_uswc_departure_delay_72h_010,D2,uswc_departure_delay_72h,,20260930,27412370.561974812,680.6036992066664,712.8,712.8,6021.0142452098125,74
D2_uswc_departure_delay_72h_011,D2,uswc_departure_delay_72h,,20260930,27458028.813441265,680.3907212346662,712.8,712.8,6119.450140730067,74
D2_uswc_departure_delay_72h_012,D2,uswc_departure_delay_72h,,20260930,27462076.707715534,680.3518514560984,712.8,712.8,6251.40070655738,71
D2_uswc_departure_delay_72h_013,D2,uswc_departure_delay_72h,,20260912,27497802.279374897,680.3210793807056,712.8,712.8,6501.046001629171,73
D2_uswc_departure_delay_72h_014,D2,uswc_departure_delay_72h,,20260933,27523818.479349133,679.6915647722118,794.4,794.4,5165.360429788373,83
D2_uswc_departure_delay_72h_015,D2,uswc_departure_delay_72h,,20260918,27560106.419855583,679.0717658045419,794.4,794.4,5858.916271695467,77
D2_uswc_departure_delay_72h_016,D2,uswc_departure_delay_72h,,20260918,27564833.311516847,678.8301709696835,794.4,794.4,5632.583748205459,82
D2_uswc_departure_delay_72h_017,D2,uswc_departure_delay_72h,,20260930,27567950.18686665,678.5763034268076,712.8,712.8,5531.16121279238,70
D2_uswc_departure_delay_72h_018,D2,uswc_departure_delay_72h,,20260917,27601948.006532565,678.5745708913279,712.8,712.8,5475.993305725964,72
D2_uswc_departure_delay_72h_019,D2,uswc_departure_delay_72h,,20260926,27622115.037919536,678.5622001197211,794.4,794.4,4543.731025862216,75
D2_uswc_departure_delay_72h_020,D2,uswc_departure_delay_72h,,20260912,27660573.486484617,678.4070332012484,794.4,794.4,6325.228141546082,72
D2_uswc_departure_delay_72h_021,D2,uswc_departure_delay_72h,,20260912,27681418.807836525,678.1186473002118,794.4,794.4,6248.754149981228,71
D2_uswc_departure_delay_72h_022,D2,uswc_departure_delay_72h,,20260930,27790644.080449365,677.6968803044774,794.4,794.4,6010.750848197859,71
D2_uswc_departure_delay_72h_023,D2,uswc_departure_delay_72h,min_delivery_time,20260913,28049258.07151334,677.4623270226496,712.8,712.8,7846.652768949648,71
D2_uswc_port_capacity_125pct_001,D2,uswc_port_capacity_125pct,min_cost,20260929,25042488.426821988,644.2228576954567,760.8,760.8,841.7060321840122,88
D2_uswc_port_capacity_125pct_002,D2,uswc_port_capacity_125pct,,20260929,25050600.72273132,642.432217909916,760.8,760.8,462.19650162971527,84
D2_uswc_port_capacity_125pct_003,D2,uswc_port_capacity_125pct,,20260929,25095579.711493533,642.2834995966234,760.8,760.8,880.9096338583108,86
D2_uswc_port_capacity_125pct_004,D2,uswc_port_capacity_125pct,,20260907,25123601.95313961,640.498511398455,760.8,760.8,1102.35066110436,81
D2_uswc_port_capacity_125pct_005,D2,uswc_port_capacity_125pct,,20260935,25147443.083006445,638.954472984277,760.8,760.8,486.4847559918285,85
D2_uswc_port_capacity_125pct_006,D2,uswc_port_capacity_125pct,,20260922,25162484.532220487,636.4340384670242,760.8,760.8,550.6714924594983,80
D2_uswc_port_capacity_125pct_007,D2,uswc_port_capacity_125pct,,20260919,25193293.341905214,635.6687707884093,760.8,760.8,200.58861982346542,82
D2_uswc_port_capacity_125pct_008,D2,uswc_port_capacity_125pct,,20260935,25204780.642482918,635.3951792811853,760.8,760.8,369.8015616194333,81
D2_uswc_port_capacity_125pct_009,D2,uswc_port_capacity_125pct,,20260919,25224910.491723917,635.123124280483,760.8,760.8,217.57340396071535,85
D2_uswc_port_capacity_125pct_010,D2,uswc_port_capacity_125pct,,20260919,25230698.312514964,634.7985186472152,760.8,760.8,201.12864130887826,83
D2_uswc_port_capacity_125pct_011,D2,uswc_port_capacity_125pct,,20260919,25232158.574837178,634.7481784650669,760.8,760.8,177.55350629587426,84
D2_uswc_port_capacity_125pct_012,D2,uswc_port_capacity_125pct,,20260922,25251506.218225747,634.5276644590829,760.8,760.8,544.8841529108643,78
D2_uswc_port_capacity_125pct_013,D2,uswc_port_capacity_125pct,,20260935,25254602.764740624,634.2012627418892,760.8,760.8,371.5860925899117,82
D2_uswc_port_capacity_125pct_014,D2,uswc_port_capacity_125pct,,20260919,25261721.687618826,634.0982443961713,760.8,760.8,209.65402374330085,83
D2_uswc_port_capacity_125pct_015,D2,uswc_port_capacity_125pct,,20260922,25262982.920210816,633.716195204016,760.8,760.8,546.0718334649664,80
D2_uswc_port_capacity_125pct_016,D2,uswc_port_capacity_125pct,,20260919,25268697.9829264,633.3063059927446,760.8,760.8,241.2555676850272,83
D2_uswc_port_capacity_125pct_017,D2,uswc_port_capacity_125pct,,20260919,25283623.192006044,632.7442916622921,760.8,760.8,210.65403426902546,83
D2_uswc_port_capacity_125pct_018,D2,uswc_port_capacity_125pct,,20260919,25289409.092763457,632.519496682952,760.8,760.8,171.57733271139546,84
D2_uswc_port_capacity_125pct_019,D2,uswc_port_capacity_125pct,,20260919,25297568.186163597,631.7038830328336,760.8,760.8,219.85087989615937,83
D2_uswc_port_capacity_125pct_020,D2,uswc_port_capacity_125pct,,20260919,25316536.68282912,630.691152359605,760.8,760.8,84.93525259535338,84
D2_uswc_port_capacity_125pct_021,D2,uswc_port_capacity_125pct,,20260919,25330079.32530109,630.115390172532,760.8,760.8,39.38400926555174,86
D2_uswc_port_capacity_125pct_022,D2,uswc_port_capacity_125pct,,20260919,25357894.65832598,629.9229508441925,760.8,760.8,39.851026893847006,85
D2_uswc_port_capacity_125pct_023,D2,uswc_port_capacity_125pct,,20260919,25370116.783563696,629.567854606044,760.8,760.8,40.50643923425936,86
D2_uswc_port_capacity_125pct_024,D2,uswc_port_capacity_125pct,,20260927,25387141.52726757,629.4409964318332,760.8,760.8,462.7673392762742,82
D2_uswc_port_capacity_125pct_025,D2,uswc_port_capacity_125pct,,20260919,25399034.53660163,628.8658989914115,760.8,760.8,44.382477326919805,83
D2_uswc_port_capacity_125pct_026,D2,uswc_port_capacity_125pct,,20260919,25400858.56461812,628.6564635442271,760.8,760.8,32.348723400803046,85
D2_uswc_port_capacity_125pct_027,D2,uswc_port_capacity_125pct,,20260919,25404369.409010656,628.5200177979875,760.8,760.8,48.12633760628579,84
D2_uswc_port_capacity_125pct_028,D2,uswc_port_capacity_125pct,,20260919,25409701.79123803,627.8954335352838,760.8,760.8,22.154638164007146,86
D2_uswc_port_capacity_125pct_029,D2,uswc_port_capacity_125pct,,20260919,25419043.96174824,627.7622494495813,760.8,760.8,44.414060653701114,84
D2_uswc_port_capacity_125pct_030,D2,uswc_port_capacity_125pct,,20260919,25434805.231274627,627.0167750220664,760.8,760.8,26.29873070367282,87
D2_uswc_port_capacity_125pct_031,D2,uswc_port_capacity_125pct,,20260919,25437868.3185677,626.8213563063872,760.8,760.8,44.71490563041493,83
D2_uswc_port_capacity_125pct_032,D2,uswc_port_capacity_125pct,,20260919,25453184.987443093,626.3297236359927,760.8,760.8,41.44241904874422,78
D2_uswc_port_capacity_125pct_033,D2,uswc_port_capacity_125pct,,20260919,25468696.754395302,625.9368705746316,760.8,760.8,35.527294248337355,82
D2_uswc_port_capacity_125pct_034,D2,uswc_port_capacity_125pct,,20260919,25474926.42379011,625.7334981971501,760.8,760.8,21.97614282034695,88
D2_uswc_port_capacity_125pct_035,D2,uswc_port_capacity_125pct,,20260919,25493201.721248914,625.5674859103249,760.8,760.8,21.97614282034695,88
D2_uswc_port_capacity_125pct_036,D2,uswc_port_capacity_125pct,,20260919,25523670.379105672,625.3561990894391,760.8,760.8,41.567369126988936,83
D2_uswc_port_capacity_125pct_037,D2,uswc_port_capacity_125pct,,20260919,25524432.172126237,625.1324965766598,760.8,760.8,39.99227923164243,82
D2_uswc_port_capacity_125pct_038,D2,uswc_port_capacity_125pct,,20260919,25533765.142147526,624.9665608329423,760.8,760.8,43.84365942411364,81
D2_uswc_port_capacity_125pct_039,D2,uswc_port_capacity_125pct,,20260930,25534534.047889274,624.2920912511187,760.8,760.8,81.56523982402182,72
D2_uswc_port_capacity_125pct_040,D2,uswc_port_capacity_125pct,,20260919,25538295.308761396,624.0365165422298,760.8,760.8,35.497068916274735,81
D2_uswc_port_capacity_125pct_041,D2,uswc_port_capacity_125pct,,20260930,25539601.414758723,623.5161400669996,760.8,760.8,128.64604208811548,75
D2_uswc_port_capacity_125pct_042,D2,uswc_port_capacity_125pct,,20260913,25590031.15209993,622.7237675288716,760.8,760.8,529.4134812931642,76
D2_uswc_port_capacity_125pct_043,D2,uswc_port_capacity_125pct,,20260930,25610610.00045649,622.699931607193,760.8,760.8,92.30852540759592,80
D2_uswc_port_capacity_125pct_044,D2,uswc_port_capacity_125pct,balanced,20260913,25610640.09504055,621.4628333228625,727.2,727.2,362.00100018647913,77
D2_uswc_port_capacity_125pct_045,D2,uswc_port_capacity_125pct,,20260930,25633062.954829287,621.2534411204771,760.8,760.8,89.25102063987212,74
D2_uswc_port_capacity_125pct_046,D2,uswc_port_capacity_125pct,,20260930,25649841.023257207,621.2252471138917,760.8,760.8,92.29801978943603,73
D2_uswc_port_capacity_125pct_047,D2,uswc_port_capacity_125pct,,20260930,25652582.920221817,620.9692654128704,760.8,760.8,255.64006817715358,75
D2_uswc_port_capacity_125pct_048,D2,uswc_port_capacity_125pct,,20260930,25664685.103188723,620.7679210260043,760.8,760.8,92.27971775237515,74
D2_uswc_port_capacity_125pct_049,D2,uswc_port_capacity_125pct,,20260913,25667830.126707755,620.5290301756492,760.8,760.8,423.048207204191,81
D2_uswc_port_capacity_125pct_050,D2,uswc_port_capacity_125pct,,20260930,25718729.189081665,619.9599279310055,760.8,760.8,92.86493838822236,72
D2_uswc_port_capacity_125pct_051,D2,uswc_port_capacity_125pct,,20260930,25730308.36739736,619.6616298891954,760.8,760.8,207.55441068069007,75
D2_uswc_port_capacity_125pct_052,D2,uswc_port_capacity_125pct,,20260930,25769537.01109524,619.617784981384,760.8,760.8,88.5983897953437,74
D2_uswc_port_capacity_125pct_053,D2,uswc_port_capacity_125pct,,20260930,25772606.979508296,619.4624657981099,760.8,760.8,176.18801067222148,72
D2_uswc_port_capacity_125pct_054,D2,uswc_port_capacity_125pct,,20260930,25784572.703557115,619.1012276710171,760.8,760.8,93.07162555695064,73
D2_uswc_port_capacity_125pct_055,D2,uswc_port_capacity_125pct,,20260921,25837663.6136833,618.6212504454,760.8,760.8,874.0953502160158,77
D2_uswc_port_capacity_125pct_056,D2,uswc_port_capacity_125pct,,20260930,25861913.547261577,618.1382253883559,760.8,760.8,216.8041710100357,72
D2_uswc_port_capacity_125pct_057,D2,uswc_port_capacity_125pct,,20260921,25912525.61815807,617.684449467495,760.8,760.8,1406.7115201719778,77
D2_uswc_port_capacity_125pct_058,D2,uswc_port_capacity_125pct,,20260921,25917515.447880242,617.5255191446895,760.8,760.8,1507.1779248155267,73
D2_uswc_port_capacity_125pct_059,D2,uswc_port_capacity_125pct,,20260921,25958929.87185965,617.4288030702173,760.8,760.8,1113.2536277391982,78
D2_uswc_port_capacity_125pct_060,D2,uswc_port_capacity_125pct,,20260921,25966714.742599607,616.3705803792104,760.8,760.8,1350.775232028852,74
D2_uswc_port_capacity_125pct_061,D2,uswc_port_capacity_125pct,,20260921,25982644.84135444,616.2275563064204,760.8,760.8,1344.4466646193857,74
D2_uswc_port_capacity_125pct_062,D2,uswc_port_capacity_125pct,,20260921,26003590.617530074,615.8760464803038,760.8,760.8,1288.0310504690647,73
D2_uswc_port_capacity_125pct_063,D2,uswc_port_capacity_125pct,,20260921,26062362.90782564,615.7764684074817,760.8,760.8,1132.5071916660645,75
D2_uswc_port_capacity_125pct_064,D2,uswc_port_capacity_125pct,,20260921,26098224.682954,615.6651105294036,760.8,760.8,1232.5917776383715,76
D2_uswc_port_capacity_125pct_065,D2,uswc_port_capacity_125pct,,20260921,26158103.74627222,615.5094569568153,760.8,760.8,1424.56324045675,75
D2_uswc_port_capacity_125pct_066,D2,uswc_port_capacity_125pct,,20260931,26307330.49490541,615.1108416850437,760.8,760.8,475.73227479500224,79
D2_uswc_port_capacity_125pct_067,D2,uswc_port_capacity_125pct,,20260931,26437962.158408742,614.5667546170718,760.8,760.8,672.1184100490655,78
D2_uswc_port_capacity_125pct_068,D2,uswc_port_capacity_125pct,min_delivery_time,20260931,26640245.027966164,614.2157580011346,760.8,760.8,846.9352166843528,77
D2_uswc_port_capacity_50pct_001,D2,uswc_port_capacity_50pct,min_cost,20260920,25083981.66200837,662.1499728106782,760.8,760.8,6148.456525776006,80
D2_uswc_port_capacity_50pct_002,D2,uswc_port_capacity_50pct,,20260908,25091296.82807752,661.5212711992419,760.8,760.8,5229.88723913511,87
D2_uswc_port_capacity_50pct_003,D2,uswc_port_capacity_50pct,,20260914,25114237.960768137,660.291799067262,760.8,760.8,4199.173119652806,83
D2_uswc_port_capacity_50pct_004,D2,uswc_port_capacity_50pct,,20260916,25223114.670534134,659.9459584278849,760.8,760.8,5265.068070779861,89
D2_uswc_port_capacity_50pct_005,D2,uswc_port_capacity_50pct,,20260916,25223710.265411545,659.9083408727757,760.8,760.8,5259.526039458135,89
D2_uswc_port_capacity_50pct_006,D2,uswc_port_capacity_50pct,,20260914,25288864.713639196,659.3547613321128,760.8,760.8,4256.823471631298,86
D2_uswc_port_capacity_50pct_007,D2,uswc_port_capacity_50pct,,20260908,25293335.407578185,659.0359977411102,760.8,760.8,5146.886757206974,90
D2_uswc_port_capacity_50pct_008,D2,uswc_port_capacity_50pct,,20260908,25305566.01449997,658.7048724104039,760.8,760.8,4977.760311065429,86
D2_uswc_port_capacity_50pct_009,D2,uswc_port_capacity_50pct,,20260908,25331760.608079854,658.6470417884124,760.8,760.8,4924.012205777642,85
D2_uswc_port_capacity_50pct_010,D2,uswc_port_capacity_50pct,,20260914,25396836.869007252,657.0390376227274,760.8,760.8,4115.295986552768,87
D2_uswc_port_capacity_50pct_011,D2,uswc_port_capacity_50pct,,20260908,25465369.025513604,656.5554128495245,760.8,760.8,4792.582619199834,92
D2_uswc_port_capacity_50pct_012,D2,uswc_port_capacity_50pct,,20260914,25501427.744421072,656.4517335704896,760.8,760.8,4754.063669930329,85
D2_uswc_port_capacity_50pct_013,D2,uswc_port_capacity_50pct,,20260916,25550656.16371608,656.3625621216866,760.8,760.8,6090.2458862206195,90
D2_uswc_port_capacity_50pct_014,D2,uswc_port_capacity_50pct,,20260909,25558168.497252427,655.2806969079562,760.8,760.8,5084.85818353976,90
D2_uswc_port_capacity_50pct_015,D2,uswc_port_capacity_50pct,,20260922,25615206.35546889,655.1552285881336,760.8,760.8,4134.387533141191,81
D2_uswc_port_capacity_50pct_016,D2,uswc_port_capacity_50pct,,20260929,25638616.640330177,655.0067063031527,760.8,760.8,4290.127417393886,91
D2_uswc_port_capacity_50pct_017,D2,uswc_port_capacity_50pct,,20260920,25665192.88109557,654.9110511722264,760.8,760.8,5906.734647603516,86
D2_uswc_port_capacity_50pct_018,D2,uswc_port_capacity_50pct,,20260919,25696441.58890234,654.5764635013512,760.8,760.8,4407.919466758721,89
D2_uswc_port_capacity_50pct_019,D2,uswc_port_capacity_50pct,,20260919,25727874.3683699,653.4261656020818,760.8,760.8,4046.8445974218203,92
D2_uswc_port_capacity_50pct_020,D2,uswc_port_capacity_50pct,,20260919,25755300.96207497,653.2011461603752,760.8,760.8,4477.915097969853,88
D2_uswc_port_capacity_50pct_021,D2,uswc_port_capacity_50pct,,20260919,25817846.961893704,652.6480787545078,760.8,760.8,4160.144314916736,93
D2_uswc_port_capacity_50pct_022,D2,uswc_port_capacity_50pct,,20260909,25850675.37805879,652.3453556988235,760.8,760.8,5294.307449729505,85
D2_uswc_port_capacity_50pct_023,D2,uswc_port_capacity_50pct,,20260919,25867610.969295803,652.1277660742644,760.8,760.8,4086.4992745583313,88
D2_uswc_port_capacity_50pct_024,D2,uswc_port_capacity_50pct,balanced,20260919,25904204.45401405,651.3381925341902,760.8,760.8,4475.746399429602,92
D2_uswc_port_capacity_50pct_025,D2,uswc_port_capacity_50pct,,20260919,25953564.35720013,650.8781962825827,760.8,760.8,4184.778180919834,92
D2_uswc_port_capacity_50pct_026,D2,uswc_port_capacity_50pct,,20260919,26024337.302455716,650.5631597038861,760.8,760.8,4637.204223754706,92
D2_uswc_port_capacity_50pct_027,D2,uswc_port_capacity_50pct,,20260919,26034225.7109475,650.4294555206759,760.8,760.8,4402.072067836918,89
D2_uswc_port_capacity_50pct_028,D2,uswc_port_capacity_50pct,,20260919,26056219.56795996,650.3758313376709,760.8,760.8,4740.195938006705,91
D2_uswc_port_capacity_50pct_029,D2,uswc_port_capacity_50pct,,20260919,26067210.258398905,650.235574662983,760.8,760.8,4725.934932300818,92
D2_uswc_port_capacity_50pct_030,D2,uswc_port_capacity_50pct,,20260919,26091797.662180148,650.1557374797022,760.8,760.8,4723.986710478061,93
D2_uswc_port_capacity_50pct_031,D2,uswc_port_capacity_50pct,,20260919,26092051.588047717,650.149402307727,760.8,760.8,4723.986710478061,93
D2_uswc_port_capacity_50pct_032,D2,uswc_port_capacity_50pct,,20260919,26139275.63140704,649.8316931453975,760.8,760.8,4867.903787994239,91
D2_uswc_port_capacity_50pct_033,D2,uswc_port_capacity_50pct,,20260919,26145985.328567605,649.5692093770764,760.8,760.8,4867.26319403417,90
D2_uswc_port_capacity_50pct_034,D2,uswc_port_capacity_50pct,,20260918,26157038.024007387,649.1939751267239,760.8,760.8,4711.28555984349,85
D2_uswc_port_capacity_50pct_035,D2,uswc_port_capacity_50pct,,20260919,26184669.598782595,649.0478424520886,760.8,760.8,4899.80850618545,90
D2_uswc_port_capacity_50pct_036,D2,uswc_port_capacity_50pct,,20260919,26191687.712838452,648.841754894716,760.8,760.8,4879.569903322139,89
D2_uswc_port_capacity_50pct_037,D2,uswc_port_capacity_50pct,,20260919,26254066.283161677,648.6108547131787,760.8,760.8,4886.076738298907,89
D2_uswc_port_capacity_50pct_038,D2,uswc_port_capacity_50pct,,20260919,26287697.241032287,648.3022888099774,760.8,760.8,4971.523596379287,90
D2_uswc_port_capacity_50pct_039,D2,uswc_port_capacity_50pct,,20260919,26319602.188578658,648.0517235579752,760.8,760.8,5052.40382804503,88
D2_uswc_port_capacity_50pct_040,D2,uswc_port_capacity_50pct,,20260919,26364432.4447211,647.9020237510598,760.8,760.8,5104.447129761573,90
D2_uswc_port_capacity_50pct_041,D2,uswc_port_capacity_50pct,,20260919,26412115.66349972,647.4405943899325,760.8,760.8,5140.7338011595675,85
D2_uswc_port_capacity_50pct_042,D2,uswc_port_capacity_50pct,,20260931,26497483.97607282,647.1921180582825,760.8,760.8,4623.239274682872,70
D2_uswc_port_capacity_50pct_043,D2,uswc_port_capacity_50pct,,20260931,26514361.90411604,647.0609738668634,760.8,760.8,4752.545707695306,72
D2_uswc_port_capacity_50pct_044,D2,uswc_port_capacity_50pct,,20260931,26547534.370796885,646.9796051608081,760.8,760.8,4869.86754872297,70
D2_uswc_port_capacity_50pct_045,D2,uswc_port_capacity_50pct,,20260931,26560258.406393826,646.202986640724,760.8,760.8,4472.931278210728,73
D2_uswc_port_capacity_50pct_046,D2,uswc_port_capacity_50pct,,20260931,26614613.645482596,646.1082461229188,760.8,760.8,4569.081791612597,72
D2_uswc_port_capacity_50pct_047,D2,uswc_port_capacity_50pct,,20260931,26625468.181844387,646.0036714914506,760.8,760.8,4569.081791612597,72
D2_uswc_port_capacity_50pct_048,D2,uswc_port_capacity_50pct,,20260931,26722703.77242821,645.7536570327806,760.8,760.8,5337.497019340786,65
D2_uswc_port_capacity_50pct_049,D2,uswc_port_capacity_50pct,,20260931,26752066.287452914,645.6754251556882,760.8,760.8,4979.3781406542885,71
D2_uswc_port_capacity_50pct_050,D2,uswc_port_capacity_50pct,min_delivery_time,20260931,27163695.68876924,645.3196272149385,760.8,760.8,7790.074542541849,67
D2_uswc_port_capacity_75pct_001,D2,uswc_port_capacity_75pct,min_cost,20260929,25042488.426821988,644.2228576954567,760.8,760.8,841.7060321840122,88
D2_uswc_port_capacity_75pct_002,D2,uswc_port_capacity_75pct,,20260929,25050600.72273132,642.432217909916,760.8,760.8,462.19650162971527,84
D2_uswc_port_capacity_75pct_003,D2,uswc_port_capacity_75pct,,20260929,25095579.711493533,642.2834995966234,760.8,760.8,880.9096338583108,86
D2_uswc_port_capacity_75pct_004,D2,uswc_port_capacity_75pct,,20260907,25123601.95313961,640.498511398455,760.8,760.8,1102.35066110436,81
D2_uswc_port_capacity_75pct_005,D2,uswc_port_capacity_75pct,,20260935,25147443.083006445,638.954472984277,760.8,760.8,486.4847559918285,85
D2_uswc_port_capacity_75pct_006,D2,uswc_port_capacity_75pct,,20260922,25162484.532220487,636.4340384670242,760.8,760.8,550.6714924594983,80
D2_uswc_port_capacity_75pct_007,D2,uswc_port_capacity_75pct,,20260919,25193293.341905214,635.6687707884093,760.8,760.8,200.58861982346542,82
D2_uswc_port_capacity_75pct_008,D2,uswc_port_capacity_75pct,,20260935,25204780.642482918,635.3951792811853,760.8,760.8,369.8015616194333,81
D2_uswc_port_capacity_75pct_009,D2,uswc_port_capacity_75pct,,20260919,25224910.491723917,635.123124280483,760.8,760.8,217.57340396071535,85
D2_uswc_port_capacity_75pct_010,D2,uswc_port_capacity_75pct,,20260919,25230698.312514964,634.7985186472152,760.8,760.8,201.12864130887826,83
D2_uswc_port_capacity_75pct_011,D2,uswc_port_capacity_75pct,,20260919,25232158.574837178,634.7481784650669,760.8,760.8,177.55350629587426,84
D2_uswc_port_capacity_75pct_012,D2,uswc_port_capacity_75pct,,20260922,25251506.218225747,634.5276644590829,760.8,760.8,544.8841529108643,78
D2_uswc_port_capacity_75pct_013,D2,uswc_port_capacity_75pct,,20260935,25254602.764740624,634.2012627418892,760.8,760.8,371.5860925899117,82
D2_uswc_port_capacity_75pct_014,D2,uswc_port_capacity_75pct,,20260919,25261721.687618826,634.0982443961713,760.8,760.8,209.65402374330085,83
D2_uswc_port_capacity_75pct_015,D2,uswc_port_capacity_75pct,,20260922,25262982.920210816,633.716195204016,760.8,760.8,546.0718334649664,80
D2_uswc_port_capacity_75pct_016,D2,uswc_port_capacity_75pct,,20260919,25268697.9829264,633.3063059927446,760.8,760.8,241.2555676850272,83
D2_uswc_port_capacity_75pct_017,D2,uswc_port_capacity_75pct,,20260919,25283623.192006044,632.7442916622921,760.8,760.8,210.65403426902546,83
D2_uswc_port_capacity_75pct_018,D2,uswc_port_capacity_75pct,,20260919,25289409.092763457,632.519496682952,760.8,760.8,171.57733271139546,84
D2_uswc_port_capacity_75pct_019,D2,uswc_port_capacity_75pct,,20260919,25297568.186163597,631.7038830328336,760.8,760.8,219.85087989615937,83
D2_uswc_port_capacity_75pct_020,D2,uswc_port_capacity_75pct,,20260919,25316536.68282912,630.691152359605,760.8,760.8,84.93525259535338,84
D2_uswc_port_capacity_75pct_021,D2,uswc_port_capacity_75pct,,20260919,25330079.32530109,630.115390172532,760.8,760.8,39.38400926555174,86
D2_uswc_port_capacity_75pct_022,D2,uswc_port_capacity_75pct,,20260919,25357894.65832598,629.9229508441925,760.8,760.8,39.851026893847006,85
D2_uswc_port_capacity_75pct_023,D2,uswc_port_capacity_75pct,,20260919,25370116.783563696,629.567854606044,760.8,760.8,40.50643923425936,86
D2_uswc_port_capacity_75pct_024,D2,uswc_port_capacity_75pct,,20260927,25387141.52726757,629.4409964318332,760.8,760.8,462.7673392762742,82
D2_uswc_port_capacity_75pct_025,D2,uswc_port_capacity_75pct,,20260919,25399034.53660163,628.8658989914115,760.8,760.8,44.382477326919805,83
D2_uswc_port_capacity_75pct_026,D2,uswc_port_capacity_75pct,,20260919,25400858.56461812,628.6564635442271,760.8,760.8,32.348723400803046,85
D2_uswc_port_capacity_75pct_027,D2,uswc_port_capacity_75pct,,20260919,25404369.409010656,628.5200177979875,760.8,760.8,48.12633760628579,84
D2_uswc_port_capacity_75pct_028,D2,uswc_port_capacity_75pct,,20260919,25409701.79123803,627.8954335352838,760.8,760.8,22.154638164007146,86
D2_uswc_port_capacity_75pct_029,D2,uswc_port_capacity_75pct,,20260919,25419043.96174824,627.7622494495813,760.8,760.8,44.414060653701114,84
D2_uswc_port_capacity_75pct_030,D2,uswc_port_capacity_75pct,,20260919,25434805.231274627,627.0167750220664,760.8,760.8,26.29873070367282,87
D2_uswc_port_capacity_75pct_031,D2,uswc_port_capacity_75pct,,20260919,25437868.3185677,626.8213563063872,760.8,760.8,44.71490563041493,83
D2_uswc_port_capacity_75pct_032,D2,uswc_port_capacity_75pct,,20260919,25453184.987443093,626.3297236359927,760.8,760.8,41.44241904874422,78
D2_uswc_port_capacity_75pct_033,D2,uswc_port_capacity_75pct,,20260919,25468696.754395302,625.9368705746316,760.8,760.8,35.527294248337355,82
D2_uswc_port_capacity_75pct_034,D2,uswc_port_capacity_75pct,,20260919,25474926.42379011,625.7334981971501,760.8,760.8,21.97614282034695,88
D2_uswc_port_capacity_75pct_035,D2,uswc_port_capacity_75pct,,20260919,25493201.721248914,625.5674859103249,760.8,760.8,21.97614282034695,88
D2_uswc_port_capacity_75pct_036,D2,uswc_port_capacity_75pct,,20260919,25523670.379105672,625.3561990894391,760.8,760.8,41.567369126988936,83
D2_uswc_port_capacity_75pct_037,D2,uswc_port_capacity_75pct,,20260919,25524432.172126237,625.1324965766598,760.8,760.8,39.99227923164243,82
D2_uswc_port_capacity_75pct_038,D2,uswc_port_capacity_75pct,,20260919,25533765.142147526,624.9665608329423,760.8,760.8,43.84365942411364,81
D2_uswc_port_capacity_75pct_039,D2,uswc_port_capacity_75pct,,20260930,25534534.047889274,624.2920912511187,760.8,760.8,81.56523982402182,72
D2_uswc_port_capacity_75pct_040,D2,uswc_port_capacity_75pct,,20260919,25538295.308761396,624.0365165422298,760.8,760.8,35.497068916274735,81
D2_uswc_port_capacity_75pct_041,D2,uswc_port_capacity_75pct,,20260930,25539601.414758723,623.5161400669996,760.8,760.8,128.64604208811548,75
D2_uswc_port_capacity_75pct_042,D2,uswc_port_capacity_75pct,,20260913,25590031.15209993,622.7237675288716,760.8,760.8,529.4134812931642,76
D2_uswc_port_capacity_75pct_043,D2,uswc_port_capacity_75pct,,20260930,25610610.00045649,622.699931607193,760.8,760.8,92.30852540759592,80
D2_uswc_port_capacity_75pct_044,D2,uswc_port_capacity_75pct,balanced,20260913,25610640.09504055,621.4628333228625,727.2,727.2,362.00100018647913,77
D2_uswc_port_capacity_75pct_045,D2,uswc_port_capacity_75pct,,20260930,25633062.954829287,621.2534411204771,760.8,760.8,89.25102063987212,74
D2_uswc_port_capacity_75pct_046,D2,uswc_port_capacity_75pct,,20260930,25649841.023257207,621.2252471138917,760.8,760.8,92.29801978943603,73
D2_uswc_port_capacity_75pct_047,D2,uswc_port_capacity_75pct,,20260930,25652582.920221817,620.9692654128704,760.8,760.8,255.64006817715358,75
D2_uswc_port_capacity_75pct_048,D2,uswc_port_capacity_75pct,,20260930,25664685.103188723,620.7679210260043,760.8,760.8,92.27971775237515,74
D2_uswc_port_capacity_75pct_049,D2,uswc_port_capacity_75pct,,20260913,25667830.126707755,620.5290301756492,760.8,760.8,423.048207204191,81
D2_uswc_port_capacity_75pct_050,D2,uswc_port_capacity_75pct,,20260930,25718729.189081665,619.9599279310055,760.8,760.8,92.86493838822236,72
D2_uswc_port_capacity_75pct_051,D2,uswc_port_capacity_75pct,,20260930,25730308.36739736,619.6616298891954,760.8,760.8,207.55441068069007,75
D2_uswc_port_capacity_75pct_052,D2,uswc_port_capacity_75pct,,20260930,25769537.01109524,619.617784981384,760.8,760.8,88.5983897953437,74
D2_uswc_port_capacity_75pct_053,D2,uswc_port_capacity_75pct,,20260930,25772606.979508296,619.4624657981099,760.8,760.8,176.18801067222148,72
D2_uswc_port_capacity_75pct_054,D2,uswc_port_capacity_75pct,,20260930,25784572.703557115,619.1012276710171,760.8,760.8,93.07162555695064,73
D2_uswc_port_capacity_75pct_055,D2,uswc_port_capacity_75pct,,20260921,25837663.6136833,618.6212504454,760.8,760.8,874.0953502160158,77
D2_uswc_port_capacity_75pct_056,D2,uswc_port_capacity_75pct,,20260930,25861913.547261577,618.1382253883559,760.8,760.8,216.8041710100357,72
D2_uswc_port_capacity_75pct_057,D2,uswc_port_capacity_75pct,,20260921,25912525.61815807,617.684449467495,760.8,760.8,1406.7115201719778,77
D2_uswc_port_capacity_75pct_058,D2,uswc_port_capacity_75pct,,20260921,25917515.447880242,617.5255191446895,760.8,760.8,1507.1779248155267,73
D2_uswc_port_capacity_75pct_059,D2,uswc_port_capacity_75pct,,20260921,25958929.87185965,617.4288030702173,760.8,760.8,1113.2536277391982,78
D2_uswc_port_capacity_75pct_060,D2,uswc_port_capacity_75pct,,20260921,25966714.742599607,616.3705803792104,760.8,760.8,1350.775232028852,74
D2_uswc_port_capacity_75pct_061,D2,uswc_port_capacity_75pct,,20260921,25982644.84135444,616.2275563064204,760.8,760.8,1344.4466646193857,74
D2_uswc_port_capacity_75pct_062,D2,uswc_port_capacity_75pct,,20260921,26003590.617530074,615.8760464803038,760.8,760.8,1288.0310504690647,73
D2_uswc_port_capacity_75pct_063,D2,uswc_port_capacity_75pct,,20260921,26062362.90782564,615.7764684074817,760.8,760.8,1132.5071916660645,75
D2_uswc_port_capacity_75pct_064,D2,uswc_port_capacity_75pct,,20260921,26098224.682954,615.6651105294036,760.8,760.8,1232.5917776383715,76
D2_uswc_port_capacity_75pct_065,D2,uswc_port_capacity_75pct,,20260921,26158103.74627222,615.5094569568153,760.8,760.8,1424.56324045675,75
D2_uswc_port_capacity_75pct_066,D2,uswc_port_capacity_75pct,,20260931,26307330.49490541,615.1108416850437,760.8,760.8,475.73227479500224,79
D2_uswc_port_capacity_75pct_067,D2,uswc_port_capacity_75pct,,20260931,26437962.158408742,614.5667546170718,760.8,760.8,672.1184100490655,78
D2_uswc_port_capacity_75pct_068,D2,uswc_port_capacity_75pct,min_delivery_time,20260931,26640245.027966164,614.2157580011346,760.8,760.8,846.9352166843528,77
D3_all_departure_delay_48h_001,D3,all_departure_delay_48h,min_cost,20260915,29428500.401846502,683.2290653377128,772.8,772.8,6394.738044910477,76
D3_all_departure_delay_48h_002,D3,all_departure_delay_48h,,20260915,29464050.34645341,683.1401911944773,772.8,772.8,6453.018450258551,79
D3_all_departure_delay_48h_003,D3,all_departure_delay_48h,,20260915,29465577.841459904,683.0833472298667,772.8,772.8,6345.554741814979,79
D3_all_departure_delay_48h_004,D3,all_departure_delay_48h,,20260915,29488643.885384712,682.7468703789566,772.8,772.8,6398.616969669129,78
D3_all_departure_delay_48h_005,D3,all_departure_delay_48h,,20260915,29495287.375072528,682.5261811778977,772.8,772.8,6327.235932014754,77
D3_all_departure_delay_48h_006,D3,all_departure_delay_48h,,20260915,29519612.92762574,682.5235086248674,772.8,772.8,6348.434306525288,78
D3_all_departure_delay_48h_007,D3,all_departure_delay_48h,,20260915,29522536.231887348,682.1616028484227,772.8,772.8,6304.463632858335,76
D3_all_departure_delay_48h_008,D3,all_departure_delay_48h,,20260915,29533245.820006166,682.1443068454128,772.8,772.8,6354.224251329729,78
D3_all_departure_delay_48h_009,D3,all_departure_delay_48h,,20260915,29548250.48461668,681.9298819068271,772.8,772.8,6337.90685685515,78
D3_all_departure_delay_48h_010,D3,all_departure_delay_48h,,20260915,29562783.94082638,681.7150833796015,772.8,772.8,6324.730013205574,76
D3_all_departure_delay_48h_011,D3,all_departure_delay_48h,,20260915,29579903.830075048,681.0582080433265,772.8,772.8,5972.134746068819,80
D3_all_departure_delay_48h_012,D3,all_departure_delay_48h,,20260915,29626978.065678116,680.955604995572,772.8,772.8,6241.956487062546,77
D3_all_departure_delay_48h_013,D3,all_departure_delay_48h,,20260915,29643539.331371203,680.8979518038581,772.8,772.8,6288.808577532104,76
D3_all_departure_delay_48h_014,D3,all_departure_delay_48h,,20260915,29645524.652486175,680.4913571837099,772.8,772.8,6143.03712696154,76
D3_all_departure_delay_48h_015,D3,all_departure_delay_48h,,20260915,29673419.46640189,680.0987557765305,772.8,772.8,6169.273981866353,77
D3_all_departure_delay_48h_016,D3,all_departure_delay_48h,,20260915,29714029.028679308,679.7410681593955,772.8,772.8,6136.702976201759,77
D3_all_departure_delay_48h_017,D3,all_departure_delay_48h,,20260915,29724008.118076727,679.5781116241275,772.8,772.8,6124.619529790086,78
D3_all_departure_delay_48h_018,D3,all_departure_delay_48h,,20260915,29734953.729897384,679.4465367576726,772.8,772.8,6097.4029688062765,78
D3_all_departure_delay_48h_019,D3,all_departure_delay_48h,,20260915,29739194.17046114,678.8482089348953,772.8,772.8,5679.695035066208,75
D3_all_departure_delay_48h_020,D3,all_departure_delay_48h,balanced,20260915,29764753.122184098,678.2810159431758,772.8,772.8,5629.272289887136,79
D3_all_departure_delay_48h_021,D3,all_departure_delay_48h,,20260915,29825250.930419102,677.5816545172872,772.8,772.8,5966.920193243702,74
D3_all_departure_delay_48h_022,D3,all_departure_delay_48h,,20260915,29837310.54760464,677.2964250466293,772.8,772.8,5636.027593427723,79
D3_all_departure_delay_48h_023,D3,all_departure_delay_48h,,20260915,29902572.23640674,677.1535604073891,772.8,772.8,5689.425081790294,75
D3_all_departure_delay_48h_024,D3,all_departure_delay_48h,,20260915,29930595.1717749,676.7773891788925,772.8,772.8,5875.453939984915,75
D3_all_departure_delay_48h_025,D3,all_departure_delay_48h,,20260915,30036200.725844182,676.3658169586785,806.4,806.4,6476.44468695128,74
D3_all_departure_delay_48h_026,D3,all_departure_delay_48h,min_delivery_time,20260915,30180230.166254755,676.1644467516624,772.8,772.8,7156.244500230655,77
D3_pilot_baseline_001,D3,pilot_baseline,min_cost,20260932,26576332.611434035,661.8213301229198,772.8,772.8,894.4083318110808,77
D3_pilot_baseline_002,D3,pilot_baseline,,20260923,26640396.08262353,661.4234514165981,772.8,772.8,1322.3755367524077,83
D3_pilot_baseline_003,D3,pilot_baseline,,20260923,26673754.848109253,659.809121166826,772.8,772.8,841.4672118645583,82
D3_pilot_baseline_004,D3,pilot_baseline,,20260923,26681325.060295373,659.2333516476509,772.8,772.8,811.5209421762113,83
D3_pilot_baseline_005,D3,pilot_baseline,,20260932,26693610.801710643,656.9249325591071,772.8,772.8,487.25731656814673,77
D3_pilot_baseline_006,D3,pilot_baseline,,20260923,26771840.701283965,656.8919301690811,772.8,772.8,671.792515302317,80
D3_pilot_baseline_007,D3,pilot_baseline,,20260932,26787297.037885573,656.8780857790117,772.8,772.8,1399.3555904506206,79
D3_pilot_baseline_008,D3,pilot_baseline,,20260923,26789000.274041586,656.5842034409304,772.8,772.8,696.6634325811448,81
D3_pilot_baseline_009,D3,pilot_baseline,,20260923,26806069.912465908,655.5060907891888,772.8,772.8,386.7706559608438,81
D3_pilot_baseline_010,D3,pilot_baseline,,20260932,26830903.653138798,653.9487132672075,772.8,772.8,460.27199335766966,76
D3_pilot_baseline_011,D3,pilot_baseline,,20260932,26869519.42661224,652.9531734660951,772.8,772.8,392.816965722725,79
D3_pilot_baseline_012,D3,pilot_baseline,,20260932,26962419.841347888,651.7245950647814,772.8,772.8,395.85631851576824,76
D3_pilot_baseline_013,D3,pilot_baseline,,20260932,27019365.748485465,651.3503080552316,772.8,772.8,536.7983426124288,76
D3_pilot_baseline_014,D3,pilot_baseline,,20260932,27023803.91132418,651.3127880278809,772.8,772.8,536.7983426124288,76
D3_pilot_baseline_015,D3,pilot_baseline,,20260932,27026442.127510384,651.310931600027,772.8,772.8,808.4107350090412,81
D3_pilot_baseline_016,D3,pilot_baseline,,20260932,27046774.51493893,649.8382638270546,772.8,772.8,378.48418086263206,82
D3_pilot_baseline_017,D3,pilot_baseline,,20260932,27062583.44661119,649.6419505408586,772.8,772.8,417.3625340682557,79
D3_pilot_baseline_018,D3,pilot_baseline,,20260932,27073163.297885943,649.0292266926881,772.8,772.8,443.96497120028755,78
D3_pilot_baseline_019,D3,pilot_baseline,,20260926,27111657.972461287,648.8876580144467,772.8,772.8,257.67716885092705,77
D3_pilot_baseline_020,D3,pilot_baseline,,20260932,27126723.5914174,648.8354471800443,772.8,772.8,492.78619329223534,81
D3_pilot_baseline_021,D3,pilot_baseline,,20260932,27131884.70842643,647.5811273096549,739.2,739.2,398.545812812687,78
D3_pilot_baseline_022,D3,pilot_baseline,,20260932,27192485.065201007,647.0886954962908,772.8,772.8,383.41571658565505,81
D3_pilot_baseline_023,D3,pilot_baseline,,20260932,27210772.689231902,646.7047394398136,772.8,772.8,344.72547357856683,81
D3_pilot_baseline_024,D3,pilot_baseline,,20260932,27236888.85099846,646.6779812095456,739.2,739.2,320.030782423427,77
D3_pilot_baseline_025,D3,pilot_baseline,,20260932,27243489.943835612,645.5897368301233,772.8,772.8,335.9436399809009,79
D3_pilot_baseline_026,D3,pilot_baseline,,20260932,27297061.576034006,645.0514403672748,772.8,772.8,363.39210056785316,82
D3_pilot_baseline_027,D3,pilot_baseline,,20260913,27323440.728353232,644.9035468932489,739.2,739.2,609.971521378217,86
D3_pilot_baseline_028,D3,pilot_baseline,,20260932,27324230.645164542,644.7500067169206,772.8,772.8,326.9952601757878,78
D3_pilot_baseline_029,D3,pilot_baseline,,20260932,27344667.025819764,644.4183097202846,739.2,739.2,287.2486867061486,79
D3_pilot_baseline_030,D3,pilot_baseline,,20260926,27345367.240201388,644.0941339029658,772.8,772.8,433.65219846986474,78
D3_pilot_baseline_031,D3,pilot_baseline,,20260926,27347951.38283946,644.0686111199308,772.8,772.8,433.65219846986474,78
D3_pilot_baseline_032,D3,pilot_baseline,,20260907,27371387.73085083,643.7984353871527,772.8,772.8,677.2338444489708,78
D3_pilot_baseline_033,D3,pilot_baseline,,20260926,27382356.025026947,643.2640466335648,772.8,772.8,433.65219846986474,75
D3_pilot_baseline_034,D3,pilot_baseline,,20260913,27403189.1888302,642.8582171455923,739.2,739.2,577.5691081404714,84
D3_pilot_baseline_035,D3,pilot_baseline,,20260913,27412462.477229394,642.5973724235597,739.2,739.2,496.47818247043165,87
D3_pilot_baseline_036,D3,pilot_baseline,balanced,20260932,27417192.263126392,642.3718076211804,739.2,739.2,252.19923811033976,78
D3_pilot_baseline_037,D3,pilot_baseline,,20260926,27429169.62883351,642.2868151613222,772.8,772.8,475.7017609270697,75
D3_pilot_baseline_038,D3,pilot_baseline,,20260932,27442114.455498327,642.002584175591,739.2,739.2,246.8236945562543,77
D3_pilot_baseline_039,D3,pilot_baseline,,20260911,27465805.86823922,641.9111333988986,772.8,772.8,372.1219993000034,78
D3_pilot_baseline_040,D3,pilot_baseline,,20260932,27496827.886138298,641.4801278350506,739.2,739.2,266.2253606156967,76
D3_pilot_baseline_041,D3,pilot_baseline,,20260929,27522060.474037446,641.4526292778002,772.8,772.8,508.8554767007148,77
D3_pilot_baseline_042,D3,pilot_baseline,,20260930,27529732.67960582,641.0166893924949,772.8,772.8,369.9758521053242,82
D3_pilot_baseline_043,D3,pilot_baseline,,20260911,27547911.847124938,640.9260695150616,772.8,772.8,426.16893355259276,77
D3_pilot_baseline_044,D3,pilot_baseline,,20260929,27550121.0572488,640.2505485068748,772.8,772.8,411.32083411308906,78
D3_pilot_baseline_045,D3,pilot_baseline,,20260907,27580334.82143745,640.0393820199846,772.8,772.8,722.2540432795332,77
D3_pilot_baseline_046,D3,pilot_baseline,,20260906,27593387.064369347,639.7576673216292,772.8,772.8,466.0438932319166,78
D3_pilot_baseline_047,D3,pilot_baseline,,20260929,27630395.33042214,639.4714154959914,772.8,772.8,404.8095292267017,79
D3_pilot_baseline_048,D3,pilot_baseline,,20260906,27631761.044654634,639.3812672338424,772.8,772.8,549.8550610074656,74
D3_pilot_baseline_049,D3,pilot_baseline,,20260914,27638729.956879683,639.0769029108418,772.8,772.8,172.20911895340288,79
D3_pilot_baseline_050,D3,pilot_baseline,,20260911,27642818.33045243,638.669349360385,772.8,772.8,276.00000000000136,75
D3_pilot_baseline_051,D3,pilot_baseline,,20260907,27664878.684072804,638.4825970687725,772.8,772.8,550.2270362993922,75
D3_pilot_baseline_052,D3,pilot_baseline,,20260907,27679532.26776552,638.0040425240385,772.8,772.8,553.6743602198766,74
D3_pilot_baseline_053,D3,pilot_baseline,,20260907,27707934.182482336,637.5256341512203,772.8,772.8,469.5518680180312,72
D3_pilot_baseline_054,D3,pilot_baseline,,20260929,27742777.101409726,637.1491016110156,772.8,772.8,400.4712969569268,82
D3_pilot_baseline_055,D3,pilot_baseline,,20260929,27776016.9319294,637.1223277475217,772.8,772.8,410.3115037000098,78
D3_pilot_baseline_056,D3,pilot_baseline,,20260931,27783302.834795497,635.5445716862802,772.8,772.8,85.99444708866646,77
D3_pilot_baseline_057,D3,pilot_baseline,,20260914,27857275.620715957,635.467158191678,772.8,772.8,249.9982610702719,77
D3_pilot_baseline_058,D3,pilot_baseline,,20260907,27883052.747887503,635.4283766083394,772.8,772.8,543.6000579951917,76
D3_pilot_baseline_059,D3,pilot_baseline,,20260918,27949334.37622791,634.9665957586682,772.8,772.8,707.4992617173311,83
D3_pilot_baseline_060,D3,pilot_baseline,,20260931,27960434.894237146,634.5819840222651,772.8,772.8,368.4113062952155,83
D3_pilot_baseline_061,D3,pilot_baseline,,20260914,27976000.56065584,634.5298904578734,772.8,772.8,469.64732391364953,82
D3_pilot_baseline_062,D3,pilot_baseline,,20260931,28032074.82568361,634.2009414968325,772.8,772.8,406.6643947569516,82
D3_pilot_baseline_063,D3,pilot_baseline,,20260916,28057628.575082324,633.5279700894674,772.8,772.8,614.2430434599971,78
D3_pilot_baseline_064,D3,pilot_baseline,,20260916,28068174.51347062,633.027109012823,772.8,772.8,614.2430434599971,77
D3_pilot_baseline_065,D3,pilot_baseline,,20260918,28103042.832278684,632.6691331785843,772.8,772.8,557.4449440377302,82
D3_pilot_baseline_066,D3,pilot_baseline,,20260931,28168448.21915646,632.3467983292057,772.8,772.8,74.65184063544575,78
D3_pilot_baseline_067,D3,pilot_baseline,,20260916,28169057.70775276,631.4849769759304,772.8,772.8,605.6148238754677,76
D3_pilot_baseline_068,D3,pilot_baseline,,20260918,28218641.61805294,630.5044633017545,739.2,739.2,909.4571503311669,88
D3_pilot_baseline_069,D3,pilot_baseline,,20260916,28309707.387752768,630.2959309602178,772.8,772.8,605.6148238754677,76
D3_pilot_baseline_070,D3,pilot_baseline,,20260918,28458369.659663968,628.8034578149013,739.2,739.2,1087.7830420636185,86
D3_pilot_baseline_071,D3,pilot_baseline,min_delivery_time,20260914,28609050.379138157,628.0642444823245,772.8,772.8,562.0623656247111,76
D3_uswc_compound_moderate_001,D3,uswc_compound_moderate,min_cost,20260934,27858972.814188782,672.5437833322707,806.4,806.4,3161.26310516542,81
D3_uswc_compound_moderate_002,D3,uswc_compound_moderate,,20260934,27889508.775389317,671.3383825885511,806.4,806.4,2750.476371241157,83
D3_uswc_compound_moderate_003,D3,uswc_compound_moderate,,20260934,27912374.46878075,671.2579706981211,806.4,806.4,2945.8204479057304,79
D3_uswc_compound_moderate_004,D3,uswc_compound_moderate,,20260934,27947934.5537271,670.132111765623,806.4,806.4,3084.0555775933494,80
D3_uswc_compound_moderate_005,D3,uswc_compound_moderate,,20260934,27965285.403039433,669.7559782188159,806.4,806.4,2872.8104385580127,79
D3_uswc_compound_moderate_006,D3,uswc_compound_moderate,,20260934,27979795.242953766,669.4598263647979,806.4,806.4,3063.8326105549327,81
D3_uswc_compound_moderate_007,D3,uswc_compound_moderate,,20260934,28007148.983955935,669.1886580470884,806.4,806.4,3113.4442555563814,81
D3_uswc_compound_moderate_008,D3,uswc_compound_moderate,,20260934,28028391.67483041,668.7070282588396,806.4,806.4,2982.6307759170077,82
D3_uswc_compound_moderate_009,D3,uswc_compound_moderate,,20260934,28028593.930319954,668.125189816869,806.4,806.4,2671.7280288889815,84
D3_uswc_compound_moderate_010,D3,uswc_compound_moderate,,20260934,28032858.052002076,667.6857091557356,806.4,806.4,2611.6023049067926,79
D3_uswc_compound_moderate_011,D3,uswc_compound_moderate,,20260934,28039309.879881497,667.6589432860982,806.4,806.4,2737.6160397978224,81
D3_uswc_compound_moderate_012,D3,uswc_compound_moderate,,20260934,28049091.94018017,667.0970805751903,806.4,806.4,2656.7152865690787,77
D3_uswc_compound_moderate_013,D3,uswc_compound_moderate,,20260925,28061635.724512685,664.9562638735015,806.4,806.4,1361.3938435682494,68
D3_uswc_compound_moderate_014,D3,uswc_compound_moderate,,20260925,28144144.008866854,664.4382124880424,806.4,806.4,1655.480417847749,70
D3_uswc_compound_moderate_015,D3,uswc_compound_moderate,,20260925,28150855.595175765,663.5896954118656,772.8,772.8,1590.3012843032598,70
D3_uswc_compound_moderate_016,D3,uswc_compound_moderate,,20260933,28155367.867127974,663.5089414051573,806.4,806.4,2085.5150385149236,74
D3_uswc_compound_moderate_017,D3,uswc_compound_moderate,,20260925,28171240.972744014,662.4209252906519,806.4,806.4,1171.1659054266322,69
D3_uswc_compound_moderate_018,D3,uswc_compound_moderate,,20260933,28197748.762620434,662.2963740742102,772.8,772.8,1617.1803740739392,77
D3_uswc_compound_moderate_019,D3,uswc_compound_moderate,,20260925,28251210.92894847,660.9806898356193,806.4,806.4,1036.76657960286,70
D3_uswc_compound_moderate_020,D3,uswc_compound_moderate,,20260933,28269674.576238323,660.8724612550105,772.8,772.8,1487.202375544523,78
D3_uswc_compound_moderate_021,D3,uswc_compound_moderate,,20260925,28300203.40008343,660.4865132177295,772.8,772.8,1243.0327704615315,72
D3_uswc_compound_moderate_022,D3,uswc_compound_moderate,,20260925,28356772.458566938,660.2463426371744,806.4,806.4,1128.280852789199,69
D3_uswc_compound_moderate_023,D3,uswc_compound_moderate,balanced,20260925,28373261.279992532,659.4083969732363,806.4,806.4,991.375199736844,68
D3_uswc_compound_moderate_024,D3,uswc_compound_moderate,,20260925,28446930.00163714,659.2525841397737,806.4,806.4,1091.2005263565331,72
D3_uswc_compound_moderate_025,D3,uswc_compound_moderate,,20260925,28447671.949956633,659.0433780924449,806.4,806.4,1061.6137727860007,72
D3_uswc_compound_moderate_026,D3,uswc_compound_moderate,,20260925,28468418.955399618,658.9372300121364,806.4,806.4,1089.1232957594875,70
D3_uswc_compound_moderate_027,D3,uswc_compound_moderate,,20260925,28474224.77088623,658.6625665363327,772.8,772.8,1477.9281976126053,72
D3_uswc_compound_moderate_028,D3,uswc_compound_moderate,,20260933,28474368.068016704,658.394242798108,772.8,772.8,1505.7824503906543,75
D3_uswc_compound_moderate_029,D3,uswc_compound_moderate,,20260925,28505353.662714377,657.9621612339295,806.4,806.4,991.375199736844,67
D3_uswc_compound_moderate_030,D3,uswc_compound_moderate,,20260933,28526613.991145816,657.8846390292869,772.8,772.8,1505.7824503906543,75
D3_uswc_compound_moderate_031,D3,uswc_compound_moderate,,20260916,28531990.347649354,657.8781410970112,806.4,806.4,2034.894387856079,71
D3_uswc_compound_moderate_032,D3,uswc_compound_moderate,,20260916,28558027.905948352,657.6021957831691,806.4,806.4,1996.5416727442434,71
D3_uswc_compound_moderate_033,D3,uswc_compound_moderate,,20260925,28567270.312023308,657.538306251004,772.8,772.8,1250.2459930542086,73
D3_uswc_compound_moderate_034,D3,uswc_compound_moderate,,20260925,28578280.377635572,657.5247193845682,806.4,806.4,1021.8099433158566,71
D3_uswc_compound_moderate_035,D3,uswc_compound_moderate,,20260916,28611106.35226444,656.6962364953947,772.8,772.8,1581.1334317554906,73
D3_uswc_compound_moderate_036,D3,uswc_compound_moderate,,20260925,28628728.57466126,656.5475438691327,806.4,806.4,884.0208072045098,72
D3_uswc_compound_moderate_037,D3,uswc_compound_moderate,,20260925,28646156.87499704,656.1091554565758,806.4,806.4,885.454464297776,69
D3_uswc_compound_moderate_038,D3,uswc_compound_moderate,,20260916,28666357.016925436,656.0994302134917,772.8,772.8,1850.801426202177,73
D3_uswc_compound_moderate_039,D3,uswc_compound_moderate,,20260920,28681722.322264336,654.5001598765082,772.8,772.8,1158.481690576379,72
D3_uswc_compound_moderate_040,D3,uswc_compound_moderate,,20260916,28790901.35322937,654.4272544676903,772.8,772.8,1632.9098506857458,71
D3_uswc_compound_moderate_041,D3,uswc_compound_moderate,,20260916,28809453.61911387,654.2577773118942,772.8,772.8,1679.5694359206097,70
D3_uswc_compound_moderate_042,D3,uswc_compound_moderate,,20260925,28902676.291453402,653.8762425613563,806.4,806.4,851.7201130203537,71
D3_uswc_compound_moderate_043,D3,uswc_compound_moderate,,20260925,28916012.19813747,653.353276330023,806.4,806.4,686.5974009017684,70
D3_uswc_compound_moderate_044,D3,uswc_compound_moderate,,20260925,29066658.95792332,653.3089862417154,806.4,806.4,1148.7906926076575,70
D3_uswc_compound_moderate_045,D3,uswc_compound_moderate,,20260921,29078608.01839181,652.8192880171258,698.2,698.2,2925.7833318889593,71
D3_uswc_compound_moderate_046,D3,uswc_compound_moderate,,20260925,29138229.070216347,652.7633310877881,806.4,806.4,1146.8799865029398,70
D3_uswc_compound_moderate_047,D3,uswc_compound_moderate,,20260921,29158934.35782165,652.7157587502087,772.8,772.8,3422.862018257872,71
D3_uswc_compound_moderate_048,D3,uswc_compound_moderate,,20260921,29166673.887538694,652.6032890513806,772.8,772.8,3403.2122909182485,72
D3_uswc_compound_moderate_049,D3,uswc_compound_moderate,,20260925,29179367.361145247,652.3788036427262,806.4,806.4,1153.083310914863,71
D3_uswc_compound_moderate_050,D3,uswc_compound_moderate,,20260925,29181821.06933573,651.9902328193452,806.4,806.4,1085.0695226356272,71
D3_uswc_compound_moderate_051,D3,uswc_compound_moderate,,20260925,29224656.578188002,651.9625708776846,806.4,806.4,1145.8855232524352,70
D3_uswc_compound_moderate_052,D3,uswc_compound_moderate,,20260921,29317951.439116407,651.9339642154918,772.8,772.8,3727.4321838929595,74
D3_uswc_compound_moderate_053,D3,uswc_compound_moderate,,20260921,29343793.240968376,651.5351931468618,772.8,772.8,3655.5035448011113,74
D3_uswc_compound_moderate_054,D3,uswc_compound_moderate,min_delivery_time,20260921,29345781.85727026,651.0385304984703,772.8,772.8,3332.582415318164,73
D3_uswc_compound_severe_001,D3,uswc_compound_severe,min_cost,20260913,33447783.55624609,726.7400588732555,840.0,840.0,44572.08325702247,81
D3_uswc_compound_severe_002,D3,uswc_compound_severe,,20260913,33497748.668803412,725.9189632245063,840.0,840.0,44450.268365595075,75
D3_uswc_compound_severe_003,D3,uswc_compound_severe,,20260913,33630043.19476359,725.8184249302828,840.0,840.0,44830.88543795103,77
D3_uswc_compound_severe_004,D3,uswc_compound_severe,,20260913,33775558.49750872,725.634117645832,840.0,840.0,45077.272081798204,74
D3_uswc_compound_severe_005,D3,uswc_compound_severe,,20260913,33780477.7724265,725.4770106640632,840.0,840.0,45137.93487522532,77
D3_uswc_compound_severe_006,D3,uswc_compound_severe,,20260913,33791012.36391233,725.4026576218978,840.0,840.0,45307.60654963384,76
D3_uswc_compound_severe_007,D3,uswc_compound_severe,,20260913,33871646.46556599,725.3643336349676,840.0,840.0,45494.86307228033,76
D3_uswc_compound_severe_008,D3,uswc_compound_severe,balanced,20260913,33912581.04005096,724.813562691415,840.0,840.0,45120.001719827786,78
D3_uswc_compound_severe_009,D3,uswc_compound_severe,,20260924,34384175.30168885,724.4945147299549,840.0,840.0,47660.314063627324,79
D3_uswc_compound_severe_010,D3,uswc_compound_severe,,20260924,34602143.04816747,724.4703101422663,840.0,840.0,49895.85449699049,78
D3_uswc_compound_severe_011,D3,uswc_compound_severe,min_delivery_time,20260917,35180903.98361637,724.0017371830488,840.0,840.0,51962.19870990979,78
D3_uswc_departure_delay_24h_001,D3,uswc_departure_delay_24h,min_cost,20260934,27858972.814188782,672.5437833322707,806.4,806.4,3161.26310516542,81
D3_uswc_departure_delay_24h_002,D3,uswc_departure_delay_24h,,20260934,27889508.775389317,671.3383825885511,806.4,806.4,2750.476371241157,83
D3_uswc_departure_delay_24h_003,D3,uswc_departure_delay_24h,,20260934,27912374.46878075,671.2579706981211,806.4,806.4,2945.8204479057304,79
D3_uswc_departure_delay_24h_004,D3,uswc_departure_delay_24h,,20260934,27947934.5537271,670.132111765623,806.4,806.4,3084.0555775933494,80
D3_uswc_departure_delay_24h_005,D3,uswc_departure_delay_24h,,20260934,27965285.403039433,669.7559782188159,806.4,806.4,2872.8104385580127,79
D3_uswc_departure_delay_24h_006,D3,uswc_departure_delay_24h,,20260934,27979795.242953766,669.4598263647979,806.4,806.4,3063.8326105549327,81
D3_uswc_departure_delay_24h_007,D3,uswc_departure_delay_24h,,20260934,28007148.983955935,669.1886580470884,806.4,806.4,3113.4442555563814,81
D3_uswc_departure_delay_24h_008,D3,uswc_departure_delay_24h,,20260934,28028391.67483041,668.7070282588396,806.4,806.4,2982.6307759170077,82
D3_uswc_departure_delay_24h_009,D3,uswc_departure_delay_24h,,20260934,28028593.930319954,668.125189816869,806.4,806.4,2671.7280288889815,84
D3_uswc_departure_delay_24h_010,D3,uswc_departure_delay_24h,,20260934,28032858.052002076,667.6857091557356,806.4,806.4,2611.6023049067926,79
D3_uswc_departure_delay_24h_011,D3,uswc_departure_delay_24h,,20260934,28039309.879881497,667.6589432860982,806.4,806.4,2737.6160397978224,81
D3_uswc_departure_delay_24h_012,D3,uswc_departure_delay_24h,,20260934,28049091.94018017,667.0970805751903,806.4,806.4,2656.7152865690787,77
D3_uswc_departure_delay_24h_013,D3,uswc_departure_delay_24h,,20260925,28061635.724512685,664.9562638735015,806.4,806.4,1361.3938435682494,68
D3_uswc_departure_delay_24h_014,D3,uswc_departure_delay_24h,,20260925,28144144.008866854,664.4382124880424,806.4,806.4,1655.480417847749,70
D3_uswc_departure_delay_24h_015,D3,uswc_departure_delay_24h,,20260925,28150855.595175765,663.5896954118656,772.8,772.8,1590.3012843032598,70
D3_uswc_departure_delay_24h_016,D3,uswc_departure_delay_24h,,20260933,28155367.867127974,663.5089414051573,806.4,806.4,2085.5150385149236,74
D3_uswc_departure_delay_24h_017,D3,uswc_departure_delay_24h,,20260925,28171240.972744014,662.4209252906519,806.4,806.4,1171.1659054266322,69
D3_uswc_departure_delay_24h_018,D3,uswc_departure_delay_24h,,20260933,28197748.762620434,662.2963740742102,772.8,772.8,1617.1803740739392,77
D3_uswc_departure_delay_24h_019,D3,uswc_departure_delay_24h,,20260925,28251210.92894847,660.9806898356193,806.4,806.4,1036.76657960286,70
D3_uswc_departure_delay_24h_020,D3,uswc_departure_delay_24h,,20260933,28269674.576238323,660.8724612550105,772.8,772.8,1487.202375544523,78
D3_uswc_departure_delay_24h_021,D3,uswc_departure_delay_24h,,20260925,28300203.40008343,660.4865132177295,772.8,772.8,1243.0327704615315,72
D3_uswc_departure_delay_24h_022,D3,uswc_departure_delay_24h,,20260925,28356772.458566938,660.2463426371744,806.4,806.4,1128.280852789199,69
D3_uswc_departure_delay_24h_023,D3,uswc_departure_delay_24h,balanced,20260925,28373261.279992532,659.4083969732363,806.4,806.4,991.375199736844,68
D3_uswc_departure_delay_24h_024,D3,uswc_departure_delay_24h,,20260925,28446930.00163714,659.2525841397737,806.4,806.4,1091.2005263565331,72
D3_uswc_departure_delay_24h_025,D3,uswc_departure_delay_24h,,20260925,28447671.949956633,659.0433780924449,806.4,806.4,1061.6137727860007,72
D3_uswc_departure_delay_24h_026,D3,uswc_departure_delay_24h,,20260925,28468418.955399618,658.9372300121364,806.4,806.4,1089.1232957594875,70
D3_uswc_departure_delay_24h_027,D3,uswc_departure_delay_24h,,20260925,28474224.77088623,658.6625665363327,772.8,772.8,1477.9281976126053,72
D3_uswc_departure_delay_24h_028,D3,uswc_departure_delay_24h,,20260933,28474368.068016704,658.394242798108,772.8,772.8,1505.7824503906543,75
D3_uswc_departure_delay_24h_029,D3,uswc_departure_delay_24h,,20260925,28505353.662714377,657.9621612339295,806.4,806.4,991.375199736844,67
D3_uswc_departure_delay_24h_030,D3,uswc_departure_delay_24h,,20260933,28526613.991145816,657.8846390292869,772.8,772.8,1505.7824503906543,75
D3_uswc_departure_delay_24h_031,D3,uswc_departure_delay_24h,,20260916,28531990.347649354,657.8781410970112,806.4,806.4,2034.894387856079,71
D3_uswc_departure_delay_24h_032,D3,uswc_departure_delay_24h,,20260916,28558027.905948352,657.6021957831691,806.4,806.4,1996.5416727442434,71
D3_uswc_departure_delay_24h_033,D3,uswc_departure_delay_24h,,20260925,28567270.312023308,657.538306251004,772.8,772.8,1250.2459930542086,73
D3_uswc_departure_delay_24h_034,D3,uswc_departure_delay_24h,,20260925,28578280.377635572,657.5247193845682,806.4,806.4,1021.8099433158566,71
D3_uswc_departure_delay_24h_035,D3,uswc_departure_delay_24h,,20260916,28611106.35226444,656.6962364953947,772.8,772.8,1581.1334317554906,73
D3_uswc_departure_delay_24h_036,D3,uswc_departure_delay_24h,,20260925,28628728.57466126,656.5475438691327,806.4,806.4,884.0208072045098,72
D3_uswc_departure_delay_24h_037,D3,uswc_departure_delay_24h,,20260925,28646156.87499704,656.1091554565758,806.4,806.4,885.454464297776,69
D3_uswc_departure_delay_24h_038,D3,uswc_departure_delay_24h,,20260916,28666357.016925436,656.0994302134917,772.8,772.8,1850.801426202177,73
D3_uswc_departure_delay_24h_039,D3,uswc_departure_delay_24h,,20260920,28681722.322264336,654.5001598765082,772.8,772.8,1158.481690576379,72
D3_uswc_departure_delay_24h_040,D3,uswc_departure_delay_24h,,20260916,28790901.35322937,654.4272544676903,772.8,772.8,1632.9098506857458,71
D3_uswc_departure_delay_24h_041,D3,uswc_departure_delay_24h,,20260916,28809453.61911387,654.2577773118942,772.8,772.8,1679.5694359206097,70
D3_uswc_departure_delay_24h_042,D3,uswc_departure_delay_24h,,20260925,28902676.291453402,653.8762425613563,806.4,806.4,851.7201130203537,71
D3_uswc_departure_delay_24h_043,D3,uswc_departure_delay_24h,,20260925,28916012.19813747,653.353276330023,806.4,806.4,686.5974009017684,70
D3_uswc_departure_delay_24h_044,D3,uswc_departure_delay_24h,,20260925,29066658.95792332,653.3089862417154,806.4,806.4,1148.7906926076575,70
D3_uswc_departure_delay_24h_045,D3,uswc_departure_delay_24h,,20260921,29078608.01839181,652.8192880171258,698.2,698.2,2925.7833318889593,71
D3_uswc_departure_delay_24h_046,D3,uswc_departure_delay_24h,,20260925,29138229.070216347,652.7633310877881,806.4,806.4,1146.8799865029398,70
D3_uswc_departure_delay_24h_047,D3,uswc_departure_delay_24h,,20260921,29158934.35782165,652.7157587502087,772.8,772.8,3422.862018257872,71
D3_uswc_departure_delay_24h_048,D3,uswc_departure_delay_24h,,20260921,29166673.887538694,652.6032890513806,772.8,772.8,3403.2122909182485,72
D3_uswc_departure_delay_24h_049,D3,uswc_departure_delay_24h,,20260925,29179367.361145247,652.3788036427262,806.4,806.4,1153.083310914863,71
D3_uswc_departure_delay_24h_050,D3,uswc_departure_delay_24h,,20260925,29181821.06933573,651.9902328193452,806.4,806.4,1085.0695226356272,71
D3_uswc_departure_delay_24h_051,D3,uswc_departure_delay_24h,,20260925,29224656.578188002,651.9625708776846,806.4,806.4,1145.8855232524352,70
D3_uswc_departure_delay_24h_052,D3,uswc_departure_delay_24h,,20260921,29317951.439116407,651.9339642154918,772.8,772.8,3727.4321838929595,74
D3_uswc_departure_delay_24h_053,D3,uswc_departure_delay_24h,,20260921,29343793.240968376,651.5351931468618,772.8,772.8,3655.5035448011113,74
D3_uswc_departure_delay_24h_054,D3,uswc_departure_delay_24h,min_delivery_time,20260921,29345781.85727026,651.0385304984703,772.8,772.8,3332.582415318164,73
D3_uswc_departure_delay_72h_001,D3,uswc_departure_delay_72h,min_cost,20260926,30161790.235698875,698.8156752483915,806.4,806.4,11790.75279004898,72
D3_uswc_departure_delay_72h_002,D3,uswc_departure_delay_72h,,20260926,30218014.14349159,698.0377594743069,806.4,806.4,11623.074085541359,75
D3_uswc_departure_delay_72h_003,D3,uswc_departure_delay_72h,,20260915,30290667.40644294,696.3049865528632,840.0,840.0,9786.576757941335,73
D3_uswc_departure_delay_72h_004,D3,uswc_departure_delay_72h,,20260915,30293024.15557024,695.3624009060301,806.4,806.4,8782.443662885004,73
D3_uswc_departure_delay_72h_005,D3,uswc_departure_delay_72h,,20260915,30346906.573865768,694.9023411774455,806.4,806.4,8839.254475160647,75
D3_uswc_departure_delay_72h_006,D3,uswc_departure_delay_72h,balanced,20260918,30361197.429448597,694.7416309672158,806.4,806.4,9590.465938705393,76
D3_uswc_departure_delay_72h_007,D3,uswc_departure_delay_72h,,20260915,30379955.0553787,694.729060277314,806.4,806.4,8841.603916761922,77
D3_uswc_departure_delay_72h_008,D3,uswc_departure_delay_72h,,20260918,30413664.77597523,694.4822880457588,806.4,806.4,9562.294159540048,75
D3_uswc_departure_delay_72h_009,D3,uswc_departure_delay_72h,,20260918,30433806.35523192,694.2042671062907,806.4,806.4,9545.8651761799,74
D3_uswc_departure_delay_72h_010,D3,uswc_departure_delay_72h,,20260915,30470193.098774754,693.6404944953404,806.4,806.4,8594.524011217472,80
D3_uswc_departure_delay_72h_011,D3,uswc_departure_delay_72h,,20260915,30478031.60482938,692.7238240189884,806.4,806.4,7853.972597517004,78
D3_uswc_departure_delay_72h_012,D3,uswc_departure_delay_72h,,20260918,30629138.57402365,692.718822633281,806.4,806.4,9516.340231892023,74
D3_uswc_departure_delay_72h_013,D3,uswc_departure_delay_72h,,20260918,30644981.98031267,692.534517466164,806.4,806.4,9872.262588008227,75
D3_uswc_departure_delay_72h_014,D3,uswc_departure_delay_72h,,20260918,30682549.80158364,692.269724313306,806.4,806.4,9906.833999427377,76
D3_uswc_departure_delay_72h_015,D3,uswc_departure_delay_72h,min_delivery_time,20260918,30695208.69743888,691.9945347653137,806.4,806.4,9482.598186377492,76
D3_uswc_port_capacity_125pct_001,D3,uswc_port_capacity_125pct,min_cost,20260932,26576332.611434035,661.8213301229198,772.8,772.8,894.4083318110808,77
D3_uswc_port_capacity_125pct_002,D3,uswc_port_capacity_125pct,,20260923,26640396.08262353,661.4234514165981,772.8,772.8,1322.3755367524077,83
D3_uswc_port_capacity_125pct_003,D3,uswc_port_capacity_125pct,,20260923,26673754.848109253,659.809121166826,772.8,772.8,841.4672118645583,82
D3_uswc_port_capacity_125pct_004,D3,uswc_port_capacity_125pct,,20260923,26681325.060295373,659.2333516476509,772.8,772.8,811.5209421762113,83
D3_uswc_port_capacity_125pct_005,D3,uswc_port_capacity_125pct,,20260932,26693610.801710643,656.9249325591071,772.8,772.8,487.25731656814673,77
D3_uswc_port_capacity_125pct_006,D3,uswc_port_capacity_125pct,,20260923,26771840.701283965,656.8919301690811,772.8,772.8,671.792515302317,80
D3_uswc_port_capacity_125pct_007,D3,uswc_port_capacity_125pct,,20260932,26787297.037885573,656.8780857790117,772.8,772.8,1399.3555904506206,79
D3_uswc_port_capacity_125pct_008,D3,uswc_port_capacity_125pct,,20260923,26789000.274041586,656.5842034409304,772.8,772.8,696.6634325811448,81
D3_uswc_port_capacity_125pct_009,D3,uswc_port_capacity_125pct,,20260923,26806069.912465908,655.5060907891888,772.8,772.8,386.7706559608438,81
D3_uswc_port_capacity_125pct_010,D3,uswc_port_capacity_125pct,,20260932,26830903.653138798,653.9487132672075,772.8,772.8,460.27199335766966,76
D3_uswc_port_capacity_125pct_011,D3,uswc_port_capacity_125pct,,20260932,26869519.42661224,652.9531734660951,772.8,772.8,392.816965722725,79
D3_uswc_port_capacity_125pct_012,D3,uswc_port_capacity_125pct,,20260932,26962419.841347888,651.7245950647814,772.8,772.8,395.85631851576824,76
D3_uswc_port_capacity_125pct_013,D3,uswc_port_capacity_125pct,,20260932,27019365.748485465,651.3503080552316,772.8,772.8,536.7983426124288,76
D3_uswc_port_capacity_125pct_014,D3,uswc_port_capacity_125pct,,20260932,27023803.91132418,651.3127880278809,772.8,772.8,536.7983426124288,76
D3_uswc_port_capacity_125pct_015,D3,uswc_port_capacity_125pct,,20260932,27026442.127510384,651.310931600027,772.8,772.8,808.4107350090412,81
D3_uswc_port_capacity_125pct_016,D3,uswc_port_capacity_125pct,,20260932,27046774.51493893,649.8382638270546,772.8,772.8,378.48418086263206,82
D3_uswc_port_capacity_125pct_017,D3,uswc_port_capacity_125pct,,20260932,27062583.44661119,649.6419505408586,772.8,772.8,417.3625340682557,79
D3_uswc_port_capacity_125pct_018,D3,uswc_port_capacity_125pct,,20260932,27073163.297885943,649.0292266926881,772.8,772.8,443.96497120028755,78
D3_uswc_port_capacity_125pct_019,D3,uswc_port_capacity_125pct,,20260926,27111657.972461287,648.8876580144467,772.8,772.8,257.67716885092705,77
D3_uswc_port_capacity_125pct_020,D3,uswc_port_capacity_125pct,,20260932,27126723.5914174,648.8354471800443,772.8,772.8,492.78619329223534,81
D3_uswc_port_capacity_125pct_021,D3,uswc_port_capacity_125pct,,20260932,27131884.70842643,647.5811273096549,739.2,739.2,398.545812812687,78
D3_uswc_port_capacity_125pct_022,D3,uswc_port_capacity_125pct,,20260932,27192485.065201007,647.0886954962908,772.8,772.8,383.41571658565505,81
D3_uswc_port_capacity_125pct_023,D3,uswc_port_capacity_125pct,,20260932,27210772.689231902,646.7047394398136,772.8,772.8,344.72547357856683,81
D3_uswc_port_capacity_125pct_024,D3,uswc_port_capacity_125pct,,20260932,27236888.85099846,646.6779812095456,739.2,739.2,320.030782423427,77
D3_uswc_port_capacity_125pct_025,D3,uswc_port_capacity_125pct,,20260932,27243489.943835612,645.5897368301233,772.8,772.8,335.9436399809009,79
D3_uswc_port_capacity_125pct_026,D3,uswc_port_capacity_125pct,,20260932,27297061.576034006,645.0514403672748,772.8,772.8,363.39210056785316,82
D3_uswc_port_capacity_125pct_027,D3,uswc_port_capacity_125pct,,20260913,27323440.728353232,644.9035468932489,739.2,739.2,609.971521378217,86
D3_uswc_port_capacity_125pct_028,D3,uswc_port_capacity_125pct,,20260932,27324230.645164542,644.7500067169206,772.8,772.8,326.9952601757878,78
D3_uswc_port_capacity_125pct_029,D3,uswc_port_capacity_125pct,,20260932,27344667.025819764,644.4183097202846,739.2,739.2,287.2486867061486,79
D3_uswc_port_capacity_125pct_030,D3,uswc_port_capacity_125pct,,20260926,27345367.240201388,644.0941339029658,772.8,772.8,433.65219846986474,78
D3_uswc_port_capacity_125pct_031,D3,uswc_port_capacity_125pct,,20260926,27347951.38283946,644.0686111199308,772.8,772.8,433.65219846986474,78
D3_uswc_port_capacity_125pct_032,D3,uswc_port_capacity_125pct,,20260907,27371387.73085083,643.7984353871527,772.8,772.8,677.2338444489708,78
D3_uswc_port_capacity_125pct_033,D3,uswc_port_capacity_125pct,,20260926,27382356.025026947,643.2640466335648,772.8,772.8,433.65219846986474,75
D3_uswc_port_capacity_125pct_034,D3,uswc_port_capacity_125pct,,20260913,27403189.1888302,642.8582171455923,739.2,739.2,577.5691081404714,84
D3_uswc_port_capacity_125pct_035,D3,uswc_port_capacity_125pct,,20260913,27412462.477229394,642.5973724235597,739.2,739.2,496.47818247043165,87
D3_uswc_port_capacity_125pct_036,D3,uswc_port_capacity_125pct,balanced,20260932,27417192.263126392,642.3718076211804,739.2,739.2,252.19923811033976,78
D3_uswc_port_capacity_125pct_037,D3,uswc_port_capacity_125pct,,20260926,27429169.62883351,642.2868151613222,772.8,772.8,475.7017609270697,75
D3_uswc_port_capacity_125pct_038,D3,uswc_port_capacity_125pct,,20260932,27442114.455498327,642.002584175591,739.2,739.2,246.8236945562543,77
D3_uswc_port_capacity_125pct_039,D3,uswc_port_capacity_125pct,,20260911,27465805.86823922,641.9111333988986,772.8,772.8,372.1219993000034,78
D3_uswc_port_capacity_125pct_040,D3,uswc_port_capacity_125pct,,20260932,27496827.886138298,641.4801278350506,739.2,739.2,266.2253606156967,76
D3_uswc_port_capacity_125pct_041,D3,uswc_port_capacity_125pct,,20260929,27522060.474037446,641.4526292778002,772.8,772.8,508.8554767007148,77
D3_uswc_port_capacity_125pct_042,D3,uswc_port_capacity_125pct,,20260930,27529732.67960582,641.0166893924949,772.8,772.8,369.9758521053242,82
D3_uswc_port_capacity_125pct_043,D3,uswc_port_capacity_125pct,,20260911,27547911.847124938,640.9260695150616,772.8,772.8,426.16893355259276,77
D3_uswc_port_capacity_125pct_044,D3,uswc_port_capacity_125pct,,20260929,27550121.0572488,640.2505485068748,772.8,772.8,411.32083411308906,78
D3_uswc_port_capacity_125pct_045,D3,uswc_port_capacity_125pct,,20260907,27580334.82143745,640.0393820199846,772.8,772.8,722.2540432795332,77
D3_uswc_port_capacity_125pct_046,D3,uswc_port_capacity_125pct,,20260906,27593387.064369347,639.7576673216292,772.8,772.8,466.0438932319166,78
D3_uswc_port_capacity_125pct_047,D3,uswc_port_capacity_125pct,,20260929,27630395.33042214,639.4714154959914,772.8,772.8,404.8095292267017,79
D3_uswc_port_capacity_125pct_048,D3,uswc_port_capacity_125pct,,20260906,27631761.044654634,639.3812672338424,772.8,772.8,549.8550610074656,74
D3_uswc_port_capacity_125pct_049,D3,uswc_port_capacity_125pct,,20260914,27638729.956879683,639.0769029108418,772.8,772.8,172.20911895340288,79
D3_uswc_port_capacity_125pct_050,D3,uswc_port_capacity_125pct,,20260911,27642818.33045243,638.669349360385,772.8,772.8,276.00000000000136,75
D3_uswc_port_capacity_125pct_051,D3,uswc_port_capacity_125pct,,20260907,27664878.684072804,638.4825970687725,772.8,772.8,550.2270362993922,75
D3_uswc_port_capacity_125pct_052,D3,uswc_port_capacity_125pct,,20260907,27679532.26776552,638.0040425240385,772.8,772.8,553.6743602198766,74
D3_uswc_port_capacity_125pct_053,D3,uswc_port_capacity_125pct,,20260907,27707934.182482336,637.5256341512203,772.8,772.8,469.5518680180312,72
D3_uswc_port_capacity_125pct_054,D3,uswc_port_capacity_125pct,,20260929,27742777.101409726,637.1491016110156,772.8,772.8,400.4712969569268,82
D3_uswc_port_capacity_125pct_055,D3,uswc_port_capacity_125pct,,20260929,27776016.9319294,637.1223277475217,772.8,772.8,410.3115037000098,78
D3_uswc_port_capacity_125pct_056,D3,uswc_port_capacity_125pct,,20260931,27783302.834795497,635.5445716862802,772.8,772.8,85.99444708866646,77
D3_uswc_port_capacity_125pct_057,D3,uswc_port_capacity_125pct,,20260914,27857275.620715957,635.467158191678,772.8,772.8,249.9982610702719,77
D3_uswc_port_capacity_125pct_058,D3,uswc_port_capacity_125pct,,20260907,27883052.747887503,635.4283766083394,772.8,772.8,543.6000579951917,76
D3_uswc_port_capacity_125pct_059,D3,uswc_port_capacity_125pct,,20260918,27949334.37622791,634.9665957586682,772.8,772.8,707.4992617173311,83
D3_uswc_port_capacity_125pct_060,D3,uswc_port_capacity_125pct,,20260931,27960434.894237146,634.5819840222651,772.8,772.8,368.4113062952155,83
D3_uswc_port_capacity_125pct_061,D3,uswc_port_capacity_125pct,,20260914,27976000.56065584,634.5298904578734,772.8,772.8,469.64732391364953,82
D3_uswc_port_capacity_125pct_062,D3,uswc_port_capacity_125pct,,20260931,28032074.82568361,634.2009414968325,772.8,772.8,406.6643947569516,82
D3_uswc_port_capacity_125pct_063,D3,uswc_port_capacity_125pct,,20260916,28057628.575082324,633.5279700894674,772.8,772.8,614.2430434599971,78
D3_uswc_port_capacity_125pct_064,D3,uswc_port_capacity_125pct,,20260916,28068174.51347062,633.027109012823,772.8,772.8,614.2430434599971,77
D3_uswc_port_capacity_125pct_065,D3,uswc_port_capacity_125pct,,20260918,28103042.832278684,632.6691331785843,772.8,772.8,557.4449440377302,82
D3_uswc_port_capacity_125pct_066,D3,uswc_port_capacity_125pct,,20260931,28168448.21915646,632.3467983292057,772.8,772.8,74.65184063544575,78
D3_uswc_port_capacity_125pct_067,D3,uswc_port_capacity_125pct,,20260916,28169057.70775276,631.4849769759304,772.8,772.8,605.6148238754677,76
D3_uswc_port_capacity_125pct_068,D3,uswc_port_capacity_125pct,,20260918,28218641.61805294,630.5044633017545,739.2,739.2,909.4571503311669,88
D3_uswc_port_capacity_125pct_069,D3,uswc_port_capacity_125pct,,20260916,28309707.387752768,630.2959309602178,772.8,772.8,605.6148238754677,76
D3_uswc_port_capacity_125pct_070,D3,uswc_port_capacity_125pct,,20260918,28458369.659663968,628.8034578149013,739.2,739.2,1087.7830420636185,86
D3_uswc_port_capacity_125pct_071,D3,uswc_port_capacity_125pct,min_delivery_time,20260914,28609050.379138157,628.0642444823245,772.8,772.8,562.0623656247111,76
D3_uswc_port_capacity_50pct_001,D3,uswc_port_capacity_50pct,min_cost,20260923,26674109.5122458,678.3233469962859,772.8,772.8,6842.5458838122,83
D3_uswc_port_capacity_50pct_002,D3,uswc_port_capacity_50pct,,20260923,26775806.1396421,678.0629886375426,772.8,772.8,7641.024376497218,85
D3_uswc_port_capacity_50pct_003,D3,uswc_port_capacity_50pct,,20260933,26793997.62472505,672.5892673132136,772.8,772.8,3524.473961581657,76
D3_uswc_port_capacity_50pct_004,D3,uswc_port_capacity_50pct,,20260926,26903015.277377523,672.1482904931647,772.8,772.8,6462.984708345168,74
D3_uswc_port_capacity_50pct_005,D3,uswc_port_capacity_50pct,,20260926,26947464.509492043,670.1251549306951,772.8,772.8,5342.823557892124,76
D3_uswc_port_capacity_50pct_006,D3,uswc_port_capacity_50pct,,20260926,27067307.08130653,669.3446473663009,772.8,772.8,5322.927353479496,78
D3_uswc_port_capacity_50pct_007,D3,uswc_port_capacity_50pct,,20260926,27154430.69329338,669.2820173730366,772.8,772.8,6173.548099061292,80
D3_uswc_port_capacity_50pct_008,D3,uswc_port_capacity_50pct,,20260926,27204952.45452424,669.1846791873061,772.8,772.8,6293.356827499657,77
D3_uswc_port_capacity_50pct_009,D3,uswc_port_capacity_50pct,,20260926,27217624.430954255,668.6365126534024,772.8,772.8,6235.957455395211,80
D3_uswc_port_capacity_50pct_010,D3,uswc_port_capacity_50pct,,20260926,27232589.87430428,668.6306855806351,772.8,772.8,6036.637700274275,81
D3_uswc_port_capacity_50pct_011,D3,uswc_port_capacity_50pct,,20260917,27254130.189195752,667.72380519518,772.8,772.8,4080.512777991886,82
D3_uswc_port_capacity_50pct_012,D3,uswc_port_capacity_50pct,,20260917,27287217.838743053,666.9606495345805,772.8,772.8,4188.377430052095,80
D3_uswc_port_capacity_50pct_013,D3,uswc_port_capacity_50pct,,20260917,27321595.50225975,666.7664718228934,772.8,772.8,4239.734745526842,80
D3_uswc_port_capacity_50pct_014,D3,uswc_port_capacity_50pct,,20260917,27346091.28223073,666.4103506816634,772.8,772.8,4188.093809618536,82
D3_uswc_port_capacity_50pct_015,D3,uswc_port_capacity_50pct,,20260917,27451578.609544355,666.1724953660703,772.8,772.8,4392.826231428852,86
D3_uswc_port_capacity_50pct_016,D3,uswc_port_capacity_50pct,balanced,20260917,27483681.56120275,664.5252433200967,772.8,772.8,3977.395855412796,80
D3_uswc_port_capacity_50pct_017,D3,uswc_port_capacity_50pct,,20260917,27577885.549761698,663.9542712559775,772.8,772.8,3905.973012214171,83
D3_uswc_port_capacity_50pct_018,D3,uswc_port_capacity_50pct,,20260917,27712776.334114134,663.4804318082591,772.8,772.8,4266.029533718558,83
D3_uswc_port_capacity_50pct_019,D3,uswc_port_capacity_50pct,,20260932,27723998.64905944,662.8869469569073,772.8,772.8,4224.366079765219,83
D3_uswc_port_capacity_50pct_020,D3,uswc_port_capacity_50pct,,20260917,27930764.94378103,662.7811294138833,772.8,772.8,5114.237457629275,85
D3_uswc_port_capacity_50pct_021,D3,uswc_port_capacity_50pct,,20260917,27947450.847128257,662.4983044479251,772.8,772.8,5028.730815276553,82
D3_uswc_port_capacity_50pct_022,D3,uswc_port_capacity_50pct,,20260924,27987145.48809528,662.4628775843594,772.8,772.8,4997.09008774173,73
D3_uswc_port_capacity_50pct_023,D3,uswc_port_capacity_50pct,,20260917,28055841.19155827,662.324615085484,772.8,772.8,6120.381091942022,86
D3_uswc_port_capacity_50pct_024,D3,uswc_port_capacity_50pct,,20260917,28063465.313593417,662.0885956201581,772.8,772.8,5921.3365977800595,85
D3_uswc_port_capacity_50pct_025,D3,uswc_port_capacity_50pct,,20260917,28073571.524749197,662.0003635477573,772.8,772.8,5921.3365977800595,85
D3_uswc_port_capacity_50pct_026,D3,uswc_port_capacity_50pct,,20260917,28090055.71889036,661.9883755807703,772.8,772.8,5926.924377913796,92
D3_uswc_port_capacity_50pct_027,D3,uswc_port_capacity_50pct,,20260932,28091859.876732536,661.1438428446727,772.8,772.8,5156.05540945749,83
D3_uswc_port_capacity_50pct_028,D3,uswc_port_capacity_50pct,,20260917,28098005.748408332,661.1130882912878,772.8,772.8,5393.564503007309,86
D3_uswc_port_capacity_50pct_029,D3,uswc_port_capacity_50pct,,20260932,28317548.231368326,660.9412148586879,772.8,772.8,6284.670744968834,84
D3_uswc_port_capacity_50pct_030,D3,uswc_port_capacity_50pct,,20260922,28321821.404892784,660.9021455049599,772.8,772.8,6353.304031780405,81
D3_uswc_port_capacity_50pct_031,D3,uswc_port_capacity_50pct,,20260919,28328912.325406875,660.6611022566018,772.8,772.8,6505.98221971245,73
D3_uswc_port_capacity_50pct_032,D3,uswc_port_capacity_50pct,,20260909,28471930.15819454,660.0088300318506,772.8,772.8,7773.705194567504,81
D3_uswc_port_capacity_50pct_033,D3,uswc_port_capacity_50pct,,20260925,28605778.62101071,659.9489613788302,772.8,772.8,7505.444243288751,87
D3_uswc_port_capacity_50pct_034,D3,uswc_port_capacity_50pct,,20260909,28629636.459658924,659.6513212820396,772.8,772.8,8604.11284939609,86
D3_uswc_port_capacity_50pct_035,D3,uswc_port_capacity_50pct,,20260931,28776752.94111463,659.329304572637,772.8,772.8,6986.89038358777,78
D3_uswc_port_capacity_50pct_036,D3,uswc_port_capacity_50pct,,20260907,28873148.85332878,658.2658513284327,772.8,772.8,8910.722902342524,82
D3_uswc_port_capacity_50pct_037,D3,uswc_port_capacity_50pct,,20260909,29147706.41018267,658.1679781828286,772.8,772.8,9887.870154220875,84
D3_uswc_port_capacity_50pct_038,D3,uswc_port_capacity_50pct,min_delivery_time,20260925,29157031.559254948,657.9484447214204,772.8,772.8,9609.925206985703,89
D3_uswc_port_capacity_75pct_001,D3,uswc_port_capacity_75pct,min_cost,20260932,26576332.611434035,661.8213301229198,772.8,772.8,894.4083318110808,77
D3_uswc_port_capacity_75pct_002,D3,uswc_port_capacity_75pct,,20260923,26640396.08262353,661.4234514165981,772.8,772.8,1322.3755367524077,83
D3_uswc_port_capacity_75pct_003,D3,uswc_port_capacity_75pct,,20260923,26673754.848109253,659.809121166826,772.8,772.8,841.4672118645583,82
D3_uswc_port_capacity_75pct_004,D3,uswc_port_capacity_75pct,,20260923,26681325.060295373,659.2333516476509,772.8,772.8,811.5209421762113,83
D3_uswc_port_capacity_75pct_005,D3,uswc_port_capacity_75pct,,20260932,26693610.801710643,656.9249325591071,772.8,772.8,487.25731656814673,77
D3_uswc_port_capacity_75pct_006,D3,uswc_port_capacity_75pct,,20260923,26771840.701283965,656.8919301690811,772.8,772.8,671.792515302317,80
D3_uswc_port_capacity_75pct_007,D3,uswc_port_capacity_75pct,,20260932,26787297.037885573,656.8780857790117,772.8,772.8,1399.3555904506206,79
D3_uswc_port_capacity_75pct_008,D3,uswc_port_capacity_75pct,,20260923,26789000.274041586,656.5842034409304,772.8,772.8,696.6634325811448,81
D3_uswc_port_capacity_75pct_009,D3,uswc_port_capacity_75pct,,20260923,26806069.912465908,655.5060907891888,772.8,772.8,386.7706559608438,81
D3_uswc_port_capacity_75pct_010,D3,uswc_port_capacity_75pct,,20260932,26830903.653138798,653.9487132672075,772.8,772.8,460.27199335766966,76
D3_uswc_port_capacity_75pct_011,D3,uswc_port_capacity_75pct,,20260932,26869519.42661224,652.9531734660951,772.8,772.8,392.816965722725,79
D3_uswc_port_capacity_75pct_012,D3,uswc_port_capacity_75pct,,20260932,26962419.841347888,651.7245950647814,772.8,772.8,395.85631851576824,76
D3_uswc_port_capacity_75pct_013,D3,uswc_port_capacity_75pct,,20260932,27019365.748485465,651.3503080552316,772.8,772.8,536.7983426124288,76
D3_uswc_port_capacity_75pct_014,D3,uswc_port_capacity_75pct,,20260932,27023803.91132418,651.3127880278809,772.8,772.8,536.7983426124288,76
D3_uswc_port_capacity_75pct_015,D3,uswc_port_capacity_75pct,,20260932,27026442.127510384,651.310931600027,772.8,772.8,808.4107350090412,81
D3_uswc_port_capacity_75pct_016,D3,uswc_port_capacity_75pct,,20260932,27046774.51493893,649.8382638270546,772.8,772.8,378.48418086263206,82
D3_uswc_port_capacity_75pct_017,D3,uswc_port_capacity_75pct,,20260932,27062583.44661119,649.6419505408586,772.8,772.8,417.3625340682557,79
D3_uswc_port_capacity_75pct_018,D3,uswc_port_capacity_75pct,,20260932,27073163.297885943,649.0292266926881,772.8,772.8,443.96497120028755,78
D3_uswc_port_capacity_75pct_019,D3,uswc_port_capacity_75pct,,20260926,27111657.972461287,648.8876580144467,772.8,772.8,257.67716885092705,77
D3_uswc_port_capacity_75pct_020,D3,uswc_port_capacity_75pct,,20260932,27126723.5914174,648.8354471800443,772.8,772.8,492.78619329223534,81
D3_uswc_port_capacity_75pct_021,D3,uswc_port_capacity_75pct,,20260932,27131884.70842643,647.5811273096549,739.2,739.2,398.545812812687,78
D3_uswc_port_capacity_75pct_022,D3,uswc_port_capacity_75pct,,20260932,27192485.065201007,647.0886954962908,772.8,772.8,383.41571658565505,81
D3_uswc_port_capacity_75pct_023,D3,uswc_port_capacity_75pct,,20260932,27210772.689231902,646.7047394398136,772.8,772.8,344.72547357856683,81
D3_uswc_port_capacity_75pct_024,D3,uswc_port_capacity_75pct,,20260932,27236888.85099846,646.6779812095456,739.2,739.2,320.030782423427,77
D3_uswc_port_capacity_75pct_025,D3,uswc_port_capacity_75pct,,20260932,27243489.943835612,645.5897368301233,772.8,772.8,335.9436399809009,79
D3_uswc_port_capacity_75pct_026,D3,uswc_port_capacity_75pct,,20260932,27297061.576034006,645.0514403672748,772.8,772.8,363.39210056785316,82
D3_uswc_port_capacity_75pct_027,D3,uswc_port_capacity_75pct,,20260913,27323440.728353232,644.9035468932489,739.2,739.2,609.971521378217,86
D3_uswc_port_capacity_75pct_028,D3,uswc_port_capacity_75pct,,20260932,27324230.645164542,644.7500067169206,772.8,772.8,326.9952601757878,78
D3_uswc_port_capacity_75pct_029,D3,uswc_port_capacity_75pct,,20260932,27344667.025819764,644.4183097202846,739.2,739.2,287.2486867061486,79
D3_uswc_port_capacity_75pct_030,D3,uswc_port_capacity_75pct,,20260926,27345367.240201388,644.0941339029658,772.8,772.8,433.65219846986474,78
D3_uswc_port_capacity_75pct_031,D3,uswc_port_capacity_75pct,,20260926,27347951.38283946,644.0686111199308,772.8,772.8,433.65219846986474,78
D3_uswc_port_capacity_75pct_032,D3,uswc_port_capacity_75pct,,20260907,27371387.73085083,643.7984353871527,772.8,772.8,677.2338444489708,78
D3_uswc_port_capacity_75pct_033,D3,uswc_port_capacity_75pct,,20260926,27382356.025026947,643.2640466335648,772.8,772.8,433.65219846986474,75
D3_uswc_port_capacity_75pct_034,D3,uswc_port_capacity_75pct,,20260913,27403189.1888302,642.8582171455923,739.2,739.2,577.5691081404714,84
D3_uswc_port_capacity_75pct_035,D3,uswc_port_capacity_75pct,,20260913,27412462.477229394,642.5973724235597,739.2,739.2,496.47818247043165,87
D3_uswc_port_capacity_75pct_036,D3,uswc_port_capacity_75pct,balanced,20260932,27417192.263126392,642.3718076211804,739.2,739.2,252.19923811033976,78
D3_uswc_port_capacity_75pct_037,D3,uswc_port_capacity_75pct,,20260926,27429169.62883351,642.2868151613222,772.8,772.8,475.7017609270697,75
D3_uswc_port_capacity_75pct_038,D3,uswc_port_capacity_75pct,,20260932,27442114.455498327,642.002584175591,739.2,739.2,246.8236945562543,77
D3_uswc_port_capacity_75pct_039,D3,uswc_port_capacity_75pct,,20260911,27465805.86823922,641.9111333988986,772.8,772.8,372.1219993000034,78
D3_uswc_port_capacity_75pct_040,D3,uswc_port_capacity_75pct,,20260932,27496827.886138298,641.4801278350506,739.2,739.2,266.2253606156967,76
D3_uswc_port_capacity_75pct_041,D3,uswc_port_capacity_75pct,,20260929,27522060.474037446,641.4526292778002,772.8,772.8,508.8554767007148,77
D3_uswc_port_capacity_75pct_042,D3,uswc_port_capacity_75pct,,20260930,27529732.67960582,641.0166893924949,772.8,772.8,369.9758521053242,82
D3_uswc_port_capacity_75pct_043,D3,uswc_port_capacity_75pct,,20260911,27547911.847124938,640.9260695150616,772.8,772.8,426.16893355259276,77
D3_uswc_port_capacity_75pct_044,D3,uswc_port_capacity_75pct,,20260929,27550121.0572488,640.2505485068748,772.8,772.8,411.32083411308906,78
D3_uswc_port_capacity_75pct_045,D3,uswc_port_capacity_75pct,,20260907,27580334.82143745,640.0393820199846,772.8,772.8,722.2540432795332,77
D3_uswc_port_capacity_75pct_046,D3,uswc_port_capacity_75pct,,20260906,27593387.064369347,639.7576673216292,772.8,772.8,466.0438932319166,78
D3_uswc_port_capacity_75pct_047,D3,uswc_port_capacity_75pct,,20260929,27630395.33042214,639.4714154959914,772.8,772.8,404.8095292267017,79
D3_uswc_port_capacity_75pct_048,D3,uswc_port_capacity_75pct,,20260906,27631761.044654634,639.3812672338424,772.8,772.8,549.8550610074656,74
D3_uswc_port_capacity_75pct_049,D3,uswc_port_capacity_75pct,,20260914,27638729.956879683,639.0769029108418,772.8,772.8,172.20911895340288,79
D3_uswc_port_capacity_75pct_050,D3,uswc_port_capacity_75pct,,20260911,27642818.33045243,638.669349360385,772.8,772.8,276.00000000000136,75
D3_uswc_port_capacity_75pct_051,D3,uswc_port_capacity_75pct,,20260907,27664878.684072804,638.4825970687725,772.8,772.8,550.2270362993922,75
D3_uswc_port_capacity_75pct_052,D3,uswc_port_capacity_75pct,,20260907,27679532.26776552,638.0040425240385,772.8,772.8,553.6743602198766,74
D3_uswc_port_capacity_75pct_053,D3,uswc_port_capacity_75pct,,20260907,27707934.182482336,637.5256341512203,772.8,772.8,469.5518680180312,72
D3_uswc_port_capacity_75pct_054,D3,uswc_port_capacity_75pct,,20260929,27742777.101409726,637.1491016110156,772.8,772.8,400.4712969569268,82
D3_uswc_port_capacity_75pct_055,D3,uswc_port_capacity_75pct,,20260929,27776016.9319294,637.1223277475217,772.8,772.8,410.3115037000098,78
D3_uswc_port_capacity_75pct_056,D3,uswc_port_capacity_75pct,,20260931,27783302.834795497,635.5445716862802,772.8,772.8,85.99444708866646,77
D3_uswc_port_capacity_75pct_057,D3,uswc_port_capacity_75pct,,20260914,27857275.620715957,635.467158191678,772.8,772.8,249.9982610702719,77
D3_uswc_port_capacity_75pct_058,D3,uswc_port_capacity_75pct,,20260907,27883052.747887503,635.4283766083394,772.8,772.8,543.6000579951917,76
D3_uswc_port_capacity_75pct_059,D3,uswc_port_capacity_75pct,,20260918,27949334.37622791,634.9665957586682,772.8,772.8,707.4992617173311,83
D3_uswc_port_capacity_75pct_060,D3,uswc_port_capacity_75pct,,20260931,27960434.894237146,634.5819840222651,772.8,772.8,368.4113062952155,83
D3_uswc_port_capacity_75pct_061,D3,uswc_port_capacity_75pct,,20260914,27976000.56065584,634.5298904578734,772.8,772.8,469.64732391364953,82
D3_uswc_port_capacity_75pct_062,D3,uswc_port_capacity_75pct,,20260931,28032074.82568361,634.2009414968325,772.8,772.8,406.6643947569516,82
D3_uswc_port_capacity_75pct_063,D3,uswc_port_capacity_75pct,,20260916,28057628.575082324,633.5279700894674,772.8,772.8,614.2430434599971,78
D3_uswc_port_capacity_75pct_064,D3,uswc_port_capacity_75pct,,20260916,28068174.51347062,633.027109012823,772.8,772.8,614.2430434599971,77
D3_uswc_port_capacity_75pct_065,D3,uswc_port_capacity_75pct,,20260918,28103042.832278684,632.6691331785843,772.8,772.8,557.4449440377302,82
D3_uswc_port_capacity_75pct_066,D3,uswc_port_capacity_75pct,,20260931,28168448.21915646,632.3467983292057,772.8,772.8,74.65184063544575,78
D3_uswc_port_capacity_75pct_067,D3,uswc_port_capacity_75pct,,20260916,28169057.70775276,631.4849769759304,772.8,772.8,605.6148238754677,76
D3_uswc_port_capacity_75pct_068,D3,uswc_port_capacity_75pct,,20260918,28218641.61805294,630.5044633017545,739.2,739.2,909.4571503311669,88
D3_uswc_port_capacity_75pct_069,D3,uswc_port_capacity_75pct,,20260916,28309707.387752768,630.2959309602178,772.8,772.8,605.6148238754677,76
D3_uswc_port_capacity_75pct_070,D3,uswc_port_capacity_75pct,,20260918,28458369.659663968,628.8034578149013,739.2,739.2,1087.7830420636185,86
D3_uswc_port_capacity_75pct_071,D3,uswc_port_capacity_75pct,min_delivery_time,20260914,28609050.379138157,628.0642444823245,772.8,772.8,562.0623656247111,76
