case_id,scenario,seed,elapsed_seconds,population_size,generations,feasible_population,pareto_size,min_cost_usd,min_weighted_mean_delivery_time_h,hypervolume_normalized,spacing_normalized
D1,all_departure_delay_48h,20260906,13.684853222221136,48,99,48,18,26998614.912097048,668.8553170376483,0.7210382653462692,0.018439961525557824
D1,all_departure_delay_48h,20260907,13.751311428379267,48,99,48,15,26545415.13795978,669.7795487583312,0.8627638263795753,0.036660953681460946
D1,all_departure_delay_48h,20260908,13.992524468805641,48,99,48,10,26948987.988413826,668.179230085336,0.7471550508878012,0.03548322301074623
D1,all_departure_delay_48h,20260909,13.405381672084332,48,99,48,8,27450927.37096588,671.2732725012213,0.48281020964616206,0.05053540106973736
D1,all_departure_delay_48h,20260910,14.585181370843202,48,99,48,13,27913769.597408246,668.7044465728103,0.3327753008006912,0.014303340300316677
D1,all_departure_delay_48h,20260911,14.035923792980611,48,99,48,14,27018900.722888492,674.7621521715486,0.5258014935854464,0.04489236794811112
D1,all_departure_delay_48h,20260912,14.0604869867675,48,99,48,20,27016176.628270637,663.8639509895258,0.8288317139185104,0.03378882277982485
D1,all_departure_delay_48h,20260913,13.880962742958218,48,99,48,16,26819930.398010485,666.6572506536313,0.8160298187855186,0.037957541301550525
D1,all_departure_delay_48h,20260914,14.160432191099972,48,99,48,9,27396280.617613833,668.6882750292589,0.5672006408505055,0.05888228792085328
D1,all_departure_delay_48h,20260915,13.554323437158018,48,99,48,14,27329859.200228214,662.0463586340014,0.734065837466481,0.03616395629001314
D1,all_departure_delay_48h,20260916,13.693367571104318,48,99,48,14,27882424.696477037,663.8023699138569,0.40989730571420985,0.022800283438357268
D1,all_departure_delay_48h,20260917,13.999730960000306,48,99,48,19,27207708.191793405,665.6441770923116,0.6946744679610919,0.03462297594064258
D1,all_departure_delay_48h,20260918,13.89015780808404,48,99,48,14,27316955.595811307,667.5819626355054,0.6332611568975378,0.015057853245886982
D1,all_departure_delay_48h,20260919,13.99068022891879,48,99,48,19,26813770.798372652,667.1545593644867,0.8041412564274806,0.0472535350825446
D1,all_departure_delay_48h,20260920,14.014375816099346,48,99,48,12,27111944.896778617,666.3545000388303,0.6984591176039427,0.04298919772413445
D1,all_departure_delay_48h,20260921,14.039191361051053,48,99,48,15,26997966.232789427,667.1021839779291,0.7592743134078225,0.031865360235450085
D1,all_departure_delay_48h,20260922,14.07218738971278,48,99,48,18,26942907.014737334,667.3972248980434,0.7609589593290841,0.047725979601915415
D1,all_departure_delay_48h,20260923,14.451011577155441,48,99,48,27,26633525.33330339,671.8302801358711,0.6761512790981927,0.02110668919137792
D1,all_departure_delay_48h,20260924,14.075716936960816,48,99,48,34,27323347.35971906,666.0516560620305,0.6308024910868626,0.012956294239740594
D1,all_departure_delay_48h,20260925,13.794803641270846,48,99,48,13,27214567.124060668,668.5923672238538,0.6321795394993667,0.016309248110508226
D1,all_departure_delay_48h,20260926,14.107266469392926,48,99,48,13,27270591.12824624,670.7611250740163,0.5610194818123408,0.020054967509985235
D1,all_departure_delay_48h,20260927,14.491099778097123,48,99,48,13,27240099.912427757,670.7160899506625,0.5610370634574811,0.031126844566926052
D1,all_departure_delay_48h,20260928,14.718931091949344,48,99,48,12,26932442.443726126,671.4908013070335,0.6703059376469571,0.027792272638427925
D1,all_departure_delay_48h,20260929,13.954380375798792,48,99,48,22,27151572.351234436,666.6220285736081,0.6962625261252913,0.023545483101735425
D1,all_departure_delay_48h,20260930,13.956037789117545,48,99,48,22,27420797.062724028,666.4702542354025,0.5647488207389272,0.0246391773409384
D1,all_departure_delay_48h,20260931,13.87121362099424,48,99,48,14,27031480.555563457,675.6523898371213,0.4616478680460351,0.04206881641932477
D1,all_departure_delay_48h,20260932,14.459055029787123,48,99,48,16,27009611.409273297,671.695254680365,0.6179760018854783,0.031569026368985266
D1,all_departure_delay_48h,20260933,14.121262080036104,48,99,48,12,27484910.25513231,666.112956399506,0.5409226391002099,0.04668350722596411
D1,all_departure_delay_48h,20260934,14.29199697310105,48,99,48,24,26635955.576595455,672.2806234161893,0.7511970560374157,0.009757660172820265
D1,all_departure_delay_48h,20260935,14.130156147293746,48,99,48,19,26907406.415511087,669.3045045306974,0.6941713036247668,0.01941193654185684
D1,pilot_baseline,20260906,14.67949941009283,48,99,48,35,24842445.19812098,631.2515582168876,0.6918067077927461,0.013284880446067971
D1,pilot_baseline,20260907,14.05597919691354,48,99,48,29,25515584.528721776,620.8929751749603,0.6681496653083172,0.015703789594426993
D1,pilot_baseline,20260908,15.04309706389904,48,99,48,25,25569653.57766146,629.0580670168874,0.5423603565879856,0.020647798916455663
D1,pilot_baseline,20260909,14.48745428584516,48,99,48,23,25186500.8418719,630.5950551057432,0.605392476857209,0.0178656953062849
D1,pilot_baseline,20260910,14.62744127213955,48,99,48,46,25543194.307037503,620.5607815634917,0.670442986952875,0.014760146627645951
D1,pilot_baseline,20260911,14.744516720063984,48,99,48,41,25452940.511781923,624.39263151076,0.6496964045503757,0.022949972723675993
D1,pilot_baseline,20260912,14.453043892979622,48,99,48,36,25232421.79304781,626.7443542432873,0.7135347852952864,0.02463133266366375
D1,pilot_baseline,20260913,14.426058965269476,48,99,48,15,25677113.651315615,628.5960554010862,0.5078499246600846,0.026101914705090268
D1,pilot_baseline,20260914,14.628755553159863,48,99,48,25,25641665.444374107,620.4554428150458,0.6074555339971779,0.02024150389133097
D1,pilot_baseline,20260915,14.614267383236438,48,99,48,32,25546508.438125897,615.6406286172274,0.6841124041354416,0.013056048976708394
D1,pilot_baseline,20260916,14.828562346752733,48,99,48,30,25224257.32314798,625.1349055846833,0.712745443926939,0.015409359065075876
D1,pilot_baseline,20260917,14.179481728002429,48,99,48,32,25323906.030142374,623.1969666843478,0.6881167464856671,0.016307472926833117
D1,pilot_baseline,20260918,13.802054277155548,48,99,48,42,25439066.657839645,620.2759784168749,0.6863485553813675,0.025443475723399847
D1,pilot_baseline,20260919,14.617497023195028,48,99,48,38,25535165.286814276,620.748467188563,0.6824172306399005,0.01741378481384894
D1,pilot_baseline,20260920,14.297837800811976,48,99,48,34,25320529.721365545,620.4134857169181,0.6969064141937962,0.022088387356515585
D1,pilot_baseline,20260921,14.068080165889114,48,99,48,30,25593553.10810194,621.2529400389718,0.6468132699354632,0.016842363652852826
D1,pilot_baseline,20260922,14.636652780231088,48,99,48,42,25234968.73262493,625.1420091598114,0.6916269987937247,0.018802337919765426
D1,pilot_baseline,20260923,15.094255512114614,48,99,48,40,25183901.81765151,627.507329158215,0.6959644431222066,0.014491680745556661
D1,pilot_baseline,20260924,14.480723379179835,48,99,48,33,25394621.600913357,622.4143702737733,0.6844285483748888,0.014872794830908129
D1,pilot_baseline,20260925,14.683203337714076,48,99,48,35,25475960.521740958,619.9291129020464,0.6955975198008606,0.010939512296924001
D1,pilot_baseline,20260926,15.019808235578239,48,99,48,38,25366926.301028013,617.7039590188061,0.733910766934022,0.01585048465426848
D1,pilot_baseline,20260927,14.602104837074876,48,99,48,30,25328678.692612767,623.8893318601287,0.714035743032417,0.015280490294954362
D1,pilot_baseline,20260928,14.060628641862422,48,99,48,28,25577762.70665097,623.2855024274461,0.6094672952182266,0.009032441689536616
D1,pilot_baseline,20260929,14.28375402186066,48,99,48,33,25191742.798955087,628.873470107427,0.6810868331648335,0.018464443989459338
D1,pilot_baseline,20260930,14.737373474985361,48,99,48,31,25564523.014464915,620.6624744076898,0.6233975115546566,0.03812139190057035
D1,pilot_baseline,20260931,14.560180091764778,48,99,48,30,25217481.649182767,626.4226177767099,0.7091571973892868,0.011395697205112212
D1,pilot_baseline,20260932,14.472429885994643,48,99,48,30,25221481.169953357,624.4256273744387,0.7376166707728861,0.027589239828100444
D1,pilot_baseline,20260933,14.415861662942916,48,99,48,44,25177392.60003796,625.6500334808647,0.7201910249004039,0.014644497571547892
D1,pilot_baseline,20260934,13.494037389755249,48,99,48,40,25345585.86754619,626.3282514198103,0.6598633860992321,0.009344486052570405
D1,pilot_baseline,20260935,14.968268887139857,48,99,48,47,25305074.64729478,621.3079809518541,0.7276701143736397,0.014334739015442303
D1,uswc_compound_moderate,20260906,14.126605053897947,48,99,48,22,26614102.33079776,645.2758546697704,0.4554897363674892,0.011671568621655092
D1,uswc_compound_moderate,20260907,13.730613790918142,48,99,48,16,26049298.50325544,646.9128347873833,0.6202765510095674,0.021632719813766577
D1,uswc_compound_moderate,20260908,13.92245035013184,48,99,48,13,26236063.19130827,649.2128150927316,0.5094700648107973,0.03391801447424976
D1,uswc_compound_moderate,20260909,13.248083631973714,48,99,48,23,26632041.21162521,642.3841108840084,0.5157567692794058,0.0124604219614514
D1,uswc_compound_moderate,20260910,14.074686460196972,48,99,48,17,26317075.79570977,643.2938203423906,0.5951852729230621,0.03764399493919947
D1,uswc_compound_moderate,20260911,14.177834074012935,48,99,48,29,26243038.515786234,644.4956753851571,0.6292646544069695,0.0117992724972693
D1,uswc_compound_moderate,20260912,13.970774253830314,48,99,48,23,25925925.468234695,650.0748682219105,0.5479631371715975,0.03258003023723714
D1,uswc_compound_moderate,20260913,13.9718825686723,48,99,48,29,26191033.164581887,646.7704813367477,0.5868946527283828,0.014642195490407519
D1,uswc_compound_moderate,20260914,14.097869581077248,48,99,48,19,26524429.534994755,644.682257407303,0.4810620673540119,0.014279747150298451
D1,uswc_compound_moderate,20260915,14.461594942957163,48,99,48,10,26639175.916557364,641.8551344286252,0.5275705006996568,0.0337503498650337
D1,uswc_compound_moderate,20260916,13.18744587013498,48,99,48,23,26652103.616145484,643.2334266197537,0.4651485487262229,0.028249189215218257
D1,uswc_compound_moderate,20260917,13.578195108100772,48,99,48,30,26277501.04542969,645.7806799364868,0.5539444009733863,0.022188786214369326
D1,uswc_compound_moderate,20260918,14.310408907942474,48,99,48,11,26367579.85317228,647.9208838540377,0.4747083082922556,0.03335970326418493
D1,uswc_compound_moderate,20260919,14.24372441880405,48,99,48,15,26551350.386524644,637.2658553482917,0.6566040343770684,0.026629166066372088
D1,uswc_compound_moderate,20260920,13.93376406095922,48,99,48,17,26720259.19211344,642.2048895603715,0.4480151882102768,0.023220269297906864
D1,uswc_compound_moderate,20260921,13.933976738713682,48,99,48,19,26461488.26230947,642.2760464627559,0.5784853340217821,0.07537571511150899
D1,uswc_compound_moderate,20260922,14.304934457875788,48,99,48,14,26294027.559525345,643.701779551219,0.6169346159963479,0.06073749855130658
D1,uswc_compound_moderate,20260923,14.549472542945296,48,99,48,22,26184272.792403217,648.3297367363907,0.537166199594681,0.024390094406529495
D1,uswc_compound_moderate,20260924,14.221641354262829,48,99,48,15,26500855.37797809,646.4969868912491,0.4725413710507608,0.029153575832642352
D1,uswc_compound_moderate,20260925,13.845994091127068,48,99,48,17,26598303.83393472,649.2348587755312,0.3931190126970967,0.023919105736396103
D1,uswc_compound_moderate,20260926,13.695545952301472,48,99,48,21,26106097.378656887,648.236319090727,0.5409572212507147,0.023668921315700288
D1,uswc_compound_moderate,20260927,13.7312749219127,48,99,48,13,26386435.192683384,643.6841785850202,0.5630299220031392,0.03823319825397463
D1,uswc_compound_moderate,20260928,14.181284005288035,48,99,48,16,26394087.210820004,644.2056865126814,0.5685689010606292,0.042393044365461326
D1,uswc_compound_moderate,20260929,14.22617892595008,48,99,48,10,26586255.96246688,645.8827536807768,0.4411175659954922,0.040255402612687195
D1,uswc_compound_moderate,20260930,13.91319990111515,48,99,48,24,26450782.723134685,636.9796562131215,0.6947189023033267,0.033749615625107726
D1,uswc_compound_moderate,20260931,13.612841997295618,48,99,48,25,26724950.700486973,636.8771283939482,0.5889786713106235,0.011942560319923783
D1,uswc_compound_moderate,20260932,14.753078283276409,48,99,48,32,25958900.597223025,649.3646423138074,0.5724480973178336,0.022961770023756007
D1,uswc_compound_moderate,20260933,14.24735362501815,48,99,48,17,26409345.91985594,647.7901739500909,0.47220833897529874,0.04920804902702569
D1,uswc_compound_moderate,20260934,13.829373754095286,48,99,48,19,26261350.629309464,647.3104960831026,0.5423890748871659,0.020752589798448833
D1,uswc_compound_moderate,20260935,13.883557391818613,48,99,48,33,25794035.95289595,651.4019506672084,0.5585608804867326,0.012897664861884144
D1,uswc_compound_severe,20260906,14.370348800905049,48,99,48,5,29869501.318713162,711.1799062357899,1.0055889525431223,0.048164022551135346
D1,uswc_compound_severe,20260907,14.004423248115927,48,99,48,5,29523594.314140454,714.3551943997882,0.761102707116934,0.04017894194233673
D1,uswc_compound_severe,20260908,14.68498726375401,48,99,48,8,29233752.38903123,716.9388111379973,0.5236236434596004,0.04434791071494908
D1,uswc_compound_severe,20260909,14.354605447035283,48,99,48,8,30496640.665659323,713.0423560930468,0.7100558846507606,0.03628329438019815
D1,uswc_compound_severe,20260910,14.391849047038704,48,99,48,5,30399975.308713175,712.7396986772263,0.754408430995758,0.04840083211088954
D1,uswc_compound_severe,20260911,14.72260287264362,48,99,48,10,29962763.747901704,712.1921799338869,0.8988393439856428,0.009794635380122072
D1,uswc_compound_severe,20260912,13.69418772822246,48,99,48,9,29158973.007890992,715.0424560369414,0.7573568235822747,0.01470314402885905
D1,uswc_compound_severe,20260913,14.098800603300333,48,99,48,7,30860728.10532394,715.4011356281924,0.4611865448688947,0.03148965122203597
D1,uswc_compound_severe,20260914,14.634133639279753,48,99,48,10,31399576.892613634,713.7073596187092,0.4629957395270074,0.04632728575156034
D1,uswc_compound_severe,20260915,13.85121831158176,48,99,48,10,30592056.635205038,714.053781966841,0.5891274538076446,0.026131059066874702
D1,uswc_compound_severe,20260916,13.624899876769632,48,99,48,6,30638228.637032125,711.4457066716471,0.8144219719113817,0.015815081463564678
D1,uswc_compound_severe,20260917,13.705371572170407,48,99,48,9,29937555.082074955,712.4792013031902,0.8780093616839264,0.02339049406418446
D1,uswc_compound_severe,20260918,14.12930712196976,48,99,48,5,30311656.23157185,712.7894246649506,0.7651844717236492,0.05351697927659756
D1,uswc_compound_severe,20260919,14.25758513668552,48,99,48,8,31021975.811877143,712.2923757049881,0.6676813160662721,0.0464052857018866
D1,uswc_compound_severe,20260920,14.302761561237276,48,99,48,9,31515193.24306615,713.5175758070465,0.4536950860866677,0.026482753798665007
D1,uswc_compound_severe,20260921,14.56342942174524,48,99,48,9,30327381.601477712,714.203218897369,0.6174811659953108,0.03895270449792261
D1,uswc_compound_severe,20260922,13.996435137931257,48,99,48,11,30700841.6534082,712.8378419674009,0.6808217811892291,0.01748991138730378
D1,uswc_compound_severe,20260923,14.249488531146199,48,99,48,14,31458973.3806695,713.9232147065205,0.4312679473090897,0.032180288918246286
D1,uswc_compound_severe,20260924,14.942116524092853,48,99,48,7,29636762.77555882,712.4926127115455,0.9363880471059652,0.028468321320258134
D1,uswc_compound_severe,20260925,14.992370069026947,48,99,48,10,30206135.409608934,716.252925128754,0.4792834126551806,0.02245236077095444
D1,uswc_compound_severe,20260926,14.06605752184987,48,99,48,13,29249275.053543817,712.1839183939998,1.0261553043028102,0.05252927578300622
D1,uswc_compound_severe,20260927,14.487658184021711,48,99,48,5,29108946.365267005,713.1377942883988,0.9690449456144826,0.06435825387026259
D1,uswc_compound_severe,20260928,14.661174540873617,48,99,48,16,29298661.033290174,715.0899928894036,0.6999921989005213,0.012703286375505793
D1,uswc_compound_severe,20260929,15.022163295187056,48,99,48,6,30698744.527246423,715.3005174209717,0.49223387900014964,0.025280482886384757
D1,uswc_compound_severe,20260930,14.219621998257935,48,99,48,4,30454358.82408487,712.0876832034417,0.808069332515256,0.03948069130541099
D1,uswc_compound_severe,20260931,13.493923999369144,48,99,48,7,29805058.945046168,713.0984614976941,0.8347361972064117,0.038376614327247094
D1,uswc_compound_severe,20260932,14.454346131999046,48,99,48,9,30063697.22743682,712.2832187723515,0.8678996730215073,0.011090217799928977
D1,uswc_compound_severe,20260933,14.729785562027246,48,99,48,10,29627610.297927264,712.8416283099426,0.9023276417671734,0.01654287522171818
D1,uswc_compound_severe,20260934,14.560470099095255,48,99,48,8,30222361.00505796,714.2746405642168,0.6512421148820857,0.040185250548738775
D1,uswc_compound_severe,20260935,13.52797322301194,48,99,48,10,29998649.13535885,711.7381110223305,0.9272557945289057,0.01563213310403824
D1,uswc_departure_delay_24h,20260906,14.164656748063862,48,99,48,22,26614102.33079776,645.2758546697704,0.4554897363674892,0.011671568621655092
D1,uswc_departure_delay_24h,20260907,13.72282843478024,48,99,48,16,26049298.50325544,646.9128347873833,0.6202765510095674,0.021632719813766577
D1,uswc_departure_delay_24h,20260908,14.405291436705738,48,99,48,13,26236063.19130827,649.2128150927316,0.5094700648107973,0.03391801447424976
D1,uswc_departure_delay_24h,20260909,13.679425535723567,48,99,48,23,26632041.21162521,642.3841108840084,0.5157567692794058,0.0124604219614514
D1,uswc_departure_delay_24h,20260910,14.401923633180559,48,99,48,17,26317075.79570977,643.2938203423906,0.5951852729230621,0.03764399493919947
D1,uswc_departure_delay_24h,20260911,14.486289219930768,48,99,48,29,26243038.515786234,644.4956753851571,0.6292646544069695,0.0117992724972693
D1,uswc_departure_delay_24h,20260912,14.153573785442859,48,99,48,23,25925925.468234695,650.0748682219105,0.5479631371715975,0.03258003023723714
D1,uswc_departure_delay_24h,20260913,14.084797927178442,48,99,48,29,26191033.164581887,646.7704813367477,0.5868946527283828,0.014642195490407519
D1,uswc_departure_delay_24h,20260914,14.1679180348292,48,99,48,19,26524429.534994755,644.682257407303,0.4810620673540119,0.014279747150298451
D1,uswc_departure_delay_24h,20260915,14.417346834205091,48,99,48,10,26639175.916557364,641.8551344286252,0.5275705006996568,0.0337503498650337
D1,uswc_departure_delay_24h,20260916,13.217499617952853,48,99,48,23,26652103.616145484,643.2334266197537,0.4651485487262229,0.028249189215218257
D1,uswc_departure_delay_24h,20260917,13.532764838077128,48,99,48,30,26277501.04542969,645.7806799364868,0.5539444009733863,0.022188786214369326
D1,uswc_departure_delay_24h,20260918,14.280141888186336,48,99,48,11,26367579.85317228,647.9208838540377,0.4747083082922556,0.03335970326418493
D1,uswc_departure_delay_24h,20260919,14.282986786216497,48,99,48,15,26551350.386524644,637.2658553482917,0.6566040343770684,0.026629166066372088
D1,uswc_departure_delay_24h,20260920,13.938418295234442,48,99,48,17,26720259.19211344,642.2048895603715,0.4480151882102768,0.023220269297906864
D1,uswc_departure_delay_24h,20260921,13.924673533067107,48,99,48,19,26461488.26230947,642.2760464627559,0.5784853340217821,0.07537571511150899
D1,uswc_departure_delay_24h,20260922,14.287824593950063,48,99,48,14,26294027.559525345,643.701779551219,0.6169346159963479,0.06073749855130658
D1,uswc_departure_delay_24h,20260923,14.544864933006465,48,99,48,22,26184272.792403217,648.3297367363907,0.537166199594681,0.024390094406529495
D1,uswc_departure_delay_24h,20260924,14.236260640900582,48,99,48,15,26500855.37797809,646.4969868912491,0.4725413710507608,0.029153575832642352
D1,uswc_departure_delay_24h,20260925,13.84423497505486,48,99,48,17,26598303.83393472,649.2348587755312,0.3931190126970967,0.023919105736396103
D1,uswc_departure_delay_24h,20260926,13.726819375995547,48,99,48,21,26106097.378656887,648.236319090727,0.5409572212507147,0.023668921315700288
D1,uswc_departure_delay_24h,20260927,13.771583674941212,48,99,48,13,26386435.192683384,643.6841785850202,0.5630299220031392,0.03823319825397463
D1,uswc_departure_delay_24h,20260928,14.199374652002007,48,99,48,16,26394087.210820004,644.2056865126814,0.5685689010606292,0.042393044365461326
D1,uswc_departure_delay_24h,20260929,14.234174402896315,48,99,48,10,26586255.96246688,645.8827536807768,0.4411175659954922,0.040255402612687195
D1,uswc_departure_delay_24h,20260930,13.870372714009136,48,99,48,24,26450782.723134685,636.9796562131215,0.6947189023033267,0.033749615625107726
D1,uswc_departure_delay_24h,20260931,13.580463358666748,48,99,48,25,26724950.700486973,636.8771283939482,0.5889786713106235,0.011942560319923783
D1,uswc_departure_delay_24h,20260932,14.753221928142011,48,99,48,32,25958900.597223025,649.3646423138074,0.5724480973178336,0.022961770023756007
D1,uswc_departure_delay_24h,20260933,14.25309538282454,48,99,48,17,26409345.91985594,647.7901739500909,0.47220833897529874,0.04920804902702569
D1,uswc_departure_delay_24h,20260934,13.79148383019492,48,99,48,19,26261350.629309464,647.3104960831026,0.5423890748871659,0.020752589798448833
D1,uswc_departure_delay_24h,20260935,13.833958338014781,48,99,48,33,25794035.95289595,651.4019506672084,0.5585608804867326,0.012897664861884144
D1,uswc_departure_delay_72h,20260906,13.615298140794039,48,99,48,12,27992249.658490606,679.172613612187,0.5534055739138599,0.03332777041016505
D1,uswc_departure_delay_72h,20260907,13.287680013105273,48,99,48,10,28241365.156006604,679.408899490479,0.428511838845689,0.026303203521471086
D1,uswc_departure_delay_72h,20260908,13.830395223107189,48,99,48,6,28105557.571619928,685.7780157836838,0.32210125458206773,0.047190693004145495
D1,uswc_departure_delay_72h,20260909,13.32764288969338,48,99,48,7,27889362.38511214,683.2892289645548,0.4989008775579182,0.04640621158509375
D1,uswc_departure_delay_72h,20260910,14.05290142307058,48,99,48,9,27903228.366977952,680.0195925572879,0.6116954705667115,0.044070131349917656
D1,uswc_departure_delay_72h,20260911,13.951509646140039,48,99,48,13,27951149.694444634,679.6818249548364,0.5697686806248377,0.05983027798879593
D1,uswc_departure_delay_72h,20260912,13.611379062291235,48,99,48,6,27782603.14006968,684.1637600075666,0.516439096406153,0.03565731824517771
D1,uswc_departure_delay_72h,20260913,13.033441551961005,48,99,48,16,28122279.09301514,678.5213054496098,0.5307040269758859,0.012597232120115908
D1,uswc_departure_delay_72h,20260914,14.04082981403917,48,99,48,9,28212652.64203124,681.3771575859851,0.38576958329506544,0.028958225975123264
D1,uswc_departure_delay_72h,20260915,12.826564592309296,48,99,48,16,27850220.037043393,675.8520129786247,0.7737946655053423,0.028901909585422957
D1,uswc_departure_delay_72h,20260916,13.408924012910575,48,99,48,10,28026896.56316021,683.1968367191076,0.4141096830992599,0.03844987515664873
D1,uswc_departure_delay_72h,20260917,13.491216706112027,48,99,48,24,28080902.73535159,677.5592930334707,0.5767998142394157,0.019466925244984317
D1,uswc_departure_delay_72h,20260918,13.576633444055915,48,99,48,14,27728246.999983232,679.4299317205179,0.7467741516934515,0.016706722505124304
D1,uswc_departure_delay_72h,20260919,13.24803965818137,48,99,48,9,27837686.925889313,677.4714548545705,0.7576898533005498,0.023893327054809597
D1,uswc_departure_delay_72h,20260920,13.622114547062665,48,99,48,14,27989076.133520465,678.0777829632581,0.5792548933844454,0.047865445780603824
D1,uswc_departure_delay_72h,20260921,13.409553885925561,48,99,48,8,27795808.933652684,681.0277450208616,0.5735921029403208,0.0700303685814993
D1,uswc_departure_delay_72h,20260922,13.26801429502666,48,99,48,11,27914035.665402275,679.5528102250464,0.6313171774929217,0.014481881520540588
D1,uswc_departure_delay_72h,20260923,13.498063669074327,48,99,48,21,27602444.214620207,679.3441282310982,0.8274577932411205,0.013802708467994668
D1,uswc_departure_delay_72h,20260924,13.134162591770291,48,99,48,9,27752937.09330345,677.8248279978069,0.7942533654268398,0.02880566825551283
D1,uswc_departure_delay_72h,20260925,13.763377915136516,48,99,48,4,27998474.61151333,678.7050650119367,0.6131914891761854,0.10662364576635672
D1,uswc_departure_delay_72h,20260926,13.814791018143296,48,99,48,10,27592656.378998533,680.9676864322134,0.7561389407349145,0.02640214732085736
D1,uswc_departure_delay_72h,20260927,13.455636964179575,48,99,48,12,27513212.425920162,683.9501869546705,0.6436480981780485,0.018343256674100368
D1,uswc_departure_delay_72h,20260928,14.059522931929678,48,99,48,16,27624359.801020496,687.5681325424549,0.3893567571954059,0.021735513599017153
D1,uswc_departure_delay_72h,20260929,13.740470515098423,48,99,48,11,28010538.132206704,679.622028089036,0.5335262688812225,0.08304678809211369
D1,uswc_departure_delay_72h,20260930,13.624860942363739,48,99,48,11,27769605.563406836,681.7296861241047,0.6242838805496225,0.024066273578527895
D1,uswc_departure_delay_72h,20260931,13.565840981900692,48,99,48,7,27894565.521948345,680.7096725089358,0.5751292748633335,0.007687594875251488
D1,uswc_departure_delay_72h,20260932,13.4042630600743,48,99,48,11,27986684.337487347,680.3150811375056,0.5501135051524177,0.031768561037200306
D1,uswc_departure_delay_72h,20260933,13.659558937884867,48,99,48,11,27572225.991038464,679.4407094072645,0.8367776777001373,0.026926567928739917
D1,uswc_departure_delay_72h,20260934,13.546337554231286,48,99,48,19,27362848.23379976,681.4381912003895,0.8016142403095082,0.03621483978218874
D1,uswc_departure_delay_72h,20260935,13.240335047245026,48,99,48,42,28216325.662359465,676.123924630805,0.5229895730997173,0.011877683862856156
D1,uswc_port_capacity_125pct,20260906,14.681913134176284,48,99,48,35,24842445.19812098,631.2515582168876,0.6918067077927461,0.013284880446067971
D1,uswc_port_capacity_125pct,20260907,14.011566512752324,48,99,48,29,25515584.528721776,620.8929751749603,0.6681496653083172,0.015703789594426993
D1,uswc_port_capacity_125pct,20260908,15.061870109755546,48,99,48,25,25569653.57766146,629.0580670168874,0.5423603565879856,0.020647798916455663
D1,uswc_port_capacity_125pct,20260909,14.512913677375764,48,99,48,23,25186500.8418719,630.5950551057432,0.605392476857209,0.0178656953062849
D1,uswc_port_capacity_125pct,20260910,14.689773047342896,48,99,48,46,25543194.307037503,620.5607815634917,0.670442986952875,0.014760146627645951
D1,uswc_port_capacity_125pct,20260911,14.728598240297288,48,99,48,41,25452940.511781923,624.39263151076,0.6496964045503757,0.022949972723675993
D1,uswc_port_capacity_125pct,20260912,14.427418877370656,48,99,48,36,25232421.79304781,626.7443542432873,0.7135347852952864,0.02463133266366375
D1,uswc_port_capacity_125pct,20260913,14.396561901085079,48,99,48,15,25677113.651315615,628.5960554010862,0.5078499246600846,0.026101914705090268
D1,uswc_port_capacity_125pct,20260914,14.702314061112702,48,99,48,25,25641665.444374107,620.4554428150458,0.6074555339971779,0.02024150389133097
D1,uswc_port_capacity_125pct,20260915,14.635368725284934,48,99,48,32,25546508.438125897,615.6406286172274,0.6841124041354416,0.013056048976708394
D1,uswc_port_capacity_125pct,20260916,14.874709251802415,48,99,48,30,25224257.32314798,625.1349055846833,0.712745443926939,0.015409359065075876
D1,uswc_port_capacity_125pct,20260917,14.185762512031943,48,99,48,32,25323906.030142374,623.1969666843478,0.6881167464856671,0.016307472926833117
D1,uswc_port_capacity_125pct,20260918,13.82629467220977,48,99,48,42,25439066.657839645,620.2759784168749,0.6863485553813675,0.025443475723399847
D1,uswc_port_capacity_125pct,20260919,14.64603524422273,48,99,48,38,25535165.286814276,620.748467188563,0.6824172306399005,0.01741378481384894
D1,uswc_port_capacity_125pct,20260920,14.297843762207776,48,99,48,34,25320529.721365545,620.4134857169181,0.6969064141937962,0.022088387356515585
D1,uswc_port_capacity_125pct,20260921,14.122021425049752,48,99,48,30,25593553.10810194,621.2529400389718,0.6468132699354632,0.016842363652852826
D1,uswc_port_capacity_125pct,20260922,14.661066787783056,48,99,48,42,25234968.73262493,625.1420091598114,0.6916269987937247,0.018802337919765426
D1,uswc_port_capacity_125pct,20260923,15.145819749683142,48,99,48,40,25183901.81765151,627.507329158215,0.6959644431222066,0.014491680745556661
D1,uswc_port_capacity_125pct,20260924,14.51321141794324,48,99,48,33,25394621.600913357,622.4143702737733,0.6844285483748888,0.014872794830908129
D1,uswc_port_capacity_125pct,20260925,14.694657722953707,48,99,48,35,25475960.521740958,619.9291129020464,0.6955975198008606,0.010939512296924001
D1,uswc_port_capacity_125pct,20260926,15.121870994567871,48,99,48,38,25366926.301028013,617.7039590188061,0.733910766934022,0.01585048465426848
D1,uswc_port_capacity_125pct,20260927,14.633540017995983,48,99,48,30,25328678.692612767,623.8893318601287,0.714035743032417,0.015280490294954362
D1,uswc_port_capacity_125pct,20260928,14.08139012614265,48,99,48,28,25577762.70665097,623.2855024274461,0.6094672952182266,0.009032441689536616
D1,uswc_port_capacity_125pct,20260929,14.309389273170382,48,99,48,33,25191742.798955087,628.873470107427,0.6810868331648335,0.018464443989459338
D1,uswc_port_capacity_125pct,20260930,14.776312756817788,48,99,48,31,25564523.014464915,620.6624744076898,0.6233975115546566,0.03812139190057035
D1,uswc_port_capacity_125pct,20260931,14.672792449593544,48,99,48,30,25217481.649182767,626.4226177767099,0.7091571973892868,0.011395697205112212
D1,uswc_port_capacity_125pct,20260932,14.51259533688426,48,99,48,30,25221481.169953357,624.4256273744387,0.7376166707728861,0.027589239828100444
D1,uswc_port_capacity_125pct,20260933,14.498088751919568,48,99,48,44,25177392.60003796,625.6500334808647,0.7201910249004039,0.014644497571547892
D1,uswc_port_capacity_125pct,20260934,13.513395957183093,48,99,48,40,25345585.86754619,626.3282514198103,0.6598633860992321,0.009344486052570405
D1,uswc_port_capacity_125pct,20260935,15.039920673239976,48,99,48,47,25305074.64729478,621.3079809518541,0.7276701143736397,0.014334739015442303
D1,uswc_port_capacity_50pct,20260906,14.62120764888823,48,99,48,20,25147910.779046714,645.1460217493548,0.8655922579118853,0.016893027552840976
D1,uswc_port_capacity_50pct,20260907,14.521881391759962,48,99,48,25,25166519.50044054,642.2013784179537,1.0087318888910617,0.018474910728673473
D1,uswc_port_capacity_50pct,20260908,14.701405043248087,48,99,48,24,25693181.96888049,644.838599344187,0.673415838756655,0.029731736408290587
D1,uswc_port_capacity_50pct,20260909,14.438785964623094,48,99,48,22,25037853.24162593,647.3109721726479,0.710143586156673,0.025532947854542555
D1,uswc_port_capacity_50pct,20260910,15.130293924827129,48,99,48,25,25229500.829004634,643.7296481730101,0.8821455496215918,0.03626635550994206
D1,uswc_port_capacity_50pct,20260911,14.810871015302837,48,99,48,25,25453704.052758213,643.4467287635109,0.8716143077245424,0.010226716578809459
D1,uswc_port_capacity_50pct,20260912,14.905225626192987,48,99,48,35,25056725.76455644,644.3617633115043,0.9018430519431523,0.03001860630655011
D1,uswc_port_capacity_50pct,20260913,14.703787675127387,48,99,48,15,25452737.802496064,648.8738298912457,0.5335577549955205,0.08604980693914142
D1,uswc_port_capacity_50pct,20260914,14.935809790622443,48,99,48,20,25265969.84391114,647.3502399235277,0.6546494510888169,0.04039165604198169
D1,uswc_port_capacity_50pct,20260915,15.02286130702123,48,99,48,16,25679668.43858775,645.9553843079879,0.6439608320763499,0.03195110527425542
D1,uswc_port_capacity_50pct,20260916,14.769521949347109,48,99,48,20,25654609.87855041,642.5728479427764,0.8618715925887556,0.044833808205254996
D1,uswc_port_capacity_50pct,20260917,14.028866537380964,48,99,48,25,25083561.117120057,645.6030943807325,0.8010046266082391,0.029152859815994255
D1,uswc_port_capacity_50pct,20260918,14.335317068267614,48,99,48,19,25779527.36764236,645.3904005346549,0.6822825965852842,0.01100942511307665
D1,uswc_port_capacity_50pct,20260919,14.955944553948939,48,99,48,23,25229963.851683617,644.1748052943324,0.8420503906023098,0.026082356752470275
D1,uswc_port_capacity_50pct,20260920,14.906387984286994,48,99,48,15,25971511.494121883,644.6853489026861,0.6139122225078939,0.03859484547079581
D1,uswc_port_capacity_50pct,20260921,14.646011763252318,48,99,48,20,25481353.08145735,645.0548718835392,0.7604364967720039,0.060332096026692233
D1,uswc_port_capacity_50pct,20260922,14.796031716745347,48,99,48,20,25057250.399441373,645.5161859795246,0.8611917103030484,0.023535677511834868
D1,uswc_port_capacity_50pct,20260923,15.27321747597307,48,99,48,25,25079977.58427764,645.2960518627211,0.8027838006778412,0.025679772487928836
D1,uswc_port_capacity_50pct,20260924,14.711963661015034,48,99,48,19,25419815.87345848,643.6916025687831,0.8619957731844929,0.03576636333521792
D1,uswc_port_capacity_50pct,20260925,15.085202789399773,48,99,48,15,25358961.966628592,645.0387459705569,0.6958295852402533,0.04206922404452022
D1,uswc_port_capacity_50pct,20260926,15.605319649912417,48,99,48,19,25852462.121417776,646.0244012922994,0.6050252147730397,0.018974217494238606
D1,uswc_port_capacity_50pct,20260927,14.784637670964003,48,99,48,38,25065943.9853397,643.1798026837876,0.9835808336890063,0.017517377317230038
D1,uswc_port_capacity_50pct,20260928,15.101784895174205,48,99,48,11,25559860.714339662,646.6282349084719,0.653997760751402,0.05551149860324999
D1,uswc_port_capacity_50pct,20260929,14.844890008214861,48,99,48,9,24930893.608474642,646.6125740699142,0.8025825959899874,0.08229193167541814
D1,uswc_port_capacity_50pct,20260930,15.225652577821165,48,99,48,13,25888629.698686395,645.462924115103,0.6371734902764616,0.03028668834181117
D1,uswc_port_capacity_50pct,20260931,15.117897235788405,48,99,48,11,25505052.5381805,646.7948577653599,0.6807493444635312,0.022474525910774163
D1,uswc_port_capacity_50pct,20260932,15.090159051120281,48,99,48,19,25486345.02945351,644.407017201189,0.761151568718652,0.050338376219415136
D1,uswc_port_capacity_50pct,20260933,14.273758997675031,48,99,48,22,25330417.31629501,644.1381693367726,0.8461114213104582,0.03468496660395564
D1,uswc_port_capacity_50pct,20260934,14.387537685222924,48,99,48,19,25099215.530851416,645.2197751667602,0.8744436090870364,0.01607766220307528
D1,uswc_port_capacity_50pct,20260935,15.183838973287493,48,99,48,27,25361442.06286377,643.3532404506121,0.9188752872703884,0.014485467887849763
D1,uswc_port_capacity_75pct,20260906,14.715758671984076,48,99,48,35,24842445.19812098,631.2515582168876,0.6918067077927461,0.013284880446067971
D1,uswc_port_capacity_75pct,20260907,14.051571424119174,48,99,48,29,25515584.528721776,620.8929751749603,0.6681496653083172,0.015703789594426993
D1,uswc_port_capacity_75pct,20260908,15.110464391764253,48,99,48,25,25569653.57766146,629.0580670168874,0.5423603565879856,0.020647798916455663
D1,uswc_port_capacity_75pct,20260909,14.535289144143462,48,99,48,23,25186500.8418719,630.5950551057432,0.605392476857209,0.0178656953062849
D1,uswc_port_capacity_75pct,20260910,14.733924608677626,48,99,48,46,25543194.307037503,620.5607815634917,0.670442986952875,0.014760146627645951
D1,uswc_port_capacity_75pct,20260911,14.752747495658696,48,99,48,41,25452940.511781923,624.39263151076,0.6496964045503757,0.022949972723675993
D1,uswc_port_capacity_75pct,20260912,14.475288128014654,48,99,48,36,25232421.79304781,626.7443542432873,0.7135347852952864,0.02463133266366375
D1,uswc_port_capacity_75pct,20260913,14.425550328101963,48,99,48,15,25677113.651315615,628.5960554010862,0.5078499246600846,0.026101914705090268
D1,uswc_port_capacity_75pct,20260914,14.705065596383065,48,99,48,25,25641665.444374107,620.4554428150458,0.6074555339971779,0.02024150389133097
D1,uswc_port_capacity_75pct,20260915,14.634005864150822,48,99,48,32,25546508.438125897,615.6406286172274,0.6841124041354416,0.013056048976708394
D1,uswc_port_capacity_75pct,20260916,14.856910077854991,48,99,48,30,25224257.32314798,625.1349055846833,0.712745443926939,0.015409359065075876
D1,uswc_port_capacity_75pct,20260917,14.139262713026255,48,99,48,32,25323906.030142374,623.1969666843478,0.6881167464856671,0.016307472926833117
D1,uswc_port_capacity_75pct,20260918,13.810597297269851,48,99,48,42,25439066.657839645,620.2759784168749,0.6863485553813675,0.025443475723399847
D1,uswc_port_capacity_75pct,20260919,14.62593249231577,48,99,48,38,25535165.286814276,620.748467188563,0.6824172306399005,0.01741378481384894
D1,uswc_port_capacity_75pct,20260920,14.345172804314643,48,99,48,34,25320529.721365545,620.4134857169181,0.6969064141937962,0.022088387356515585
D1,uswc_port_capacity_75pct,20260921,14.15122288512066,48,99,48,30,25593553.10810194,621.2529400389718,0.6468132699354632,0.016842363652852826
D1,uswc_port_capacity_75pct,20260922,14.652231298852712,48,99,48,42,25234968.73262493,625.1420091598114,0.6916269987937247,0.018802337919765426
D1,uswc_port_capacity_75pct,20260923,15.133871623780578,48,99,48,40,25183901.81765151,627.507329158215,0.6959644431222066,0.014491680745556661
D1,uswc_port_capacity_75pct,20260924,14.507185573223978,48,99,48,33,25394621.600913357,622.4143702737733,0.6844285483748888,0.014872794830908129
D1,uswc_port_capacity_75pct,20260925,14.688319660257548,48,99,48,35,25475960.521740958,619.9291129020464,0.6955975198008606,0.010939512296924001
D1,uswc_port_capacity_75pct,20260926,15.063684148248285,48,99,48,38,25366926.301028013,617.7039590188061,0.733910766934022,0.01585048465426848
D1,uswc_port_capacity_75pct,20260927,14.5884029539302,48,99,48,30,25328678.692612767,623.8893318601287,0.714035743032417,0.015280490294954362
D1,uswc_port_capacity_75pct,20260928,14.08835911192,48,99,48,28,25577762.70665097,623.2855024274461,0.6094672952182266,0.009032441689536616
D1,uswc_port_capacity_75pct,20260929,14.333151353988796,48,99,48,33,25191742.798955087,628.873470107427,0.6810868331648335,0.018464443989459338
D1,uswc_port_capacity_75pct,20260930,14.73896567011252,48,99,48,31,25564523.014464915,620.6624744076898,0.6233975115546566,0.03812139190057035
D1,uswc_port_capacity_75pct,20260931,14.637672021053731,48,99,48,30,25217481.649182767,626.4226177767099,0.7091571973892868,0.011395697205112212
D1,uswc_port_capacity_75pct,20260932,14.498908150009811,48,99,48,30,25221481.169953357,624.4256273744387,0.7376166707728861,0.027589239828100444
D1,uswc_port_capacity_75pct,20260933,14.437530138995498,48,99,48,44,25177392.60003796,625.6500334808647,0.7201910249004039,0.014644497571547892
D1,uswc_port_capacity_75pct,20260934,13.496459240093827,48,99,48,40,25345585.86754619,626.3282514198103,0.6598633860992321,0.009344486052570405
D1,uswc_port_capacity_75pct,20260935,15.00021779583767,48,99,48,47,25305074.64729478,621.3079809518541,0.7276701143736397,0.014334739015442303
D2,all_departure_delay_48h,20260906,14.232412596233189,48,99,48,13,27113786.86334764,664.9836109121161,0.5803611119982701,0.039234615308026764
D2,all_departure_delay_48h,20260907,13.766752260737121,48,99,48,20,26873386.864787478,665.5182460868984,0.6895747247815066,0.03873901564811681
D2,all_departure_delay_48h,20260908,12.836704059038311,48,99,48,9,26516688.89928716,670.3727789190526,0.6218997579328286,0.07475428225578507
D2,all_departure_delay_48h,20260909,14.104499524924904,48,99,48,9,27178966.472805124,669.9282111533118,0.44783772644826186,0.050546976315630696
D2,all_departure_delay_48h,20260910,13.64032668620348,48,99,48,6,27177935.39567683,663.7646205630273,0.6676813615679517,0.06198721241490319
D2,all_departure_delay_48h,20260911,14.084965315181762,48,99,48,17,26574262.163063336,666.36961567312,0.8130632313762794,0.02447587783253906
D2,all_departure_delay_48h,20260912,13.896338421851397,48,99,48,16,26627106.797346253,667.3635029128084,0.7082196330410818,0.06997828396642075
D2,all_departure_delay_48h,20260913,13.238485992886126,48,99,48,16,26740981.599545788,664.4736892714998,0.8561751265286353,0.056385085873636276
D2,all_departure_delay_48h,20260914,13.98945334693417,48,99,48,15,26941255.5222716,668.2186325254472,0.5733307515273314,0.030666549697341353
D2,all_departure_delay_48h,20260915,13.710822305176407,48,99,48,11,26332849.07385339,671.8782934189345,0.6481725536037887,0.023305762834313494
D2,all_departure_delay_48h,20260916,13.302335469052196,48,99,48,17,26617193.50441463,663.9759967584821,0.906679122386004,0.024585192072315364
D2,all_departure_delay_48h,20260917,12.7473040423356,48,99,48,5,27079405.657773603,664.9386545431291,0.6543365219654365,0.1127727571568513
D2,all_departure_delay_48h,20260918,13.676417811773717,48,99,48,15,26652966.95622489,663.5107170626579,0.9347738527599301,0.045360173780764325
D2,all_departure_delay_48h,20260919,13.883826744742692,48,99,48,14,26955382.814302187,664.436746745252,0.6537310708476524,0.08163889283054353
D2,all_departure_delay_48h,20260920,13.431963478215039,48,99,48,12,27398948.28403559,662.8860775866294,0.5784930184696291,0.04965786744797377
D2,all_departure_delay_48h,20260921,12.961050850339234,48,99,48,10,27109581.721702013,663.2537850445607,0.7384723861237623,0.024928312023930307
D2,all_departure_delay_48h,20260922,13.036497467197478,48,99,48,11,26984904.259410046,667.4954057596518,0.5912074670800674,0.05158971644935706
D2,all_departure_delay_48h,20260923,13.651322646066546,48,99,48,14,26875367.98662326,667.5916318072519,0.6588066917696781,0.018494487684109502
D2,all_departure_delay_48h,20260924,12.9694445701316,48,99,48,11,27189092.400032222,664.7208852427743,0.6268989654618831,0.024550584561035853
D2,all_departure_delay_48h,20260925,13.905018914025277,48,99,48,13,27017783.941585876,664.3402107701653,0.698282729477488,0.0819372694978779
D2,all_departure_delay_48h,20260926,12.91413140995428,48,99,48,10,26780251.94317721,664.342724571827,0.8443135030856495,0.03890149543851192
D2,all_departure_delay_48h,20260927,13.59509733505547,48,99,48,9,27158968.521393634,663.6064666451682,0.6801727712223279,0.043586771017894314
D2,all_departure_delay_48h,20260928,13.363123304210603,48,99,48,14,26530314.203721657,669.2854011251875,0.7058123147100729,0.05255760737289477
D2,all_departure_delay_48h,20260929,13.896048982162029,48,99,48,19,26359624.346741863,667.8949892220287,0.762605600921379,0.026254848228967443
D2,all_departure_delay_48h,20260930,12.544825475197285,48,99,48,13,26935729.379118066,664.3401733129783,0.7590955462102067,0.029743306110633486
D2,all_departure_delay_48h,20260931,13.501133712008595,48,99,48,10,26903272.400907904,664.5636432467792,0.6886110825090284,0.03679612531909024
D2,all_departure_delay_48h,20260932,13.526137069799006,48,99,48,14,26858548.788893066,665.5519774622114,0.7092134496391239,0.05418670941399299
D2,all_departure_delay_48h,20260933,13.705600555986166,48,99,48,13,26731965.601175025,664.7952099542963,0.8488396712054712,0.028366126629066877
D2,all_departure_delay_48h,20260934,14.234254332259297,48,99,48,15,26706202.10630504,668.286935832112,0.6615313025463814,0.03988122698201678
D2,all_departure_delay_48h,20260935,13.777104909997433,48,99,48,8,27621223.827395216,665.4526786603246,0.3963264598248463,0.019650618243357332
D2,pilot_baseline,20260906,13.915431190282106,48,99,48,30,25278806.236593403,621.6229447704113,0.7658095406161282,0.010944870392466438
D2,pilot_baseline,20260907,13.929550864733756,48,99,48,24,25123601.95313961,623.3949797234089,0.7790984903311111,0.018952893324358948
D2,pilot_baseline,20260908,13.839623108971864,48,99,48,29,25276617.754388966,626.1416425016846,0.6773343395189207,0.014420432244457982
D2,pilot_baseline,20260909,14.400928409770131,48,99,48,26,25222033.63080329,623.0041655196293,0.746747662609876,0.03218845441682756
D2,pilot_baseline,20260910,14.496163549833,48,99,48,24,25220434.03676876,621.8956441583435,0.7013106067807925,0.025068663732823012
D2,pilot_baseline,20260911,14.146967256907374,48,99,48,24,25494817.407277174,619.7038403487876,0.7264237123073116,0.014824145451284122
D2,pilot_baseline,20260912,13.591614671051502,48,99,48,30,25360262.129742343,619.875972887289,0.7678980692304416,0.02777554415026475
D2,pilot_baseline,20260913,14.030182510148734,48,99,48,20,25391934.626830075,617.0197076589014,0.8351679875294392,0.03325752100510318
D2,pilot_baseline,20260914,14.146229533012956,48,99,48,26,25332476.476330154,622.6667719625208,0.6894782643889622,0.03160809352545589
D2,pilot_baseline,20260915,14.409218041226268,48,99,48,24,25163166.756595816,625.7478888226259,0.6758090490480027,0.020357688163733845
D2,pilot_baseline,20260916,13.918172081001103,48,99,48,19,25266711.35950584,625.3024627056179,0.7246869150783406,0.017340129769742127
D2,pilot_baseline,20260917,14.309660840779543,48,99,48,26,25373371.706048667,620.5485701489476,0.7552714226985898,0.018322693871811176
D2,pilot_baseline,20260918,14.375580776948482,48,99,48,27,25146315.907751385,624.7709068181726,0.7321398595094118,0.018377603583783545
D2,pilot_baseline,20260919,14.150651330128312,48,99,48,44,25193293.341905214,619.0224339165679,0.8796264179529586,0.014205383882147248
D2,pilot_baseline,20260920,14.725805915892124,48,99,48,29,25153932.23040417,623.6831714819521,0.7389463801536376,0.018921336662626187
D2,pilot_baseline,20260921,13.875242100097239,48,99,48,23,25635637.652448915,615.5094569568153,0.7386974361811056,0.01508717120696937
D2,pilot_baseline,20260922,13.583191629033536,48,99,48,29,25162484.532220487,622.9533985700633,0.802246055637739,0.02209429840426433
D2,pilot_baseline,20260923,13.828523845877498,48,99,48,27,25046006.42259322,625.7831359173924,0.7475790743702713,0.027210842629339888
D2,pilot_baseline,20260924,14.42926399409771,48,99,48,15,25428893.801923327,623.9093610468125,0.6591836768997392,0.02422097455935582
D2,pilot_baseline,20260925,14.003266168292612,48,99,48,25,25206519.600066766,620.6866913464276,0.8071352123994894,0.02798567850527534
D2,pilot_baseline,20260926,13.61673619505018,48,99,48,27,25308508.040359497,622.5642416460266,0.726778246605703,0.03817701282415363
D2,pilot_baseline,20260927,13.828671085182577,48,99,48,25,25315951.693776637,620.9217478133452,0.7964759882341637,0.020901329736101946
D2,pilot_baseline,20260928,14.111207153182477,48,99,48,10,25531649.809478123,623.1456253035512,0.6426706585146233,0.024806041562340737
D2,pilot_baseline,20260929,14.351272458210588,48,99,48,24,25042488.426821988,626.0001895462509,0.7517743948605696,0.01403366961075909
D2,pilot_baseline,20260930,13.314686541911215,48,99,48,39,25332159.27667016,618.1382253883559,0.8510716195517153,0.007320675951703656
D2,pilot_baseline,20260931,13.180155641864985,48,99,48,17,25724809.667285755,614.2157580011346,0.6800772451492144,0.03685360806195132
D2,pilot_baseline,20260932,14.48490393301472,48,99,48,17,25559731.174305983,615.724201528769,0.7644126893381895,0.016895996913683736
D2,pilot_baseline,20260933,14.250846247188747,48,99,48,26,25101518.18841451,622.7601558250858,0.7956128776108652,0.03451880525412058
D2,pilot_baseline,20260934,13.621391461230814,48,99,48,25,25451694.82196437,623.237525470693,0.6443240323762727,0.026357128340719696
D2,pilot_baseline,20260935,14.643846049439162,48,99,48,16,25147443.083006445,628.8273123882916,0.6638896586251257,0.03190088991814701
D2,uswc_compound_moderate,20260906,13.649830443784595,48,99,48,12,26292504.822710447,641.5254147285286,0.5887071061838974,0.06838345877798487
D2,uswc_compound_moderate,20260907,14.323552078101784,48,99,48,17,25875062.4223924,645.1861534410918,0.6987053871508232,0.061289205358523544
D2,uswc_compound_moderate,20260908,13.545036212075502,48,99,48,25,25656685.608865466,644.0159799220784,0.7961057468159353,0.03652146901303654
D2,uswc_compound_moderate,20260909,13.46531345602125,48,99,48,13,25859233.48939733,644.4993215516425,0.6875828297819507,0.043921462318288695
D2,uswc_compound_moderate,20260910,13.687371471896768,48,99,48,13,26339503.433819633,644.0326264177526,0.48604103058007125,0.02392612585862518
D2,uswc_compound_moderate,20260911,13.847133435774595,48,99,48,18,26109457.2871026,645.5434559882298,0.5263563603173823,0.03029809753572764
D2,uswc_compound_moderate,20260912,13.333111410029233,48,99,48,20,25954811.766487073,639.8580846175327,0.8206901812926696,0.01972698196159831
D2,uswc_compound_moderate,20260913,13.838331653736532,48,99,48,33,26126766.77068215,639.5603098527095,0.7112595698749671,0.021777937654994653
D2,uswc_compound_moderate,20260914,13.207609622273594,48,99,48,10,26744978.233151443,650.8657776135298,0.16934901440253988,0.03429971462185702
D2,uswc_compound_moderate,20260915,13.837543636094779,48,99,48,14,26179347.99924414,639.8294423436472,0.6598018607917857,0.04196537482314772
D2,uswc_compound_moderate,20260916,12.940362515859306,48,99,48,12,26299200.057197466,637.9766573306798,0.6630598771345402,0.020014318209113778
D2,uswc_compound_moderate,20260917,13.060552534181625,48,99,48,25,26143578.813949976,638.7193529453663,0.7227475597825022,0.019480153130427943
D2,uswc_compound_moderate,20260918,13.501311047933996,48,99,48,32,25932413.93937603,642.3913222529857,0.744384207283523,0.012062294107872202
D2,uswc_compound_moderate,20260919,13.948420456144959,48,99,48,26,25765306.88186472,641.6128838720637,0.8667047876456754,0.019035588955729047
D2,uswc_compound_moderate,20260920,13.943560043349862,48,99,48,20,26275972.0880854,643.4701053776198,0.5256314583049095,0.01820577674431936
D2,uswc_compound_moderate,20260921,13.721993972081691,48,99,48,24,25990893.446652986,639.0049656648519,0.8337742738352073,0.008835946084370282
D2,uswc_compound_moderate,20260922,13.610074199270457,48,99,48,10,25881524.78969006,644.177808567888,0.7376529435583948,0.03401230825045869
D2,uswc_compound_moderate,20260923,13.70035720989108,48,99,48,16,26042804.024899457,644.1578553085232,0.6391199441413343,0.016618037432966304
D2,uswc_compound_moderate,20260924,13.498167419340461,48,99,48,23,26137019.773152053,636.1141958772604,0.7649187419166462,0.018674559944051775
D2,uswc_compound_moderate,20260925,13.309235682245344,48,99,48,18,26045121.53444675,639.424519095472,0.7842041890272359,0.021010886774673405
D2,uswc_compound_moderate,20260926,13.088443513028324,48,99,48,21,26011698.33069156,638.7823465961371,0.797188923622525,0.021096860649430078
D2,uswc_compound_moderate,20260927,13.89015519991517,48,99,48,14,25910261.028850436,644.2864154311857,0.7187359297023298,0.013543002411762534
D2,uswc_compound_moderate,20260928,13.688629467971623,48,99,48,21,25928339.409954168,637.6668646025879,0.8573630633629109,0.03460665462789324
D2,uswc_compound_moderate,20260929,13.770358506124467,48,99,48,9,25880881.83323435,640.693569007421,0.7883580615466798,0.10951452067541839
D2,uswc_compound_moderate,20260930,12.81076942384243,48,99,48,27,25796048.273744434,644.5409683517743,0.7574564194983215,0.0240929540392055
D2,uswc_compound_moderate,20260931,13.744802701752633,48,99,48,18,25872908.534067735,643.1789324517131,0.7802697918634327,0.05113778321672053
D2,uswc_compound_moderate,20260932,13.919681448955089,48,99,48,33,26069076.907008946,636.1042775486255,0.8160459374750533,0.018796130341756433
D2,uswc_compound_moderate,20260933,14.033995250239968,48,99,48,16,25843498.59819772,642.6602755694603,0.80372575265515,0.027287861897617154
D2,uswc_compound_moderate,20260934,13.388288547750562,48,99,48,23,26043242.16184964,640.5716700161857,0.7120962679121873,0.026694924132957498
D2,uswc_compound_moderate,20260935,13.68887847615406,48,99,48,33,25977575.25570221,637.0610536805597,0.8749418621640266,0.017989969778515504
D2,uswc_compound_severe,20260906,13.661054101772606,48,99,48,10,32042799.306674734,714.2289305550597,0.4788641291253966,0.04711093941525401
D2,uswc_compound_severe,20260907,13.91879083076492,48,99,48,5,30582167.092355624,715.4271136900549,0.7183702188046709,0.0772861817939618
D2,uswc_compound_severe,20260908,13.988588761072606,48,99,48,6,31670305.691845655,714.3411682531591,0.5723106086515234,0.053482715394848675
D2,uswc_compound_severe,20260909,13.672319726087153,48,99,48,17,30206455.873118315,717.0091649991981,0.6650940647124716,0.07307041566420404
D2,uswc_compound_severe,20260910,14.327040233183652,48,99,48,5,31280167.958593678,715.6720689281835,0.5624947055268787,0.03292427760363663
D2,uswc_compound_severe,20260911,14.48767208121717,48,99,48,9,31331873.31919889,715.4879067833515,0.5663812180596355,0.0506824043242514
D2,uswc_compound_severe,20260912,14.074834872968495,48,99,48,6,30656723.195118263,712.63841949864,0.936416836295628,0.05023060318750442
D2,uswc_compound_severe,20260913,14.027378676924855,48,99,48,3,33047041.47078358,711.9288264846224,0.32396305246145285,0.022775672740123706
D2,uswc_compound_severe,20260914,14.190551828127354,48,99,48,5,31826782.296045747,711.2054657315139,0.7008591926538325,0.005007391593855741
D2,uswc_compound_severe,20260915,13.95116645656526,48,99,48,6,31141592.48060873,717.265075607227,0.48484794312210067,0.05385557838298751
D2,uswc_compound_severe,20260916,13.936104510910809,48,99,48,7,30330577.295908574,715.323343932545,0.7830018883493877,0.03406814665641654
D2,uswc_compound_severe,20260917,13.801267789676785,48,99,48,10,30551563.954117395,714.5567084661294,0.7866879560500533,0.05589132582808272
D2,uswc_compound_severe,20260918,13.537842945661396,48,99,48,8,31287881.54243019,716.5856307045825,0.4872588137140223,0.08107367266468309
D2,uswc_compound_severe,20260919,14.292690299917012,48,99,48,4,30975717.159064468,714.0240851281384,0.7553934229698742,0.0807432536248763
D2,uswc_compound_severe,20260920,14.002429506741464,48,99,48,5,31813971.414068237,715.0732198681109,0.505700128737339,0.012939585902996684
D2,uswc_compound_severe,20260921,14.213816196657717,48,99,48,6,31545723.283496954,716.5624040747185,0.44199498508641355,0.03781680687142656
D2,uswc_compound_severe,20260922,13.575410846155137,48,99,48,13,31245001.843210302,717.3928696122007,0.4054339715598492,0.04729111808186504
D2,uswc_compound_severe,20260923,14.109050339087844,48,99,48,6,30761687.45817067,715.2003307813188,0.7030225222961871,0.02181916787241859
D2,uswc_compound_severe,20260924,14.020194704644382,48,99,48,12,31607428.676867407,713.4506823300934,0.5835171941031752,0.040577636845613656
D2,uswc_compound_severe,20260925,14.192833175882697,48,99,48,6,31102681.718463324,715.140860433926,0.5895149530512993,0.11207608287001457
D2,uswc_compound_severe,20260926,12.771603785920888,48,99,48,9,31155774.517489016,712.4960692303512,0.8090009867794128,0.03911045997248913
D2,uswc_compound_severe,20260927,13.334028186276555,48,99,48,10,31474350.964251462,715.2862951432083,0.5488352213850469,0.03234247987940031
D2,uswc_compound_severe,20260928,14.213826532941312,48,99,48,5,31004067.315037385,716.2004890771318,0.585019227105954,0.01307735131389732
D2,uswc_compound_severe,20260929,14.018809230066836,48,99,48,9,30297072.43855022,714.6264025705885,0.8643493271076834,0.024632109921742508
D2,uswc_compound_severe,20260930,14.45593828195706,48,99,48,4,30992444.724599726,718.1166087821323,0.46426486392318533,0.003166038343665467
D2,uswc_compound_severe,20260931,13.841616040095687,48,99,48,8,31464414.05729864,711.8438624791622,0.7631812816905584,0.061752520545763565
D2,uswc_compound_severe,20260932,14.098352308850735,48,99,48,11,30390614.310312577,716.4889522261892,0.6618694935751409,0.06703778427910471
D2,uswc_compound_severe,20260933,13.867001294158399,48,99,48,7,32263063.369548358,716.1547381228567,0.33825694521716365,0.05385583511383879
D2,uswc_compound_severe,20260934,14.6234618620947,48,99,48,9,31463763.245413244,717.6974160825122,0.36261746045583587,0.03734841745461359
D2,uswc_compound_severe,20260935,14.169043949339539,48,99,48,13,30767960.13529521,714.3270715196703,0.7219699615501252,0.05573155645456345
D2,uswc_departure_delay_24h,20260906,13.653585076797754,48,99,48,12,26292504.822710447,641.5254147285286,0.5887071061838974,0.06838345877798487
D2,uswc_departure_delay_24h,20260907,14.269989841151983,48,99,48,17,25875062.4223924,645.1861534410918,0.6987053871508232,0.061289205358523544
D2,uswc_departure_delay_24h,20260908,13.572959671728313,48,99,48,25,25656685.608865466,644.0159799220784,0.7961057468159353,0.03652146901303654
D2,uswc_departure_delay_24h,20260909,13.452871268149465,48,99,48,13,25859233.48939733,644.4993215516425,0.6875828297819507,0.043921462318288695
D2,uswc_departure_delay_24h,20260910,13.739922971930355,48,99,48,13,26339503.433819633,644.0326264177526,0.48604103058007125,0.02392612585862518
D2,uswc_departure_delay_24h,20260911,13.87177339894697,48,99,48,18,26109457.2871026,645.5434559882298,0.5263563603173823,0.03029809753572764
D2,uswc_departure_delay_24h,20260912,13.347119526937604,48,99,48,20,25954811.766487073,639.8580846175327,0.8206901812926696,0.01972698196159831
D2,uswc_departure_delay_24h,20260913,13.848541334737092,48,99,48,33,26126766.77068215,639.5603098527095,0.7112595698749671,0.021777937654994653
D2,uswc_departure_delay_24h,20260914,13.18192628538236,48,99,48,10,26744978.233151443,650.8657776135298,0.16934901440253988,0.03429971462185702
D2,uswc_departure_delay_24h,20260915,13.82387193897739,48,99,48,14,26179347.99924414,639.8294423436472,0.6598018607917857,0.04196537482314772
D2,uswc_departure_delay_24h,20260916,12.973614351358265,48,99,48,12,26299200.057197466,637.9766573306798,0.6630598771345402,0.020014318209113778
D2,uswc_departure_delay_24h,20260917,13.110750346910208,48,99,48,25,26143578.813949976,638.7193529453663,0.7227475597825022,0.019480153130427943
D2,uswc_departure_delay_24h,20260918,13.471281548961997,48,99,48,32,25932413.93937603,642.3913222529857,0.744384207283523,0.012062294107872202
D2,uswc_departure_delay_24h,20260919,13.886182288173586,48,99,48,26,25765306.88186472,641.6128838720637,0.8667047876456754,0.019035588955729047
D2,uswc_departure_delay_24h,20260920,13.92346031172201,48,99,48,20,26275972.0880854,643.4701053776198,0.5256314583049095,0.01820577674431936
D2,uswc_departure_delay_24h,20260921,13.720850415993482,48,99,48,24,25990893.446652986,639.0049656648519,0.8337742738352073,0.008835946084370282
D2,uswc_departure_delay_24h,20260922,13.503058892209083,48,99,48,10,25881524.78969006,644.177808567888,0.7376529435583948,0.03401230825045869
D2,uswc_departure_delay_24h,20260923,13.660834887064993,48,99,48,16,26042804.024899457,644.1578553085232,0.6391199441413343,0.016618037432966304
D2,uswc_departure_delay_24h,20260924,13.50660613970831,48,99,48,23,26137019.773152053,636.1141958772604,0.7649187419166462,0.018674559944051775
D2,uswc_departure_delay_24h,20260925,13.38110332004726,48,99,48,18,26045121.53444675,639.424519095472,0.7842041890272359,0.021010886774673405
D2,uswc_departure_delay_24h,20260926,13.097124317195266,48,99,48,21,26011698.33069156,638.7823465961371,0.797188923622525,0.021096860649430078
D2,uswc_departure_delay_24h,20260927,13.824780229013413,48,99,48,14,25910261.028850436,644.2864154311857,0.7187359297023298,0.013543002411762534
D2,uswc_departure_delay_24h,20260928,13.598771611228585,48,99,48,21,25928339.409954168,637.6668646025879,0.8573630633629109,0.03460665462789324
D2,uswc_departure_delay_24h,20260929,13.781200697645545,48,99,48,9,25880881.83323435,640.693569007421,0.7883580615466798,0.10951452067541839
D2,uswc_departure_delay_24h,20260930,12.813171556219459,48,99,48,27,25796048.273744434,644.5409683517743,0.7574564194983215,0.0240929540392055
D2,uswc_departure_delay_24h,20260931,13.730881731025875,48,99,48,18,25872908.534067735,643.1789324517131,0.7802697918634327,0.05113778321672053
D2,uswc_departure_delay_24h,20260932,13.939542298205197,48,99,48,33,26069076.907008946,636.1042775486255,0.8160459374750533,0.018796130341756433
D2,uswc_departure_delay_24h,20260933,14.041196815203875,48,99,48,16,25843498.59819772,642.6602755694603,0.80372575265515,0.027287861897617154
D2,uswc_departure_delay_24h,20260934,13.39328589476645,48,99,48,23,26043242.16184964,640.5716700161857,0.7120962679121873,0.026694924132957498
D2,uswc_departure_delay_24h,20260935,13.624277498107404,48,99,48,33,25977575.25570221,637.0610536805597,0.8749418621640266,0.017989969778515504
D2,uswc_departure_delay_72h,20260906,13.17937835631892,48,99,48,12,27813715.639343407,681.1533011625498,0.47502493204532065,0.03220135527015113
D2,uswc_departure_delay_72h,20260907,13.508126952685416,48,99,48,11,27161781.79874814,682.1129849252319,0.8735991816346234,0.029869100188310953
D2,uswc_departure_delay_72h,20260908,13.485793507192284,48,99,48,7,27645206.909829326,679.5119752467982,0.6527254906558269,0.017782646818226288
D2,uswc_departure_delay_72h,20260909,12.821035834029317,48,99,48,7,27687611.367848698,689.7813814572826,0.23764796770857485,0.033529534190181294
D2,uswc_departure_delay_72h,20260910,13.43973840214312,48,99,48,5,27631483.436295368,680.3343383391623,0.6356313623623496,0.06348315723849789
D2,uswc_departure_delay_72h,20260911,13.569454161915928,48,99,48,12,27291781.206826307,680.4601304078531,0.8798667348282038,0.015329143707862248
D2,uswc_departure_delay_72h,20260912,13.216334569267929,48,99,48,10,27448560.395089775,677.8320780394015,0.9174395938917708,0.03368527717060694
D2,uswc_departure_delay_72h,20260913,12.672187642659992,48,99,48,9,27409706.244396813,677.4623270226496,0.9464019993270646,0.04299001548529508
D2,uswc_departure_delay_72h,20260914,13.226694914046675,48,99,48,9,27570989.216806997,679.3212430027253,0.7058153520373455,0.11328774077453496
D2,uswc_departure_delay_72h,20260915,13.599117836914957,48,99,48,9,27908231.76342917,686.036619089516,0.2799630815206381,0.033168019763125146
D2,uswc_departure_delay_72h,20260916,13.003179573919624,48,99,48,16,27168234.282104075,681.3495414343403,0.8896737156569656,0.027648509109771287
D2,uswc_departure_delay_72h,20260917,12.778543681837618,48,99,48,7,27250920.001389384,678.3968706634491,1.019734628810764,0.09098163854014542
D2,uswc_departure_delay_72h,20260918,13.267841135151684,48,99,48,13,27317273.703255214,678.6659399083641,0.9632354022162601,0.023250245318876053
D2,uswc_departure_delay_72h,20260919,13.180553266778588,48,99,48,10,27593325.340965357,678.3893195564938,0.7479116401101521,0.04096172183664904
D2,uswc_departure_delay_72h,20260920,13.486234039999545,48,99,48,16,27627084.808330666,680.1960674797178,0.6571725774010906,0.01611213577254395
D2,uswc_departure_delay_72h,20260921,12.880886103957891,48,99,48,15,27620801.608397406,678.9114883798709,0.6885848154740442,0.06310662526290188
D2,uswc_departure_delay_72h,20260922,12.44707339303568,48,99,48,7,27496508.52208984,679.7216719576847,0.7563775040220748,0.09472247022523937
D2,uswc_departure_delay_72h,20260923,13.825635746121407,48,99,48,10,27278390.88771926,685.9807408895813,0.5560266927223384,0.0536020729404803
D2,uswc_departure_delay_72h,20260924,13.158719396684319,48,99,48,2,27526313.273473218,678.7981184052265,0.8283295678035465,0.0
D2,uswc_departure_delay_72h,20260925,13.210854670964181,48,99,48,5,27584354.47711751,678.6195667093626,0.7719988934156574,0.020375819017906544
D2,uswc_departure_delay_72h,20260926,12.957380254752934,48,99,48,5,27622115.037919536,678.2897971942043,0.7827277939236157,0.07560817174325822
D2,uswc_departure_delay_72h,20260927,12.85058657033369,48,99,48,14,27354410.60879354,681.1999274421527,0.6772270229670303,0.06874047709764734
D2,uswc_departure_delay_72h,20260928,13.646535037085414,48,99,48,7,28023636.483776998,680.1940605071436,0.40611698960807785,0.027570991745079737
D2,uswc_departure_delay_72h,20260929,13.142568283248693,48,99,48,13,27267008.460013244,678.9368803348322,0.9692794583921324,0.020900301687260817
D2,uswc_departure_delay_72h,20260930,12.596802645828575,48,99,48,9,27343115.92058777,677.6968803044774,0.9983202226720523,0.06032752142373208
D2,uswc_departure_delay_72h,20260931,13.35744956182316,48,99,48,5,27542216.32670128,679.9767837697437,0.6805575808314915,0.07007935411205185
D2,uswc_departure_delay_72h,20260932,13.430488529615104,48,99,48,11,27141414.59837902,679.7850995449321,0.9892007996953613,0.04241719004095586
D2,uswc_departure_delay_72h,20260933,13.697577373124659,48,99,48,7,27460844.034239035,677.815309320498,0.8818501481854121,0.07589023714477242
D2,uswc_departure_delay_72h,20260934,13.3002869929187,48,99,48,10,27665358.612867836,679.928945925615,0.6318635460606944,0.06378955871248057
D2,uswc_departure_delay_72h,20260935,13.110744208097458,48,99,48,7,27148980.141925436,679.738661375238,0.9998699873303907,0.045654948224349984
D2,uswc_port_capacity_125pct,20260906,13.884277747943997,48,99,48,30,25278806.236593403,621.6229447704113,0.7658095406161282,0.010944870392466438
D2,uswc_port_capacity_125pct,20260907,13.99305682303384,48,99,48,24,25123601.95313961,623.3949797234089,0.7790984903311111,0.018952893324358948
D2,uswc_port_capacity_125pct,20260908,13.852669534739107,48,99,48,29,25276617.754388966,626.1416425016846,0.6773343395189207,0.014420432244457982
D2,uswc_port_capacity_125pct,20260909,14.443189735058695,48,99,48,26,25222033.63080329,623.0041655196293,0.746747662609876,0.03218845441682756
D2,uswc_port_capacity_125pct,20260910,14.456528163980693,48,99,48,24,25220434.03676876,621.8956441583435,0.7013106067807925,0.025068663732823012
D2,uswc_port_capacity_125pct,20260911,14.133721608202904,48,99,48,24,25494817.407277174,619.7038403487876,0.7264237123073116,0.014824145451284122
D2,uswc_port_capacity_125pct,20260912,13.601917169056833,48,99,48,30,25360262.129742343,619.875972887289,0.7678980692304416,0.02777554415026475
D2,uswc_port_capacity_125pct,20260913,14.034509713295847,48,99,48,20,25391934.626830075,617.0197076589014,0.8351679875294392,0.03325752100510318
D2,uswc_port_capacity_125pct,20260914,14.167947478592396,48,99,48,26,25332476.476330154,622.6667719625208,0.6894782643889622,0.03160809352545589
D2,uswc_port_capacity_125pct,20260915,14.406767502892762,48,99,48,24,25163166.756595816,625.7478888226259,0.6758090490480027,0.020357688163733845
D2,uswc_port_capacity_125pct,20260916,13.89805919257924,48,99,48,19,25266711.35950584,625.3024627056179,0.7246869150783406,0.017340129769742127
D2,uswc_port_capacity_125pct,20260917,14.304332237225026,48,99,48,26,25373371.706048667,620.5485701489476,0.7552714226985898,0.018322693871811176
D2,uswc_port_capacity_125pct,20260918,14.357373433653265,48,99,48,27,25146315.907751385,624.7709068181726,0.7321398595094118,0.018377603583783545
D2,uswc_port_capacity_125pct,20260919,14.119877783115953,48,99,48,44,25193293.341905214,619.0224339165679,0.8796264179529586,0.014205383882147248
D2,uswc_port_capacity_125pct,20260920,14.748440381605178,48,99,48,29,25153932.23040417,623.6831714819521,0.7389463801536376,0.018921336662626187
D2,uswc_port_capacity_125pct,20260921,13.834409409202635,48,99,48,23,25635637.652448915,615.5094569568153,0.7386974361811056,0.01508717120696937
D2,uswc_port_capacity_125pct,20260922,13.533227320760489,48,99,48,29,25162484.532220487,622.9533985700633,0.802246055637739,0.02209429840426433
D2,uswc_port_capacity_125pct,20260923,13.833321113139391,48,99,48,27,25046006.42259322,625.7831359173924,0.7475790743702713,0.027210842629339888
D2,uswc_port_capacity_125pct,20260924,14.406381123233587,48,99,48,15,25428893.801923327,623.9093610468125,0.6591836768997392,0.02422097455935582
D2,uswc_port_capacity_125pct,20260925,14.015302239917219,48,99,48,25,25206519.600066766,620.6866913464276,0.8071352123994894,0.02798567850527534
D2,uswc_port_capacity_125pct,20260926,13.612715639173985,48,99,48,27,25308508.040359497,622.5642416460266,0.726778246605703,0.03817701282415363
D2,uswc_port_capacity_125pct,20260927,13.81591349421069,48,99,48,25,25315951.693776637,620.9217478133452,0.7964759882341637,0.020901329736101946
D2,uswc_port_capacity_125pct,20260928,14.141879788134247,48,99,48,10,25531649.809478123,623.1456253035512,0.6426706585146233,0.024806041562340737
D2,uswc_port_capacity_125pct,20260929,14.379299512133002,48,99,48,24,25042488.426821988,626.0001895462509,0.7517743948605696,0.01403366961075909
D2,uswc_port_capacity_125pct,20260930,13.279779218602926,48,99,48,39,25332159.27667016,618.1382253883559,0.8510716195517153,0.007320675951703656
D2,uswc_port_capacity_125pct,20260931,13.170103738084435,48,99,48,17,25724809.667285755,614.2157580011346,0.6800772451492144,0.03685360806195132
D2,uswc_port_capacity_125pct,20260932,14.489759592339396,48,99,48,17,25559731.174305983,615.724201528769,0.7644126893381895,0.016895996913683736
D2,uswc_port_capacity_125pct,20260933,14.260429339017719,48,99,48,26,25101518.18841451,622.7601558250858,0.7956128776108652,0.03451880525412058
D2,uswc_port_capacity_125pct,20260934,13.534877681173384,48,99,48,25,25451694.82196437,623.237525470693,0.6443240323762727,0.026357128340719696
D2,uswc_port_capacity_125pct,20260935,14.61657903296873,48,99,48,16,25147443.083006445,628.8273123882916,0.6638896586251257,0.03190088991814701
D2,uswc_port_capacity_50pct,20260906,13.84249156480655,48,99,48,12,25958686.984142635,650.8527586229542,0.5628957724863795,0.03533067130799975
D2,uswc_port_capacity_50pct,20260907,15.054742656182498,48,99,48,9,25562597.191485103,651.0346940071372,0.646279982094138,0.06817650066000294
D2,uswc_port_capacity_50pct,20260908,14.549711106810719,48,99,48,22,25091296.82807752,652.2370504250466,0.6899308853867737,0.026702364173435293
D2,uswc_port_capacity_50pct,20260909,14.550371563993394,48,99,48,27,25500702.626349647,646.5536167948575,0.8290131203590869,0.021999671384103865
D2,uswc_port_capacity_50pct,20260910,14.419661710038781,48,99,48,17,25944557.315013383,648.4581667222033,0.6821914598082305,0.015830823832961874
D2,uswc_port_capacity_50pct,20260911,14.919868594966829,48,99,48,20,25876055.398138255,651.991896746145,0.5153687594794758,0.020395844868799213
D2,uswc_port_capacity_50pct,20260912,14.509839732665569,48,99,48,13,26024028.903199255,651.3019547462382,0.5413260021615747,0.05288544307615083
D2,uswc_port_capacity_50pct,20260913,14.263843876775354,48,99,48,29,25867228.786054246,645.8079820180175,0.7517515981291438,0.03187939283925585
D2,uswc_port_capacity_50pct,20260914,14.433077733963728,48,99,48,29,25114237.960768137,649.2848797365567,0.8103859123511702,0.0258995432661153
D2,uswc_port_capacity_50pct,20260915,14.871806021314114,48,99,48,15,25383571.22323808,654.7096421997442,0.5208188604958629,0.052170293924793276
D2,uswc_port_capacity_50pct,20260916,14.509956749156117,48,99,48,31,25223114.670534134,646.2360122702428,0.8592597381512604,0.03049726731270366
D2,uswc_port_capacity_50pct,20260917,13.595055227167904,48,99,48,18,25657656.81366959,647.095609042477,0.7967472359743051,0.02049770133856327
D2,uswc_port_capacity_50pct,20260918,14.543897028081119,48,99,48,13,25790961.638320398,647.750925571934,0.7396337165696267,0.037582375080693974
D2,uswc_port_capacity_50pct,20260919,14.735077775083482,48,99,48,26,25696441.58890234,646.5064799209089,0.8362963183761795,0.017898783573424962
D2,uswc_port_capacity_50pct,20260920,15.013637111987919,48,99,48,19,25083981.66200837,651.9177988525362,0.7064454366288999,0.027815199659795363
D2,uswc_port_capacity_50pct,20260921,14.614349534269422,48,99,48,14,25347482.10487404,653.7387493697154,0.5924126347498335,0.021588497339812482
D2,uswc_port_capacity_50pct,20260922,14.123232398647815,48,99,48,14,25346661.127513636,652.6599413881909,0.6408812016705898,0.02726064789424138
D2,uswc_port_capacity_50pct,20260923,13.861856598872691,48,99,48,11,25826684.263306882,649.2858267909273,0.6628084744635849,0.029293365007485923
D2,uswc_port_capacity_50pct,20260924,14.955064831767231,48,99,48,27,26049217.816886567,646.2879190664544,0.6870094448813359,0.012135943778548978
D2,uswc_port_capacity_50pct,20260925,15.002106710802764,48,99,48,19,25978697.846663713,648.4616184438387,0.5721252905117638,0.0302881022699627
D2,uswc_port_capacity_50pct,20260926,14.23573714401573,48,99,48,13,25906796.11795611,649.1378681317673,0.6411052865159658,0.04220001183096817
D2,uswc_port_capacity_50pct,20260927,14.58390282606706,48,99,48,21,25954288.02959826,646.6835736050489,0.7115458342078322,0.014286416868024841
D2,uswc_port_capacity_50pct,20260928,14.701083865948021,48,99,48,14,25632858.162807044,653.5888669726035,0.47496070384528366,0.012282386231184762
D2,uswc_port_capacity_50pct,20260929,14.632021950092167,48,99,48,23,25500719.721387833,647.8289738946366,0.7986768225543271,0.02859580283500596
D2,uswc_port_capacity_50pct,20260930,14.80703085521236,48,99,48,14,26114979.06358618,648.8856974626376,0.5925060434941188,0.04228617821808073
D2,uswc_port_capacity_50pct,20260931,13.101537042297423,48,99,48,18,25968261.990011,645.3196272149385,0.7757524044254893,0.04079074988572193
D2,uswc_port_capacity_50pct,20260932,14.614314724225551,48,99,48,12,26335787.59962435,650.0358702623873,0.47176145108633477,0.05121395295622854
D2,uswc_port_capacity_50pct,20260933,14.41125048790127,48,99,48,24,25717551.47280512,652.1109661719101,0.5216418970252165,0.030662489878985254
D2,uswc_port_capacity_50pct,20260934,14.16377498023212,48,99,48,21,25415388.77977246,652.1890582974025,0.6364011243070199,0.02882052138518755
D2,uswc_port_capacity_50pct,20260935,14.48795786127448,48,99,48,16,25417930.169735108,649.1012479859322,0.7633544114887335,0.04021931864235366
D2,uswc_port_capacity_75pct,20260906,13.915834620129317,48,99,48,30,25278806.236593403,621.6229447704113,0.7658095406161282,0.010944870392466438
D2,uswc_port_capacity_75pct,20260907,13.974832977168262,48,99,48,24,25123601.95313961,623.3949797234089,0.7790984903311111,0.018952893324358948
D2,uswc_port_capacity_75pct,20260908,13.869078441057354,48,99,48,29,25276617.754388966,626.1416425016846,0.6773343395189207,0.014420432244457982
D2,uswc_port_capacity_75pct,20260909,14.454722058027983,48,99,48,26,25222033.63080329,623.0041655196293,0.746747662609876,0.03218845441682756
D2,uswc_port_capacity_75pct,20260910,14.44948725681752,48,99,48,24,25220434.03676876,621.8956441583435,0.7013106067807925,0.025068663732823012
D2,uswc_port_capacity_75pct,20260911,14.123734406661242,48,99,48,24,25494817.407277174,619.7038403487876,0.7264237123073116,0.014824145451284122
D2,uswc_port_capacity_75pct,20260912,13.541295168921351,48,99,48,30,25360262.129742343,619.875972887289,0.7678980692304416,0.02777554415026475
D2,uswc_port_capacity_75pct,20260913,14.01292003504932,48,99,48,20,25391934.626830075,617.0197076589014,0.8351679875294392,0.03325752100510318
D2,uswc_port_capacity_75pct,20260914,14.189660007599741,48,99,48,26,25332476.476330154,622.6667719625208,0.6894782643889622,0.03160809352545589
D2,uswc_port_capacity_75pct,20260915,14.42670321976766,48,99,48,24,25163166.756595816,625.7478888226259,0.6758090490480027,0.020357688163733845
D2,uswc_port_capacity_75pct,20260916,13.941917602904141,48,99,48,19,25266711.35950584,625.3024627056179,0.7246869150783406,0.017340129769742127
D2,uswc_port_capacity_75pct,20260917,14.330995512660593,48,99,48,26,25373371.706048667,620.5485701489476,0.7552714226985898,0.018322693871811176
D2,uswc_port_capacity_75pct,20260918,14.373409253079444,48,99,48,27,25146315.907751385,624.7709068181726,0.7321398595094118,0.018377603583783545
D2,uswc_port_capacity_75pct,20260919,14.1387833757326,48,99,48,44,25193293.341905214,619.0224339165679,0.8796264179529586,0.014205383882147248
D2,uswc_port_capacity_75pct,20260920,14.737818183843046,48,99,48,29,25153932.23040417,623.6831714819521,0.7389463801536376,0.018921336662626187
D2,uswc_port_capacity_75pct,20260921,13.878739561885595,48,99,48,23,25635637.652448915,615.5094569568153,0.7386974361811056,0.01508717120696937
D2,uswc_port_capacity_75pct,20260922,13.597316795028746,48,99,48,29,25162484.532220487,622.9533985700633,0.802246055637739,0.02209429840426433
D2,uswc_port_capacity_75pct,20260923,13.848074949812144,48,99,48,27,25046006.42259322,625.7831359173924,0.7475790743702713,0.027210842629339888
D2,uswc_port_capacity_75pct,20260924,14.390896386932582,48,99,48,15,25428893.801923327,623.9093610468125,0.6591836768997392,0.02422097455935582
D2,uswc_port_capacity_75pct,20260925,14.005401297938079,48,99,48,25,25206519.600066766,620.6866913464276,0.8071352123994894,0.02798567850527534
D2,uswc_port_capacity_75pct,20260926,13.65071557695046,48,99,48,27,25308508.040359497,622.5642416460266,0.726778246605703,0.03817701282415363
D2,uswc_port_capacity_75pct,20260927,13.82997164176777,48,99,48,25,25315951.693776637,620.9217478133452,0.7964759882341637,0.020901329736101946
D2,uswc_port_capacity_75pct,20260928,14.118700402323157,48,99,48,10,25531649.809478123,623.1456253035512,0.6426706585146233,0.024806041562340737
D2,uswc_port_capacity_75pct,20260929,14.341461933217943,48,99,48,24,25042488.426821988,626.0001895462509,0.7517743948605696,0.01403366961075909
D2,uswc_port_capacity_75pct,20260930,13.275531901977956,48,99,48,39,25332159.27667016,618.1382253883559,0.8510716195517153,0.007320675951703656
D2,uswc_port_capacity_75pct,20260931,13.179579332005233,48,99,48,17,25724809.667285755,614.2157580011346,0.6800772451492144,0.03685360806195132
D2,uswc_port_capacity_75pct,20260932,14.509609356988221,48,99,48,17,25559731.174305983,615.724201528769,0.7644126893381895,0.016895996913683736
D2,uswc_port_capacity_75pct,20260933,14.264445191714913,48,99,48,26,25101518.18841451,622.7601558250858,0.7956128776108652,0.03451880525412058
D2,uswc_port_capacity_75pct,20260934,13.58927743602544,48,99,48,25,25451694.82196437,623.237525470693,0.6443240323762727,0.026357128340719696
D2,uswc_port_capacity_75pct,20260935,14.63603973807767,48,99,48,16,25147443.083006445,628.8273123882916,0.6638896586251257,0.03190088991814701
D3,all_departure_delay_48h,20260906,13.382399951573461,48,99,48,11,29990103.666660886,678.2009644573674,0.7504139790985053,0.032083745726330236
D3,all_departure_delay_48h,20260907,13.270702138077468,48,99,48,6,29837597.126229003,676.9076699454282,0.9012089838498495,0.026037097208530195
D3,all_departure_delay_48h,20260908,13.44635102339089,48,99,48,13,30560549.832290877,679.6399598273139,0.4173357389815785,0.05280234701480612
D3,all_departure_delay_48h,20260909,13.801785790361464,48,99,48,6,30604741.02285977,680.6794391898728,0.4155146691693387,0.06946140770101017
D3,all_departure_delay_48h,20260910,13.28726291935891,48,99,48,12,29622913.51759899,678.8247635501092,0.9327813321220176,0.02319193092208415
D3,all_departure_delay_48h,20260911,13.42231365526095,48,99,48,10,29956935.319090065,680.3995819925584,0.7139543068687377,0.025506912812732034
D3,all_departure_delay_48h,20260912,13.536476586945355,48,99,48,15,30249163.485345777,677.6002068831764,0.6487971126342648,0.015478179241946943
D3,all_departure_delay_48h,20260913,13.348610161338001,48,99,48,15,30122325.020824872,680.4742525677923,0.5831883185024778,0.03738854257608373
D3,all_departure_delay_48h,20260914,13.552111170720309,48,99,48,12,29981527.733222194,678.2678870011912,0.7088509031143952,0.07846745992020895
D3,all_departure_delay_48h,20260915,13.241514089051634,48,99,48,26,29428500.401846502,676.1644467516624,1.1580727210004516,0.019108345665265078
D3,all_departure_delay_48h,20260916,12.576715570874512,48,99,48,13,30129025.550542403,678.4778035569399,0.6983713153440333,0.02701245094462609
D3,all_departure_delay_48h,20260917,13.28103119507432,48,99,48,7,30072546.1386793,678.4513734730297,0.726618594130847,0.033740218902834504
D3,all_departure_delay_48h,20260918,13.784358981065452,48,99,48,14,29709684.90301591,678.6413583687579,0.8386540821034869,0.04702348139247197
D3,all_departure_delay_48h,20260919,13.996380217839032,48,99,48,9,30319257.968910318,680.3469024306842,0.5178188089366974,0.0626095969087279
D3,all_departure_delay_48h,20260920,13.660973573103547,48,99,48,13,30165801.965889078,679.9031599198361,0.6277346785359672,0.08304508655733177
D3,all_departure_delay_48h,20260921,13.025929182767868,48,99,48,14,30478748.31168352,677.8825112078314,0.5320141016020703,0.017105670805609357
D3,all_departure_delay_48h,20260922,13.693681852892041,48,99,48,11,29801997.75641149,677.8546717230115,0.8861891757538808,0.028980579877043583
D3,all_departure_delay_48h,20260923,13.627926561050117,48,99,48,13,29804304.08099448,681.6872958619784,0.7030977822954421,0.022310284399255947
D3,all_departure_delay_48h,20260924,12.952069741208106,48,99,48,12,29471180.270603497,680.1322655618868,0.9358093586565052,0.039231595537651466
D3,all_departure_delay_48h,20260925,13.481597869191319,48,99,48,9,30012676.38449102,677.705194236565,0.7902590095875083,0.03186032841958658
D3,all_departure_delay_48h,20260926,12.669130003079772,48,99,48,7,29686781.721749816,677.7103252014823,0.9776186828778153,0.012921158141776351
D3,all_departure_delay_48h,20260927,13.806669881101698,48,99,48,5,30116167.918487694,685.8980749925753,0.447480556938656,0.04297252292017808
D3,all_departure_delay_48h,20260928,14.002036104910076,48,99,48,10,30520110.321405213,681.8053536847659,0.40910258616320816,0.047102515822588745
D3,all_departure_delay_48h,20260929,13.618422197643667,48,99,48,9,30608204.357303794,679.6083889892964,0.4005874130462074,0.019800198481284514
D3,all_departure_delay_48h,20260930,13.958780813030899,48,99,48,8,29830641.921036974,683.8026035104343,0.6067419440743324,0.05980175661417006
D3,all_departure_delay_48h,20260931,13.944713617675006,48,99,48,4,30268754.712760463,681.0997915248812,0.5502886912332856,0.07812349400247197
D3,all_departure_delay_48h,20260932,13.758155687712133,48,99,48,10,30191193.497040402,684.8886380189165,0.3966615307225287,0.07639945180522638
D3,all_departure_delay_48h,20260933,13.149602672085166,48,99,48,9,29817810.913147226,678.5091050874014,0.8460291857499983,0.026288634123773212
D3,all_departure_delay_48h,20260934,13.678341623861343,48,99,48,18,29899646.501498837,684.15328373773,0.5211121801563441,0.028113926900349872
D3,all_departure_delay_48h,20260935,14.00704648392275,48,99,48,23,29946805.944156222,680.2458298043082,0.6174053160736278,0.03254069769755558
D3,pilot_baseline,20260906,13.778989856131375,48,99,48,40,27071530.936532266,634.0004427842618,0.7190654304172489,0.014677737994095807
D3,pilot_baseline,20260907,13.8788500148803,48,99,48,27,27047603.17876105,631.9443474162598,0.7323463116619273,0.029458592095900543
D3,pilot_baseline,20260908,13.996067349798977,48,99,48,42,27095631.001549467,637.5351500430855,0.6547044015065094,0.015431870047978202
D3,pilot_baseline,20260909,14.406142685096711,48,99,48,20,26984195.84286157,643.5792495822841,0.5754993399562587,0.017373237667552454
D3,pilot_baseline,20260910,13.445627289824188,48,99,48,18,27186616.550436966,635.0571202004917,0.6430898196840488,0.040525645228828185
D3,pilot_baseline,20260911,14.389239686075598,48,99,48,29,27127061.029575955,638.3399976412487,0.6566764457334773,0.010864881054848752
D3,pilot_baseline,20260912,14.052920116111636,48,99,48,24,27269462.53575689,642.7831543312383,0.4897862709394186,0.01452166130351964
D3,pilot_baseline,20260913,14.637527856044471,48,99,48,27,26961270.68955315,638.1356532160847,0.6908197253667889,0.01319197454915003
D3,pilot_baseline,20260914,13.786558465100825,48,99,48,23,27355175.80655106,628.0642444823245,0.6773545487108428,0.02740477951509293
D3,pilot_baseline,20260915,13.899868860840797,48,99,48,44,26794856.09352255,636.4909180163291,0.7441969298291531,0.01592763728978531
D3,pilot_baseline,20260916,14.113825785927474,48,99,48,31,27114303.80562875,630.2959309602178,0.7327290176020944,0.02367784684183605
D3,pilot_baseline,20260917,14.272727682255208,48,99,48,25,27213328.946984466,633.7753177454358,0.6541801057248235,0.02428569547847486
D3,pilot_baseline,20260918,14.117729319259524,48,99,48,15,27695739.8416294,628.8034578149013,0.5660684608520784,0.03383128239314104
D3,pilot_baseline,20260919,14.888615913223475,48,99,48,23,27136344.927365422,633.321713783038,0.6839795111370742,0.03427137485574048
D3,pilot_baseline,20260920,14.014953071251512,48,99,48,24,27429030.678373825,634.7403762179389,0.5705699684380953,0.028043870703253083
D3,pilot_baseline,20260921,13.60080323368311,48,99,48,24,27021356.142961245,640.7407144702529,0.6238448812333311,0.01661622654070391
D3,pilot_baseline,20260922,14.600283024832606,48,99,48,19,27189745.143815156,637.8442313748645,0.638989565935034,0.023011988795746723
D3,pilot_baseline,20260923,14.387756203766912,48,99,48,29,26634379.89320064,648.8499398195116,0.5518597732469611,0.02044256990970449
D3,pilot_baseline,20260924,14.383750029839575,48,99,48,31,27050415.586142417,636.8848213956603,0.6648261182657449,0.011878328290139455
D3,pilot_baseline,20260925,14.3740055100061,48,99,48,41,27320521.921464473,634.1390482925609,0.6017772460459863,0.014468991181725585
D3,pilot_baseline,20260926,13.723034800030291,48,99,48,32,27061954.528446827,631.9916426238939,0.7373988329434901,0.023902833368005645
D3,pilot_baseline,20260927,14.46642540069297,48,99,48,20,27178589.796320513,640.0529789154351,0.5962522452944234,0.014375424443372893
D3,pilot_baseline,20260928,14.774884852115065,48,99,48,25,26995839.544919126,635.1711875928459,0.6881641427582091,0.03079676380727779
D3,pilot_baseline,20260929,14.044441364705563,48,99,48,24,27184984.250662763,631.591347568281,0.7119232832101771,0.024707159622060725
D3,pilot_baseline,20260930,14.302388065960258,48,99,48,20,27276305.111748274,634.7407329723009,0.6508701268602513,0.028745350026374697
D3,pilot_baseline,20260931,14.111618655733764,48,99,48,22,27489414.99771961,630.7282836436683,0.6295020093663953,0.019435961466071804
D3,pilot_baseline,20260932,13.702243255916983,48,99,48,27,26576332.611434035,641.0467080603667,0.7212334623378857,0.0339761812098715
D3,pilot_baseline,20260933,13.754920375999063,48,99,48,44,26693962.84489113,640.1419493872464,0.6425706685960944,0.020452932937431383
D3,pilot_baseline,20260934,13.904533783905208,48,99,48,33,27133347.22319797,634.8669137683743,0.6443607949900115,0.056233517382634574
D3,pilot_baseline,20260935,14.112452612258494,48,99,48,23,27164241.705480825,638.4707361704421,0.6308129586498499,0.0276375682326032
D3,uswc_compound_moderate,20260906,13.78198524005711,48,99,48,14,28418176.528054595,655.2038217145163,0.7203559723522434,0.049909013030072925
D3,uswc_compound_moderate,20260907,13.801485324278474,48,99,48,10,28991447.015569266,660.2885523830482,0.4020723825136961,0.025058269644441338
D3,uswc_compound_moderate,20260908,13.186720548197627,48,99,48,11,28644589.55827491,655.8389333069634,0.6307486846249222,0.031011615305441703
D3,uswc_compound_moderate,20260909,13.547014993149787,48,99,48,16,28608942.52284697,652.9483219559651,0.5621472588366283,0.04212028616010059
D3,uswc_compound_moderate,20260910,13.718199332244694,48,99,48,10,28639818.544496175,656.4486195584117,0.5717715952509059,0.057538913661684066
D3,uswc_compound_moderate,20260911,13.80058946274221,48,99,48,18,28183657.079577312,657.449184830102,0.7578568772698413,0.02975895335552584
D3,uswc_compound_moderate,20260912,14.169621726963669,48,99,48,17,28651719.910342436,657.5459760379116,0.5627163792022518,0.02504973752711624
D3,uswc_compound_moderate,20260913,13.933367100078613,48,99,48,26,28067904.50990223,655.7522942613493,0.8095396018841541,0.02288037815463916
D3,uswc_compound_moderate,20260914,13.683553978800774,48,99,48,12,28374790.75515454,654.6857122560648,0.7646269343860673,0.054268258813178656
D3,uswc_compound_moderate,20260915,13.382638706825674,48,99,48,11,28212689.19535064,658.6008051786314,0.7375669620953252,0.03397475717377017
D3,uswc_compound_moderate,20260916,12.768223153892905,48,99,48,16,28390929.365798526,653.178391258866,0.8249687726162117,0.015195721073925214
D3,uswc_compound_moderate,20260917,14.102542337030172,48,99,48,15,28110440.680835534,665.5378336100023,0.549898188448689,0.022925936818524
D3,uswc_compound_moderate,20260918,13.336886652745306,48,99,48,27,28411550.117227435,652.3849521753586,0.7942990284147734,0.016181926624991745
D3,uswc_compound_moderate,20260919,13.65034148376435,48,99,48,15,28473261.181972004,654.2442866539667,0.7609371882377062,0.013310797642364739
D3,uswc_compound_moderate,20260920,13.061476596165448,48,99,48,14,28462330.669299744,654.5001598765082,0.7668231305296596,0.035734104973754274
D3,uswc_compound_moderate,20260921,13.215833626221865,48,99,48,15,28561028.372140523,651.0385304984703,0.7802731448183136,0.02498722901693453
D3,uswc_compound_moderate,20260922,13.487029612995684,48,99,48,34,28436864.961823706,652.9125363891183,0.7703717424226546,0.01649982833025641
D3,uswc_compound_moderate,20260923,13.686604757793248,48,99,48,18,28492328.533734556,657.3375755778553,0.6660943908064427,0.014839384938187471
D3,uswc_compound_moderate,20260924,13.975004232954234,48,99,48,12,28147190.58069373,659.5897438797151,0.7380159948129051,0.0284240397758699
D3,uswc_compound_moderate,20260925,13.308123395312577,48,99,48,34,28061635.724512685,651.9625708776846,0.9631171030894645,0.015218277954020564
D3,uswc_compound_moderate,20260926,12.974287540186197,48,99,48,30,27990112.984010864,656.1836379461392,0.8596743133320812,0.028870114115805513
D3,uswc_compound_moderate,20260927,14.096841632388532,48,99,48,12,28032291.0649206,664.1053840155961,0.6286477982338142,0.02064858550375992
D3,uswc_compound_moderate,20260928,14.052632906008512,48,99,48,14,28403246.11185429,655.929021209265,0.7050709808356972,0.028638612766312816
D3,uswc_compound_moderate,20260929,13.553306937217712,48,99,48,27,28301086.927402284,653.9320986965362,0.8096396211180161,0.012309270244204692
D3,uswc_compound_moderate,20260930,13.57714329008013,48,99,48,22,28407974.617017023,653.8742993185691,0.7646603765117239,0.04604696917042368
D3,uswc_compound_moderate,20260931,13.632751723285764,48,99,48,14,28132644.636531774,658.923410304104,0.7329544676230494,0.029596776018280292
D3,uswc_compound_moderate,20260932,13.687979511916637,48,99,48,9,28311768.635845408,659.2225972555105,0.6871152262829253,0.025007926485110972
D3,uswc_compound_moderate,20260933,13.305940438993275,48,99,48,15,28111237.725404475,656.3907015592828,0.8550744384946889,0.030478966970724216
D3,uswc_compound_moderate,20260934,13.985845846123993,48,99,48,27,27858972.814188782,662.5378539966484,0.7370128290516006,0.011623244216297365
D3,uswc_compound_moderate,20260935,13.700890474021435,48,99,48,22,28470453.96002402,654.6436456803948,0.7120553156351119,0.031071654006866324
D3,uswc_compound_severe,20260906,13.708906557876617,48,99,48,9,34784991.90257103,730.3766813437198,0.2496923880193213,0.06606647598655774
D3,uswc_compound_severe,20260907,14.1420853510499,48,99,48,9,34807660.612471364,728.6875246229387,0.36617602325767806,0.0470395910159844
D3,uswc_compound_severe,20260908,13.8861351958476,48,99,48,4,34631706.80403692,730.6871884767905,0.2746804517451084,0.03822308334249045
D3,uswc_compound_severe,20260909,14.418632867280394,48,99,48,6,33713433.53363918,727.8006080998815,0.682896635378954,0.09593579198215815
D3,uswc_compound_severe,20260910,13.863765316549689,48,99,48,6,34782787.22301217,724.8664036598605,0.5587180891539832,0.03109795510304039
D3,uswc_compound_severe,20260911,13.681035786867142,48,99,48,8,34136200.3669674,727.044883814652,0.6641630884383727,0.0139595588878645
D3,uswc_compound_severe,20260912,13.94393292395398,48,99,48,12,34796379.31315313,727.1884639687602,0.40968935465005074,0.035432728970148014
D3,uswc_compound_severe,20260913,14.010591075755656,48,99,48,8,33447783.55624609,724.813562691415,1.1082931694139357,0.02915710383554349
D3,uswc_compound_severe,20260914,13.697985915932804,48,99,48,7,34649968.83935514,727.416865873502,0.4902150410511833,0.023361867872801683
D3,uswc_compound_severe,20260915,13.41594609292224,48,99,48,7,34387805.71993299,725.750899563969,0.6282959729864099,0.08933122904891405
D3,uswc_compound_severe,20260916,12.643650963902473,48,99,48,14,34317265.61254952,725.2134935400334,0.7006838842054626,0.030658869514321625
D3,uswc_compound_severe,20260917,13.641385586000979,48,99,48,9,34239644.26252563,724.0017371830488,0.8258119514328564,0.06300039473910532
D3,uswc_compound_severe,20260918,13.656598982866853,48,99,48,4,34399300.299822845,725.6893544739343,0.6768701256187718,0.031763821328261874
D3,uswc_compound_severe,20260919,14.001200031954795,48,99,48,1,33745857.71615825,727.7301096723302,0.7368484471645044,0.0
D3,uswc_compound_severe,20260920,13.651822188869119,48,99,48,6,33783988.9334322,724.895449372275,0.959441602987063,0.04623807608412255
D3,uswc_compound_severe,20260921,13.57550341822207,48,99,48,10,34255018.705599256,729.6897403974967,0.4104900294326343,0.08003354062713623
D3,uswc_compound_severe,20260922,14.298987849149853,48,99,48,7,35072510.768273294,726.8784525337452,0.3861704863746379,0.021628239573991584
D3,uswc_compound_severe,20260923,14.253216492012143,48,99,48,4,33863395.395488605,729.1666060190473,0.5570244230705199,0.05390976546100776
D3,uswc_compound_severe,20260924,13.906774946954101,48,99,48,5,34121175.54705819,724.4703101422663,0.8507916235067886,0.12631272694767182
D3,uswc_compound_severe,20260925,14.447696932125837,48,99,48,7,35379584.1026268,730.2881495728096,0.1477267387278895,0.04108963629190568
D3,uswc_compound_severe,20260926,14.23184572905302,48,99,48,7,34119887.63455877,726.3209058168399,0.6823734809781574,0.04881926142881828
D3,uswc_compound_severe,20260927,14.210464457049966,48,99,48,13,34148939.18424319,729.1454044734922,0.46275729765009127,0.03693642869590497
D3,uswc_compound_severe,20260928,14.124892578925937,48,99,48,6,33936997.969294325,724.9105345007387,0.8982597869836834,0.03832395531334001
D3,uswc_compound_severe,20260929,14.037945592775941,48,99,48,8,34051066.260142654,728.336437100605,0.5506684849852009,0.05519366653346685
D3,uswc_compound_severe,20260930,13.994737326167524,48,99,48,8,34350269.330534436,727.769413376471,0.5046543992698038,0.09087898812462679
D3,uswc_compound_severe,20260931,14.29999672807753,48,99,48,4,33930289.56212373,725.143641120046,0.9073235485551207,0.04496756914130492
D3,uswc_compound_severe,20260932,13.761230054777116,48,99,48,7,34424294.022516206,726.3284674028429,0.6345006504555794,0.022816122206684
D3,uswc_compound_severe,20260933,13.463608007878065,48,99,48,12,34114233.129063606,726.2018856673085,0.7289150920705916,0.015412458539844114
D3,uswc_compound_severe,20260934,13.894302626140416,48,99,48,9,34347364.72579869,726.1722823941161,0.6640877053770767,0.05328823180904506
D3,uswc_compound_severe,20260935,13.533174617681652,48,99,48,10,34835987.57969497,726.3472901267407,0.3998934482788247,0.05401031483502172
D3,uswc_departure_delay_24h,20260906,13.691751020029187,48,99,48,14,28418176.528054595,655.2038217145163,0.7203559723522434,0.049909013030072925
D3,uswc_departure_delay_24h,20260907,13.900397371966392,48,99,48,10,28991447.015569266,660.2885523830482,0.4020723825136961,0.025058269644441338
D3,uswc_departure_delay_24h,20260908,13.181435187812895,48,99,48,11,28644589.55827491,655.8389333069634,0.6307486846249222,0.031011615305441703
D3,uswc_departure_delay_24h,20260909,13.584387640003115,48,99,48,16,28608942.52284697,652.9483219559651,0.5621472588366283,0.04212028616010059
D3,uswc_departure_delay_24h,20260910,13.699005892965943,48,99,48,10,28639818.544496175,656.4486195584117,0.5717715952509059,0.057538913661684066
D3,uswc_departure_delay_24h,20260911,13.8468669350259,48,99,48,18,28183657.079577312,657.449184830102,0.7578568772698413,0.02975895335552584
D3,uswc_departure_delay_24h,20260912,14.144758054986596,48,99,48,17,28651719.910342436,657.5459760379116,0.5627163792022518,0.02504973752711624
D3,uswc_departure_delay_24h,20260913,13.974444780033082,48,99,48,26,28067904.50990223,655.7522942613493,0.8095396018841541,0.02288037815463916
D3,uswc_departure_delay_24h,20260914,13.633968567010015,48,99,48,12,28374790.75515454,654.6857122560648,0.7646269343860673,0.054268258813178656
D3,uswc_departure_delay_24h,20260915,13.462205791845918,48,99,48,11,28212689.19535064,658.6008051786314,0.7375669620953252,0.03397475717377017
D3,uswc_departure_delay_24h,20260916,12.766955061350018,48,99,48,16,28390929.365798526,653.178391258866,0.8249687726162117,0.015195721073925214
D3,uswc_departure_delay_24h,20260917,14.119943890254945,48,99,48,15,28110440.680835534,665.5378336100023,0.549898188448689,0.022925936818524
D3,uswc_departure_delay_24h,20260918,13.340850114822388,48,99,48,27,28411550.117227435,652.3849521753586,0.7942990284147734,0.016181926624991745
D3,uswc_departure_delay_24h,20260919,13.705121383070946,48,99,48,15,28473261.181972004,654.2442866539667,0.7609371882377062,0.013310797642364739
D3,uswc_departure_delay_24h,20260920,13.134995572268963,48,99,48,14,28462330.669299744,654.5001598765082,0.7668231305296596,0.035734104973754274
D3,uswc_departure_delay_24h,20260921,13.238044084049761,48,99,48,15,28561028.372140523,651.0385304984703,0.7802731448183136,0.02498722901693453
D3,uswc_departure_delay_24h,20260922,13.429138165898621,48,99,48,34,28436864.961823706,652.9125363891183,0.7703717424226546,0.01649982833025641
D3,uswc_departure_delay_24h,20260923,13.717174660880119,48,99,48,18,28492328.533734556,657.3375755778553,0.6660943908064427,0.014839384938187471
D3,uswc_departure_delay_24h,20260924,13.97292640991509,48,99,48,12,28147190.58069373,659.5897438797151,0.7380159948129051,0.0284240397758699
D3,uswc_departure_delay_24h,20260925,13.333901254925877,48,99,48,34,28061635.724512685,651.9625708776846,0.9631171030894645,0.015218277954020564
D3,uswc_departure_delay_24h,20260926,12.935991503763944,48,99,48,30,27990112.984010864,656.1836379461392,0.8596743133320812,0.028870114115805513
D3,uswc_departure_delay_24h,20260927,14.139023212715983,48,99,48,12,28032291.0649206,664.1053840155961,0.6286477982338142,0.02064858550375992
D3,uswc_departure_delay_24h,20260928,13.97586289793253,48,99,48,14,28403246.11185429,655.929021209265,0.7050709808356972,0.028638612766312816
D3,uswc_departure_delay_24h,20260929,13.535885007120669,48,99,48,27,28301086.927402284,653.9320986965362,0.8096396211180161,0.012309270244204692
D3,uswc_departure_delay_24h,20260930,13.595783303957433,48,99,48,22,28407974.617017023,653.8742993185691,0.7646603765117239,0.04604696917042368
D3,uswc_departure_delay_24h,20260931,13.599818464834243,48,99,48,14,28132644.636531774,658.923410304104,0.7329544676230494,0.029596776018280292
D3,uswc_departure_delay_24h,20260932,13.657414312008768,48,99,48,9,28311768.635845408,659.2225972555105,0.6871152262829253,0.025007926485110972
D3,uswc_departure_delay_24h,20260933,13.283661830238998,48,99,48,15,28111237.725404475,656.3907015592828,0.8550744384946889,0.030478966970724216
D3,uswc_departure_delay_24h,20260934,13.981668225955218,48,99,48,27,27858972.814188782,662.5378539966484,0.7370128290516006,0.011623244216297365
D3,uswc_departure_delay_24h,20260935,13.714726409874856,48,99,48,22,28470453.96002402,654.6436456803948,0.7120553156351119,0.031071654006866324
D3,uswc_departure_delay_72h,20260906,13.11490464862436,48,99,48,12,30968385.56561113,693.384638346324,0.681978145549209,0.04186991288780654
D3,uswc_departure_delay_72h,20260907,13.184732237830758,48,99,48,10,30449519.42918111,692.3196708057577,1.015363430696136,0.03171482630249666
D3,uswc_departure_delay_72h,20260908,12.852557023987174,48,99,48,12,30195808.87764772,695.8909203029004,0.8683074966603821,0.040549567302987526
D3,uswc_departure_delay_72h,20260909,13.208760514855385,48,99,48,7,30852960.110329434,692.7795035777885,0.7957487560493953,0.018190080485323626
D3,uswc_departure_delay_72h,20260910,13.112454227171838,48,99,48,14,30661576.82751222,692.7606056375904,0.8923757420210161,0.02759426017567359
D3,uswc_departure_delay_72h,20260911,12.979083732701838,48,99,48,12,30520389.284995757,694.5408983668224,0.8342055668121645,0.019174500494799115
D3,uswc_departure_delay_72h,20260912,13.726468411274254,48,99,48,5,30953649.61894261,695.19334000495,0.6298499735414562,0.04338962660623806
D3,uswc_departure_delay_72h,20260913,13.168226742651314,48,99,48,11,30730621.577968262,693.2484137820098,0.8273243572562264,0.05724345228424548
D3,uswc_departure_delay_72h,20260914,12.87017041631043,48,99,48,23,30844428.621723518,692.147484842466,0.7684765211629632,0.025181938466272376
D3,uswc_departure_delay_72h,20260915,13.057619646191597,48,99,48,8,30290667.40644294,692.5911520680909,1.0862193379914544,0.02068632226166079
D3,uswc_departure_delay_72h,20260916,12.358991993125528,48,99,48,10,30596314.30154164,694.3773305575174,0.8240078890405076,0.02040482504975539
D3,uswc_departure_delay_72h,20260917,12.984286973718554,48,99,48,15,30478142.485756718,694.5917568039205,0.8321679817610299,0.044224332778753164
D3,uswc_departure_delay_72h,20260918,13.189806061796844,48,99,48,10,30361197.429448597,691.9945347653137,1.0869682147372102,0.006417290790166764
D3,uswc_departure_delay_72h,20260919,13.214680958073586,48,99,48,5,30755728.40647101,692.6771002291546,0.8358746417368503,0.02167685281341252
D3,uswc_departure_delay_72h,20260920,12.867241440806538,48,99,48,9,31002206.0475192,692.3732602864229,0.7098776230090559,0.03094091675405896
D3,uswc_departure_delay_72h,20260921,13.169820541050285,48,99,48,8,30868953.818619587,694.0485126600141,0.7055784613021041,0.014306092673308755
D3,uswc_departure_delay_72h,20260922,13.912632360123098,48,99,48,15,30432754.10006643,695.0046688495877,0.8346175271589394,0.023433105282095825
D3,uswc_departure_delay_72h,20260923,13.150132537353784,48,99,48,16,30619253.089203052,697.1359558411929,0.6135558473538553,0.10785286923878999
D3,uswc_departure_delay_72h,20260924,12.941844801884145,48,99,48,12,30422842.549659654,694.2545750518505,0.895044104017574,0.030567436020934532
D3,uswc_departure_delay_72h,20260925,13.8709533540532,48,99,48,12,30858067.6786715,692.7751918315965,0.7334861509161575,0.049007103995212166
D3,uswc_departure_delay_72h,20260926,13.46425498276949,48,99,48,8,30161790.235698875,695.7798407129177,0.9154927649898014,0.06915405569484058
D3,uswc_departure_delay_72h,20260927,13.438433659728616,48,99,48,11,30929334.688821867,697.9544108949282,0.4434081933538721,0.06519374030361842
D3,uswc_departure_delay_72h,20260928,13.852823100984097,48,99,48,11,30494369.988789763,695.2720821226204,0.7925720957200149,0.01891318753957911
D3,uswc_departure_delay_72h,20260929,13.266065141186118,48,99,48,5,30677361.682767317,695.6663939074539,0.6883987701983822,0.04052304742757209
D3,uswc_departure_delay_72h,20260930,13.452644634060562,48,99,48,6,30761123.51009522,693.3776888521089,0.7753996757660168,0.04071513111733708
D3,uswc_departure_delay_72h,20260931,13.366323598194867,48,99,48,7,30843647.09402086,693.0700529398434,0.7684344503054134,0.07339265784016896
D3,uswc_departure_delay_72h,20260932,13.098110650666058,48,99,48,7,31049304.816315193,697.0724785583436,0.47652220528872563,0.043913777471486816
D3,uswc_departure_delay_72h,20260933,12.812080461997539,48,99,48,8,30799993.38465668,692.9056865208073,0.776446236566265,0.0745239307810134
D3,uswc_departure_delay_72h,20260934,12.995607620105147,48,99,48,13,30581864.44691232,692.3816779856976,0.9239407702924523,0.02564727883648747
D3,uswc_departure_delay_72h,20260935,13.28668681718409,48,99,48,8,30701396.53165153,694.7772445826963,0.7379093562642144,0.032914312567136304
D3,uswc_port_capacity_125pct,20260906,13.810217877849936,48,99,48,40,27071530.936532266,634.0004427842618,0.7190654304172489,0.014677737994095807
D3,uswc_port_capacity_125pct,20260907,13.909343928098679,48,99,48,27,27047603.17876105,631.9443474162598,0.7323463116619273,0.029458592095900543
D3,uswc_port_capacity_125pct,20260908,13.965137062128633,48,99,48,42,27095631.001549467,637.5351500430855,0.6547044015065094,0.015431870047978202
D3,uswc_port_capacity_125pct,20260909,14.385207319166511,48,99,48,20,26984195.84286157,643.5792495822841,0.5754993399562587,0.017373237667552454
D3,uswc_port_capacity_125pct,20260910,13.423410076647997,48,99,48,18,27186616.550436966,635.0571202004917,0.6430898196840488,0.040525645228828185
D3,uswc_port_capacity_125pct,20260911,14.381156465038657,48,99,48,29,27127061.029575955,638.3399976412487,0.6566764457334773,0.010864881054848752
D3,uswc_port_capacity_125pct,20260912,14.076320307794958,48,99,48,24,27269462.53575689,642.7831543312383,0.4897862709394186,0.01452166130351964
D3,uswc_port_capacity_125pct,20260913,14.568794055841863,48,99,48,27,26961270.68955315,638.1356532160847,0.6908197253667889,0.01319197454915003
D3,uswc_port_capacity_125pct,20260914,13.860498655121773,48,99,48,23,27355175.80655106,628.0642444823245,0.6773545487108428,0.02740477951509293
D3,uswc_port_capacity_125pct,20260915,13.853771042078733,48,99,48,44,26794856.09352255,636.4909180163291,0.7441969298291531,0.01592763728978531
D3,uswc_port_capacity_125pct,20260916,14.026957917027175,48,99,48,31,27114303.80562875,630.2959309602178,0.7327290176020944,0.02367784684183605
D3,uswc_port_capacity_125pct,20260917,14.23888131417334,48,99,48,25,27213328.946984466,633.7753177454358,0.6541801057248235,0.02428569547847486
D3,uswc_port_capacity_125pct,20260918,14.092214212287217,48,99,48,15,27695739.8416294,628.8034578149013,0.5660684608520784,0.03383128239314104
D3,uswc_port_capacity_125pct,20260919,14.871971277985722,48,99,48,23,27136344.927365422,633.321713783038,0.6839795111370742,0.03427137485574048
D3,uswc_port_capacity_125pct,20260920,13.96959493914619,48,99,48,24,27429030.678373825,634.7403762179389,0.5705699684380953,0.028043870703253083
D3,uswc_port_capacity_125pct,20260921,13.610079431906343,48,99,48,24,27021356.142961245,640.7407144702529,0.6238448812333311,0.01661622654070391
D3,uswc_port_capacity_125pct,20260922,14.585753003600985,48,99,48,19,27189745.143815156,637.8442313748645,0.638989565935034,0.023011988795746723
D3,uswc_port_capacity_125pct,20260923,14.369017320685089,48,99,48,29,26634379.89320064,648.8499398195116,0.5518597732469611,0.02044256990970449
D3,uswc_port_capacity_125pct,20260924,14.391756466124207,48,99,48,31,27050415.586142417,636.8848213956603,0.6648261182657449,0.011878328290139455
D3,uswc_port_capacity_125pct,20260925,14.315083754248917,48,99,48,41,27320521.921464473,634.1390482925609,0.6017772460459863,0.014468991181725585
D3,uswc_port_capacity_125pct,20260926,13.715947472024709,48,99,48,32,27061954.528446827,631.9916426238939,0.7373988329434901,0.023902833368005645
D3,uswc_port_capacity_125pct,20260927,14.438730788882822,48,99,48,20,27178589.796320513,640.0529789154351,0.5962522452944234,0.014375424443372893
D3,uswc_port_capacity_125pct,20260928,14.815758910030127,48,99,48,25,26995839.544919126,635.1711875928459,0.6881641427582091,0.03079676380727779
D3,uswc_port_capacity_125pct,20260929,13.985804689116776,48,99,48,24,27184984.250662763,631.591347568281,0.7119232832101771,0.024707159622060725
D3,uswc_port_capacity_125pct,20260930,14.326454964000732,48,99,48,20,27276305.111748274,634.7407329723009,0.6508701268602513,0.028745350026374697
D3,uswc_port_capacity_125pct,20260931,14.089666623156518,48,99,48,22,27489414.99771961,630.7282836436683,0.6295020093663953,0.019435961466071804
D3,uswc_port_capacity_125pct,20260932,13.652093225158751,48,99,48,27,26576332.611434035,641.0467080603667,0.7212334623378857,0.0339761812098715
D3,uswc_port_capacity_125pct,20260933,13.67090594721958,48,99,48,44,26693962.84489113,640.1419493872464,0.6425706685960944,0.020452932937431383
D3,uswc_port_capacity_125pct,20260934,13.92160553811118,48,99,48,33,27133347.22319797,634.8669137683743,0.6443607949900115,0.056233517382634574
D3,uswc_port_capacity_125pct,20260935,14.104888693895191,48,99,48,23,27164241.705480825,638.4707361704421,0.6308129586498499,0.0276375682326032
D3,uswc_port_capacity_50pct,20260906,14.676742026116699,48,99,48,18,27413107.12789134,667.0929401815206,0.5343116427381729,0.02357032292244732
D3,uswc_port_capacity_50pct,20260907,14.674366608727723,48,99,48,19,27245425.786846098,658.2658513284327,0.8876856187357559,0.029928130931474124
D3,uswc_port_capacity_50pct,20260908,14.623223180882633,48,99,48,20,27192049.197131492,665.0056759381354,0.6605864356181264,0.01665432210420139
D3,uswc_port_capacity_50pct,20260909,14.117247152142227,48,99,48,26,27358947.234522928,658.1679781828286,0.8728832774361112,0.021467393709096217
D3,uswc_port_capacity_50pct,20260910,14.183885391335934,48,99,48,22,27673273.07290209,666.2973677544986,0.4931619265480291,0.03370812723063718
D3,uswc_port_capacity_50pct,20260911,14.531872142106295,48,99,48,29,27102336.672493868,664.908807741138,0.672160925829238,0.03525877047998264
D3,uswc_port_capacity_50pct,20260912,14.734127505216748,48,99,48,17,27730998.378210828,666.0621032629896,0.5266267280829635,0.015355787113071678
D3,uswc_port_capacity_50pct,20260913,14.76340994797647,48,99,48,25,27769751.17803266,660.6335254186556,0.6687162433766946,0.02657111262002034
D3,uswc_port_capacity_50pct,20260914,14.182959836907685,48,99,48,17,28111642.541683067,661.8340453713884,0.5923707309478775,0.013155515162733595
D3,uswc_port_capacity_50pct,20260915,14.838028344791383,48,99,48,19,27172883.053134564,663.3306768299695,0.6879191497342708,0.020484059763644393
D3,uswc_port_capacity_50pct,20260916,14.908889465034008,48,99,48,20,27617525.662724506,660.980961629885,0.7143986184007577,0.032027143346938035
D3,uswc_port_capacity_50pct,20260917,14.810485888738185,48,99,48,17,27031431.929010175,661.1130882912878,0.8757721178091025,0.04501500181589582
D3,uswc_port_capacity_50pct,20260918,14.974109916947782,48,99,48,24,28018313.1478947,663.4294935097492,0.45153356133036254,0.04078336402973622
D3,uswc_port_capacity_50pct,20260919,14.10996496770531,48,99,48,22,27055865.62993141,660.6611022566018,0.8567324596876933,0.0408924573848681
D3,uswc_port_capacity_50pct,20260920,14.261478436179459,48,99,48,13,27362878.41822282,661.9265135458384,0.7774488668082059,0.027578221542574763
D3,uswc_port_capacity_50pct,20260921,14.067311013117433,48,99,48,26,27452265.980767503,662.7339296091214,0.6885670556259683,0.019620770325726858
D3,uswc_port_capacity_50pct,20260922,14.215945703908801,48,99,48,16,27784476.019334964,659.4477411027705,0.7641606989725063,0.019665606830175934
D3,uswc_port_capacity_50pct,20260923,14.731086950283498,48,99,48,26,26674109.5122458,667.0873742744405,0.6314086709437976,0.028589128587711534
D3,uswc_port_capacity_50pct,20260924,13.799048188142478,48,99,48,30,27175403.605520368,661.9840155901995,0.8123352311695025,0.01660767409086533
D3,uswc_port_capacity_50pct,20260925,14.499581804033369,48,99,48,15,27792941.716474675,657.9484447214204,0.7704605188485691,0.02617776029069968
D3,uswc_port_capacity_50pct,20260926,14.331027222797275,48,99,48,33,26868592.320890766,662.43470810217,0.8335819832395812,0.02250658356434495
D3,uswc_port_capacity_50pct,20260927,14.64471338270232,48,99,48,27,27893555.140692864,661.2220513416315,0.564093146822461,0.0217105355553775
D3,uswc_port_capacity_50pct,20260928,14.996294842101634,48,99,48,20,27519779.504209943,661.9166729368652,0.626213618068715,0.0466891714777219
D3,uswc_port_capacity_50pct,20260929,14.39031743677333,48,99,48,22,27627576.233222026,662.1721623477141,0.6388896800619402,0.031673823228752125
D3,uswc_port_capacity_50pct,20260930,14.27541860891506,48,99,48,25,27431213.36646043,661.1656096588449,0.755831169177616,0.035302633577306244
D3,uswc_port_capacity_50pct,20260931,13.906515348237008,48,99,48,14,27936065.277312353,659.329304572637,0.7234887696697223,0.02290772340624629
D3,uswc_port_capacity_50pct,20260932,14.050989057868719,48,99,48,19,27108682.202409603,660.618909866318,0.8724080570120524,0.02890588602903009
D3,uswc_port_capacity_50pct,20260933,13.598484989255667,48,99,48,38,26793997.62472505,661.5055561119813,0.8560376307597797,0.01672847519069609
D3,uswc_port_capacity_50pct,20260934,14.308051573112607,48,99,48,16,27529839.459393248,664.0329135215235,0.6091715791024344,0.03313266674199159
D3,uswc_port_capacity_50pct,20260935,14.001703100744635,48,99,48,20,27448032.42154772,662.7628706987139,0.7099812132738044,0.014484499202380794
D3,uswc_port_capacity_75pct,20260906,13.808106150943786,48,99,48,40,27071530.936532266,634.0004427842618,0.7190654304172489,0.014677737994095807
D3,uswc_port_capacity_75pct,20260907,13.813560301903635,48,99,48,27,27047603.17876105,631.9443474162598,0.7323463116619273,0.029458592095900543
D3,uswc_port_capacity_75pct,20260908,13.9573779348284,48,99,48,42,27095631.001549467,637.5351500430855,0.6547044015065094,0.015431870047978202
D3,uswc_port_capacity_75pct,20260909,14.360682386904955,48,99,48,20,26984195.84286157,643.5792495822841,0.5754993399562587,0.017373237667552454
D3,uswc_port_capacity_75pct,20260910,13.45747143495828,48,99,48,18,27186616.550436966,635.0571202004917,0.6430898196840488,0.040525645228828185
D3,uswc_port_capacity_75pct,20260911,14.362559343222529,48,99,48,29,27127061.029575955,638.3399976412487,0.6566764457334773,0.010864881054848752
D3,uswc_port_capacity_75pct,20260912,14.105283315759152,48,99,48,24,27269462.53575689,642.7831543312383,0.4897862709394186,0.01452166130351964
D3,uswc_port_capacity_75pct,20260913,14.585082005243748,48,99,48,27,26961270.68955315,638.1356532160847,0.6908197253667889,0.01319197454915003
D3,uswc_port_capacity_75pct,20260914,13.817180189304054,48,99,48,23,27355175.80655106,628.0642444823245,0.6773545487108428,0.02740477951509293
D3,uswc_port_capacity_75pct,20260915,13.862663976382464,48,99,48,44,26794856.09352255,636.4909180163291,0.7441969298291531,0.01592763728978531
D3,uswc_port_capacity_75pct,20260916,14.078916209749877,48,99,48,31,27114303.80562875,630.2959309602178,0.7327290176020944,0.02367784684183605
D3,uswc_port_capacity_75pct,20260917,14.221990105696023,48,99,48,25,27213328.946984466,633.7753177454358,0.6541801057248235,0.02428569547847486
D3,uswc_port_capacity_75pct,20260918,14.110270048957318,48,99,48,15,27695739.8416294,628.8034578149013,0.5660684608520784,0.03383128239314104
D3,uswc_port_capacity_75pct,20260919,14.819784426130354,48,99,48,23,27136344.927365422,633.321713783038,0.6839795111370742,0.03427137485574048
D3,uswc_port_capacity_75pct,20260920,13.974923965055496,48,99,48,24,27429030.678373825,634.7403762179389,0.5705699684380953,0.028043870703253083
D3,uswc_port_capacity_75pct,20260921,13.620734584983438,48,99,48,24,27021356.142961245,640.7407144702529,0.6238448812333311,0.01661622654070391
D3,uswc_port_capacity_75pct,20260922,14.55764372786507,48,99,48,19,27189745.143815156,637.8442313748645,0.638989565935034,0.023011988795746723
D3,uswc_port_capacity_75pct,20260923,14.406018734909594,48,99,48,29,26634379.89320064,648.8499398195116,0.5518597732469611,0.02044256990970449
D3,uswc_port_capacity_75pct,20260924,14.400469284970313,48,99,48,31,27050415.586142417,636.8848213956603,0.6648261182657449,0.011878328290139455
D3,uswc_port_capacity_75pct,20260925,14.358401431702077,48,99,48,41,27320521.921464473,634.1390482925609,0.6017772460459863,0.014468991181725585
D3,uswc_port_capacity_75pct,20260926,13.73913982603699,48,99,48,32,27061954.528446827,631.9916426238939,0.7373988329434901,0.023902833368005645
D3,uswc_port_capacity_75pct,20260927,14.486145187169313,48,99,48,20,27178589.796320513,640.0529789154351,0.5962522452944234,0.014375424443372893
D3,uswc_port_capacity_75pct,20260928,14.769018234219402,48,99,48,25,26995839.544919126,635.1711875928459,0.6881641427582091,0.03079676380727779
D3,uswc_port_capacity_75pct,20260929,14.063580332323909,48,99,48,24,27184984.250662763,631.591347568281,0.7119232832101771,0.024707159622060725
D3,uswc_port_capacity_75pct,20260930,14.300384148024023,48,99,48,20,27276305.111748274,634.7407329723009,0.6508701268602513,0.028745350026374697
D3,uswc_port_capacity_75pct,20260931,14.106261149980128,48,99,48,22,27489414.99771961,630.7282836436683,0.6295020093663953,0.019435961466071804
D3,uswc_port_capacity_75pct,20260932,13.768664951901883,48,99,48,27,26576332.611434035,641.0467080603667,0.7212334623378857,0.0339761812098715
D3,uswc_port_capacity_75pct,20260933,13.761026718188077,48,99,48,44,26693962.84489113,640.1419493872464,0.6425706685960944,0.020452932937431383
D3,uswc_port_capacity_75pct,20260934,13.877347521018237,48,99,48,33,27133347.22319797,634.8669137683743,0.6443607949900115,0.056233517382634574
D3,uswc_port_capacity_75pct,20260935,14.07513328595087,48,99,48,23,27164241.705480825,638.4707361704421,0.6308129586498499,0.0276375682326032
